exercise,level,level_routledge,level_goethe,question,answer,german,english,french,explanation_english_,explanation_french_,explanation_english,explanation_french
1,A1,A1,A1,das Jahr,Jahre,die Jahre,the year,l'année,,,​,​
1,A1,A1,A1,das Beispiel,Beispiele,die Beispiele,the example,l'exemple,,,​,​
1,A1,A1,A1,die Zeit,Zeiten,die Zeiten,the time,le temps,,,​,​
1,A1,A1,A1,die Frau,Frauen,die Frauen,the woman,la femme,,,​,​
1,A1,A1,A1,der Mensch,Menschen,die Menschen,the human being,l'être humain,,,​,​
1,A1,A1,A1,das Kind,Kinder,die Kinder,the child,l'enfant,,,​,​
1,A1,A1,A1,der Tag,Tage,die Tage,the day,le jour,,,​,​
1,A1,A1,A1,der Mann,Männer,die Männer,the man,l'homme,,,​,​
1,A1,A1,A1,das Land,Länder,die Länder,the country,le pays,,,​,​
1,A1,A1,A1,die Frage,Fragen,die Fragen,the question,la question,Most words finishing in -e add a -n in their plural form,La plupart des noms communs se terminant par -e prennent un -n au pluriel,<br><br>Most words finishing in -e add a -n in their plural form,<br><br>La plupart des noms communs se terminant par -e prennent un -n au pluriel
1,A1,A1,A1,das Haus,Häuser,die Häuser,the house,la maison,,,​,​
1,A1,A1,A1,die Arbeit,Arbeiten,die Arbeiten,the work,le travail,,,​,​
1,A1,A1,A1,das Prozent,Prozente,die Prozente,the percent,le pourcentage,,,​,​
1,A1,A1,A1,die Hand,Hände,die Hände,the hand,la main,,,​,​
1,A1,A1,A1,die Stadt,Städte,die Städte,the city,la ville,,,​,​
1,A1,A1,A1,der Herr,Herren,die Herren,"the gentleman, the lord","le monsieur, le seigneur",,,​,​
1,A1,A1,A1,der Teil,Teile,die Teile,the part,la partie,,,​,​
1,A1,A1,A1,das Problem,Probleme,die Probleme,the problem,le problème,,,​,​
1,A1,A1,A1,die Welt,Welten,die Welten,the world,le monde,,,​,​
1,A1,A1,A1,das Ende,Enden,die Enden,the end,la fin,Most words finishing in -e add a -n in their plural form,La plupart des noms communs se terminant par -e prennent un -n au pluriel,<br><br>Most words finishing in -e add a -n in their plural form,<br><br>La plupart des noms communs se terminant par -e prennent un -n au pluriel
2,A1,A1,A1,die Million,Millionen,die Millionen,the million,le million,,,​,​
2,A1,A1,A1,die Schule,Schulen,die Schulen,the school,l'école,Most words finishing in -e add a -n in their plural form,La plupart des noms communs se terminant par -e prennent un -n au pluriel,<br><br>Most words finishing in -e add a -n in their plural form,<br><br>La plupart des noms communs se terminant par -e prennent un -n au pluriel
2,A1,A1,A1,die Woche,Wochen,die Wochen,the week,la semaine,Most words finishing in -e add a -n in their plural form,La plupart des noms communs se terminant par -e prennent un -n au pluriel,<br><br>Most words finishing in -e add a -n in their plural form,<br><br>La plupart des noms communs se terminant par -e prennent un -n au pluriel
2,A1,A1,A1,der Vater,Väter,die Väter,the father,le père,,,​,​
2,A1,A1,A1,das Leben,Leben,die Leben,the life,la vie,,,​,​
2,A1,A1,A1,die Mutter,Mütter,die Mütter,the mother,la mère,,,​,​
2,A1,A1,A1,das Auge,Augen,die Augen,the eye,l'œil,Most words finishing in -e add a -n in their plural form,La plupart des noms communs se terminant par -e prennent un -n au pluriel,<br><br>Most words finishing in -e add a -n in their plural form,<br><br>La plupart des noms communs se terminant par -e prennent un -n au pluriel
2,A1,A1,A1,das Geld,Gelder,die Gelder,the money,l'argent,,,​,​
2,A1,A1,A1,die Stunde,Stunden,die Stunden,the hour,l'heure,Most words finishing in -e add a -n in their plural form,La plupart des noms communs se terminant par -e prennent un -n au pluriel,<br><br>Most words finishing in -e add a -n in their plural form,<br><br>La plupart des noms communs se terminant par -e prennent un -n au pluriel
2,A1,A1,A1,der Name,Namen,die Namen,the name,le nom,Most words finishing in -e add a -n in their plural form,La plupart des noms communs se terminant par -e prennent un -n au pluriel,<br><br>Most words finishing in -e add a -n in their plural form,<br><br>La plupart des noms communs se terminant par -e prennent un -n au pluriel
2,A1,A1,A1,der Kopf,Köpfe,die Köpfe,the head,la tête,,,​,​
2,A1,A1,A1,das Bild,Bilder,die Bilder,the image,l'image,,,​,​
2,A1,A1,A1,das Buch,Bücher,die Bücher,the book,le livre,,,​,​
2,A1,A1,A1,das Wasser,Wasser,die Wasser,the water,l'eau,,,​,​
2,A1,A1,A1,die Stelle,Stellen,die Stellen,the spot,l'endroit,Most words finishing in -e add a -n in their plural form,La plupart des noms communs se terminant par -e prennent un -n au pluriel,<br><br>Most words finishing in -e add a -n in their plural form,<br><br>La plupart des noms communs se terminant par -e prennent un -n au pluriel
2,A1,A1,A1,die Familie,Familien,die Familien,the family,la famille,Most words finishing in -e add a -n in their plural form,La plupart des noms communs se terminant par -e prennent un -n au pluriel,<br><br>Most words finishing in -e add a -n in their plural form,<br><br>La plupart des noms communs se terminant par -e prennent un -n au pluriel
2,A1,A1,A1,der Morgen,Morgen,die Morgen,the morning,le matin,,,​,​
2,A1,A1,A1,der Abend,Abende,die Abende,the evening,la soirée,,,​,​
2,A1,A1,A1,die Aufgabe,Aufgaben,die Aufgaben,the task,la tâche,Most words finishing in -e add a -n in their plural form,La plupart des noms communs se terminant par -e prennent un -n au pluriel,<br><br>Most words finishing in -e add a -n in their plural form,<br><br>La plupart des noms communs se terminant par -e prennent un -n au pluriel
2,A1,A1,A1,der Freund,Freunde,die Freunde,the friend,l'ami,,,​,​
3,A1,A1,A1,das Thema,Themen,die Themen,the topic,le sujet,,,​,​
3,A1,A1,A1,der Euro,Euro,die Euro,the euro,l'euro,,,​,​
3,A1,A1,A1,der Raum,Räume,die Räume,the space,l'espace,,,​,​
3,A1,A1,A1,der Blick,Blicke,die Blicke,the view,la vue,,,​,​
3,A1,A1,A1,der Platz,Plätze,die Plätze,the space,l'espace,,,​,​
3,A1,A1,A1,die Uhr,Uhren,die Uhren,the clock,l'horloge,,,​,​
3,A1,A1,A1,die Straße,Straßen,die Straßen,the street,la rue,Most words finishing in -e add a -n in their plural form,La plupart des noms communs se terminant par -e prennent un -n au pluriel,<br><br>Most words finishing in -e add a -n in their plural form,<br><br>La plupart des noms communs se terminant par -e prennent un -n au pluriel
3,A1,A1,A1,die Minute,Minuten,die Minuten,the minute,la minute,Most words finishing in -e add a -n in their plural form,La plupart des noms communs se terminant par -e prennent un -n au pluriel,<br><br>Most words finishing in -e add a -n in their plural form,<br><br>La plupart des noms communs se terminant par -e prennent un -n au pluriel
3,A1,A1,A1,die Gruppe,Gruppen,die Gruppen,the group,le groupe,Most words finishing in -e add a -n in their plural form,La plupart des noms communs se terminant par -e prennent un -n au pluriel,<br><br>Most words finishing in -e add a -n in their plural form,<br><br>La plupart des noms communs se terminant par -e prennent un -n au pluriel
3,A1,A1,A1,die Sprache,Sprachen,die Sprachen,the language,la langue,Most words finishing in -e add a -n in their plural form,La plupart des noms communs se terminant par -e prennent un -n au pluriel,<br><br>Most words finishing in -e add a -n in their plural form,<br><br>La plupart des noms communs se terminant par -e prennent un -n au pluriel
3,A1,A1,A1,der Anfang,Anfänge,die Anfänge,the beginning,le début,,,​,​
3,A1,A1,A1,der Ort,Orte,die Orte,the place,l'endroit,,,​,​
3,A1,A1,A1,der Moment,Momente,die Momente,the moment,le moment,,,​,​
3,A1,A1,A1,die Milliarde,Milliarden,die Milliarden,the billion,le milliard,Most words finishing in -e add a -n in their plural form,La plupart des noms communs se terminant par -e prennent un -n au pluriel,<br><br>Most words finishing in -e add a -n in their plural form,<br><br>La plupart des noms communs se terminant par -e prennent un -n au pluriel
3,A1,A1,A1,der Schüler,Schüler,die Schüler,the student,l'étudiant,,,​,​
3,A1,A1,A1,der Text,Texte,die Texte,the text,le texte,,,​,​
3,A1,A1,A1,das Ergebnis,Ergebnisse,die Ergebnisse,the result,le résultat,,,​,​
3,A1,A1,A1,die Wohnung,Wohnungen,die Wohnungen,the apartment,l'appartement,Words finishing in -ung add -en in their plural form,Les noms communs se terminant par -ung prennent la terminaison -en au pluriel,<br><br>Words finishing in -ung add -en in their plural form,<br><br>Les noms communs se terminant par -ung prennent la terminaison -en au pluriel
3,A1,A1,A1,das Gespräch,Gespräche,die Gespräche,the conversation,la conversation,,,​,​
3,A1,A1,A1,der Meter,Meter,die Meter,the meter,le compteur,,,​,​
4,A1,A1,A1,der Lehrer,Lehrer,die Lehrer,the teacher,l'enseignant,,,​,​
4,A1,A1,A1,der Preis,Preise,die Preise,the price,le prix,,,​,​
4,A1,A1,A1,der Sohn,Söhne,die Söhne,the son,le fils,,,​,​
4,A1,A1,A1,die Information,Informationen,die Informationen,the information,les informations,,,​,​
4,A1,A1,A1,der Beruf,Berufe,die Berufe,the job,le travail,,,​,​
4,A1,A1,A1,das Auto,Autos,die Autos,the car,la voiture,Many loan words add an -s in their plural form,De nombreux noms communs d'origine étrangère prennent un -s au pluriel,<br><br>Many loan words add an -s in their plural form,<br><br>De nombreux noms communs d'origine étrangère prennent un -s au pluriel
4,A1,A1,A1,der Tisch,Tische,die Tische,the table,la table,,,​,​
4,A1,A1,A1,das Licht,Lichter,die Lichter,the light,la lumière,,,​,​
4,A1,A1,A1,die Bank,Bänke,die Bänke,the Bank,la Banque,,,​,​
4,A1,A1,A1,die Tochter,Töchter,die Töchter,the daughter,la fille,,,​,​
4,A1,A1,A1,der Film,Filme,die Filme,the film,le film,,,​,​
4,A1,A1,A1,der Doktor,Doktoren,die Doktoren,the doctor,le médecin,,,​,​
4,A1,A1,A1,das Mädchen,Mädchen,die Mädchen,the girl,la fille,,,​,​
4,A1,A1,A1,der Arm,Arme,die Arme,the arm,le bras,,,​,​
4,A1,A1,A1,die Firma,Firmen,die Firmen,the Company,la société,,,​,​
4,A1,A1,A1,der Student,Studenten,die Studenten,the student,l'étudiant,,,​,​
4,A1,A1,A1,die Zeitung,Zeitungen,die Zeitungen,the newspaper,le journal,Words finishing in -ung add -en in their plural form,Les noms communs se terminant par -ung prennent la terminaison -en au pluriel,<br><br>Words finishing in -ung add -en in their plural form,<br><br>Les noms communs se terminant par -ung prennent la terminaison -en au pluriel
4,A1,A1,A1,der Satz,Sätze,die Sätze,the sentence,la phrase,,,​,​
4,A1,A1,A1,das Angebot,Angebote,die Angebote,the offer,l'offre,,,​,​
4,A1,A1,A1,das Zimmer,Zimmer,die Zimmer,the room,la chambre,,,​,​
5,A1,A1,A1,der Chef,Chefs,die Chefs,the boss,le patron,Many loan words add an -s in their plural form,De nombreux noms communs d'origine étrangère prennent un -s au pluriel,<br><br>Many loan words add an -s in their plural form,<br><br>De nombreux noms communs d'origine étrangère prennent un -s au pluriel
5,A1,A1,A1,der Zug,Züge,die Züge,the train,le train,,,​,​
5,A1,A1,A1,der Arzt,Ärzte,die Ärzte,the doctor,le médecin,,,​,​
5,A1,A1,A1,der Fuß,Füße,die Füße,the foot,le pied,,,​,​
5,A1,A1,A1,die Klasse,Klassen,die Klassen,the class,la classe,Most words finishing in -e add a -n in their plural form,La plupart des noms communs se terminant par -e prennent un -n au pluriel,<br><br>Most words finishing in -e add a -n in their plural form,<br><br>La plupart des noms communs se terminant par -e prennent un -n au pluriel
5,A1,A1,A1,die Lösung,Lösungen,die Lösungen,the solution,la solution,Words finishing in -ung add -en in their plural form,Les noms communs se terminant par -ung prennent la terminaison -en au pluriel,<br><br>Words finishing in -ung add -en in their plural form,<br><br>Les noms communs se terminant par -ung prennent la terminaison -en au pluriel
5,A1,A1,A1,der Junge,Jungen,die Jungen,the boy,le garçon,Most words finishing in -e add a -n in their plural form,La plupart des noms communs se terminant par -e prennent un -n au pluriel,<br><br>Most words finishing in -e add a -n in their plural form,<br><br>La plupart des noms communs se terminant par -e prennent un -n au pluriel
5,A1,A1,A1,das Studium,Studien,die Studien,the study,l'étude,,,​,​
5,A1,A1,A1,das Bett,Betten,die Betten,the bed,le lit,,,​,​
5,A1,A1,A1,der Kunde,Kunden,die Kunden,the customer,le client,Most words finishing in -e add a -n in their plural form,La plupart des noms communs se terminant par -e prennent un -n au pluriel,<br><br>Most words finishing in -e add a -n in their plural form,<br><br>La plupart des noms communs se terminant par -e prennent un -n au pluriel
5,A1,A1,A1,das Geschäft,Geschäfte,die Geschäfte,the business,l'entreprise,,,​,​
5,A1,A1,A1,der Gast,Gäste,die Gäste,the guest,l'invité,,,​,​
5,A1,A1,A1,das Dorf,Dörfer,die Dörfer,the village,le village,,,​,​
5,A1,A1,A1,der Kollege,Kollegen,die Kollegen,the colleague,le collègue,Most words finishing in -e add a -n in their plural form,La plupart des noms communs se terminant par -e prennent un -n au pluriel,<br><br>Most words finishing in -e add a -n in their plural form,<br><br>La plupart des noms communs se terminant par -e prennent un -n au pluriel
5,A1,A1,A1,der Bruder,Brüder,die Brüder,the brother,le frère,,,​,​
5,A1,A1,A1,der Sommer,Sommer,die Sommer,the summer,l'été,,,​,​
5,A1,A1,A1,die Antwort,Antworten,die Antworten,the answer,la réponse,,,​,​
5,A1,A1,A1,das Alter,Alter,die Alter,the age,l'âge,,,​,​
5,A1,A1,A1,die Polizei,Polizeien,die Polizeien,the police,la police,,,​,​
5,A1,A1,A1,der Kilometer,Kilometer,die Kilometer,the kilometer,le kilomètre,,,​,​
6,A1,A1,A1,die Hilfe,Hilfen,die Hilfen,the help,l'aide,Most words finishing in -e add a -n in their plural form,La plupart des noms communs se terminant par -e prennent un -n au pluriel,<br><br>Most words finishing in -e add a -n in their plural form,<br><br>La plupart des noms communs se terminant par -e prennent un -n au pluriel
6,A1,A1,A1,der Computer,Computer,die Computer,the computer,l'ordinateur,,,​,​
6,A1,A1,A1,die Mitte,Mitten,die Mitten,the middle,le milieu,Most words finishing in -e add a -n in their plural form,La plupart des noms communs se terminant par -e prennent un -n au pluriel,<br><br>Most words finishing in -e add a -n in their plural form,<br><br>La plupart des noms communs se terminant par -e prennent un -n au pluriel
6,A1,A1,A1,die Ordnung,Ordnungen,die Ordnungen,the order,l'ordre,Words finishing in -ung add -en in their plural form,Les noms communs se terminant par -ung prennent la terminaison -en au pluriel,<br><br>Words finishing in -ung add -en in their plural form,<br><br>Les noms communs se terminant par -ung prennent la terminaison -en au pluriel
6,A1,A1,A1,das Wochenende,Wochenenden,die Wochenenden,the weekend,le week-end,Most words finishing in -e add a -n in their plural form,La plupart des noms communs se terminant par -e prennent un -n au pluriel,<br><br>Most words finishing in -e add a -n in their plural form,<br><br>La plupart des noms communs se terminant par -e prennent un -n au pluriel
6,A1,A1,A1,die Schwester,Schwestern,die Schwestern,the sister,la sœur,,,​,​
6,A1,A1,A1,die Reise,Reisen,die Reisen,the trip,le voyage,Most words finishing in -e add a -n in their plural form,La plupart des noms communs se terminant par -e prennent un -n au pluriel,<br><br>Most words finishing in -e add a -n in their plural form,<br><br>La plupart des noms communs se terminant par -e prennent un -n au pluriel
6,A1,A1,A1,das Haar,Haare,die Haare,the hair,les cheveux,,,​,​
6,A1,A1,A1,der Brief,Briefe,die Briefe,the letter,la lettre,,,​,​
6,A1,A1,A1,die Größe,Größen,die Größen,the size,la taille,Most words finishing in -e add a -n in their plural form,La plupart des noms communs se terminant par -e prennent un -n au pluriel,<br><br>Most words finishing in -e add a -n in their plural form,<br><br>La plupart des noms communs se terminant par -e prennent un -n au pluriel
6,A1,A1,A1,der Sport,Sporte,die Sporte,the sport,le sport,,,​,​
6,A1,A1,A1,der Mund,Münder,die Münder,the mouth,la bouche,,,​,​
6,A1,A1,A1,die Aussage,Aussagen,die Aussagen,the statement,la déclaration,Most words finishing in -e add a -n in their plural form,La plupart des noms communs se terminant par -e prennent un -n au pluriel,<br><br>Most words finishing in -e add a -n in their plural form,<br><br>La plupart des noms communs se terminant par -e prennent un -n au pluriel
6,A1,A1,A1,die Farbe,Farben,die Farben,the color,la couleur,Most words finishing in -e add a -n in their plural form,La plupart des noms communs se terminant par -e prennent un -n au pluriel,<br><br>Most words finishing in -e add a -n in their plural form,<br><br>La plupart des noms communs se terminant par -e prennent un -n au pluriel
6,A1,A1,A1,das Bein,Beine,die Beine,the leg,la jambe,,,​,​
6,A1,A1,A1,der Kurs,Kurse,die Kurse,the course,le cours,,,​,​
6,A1,A1,A1,das Papier,Papiere,die Papiere,the paper,le papier,,,​,​
6,A1,A1,A1,die Sekunde,Sekunden,die Sekunden,the second,le second,Most words finishing in -e add a -n in their plural form,La plupart des noms communs se terminant par -e prennent un -n au pluriel,<br><br>Most words finishing in -e add a -n in their plural form,<br><br>La plupart des noms communs se terminant par -e prennent un -n au pluriel
6,A1,A1,A1,der Garten,Gärten,die Gärten,the garden,le jardin,,,​,​
6,A1,A1,A1,die Küche,Küchen,die Küchen,the kitchen,la cuisine,Most words finishing in -e add a -n in their plural form,La plupart des noms communs se terminant par -e prennent un -n au pluriel,<br><br>Most words finishing in -e add a -n in their plural form,<br><br>La plupart des noms communs se terminant par -e prennent un -n au pluriel
7,A1,A1,A1,das Essen,Essen,die Essen,the food,la nourriture,,,​,​
7,A1,A1,A1,das Meer,Meere,die Meere,the sea,la mer,,,​,​
7,A1,A1,A1,der Plan,Pläne,die Pläne,the plan,le plan,,,​,​
7,A1,A1,A1,der Baum,Bäume,die Bäume,the tree,l'arbre,,,​,​
7,A1,A1,A1,der Schluss,Schlüsse,die Schlüsse,the end,la fin,,,​,​
7,A1,A1,A1,das Glas,Gläser,die Gläser,the glass,le verre,,,​,​
7,A1,A1,A1,die Praxis,Praxen,die Praxen,the practice,la pratique,,,​,​
7,A1,A1,A1,der Hund,Hunde,die Hunde,the dog,le chien,,,​,​
7,A1,A1,A1,die Maschine,Maschinen,die Maschinen,the machine,la machine,Most words finishing in -e add a -n in their plural form,La plupart des noms communs se terminant par -e prennent un -n au pluriel,<br><br>Most words finishing in -e add a -n in their plural form,<br><br>La plupart des noms communs se terminant par -e prennent un -n au pluriel
7,A1,A1,A1,die Nummer,Nummern,die Nummern,the number,le nombre,,,​,​
7,A1,A1,A1,der Verein,Vereine,die Vereine,the Union,l'Union,,,​,​
7,A1,A1,A1,der Wagen,Wagen,die Wagen,the car,la voiture,,,​,​
7,A1,A1,A1,der Wind,Winde,die Winde,the wind,le vent,,,​,​
7,A1,A1,A1,der Job,Jobs,die Jobs,the job,le travail,Many loan words add an -s in their plural form,De nombreux noms communs d'origine étrangère prennent un -s au pluriel,<br><br>Many loan words add an -s in their plural form,<br><br>De nombreux noms communs d'origine étrangère prennent un -s au pluriel
7,A1,A1,A1,der Unterricht,Unterrichte,die Unterrichte,the lesson,la leçon,,,​,​
7,A1,A1,A1,das Hotel,Hotels,die Hotels,the hotel,l'hôtel,Many loan words add an -s in their plural form,De nombreux noms communs d'origine étrangère prennent un -s au pluriel,<br><br>Many loan words add an -s in their plural form,<br><br>De nombreux noms communs d'origine étrangère prennent un -s au pluriel
7,A1,A1,A1,der Fehler,Fehler,die Fehler,the error,l'erreur,,,​,​
7,A1,A1,A1,die Freizeit,Freizeiten,die Freizeiten,the free time,le temps libre,,,​,​
7,A1,A1,A1,der Partner,Partner,die Partner,the partner,le partenaire,,,​,​
7,A1,A1,A1,der See,Seen,die Seen,the lake,le lac,Most words finishing in -e add a -n in their plural form,La plupart des noms communs se terminant par -e prennent un -n au pluriel,<br><br>Most words finishing in -e add a -n in their plural form,<br><br>La plupart des noms communs se terminant par -e prennent un -n au pluriel
8,A1,A1,A1,der Arbeitsplatz,Arbeitsplätze,die Arbeitsplätze,the workplace,le lieu de travail,,,​,​
8,A1,A1,A1,die Karte,Karten,die Karten,the map,la carte,Most words finishing in -e add a -n in their plural form,La plupart des noms communs se terminant par -e prennent un -n au pluriel,<br><br>Most words finishing in -e add a -n in their plural form,<br><br>La plupart des noms communs se terminant par -e prennent un -n au pluriel
8,A1,A1,A1,der Urlaub,Urlaube,die Urlaube,the holidays,les vacances,,,​,​
8,A1,A1,A1,die Prüfung,Prüfungen,die Prüfungen,the exam,l'examen,Words finishing in -ung add -en in their plural form,Les noms communs se terminant par -ung prennent la terminaison -en au pluriel,<br><br>Words finishing in -ung add -en in their plural form,<br><br>Les noms communs se terminant par -ung prennent la terminaison -en au pluriel
8,A1,A1,A1,die Bitte,Bitten,die Bitten,the request,la demande,Most words finishing in -e add a -n in their plural form,La plupart des noms communs se terminant par -e prennent un -n au pluriel,<br><br>Most words finishing in -e add a -n in their plural form,<br><br>La plupart des noms communs se terminant par -e prennent un -n au pluriel
8,A1,A1,A1,der Winter,Winter,die Winter,the winter,l'hiver,,,​,​
8,A1,A1,A1,der Zentimeter,Zentimeter,die Zentimeter,the centimeter,le centimètre,,,​,​
8,A1,A1,A1,die Ecke,Ecken,die Ecken,the corner,le coin,Most words finishing in -e add a -n in their plural form,La plupart des noms communs se terminant par -e prennent un -n au pluriel,<br><br>Most words finishing in -e add a -n in their plural form,<br><br>La plupart des noms communs se terminant par -e prennent un -n au pluriel
8,A1,A1,A1,der Herbst,Herbste,die Herbste,the autumn,l'automne,,,​,​
9,A2,A1,A2,die Seite,Seiten,die Seiten,the page,la page,Most words finishing in -e add a -n in their plural form,La plupart des noms communs se terminant par -e prennent un -n au pluriel,<br><br>Most words finishing in -e add a -n in their plural form,<br><br>La plupart des noms communs se terminant par -e prennent un -n au pluriel
9,A2,A1,A2,der Weg,Wege,die Wege,the way,le chemin,,,​,​
9,A2,A1,A2,die Geschichte,Geschichten,die Geschichten,the story,l'histoire,Most words finishing in -e add a -n in their plural form,La plupart des noms communs se terminant par -e prennent un -n au pluriel,<br><br>Most words finishing in -e add a -n in their plural form,<br><br>La plupart des noms communs se terminant par -e prennent un -n au pluriel
9,A2,A1,A2,das Paar,Paare,die Paare,the couple,le couple,,,​,​
9,A2,A1,A2,die Universität,Universitäten,die Universitäten,the university,l'université,,,​,​
9,A2,A1,A2,das Ziel,Ziele,die Ziele,the goal,l'objectif,,,​,​
9,A2,A1,A2,die Person,Personen,die Personen,the person,la personne,,,​,​
9,A2,A1,A2,das Ding,Dinge,die Dinge,the thing,la chose,,,​,​
9,A2,A1,A2,die Zahl,Zahlen,die Zahlen,the number,le nombre,,,​,​
9,A2,A1,A2,das Interesse,Interessen,die Interessen,the interest,l'intérêt,Most words finishing in -e add a -n in their plural form,La plupart des noms communs se terminant par -e prennent un -n au pluriel,<br><br>Most words finishing in -e add a -n in their plural form,<br><br>La plupart des noms communs se terminant par -e prennent un -n au pluriel
9,A2,A1,A2,die Tür,Türen,die Türen,the door,la porte,,,​,​
9,A2,A1,A2,das Stück,Stücke,die Stücke,the piece,la pièce,,,​,​
9,A2,A1,A2,die Situation,Situationen,die Situationen,the situation,la situation,,,​,​
9,A2,A1,A2,das Programm,Programme,die Programme,the program,le programme,,,​,​
9,A2,A1,A2,die Angst,Ängste,die Ängste,the fear,la peur,,,​,​
9,A2,A1,A2,die Kunst,Künste,die Künste,the art,l'art,,,​,​
9,A2,A1,A2,die Musik,Musiken,die Musiken,the music,la musique,,,​,​
9,A2,A1,A2,die Erfahrung,Erfahrungen,die Erfahrungen,the experience,l'expérience,Words finishing in -ung add -en in their plural form,Les noms communs se terminant par -ung prennent la terminaison -en au pluriel,<br><br>Words finishing in -ung add -en in their plural form,<br><br>Les noms communs se terminant par -ung prennent la terminaison -en au pluriel
9,A2,A1,A2,das Spiel,Spiele,die Spiele,the game,le jeu,,,​,​
9,A2,A1,A2,der Markt,Märkte,die Märkte,the market,le marché,,,​,​
10,A2,A1,A2,die Kirche,Kirchen,die Kirchen,the church,l'église,Most words finishing in -e add a -n in their plural form,La plupart des noms communs se terminant par -e prennent un -n au pluriel,<br><br>Most words finishing in -e add a -n in their plural form,<br><br>La plupart des noms communs se terminant par -e prennent un -n au pluriel
10,A2,A1,A2,die Kultur,Kulturen,die Kulturen,the culture,la culture,,,​,​
10,A2,A1,A2,das Projekt,Projekte,die Projekte,the project,le projet,,,​,​
10,A2,A1,A2,der Körper,Körper,die Körper,the body,le corps,,,​,​
10,A2,A1,A2,das Fenster,Fenster,die Fenster,the window,la fenêtre,,,​,​
10,A2,A1,A2,die Meinung,Meinungen,die Meinungen,the opinion,l'opinion,Words finishing in -ung add -en in their plural form,Les noms communs se terminant par -ung prennent la terminaison -en au pluriel,<br><br>Words finishing in -ung add -en in their plural form,<br><br>Les noms communs se terminant par -ung prennent la terminaison -en au pluriel
10,A2,A1,A2,die Idee,Ideen,die Ideen,the idea,l'idée,Most words finishing in -e add a -n in their plural form,La plupart des noms communs se terminant par -e prennent un -n au pluriel,<br><br>Most words finishing in -e add a -n in their plural form,<br><br>La plupart des noms communs se terminant par -e prennent un -n au pluriel
10,A2,A1,A2,das Produkt,Produkte,die Produkte,the product,le produit,,,​,​
10,A2,A1,A2,das Mittel,Mittel,die Mittel,"the mean, the remedy",le moyen,,,​,​
10,A2,A1,A2,die Natur,Naturen,die Naturen,the nature,la nature,,,​,​
10,A2,A1,A2,der Mitarbeiter,Mitarbeiter,die Mitarbeiter,the employee,l'employé,,,​,​
10,A2,A1,A2,der Spaß,Späße,die Späße,the fun,le plaisir,,,​,​
10,A2,A1,A2,das Tier,Tiere,die Tiere,the animal,l'animal,,,​,​
10,A2,A1,A2,das Fach,Fächer,die Fächer,the subject,le sujet,,,​,​
10,A2,A1,A2,der Kontakt,Kontakte,die Kontakte,the contact,le contact,,,​,​
10,A2,A1,A2,die Menge,Mengen,die Mengen,the amount,la quantité,Most words finishing in -e add a -n in their plural form,La plupart des noms communs se terminant par -e prennent un -n au pluriel,<br><br>Most words finishing in -e add a -n in their plural form,<br><br>La plupart des noms communs se terminant par -e prennent un -n au pluriel
10,A2,A1,A2,der Unterschied,Unterschiede,die Unterschiede,the difference,la différence,,,​,​
10,A2,A1,A2,das Theater,Theater,die Theater,the theatre,le théâtre,,,​,​
10,A2,A1,A2,die Ausbildung,Ausbildungen,die Ausbildungen,the training,la formation,Words finishing in -ung add -en in their plural form,Les noms communs se terminant par -ung prennent la terminaison -en au pluriel,<br><br>Words finishing in -ung add -en in their plural form,<br><br>Les noms communs se terminant par -ung prennent la terminaison -en au pluriel
10,A2,A1,A2,das Gerät,Geräte,die Geräte,the device,l'appareil,,,​,​
11,A2,A1,A2,der Vertrag,Verträge,die Verträge,the contract,le contrat,,,​,​
11,A2,A1,A2,die Reihe,Reihen,die Reihen,the series,la série,Most words finishing in -e add a -n in their plural form,La plupart des noms communs se terminant par -e prennent un -n au pluriel,<br><br>Most words finishing in -e add a -n in their plural form,<br><br>La plupart des noms communs se terminant par -e prennent un -n au pluriel
11,A2,A1,A2,die Liebe,Lieben,die Lieben,the love,l'amour,Most words finishing in -e add a -n in their plural form,La plupart des noms communs se terminant par -e prennent un -n au pluriel,<br><br>Most words finishing in -e add a -n in their plural form,<br><br>La plupart des noms communs se terminant par -e prennent un -n au pluriel
11,A2,A1,A2,die Krankheit,Krankheiten,die Krankheiten,the disease,la maladie,Words finishing in -heit add -en in their plural form,Les mots se terminant par -heit prennent la terminaison -en au pluriel,<br><br>Words finishing in -heit add -en in their plural form,<br><br>Les mots se terminant par -heit prennent la terminaison -en au pluriel
11,A2,A1,A2,der Wunsch,Wünsche,die Wünsche,the desire,le désir,,,​,​
11,A2,A1,A2,der Artikel,Artikel,die Artikel,the article,l'article,,,​,​
11,A2,A1,A2,der Rücken,Rücken,die Rücken,the back,le dos,,,​,​
11,A2,A1,A2,der Himmel,Himmel,die Himmel,the sky,le ciel,,,​,​
11,A2,A1,A2,die Bibliothek,Bibliotheken,die Bibliotheken,the library,la bibliothèque,,,​,​
11,A2,A1,A2,die Kenntnis,Kenntnisse,die Kenntnisse,the knowledge,la connaissance,,,​,​
11,A2,A1,A2,der Wald,Wälder,die Wälder,the forest,la forêt,,,​,​
11,A2,A1,A2,die Freundin,Freundinnen,die Freundinnen,the girlfriend,la petite amie,,,​,​
11,A2,A1,A2,der Haushalt,Haushalte,die Haushalte,the household,le ménage,,,​,​
11,A2,A1,A2,das Team,Teams,die Teams,the team,l'équipe,Many loan words add an -s in their plural form,De nombreux noms communs d'origine étrangère prennent un -s au pluriel,<br><br>Many loan words add an -s in their plural form,<br><br>De nombreux noms communs d'origine étrangère prennent un -s au pluriel
11,A2,A1,A2,der Titel,Titel,die Titel,the title,le titre,,,​,​
11,A2,A1,A2,der Rest,Reste,die Reste,the rest,le reste,,,​,​
11,A2,A1,A2,der Besuch,Besuche,die Besuche,the visit,la visite,,,​,​
11,A2,A1,A2,das Zentrum,Zentren,die Zentren,the center,le centre,,,​,​
11,A2,A1,A2,der Berg,Berge,die Berge,the mountain,la montagne,,,​,​
11,A2,A1,A2,das Ohr,Ohren,die Ohren,the ear,l'oreille,,,​,​
12,A2,A1,A2,das Schiff,Schiffe,die Schiffe,the ship,le navire,,,​,​
12,A2,A1,A2,die Ausstellung,Ausstellungen,die Ausstellungen,the exhibition,l'exposition,Words finishing in -ung add -en in their plural form,Les noms communs se terminant par -ung prennent la terminaison -en au pluriel,<br><br>Words finishing in -ung add -en in their plural form,<br><br>Les noms communs se terminant par -ung prennent la terminaison -en au pluriel
12,A2,A1,A2,das Gericht,Gerichte,die Gerichte,the court,le tribunal,,,​,​
12,A2,A1,A2,der Traum,Träume,die Träume,the dream,le rêve,,,​,​
12,A2,A1,A2,die Qualität,Qualitäten,die Qualitäten,the quality,la qualité,,,​,​
12,A2,A1,A2,die Insel,Inseln,die Inseln,the island,l'île,,,​,​
12,A2,A1,A2,das Instrument,Instrumente,die Instrumente,the instrument,l'instrument,,,​,​
12,A2,A1,A2,die Nachricht,Nachrichten,die Nachrichten,the message,le message,,,​,​
12,A2,A1,A2,der Vorschlag,Vorschläge,die Vorschläge,the suggestion,la suggestion,,,​,​
12,A2,A1,A2,das Blatt,Blätter,die Blätter,the leaf,la feuille,,,​,​
12,A2,A1,A2,das Interview,Interviews,die Interviews,the interview,l'interview,Many loan words add an -s in their plural form,De nombreux noms communs d'origine étrangère prennent un -s au pluriel,<br><br>Many loan words add an -s in their plural form,<br><br>De nombreux noms communs d'origine étrangère prennent un -s au pluriel
12,A2,A1,A2,die Dame,Damen,die Damen,the lady,la dame,Most words finishing in -e add a -n in their plural form,La plupart des noms communs se terminant par -e prennent un -n au pluriel,<br><br>Most words finishing in -e add a -n in their plural form,<br><br>La plupart des noms communs se terminant par -e prennent un -n au pluriel
12,A2,A1,A2,das Museum,Museen,die Museen,the museum,le musée,,,​,​
12,A2,A2,A1,die Bahn,Bahnen,die Bahnen,the train,le train,,,​,​
12,A2,A2,A1,das Flugzeug,Flugzeuge,die Flugzeuge,The plane,L'avion,,,​,​
12,A2,A2,A1,das Foto,Fotos,die Fotos,the photo,la photo,Many loan words add an -s in their plural form,De nombreux noms communs d'origine étrangère prennent un -s au pluriel,<br><br>Many loan words add an -s in their plural form,<br><br>De nombreux noms communs d'origine étrangère prennent un -s au pluriel
12,A2,A2,A2,die Veranstaltung,Veranstaltungen,die Veranstaltungen,the event,l'événement,Words finishing in -ung add -en in their plural form,Les noms communs se terminant par -ung prennent la terminaison -en au pluriel,<br><br>Words finishing in -ung add -en in their plural form,<br><br>Les noms communs se terminant par -ung prennent la terminaison -en au pluriel
12,A2,A2,A1,das Hobby,Hobbys,die Hobbys,the hobby,le passe-temps,Many loan words add an -s in their plural form,De nombreux noms communs d'origine étrangère prennent un -s au pluriel,<br><br>Many loan words add an -s in their plural form,<br><br>De nombreux noms communs d'origine étrangère prennent un -s au pluriel
12,A2,A2,A1,der Kaffee,Kaffees,die Kaffees,the coffee,le café,Many loan words add an -s in their plural form,De nombreux noms communs d'origine étrangère prennent un -s au pluriel,<br><br>Many loan words add an -s in their plural form,<br><br>De nombreux noms communs d'origine étrangère prennent un -s au pluriel
12,A2,A2,A2,die Lust,Lüste,die Lüste,the lust,la convoitise,,,​,​
13,A2,A2,A1,der Nachmittag,Nachmittage,die Nachmittage,the afternoon,l'après-midi,,,​,​
13,A2,A2,A1,die Rechnung,Rechnungen,die Rechnungen,the bill,le projet de loi,Words finishing in -ung add -en in their plural form,Les noms communs se terminant par -ung prennent la terminaison -en au pluriel,<br><br>Words finishing in -ung add -en in their plural form,<br><br>Les noms communs se terminant par -ung prennent la terminaison -en au pluriel
13,A2,A2,A2,das Schloss,Schlösser,die Schlösser,the castle,le château,,,​,​
13,A2,A2,A2,das Fest,Feste,die Feste,the party,la fête,,,​,​
13,A2,A2,A2,die Landschaft,Landschaften,die Landschaften,the landscape,le paysage,,,​,​
13,A2,A2,A2,die Mannschaft,Mannschaften,die Mannschaften,the team,l'équipe,,,​,​
13,A2,A2,A1,der Laden,Läden,die Läden,the store,le magasin,,,​,​
13,A2,A2,A2,das Büro,Büros,die Büros,the office,le bureau,Many loan words add an -s in their plural form,De nombreux noms communs d'origine étrangère prennent un -s au pluriel,<br><br>Many loan words add an -s in their plural form,<br><br>De nombreux noms communs d'origine étrangère prennent un -s au pluriel
13,A2,A2,A1,der Fußball,Fußbälle,die Fußbälle,football,le football,,,​,​
13,A2,A2,A2,die Katze,Katzen,die Katzen,the cat,le chat,Most words finishing in -e add a -n in their plural form,La plupart des noms communs se terminant par -e prennent un -n au pluriel,<br><br>Most words finishing in -e add a -n in their plural form,<br><br>La plupart des noms communs se terminant par -e prennent un -n au pluriel
13,A2,A2,A2,das Pferd,Pferde,die Pferde,the horse,le cheval,,,​,​
13,A2,A2,A1,das Feuer,Feuer,die Feuer,the fire,le feu,,,​,​
13,A2,A2,A2,der Stuhl,Stühle,die Stühle,the chair,la chaise,,,​,​
13,A2,A2,A1,der Ausländer,Ausländer,die Ausländer,the foreigner,l'étranger,,,​,​
13,A2,A2,A2,der Club,Clubs,die Clubs,the club,le club,Many loan words add an -s in their plural form,De nombreux noms communs d'origine étrangère prennent un -s au pluriel,<br><br>Many loan words add an -s in their plural form,<br><br>De nombreux noms communs d'origine étrangère prennent un -s au pluriel
13,A2,A2,A2,der Fluss,Flüsse,die Flüsse,the river,la rivière,,,​,​
13,A2,A2,A1,die Führung,Führungen,die Führungen,the leadership,le leadership,Words finishing in -ung add -en in their plural form,Les noms communs se terminant par -ung prennent la terminaison -en au pluriel,<br><br>Words finishing in -ung add -en in their plural form,<br><br>Les noms communs se terminant par -ung prennent la terminaison -en au pluriel
13,A2,A2,A2,der Nachbar,Nachbarn,die Nachbarn,the neighbor,le voisin,,,​,​
13,A2,A2,A1,das Telefon,Telefone,die Telefone,the phone,le téléphone,,,​,​
13,A2,A2,A1,das Bad,Bäder,die Bäder,the bathroom,la salle de bain,,,​,​
14,A2,A2,A1,der Bus,Busse,die Busse,the bus,le bus,,,​,​
14,A2,A2,A2,die Messe,Messen,die Messen,the fair,la foire,Most words finishing in -e add a -n in their plural form,La plupart des noms communs se terminant par -e prennent un -n au pluriel,<br><br>Most words finishing in -e add a -n in their plural form,<br><br>La plupart des noms communs se terminant par -e prennent un -n au pluriel
14,A2,A2,A1,das Fahrrad,Fahrräder,die Fahrräder,the bike,le vélo,,,​,​
14,A2,A2,A2,das Krankenhaus,Krankenhäuser,die Krankenhäuser,the hospital,l'hôpital,,,​,​
14,A2,A2,A1,der Fisch,Fische,die Fische,the fish,le poisson,,,​,​
14,A2,A2,A2,der Schmerz,Schmerzen,die Schmerzen,the pain,la douleur,,,​,​
14,A2,A2,A1,die Tasche,Taschen,die Taschen,the bag,le sac,Most words finishing in -e add a -n in their plural form,La plupart des noms communs se terminant par -e prennent un -n au pluriel,<br><br>Most words finishing in -e add a -n in their plural form,<br><br>La plupart des noms communs se terminant par -e prennent un -n au pluriel
14,A2,A2,A1,der Wein,Weine,die Weine,the wine,le vin,,,​,​
14,A2,A2,A2,der Wettbewerb,Wettbewerbe,die Wettbewerbe,the competition,la compétition,,,​,​
14,A2,A2,A1,das Wetter,Wetter,die Wetter,the weather,la météo,,,​,​
14,A2,A2,A2,die Ahnung,Ahnungen,die Ahnungen,the feeling,le sentiment,Words finishing in -ung add -en in their plural form,Les noms communs se terminant par -ung prennent la terminaison -en au pluriel,<br><br>Words finishing in -ung add -en in their plural form,<br><br>Les noms communs se terminant par -ung prennent la terminaison -en au pluriel
14,A2,A2,A2,das Kleid,Kleider,die Kleider,the dress,la robe,,,​,​
14,A2,A2,A1,der Termin,Termine,die Termine,the appointment,le rendez-vous,,,​,​
14,A2,A2,A1,der Test,Tests,die Tests,the test,le test,Many loan words add an -s in their plural form,De nombreux noms communs d'origine étrangère prennent un -s au pluriel,<br><br>Many loan words add an -s in their plural form,<br><br>De nombreux noms communs d'origine étrangère prennent un -s au pluriel
14,A2,A2,A2,der Tourist,Touristen,die Touristen,the tourist,le touriste,,,​,​
14,A2,A2,A1,das Bier,Biere,die Biere,the beer,la bière,,,​,​
14,A2,A2,A2,das Konzert,Konzerte,die Konzerte,the concert,le concert,,,​,​
14,A2,A2,A1,das Lied,Lieder,die Lieder,the song,la chanson,,,​,​
14,A2,A2,A1,die Pause,Pausen,die Pausen,the break,la pause,Most words finishing in -e add a -n in their plural form,La plupart des noms communs se terminant par -e prennent un -n au pluriel,<br><br>Most words finishing in -e add a -n in their plural form,<br><br>La plupart des noms communs se terminant par -e prennent un -n au pluriel
14,A2,A2,A1,das Brot,Brote,die Brote,the bread,le pain,,,​,​
15,A2,A2,A1,die Flasche,Flaschen,die Flaschen,the bottle,la bouteille,Most words finishing in -e add a -n in their plural form,La plupart des noms communs se terminant par -e prennent un -n au pluriel,<br><br>Most words finishing in -e add a -n in their plural form,<br><br>La plupart des noms communs se terminant par -e prennent un -n au pluriel
15,A2,A2,A1,der Geburtstag,Geburtstage,die Geburtstage,the birthday,l'anniversaire,,,​,​
15,A2,A2,A2,die Hauptstadt,Hauptstädte,die Hauptstädte,the capital,la capitale,,,​,​
15,A2,A2,A1,das Kilogramm,Kilogramme,die Kilogramme,the kilogram,le kilogramme,,,​,​
15,A2,A2,A1,die Adresse,Adressen,die Adressen,the address,l'adresse,Most words finishing in -e add a -n in their plural form,La plupart des noms communs se terminant par -e prennent un -n au pluriel,<br><br>Most words finishing in -e add a -n in their plural form,<br><br>La plupart des noms communs se terminant par -e prennent un -n au pluriel
15,A2,A2,A2,der Hals,Hälse,die Hälse,the neck,le cou,,,​,​
15,A2,A2,A1,die Heimat,Heimaten,die Heimaten,the homeland,la patrie,,,​,​
15,A2,A2,A1,das Kino,Kinos,die Kinos,the cinema,le cinéma,Many loan words add an -s in their plural form,De nombreux noms communs d'origine étrangère prennent un -s au pluriel,<br><br>Many loan words add an -s in their plural form,<br><br>De nombreux noms communs d'origine étrangère prennent un -s au pluriel
15,A2,A2,A1,der Fahrer,Fahrer,die Fahrer,the driver,le conducteur,,,​,​
15,A2,A2,A2,das Gegenteil,Gegenteile,die Gegenteile,the contrary,le contraire,,,​,​
15,A2,A2,A2,der Vogel,Vögel,die Vögel,the bird,l'oiseau,,,​,​
15,A2,A2,A2,der Verkehr,Verkehre,die Verkehre,the traffic,la circulation,,,​,​
15,A2,A2,A1,der Anschluss,Anschlüsse,die Anschlüsse,the connection,la connexion,,,​,​
15,A2,A2,A1,der Flughafen,Flughäfen,die Flughäfen,the airport,l'aéroport,,,​,​
15,A2,A2,A2,der Park,Parks,die Parks,the park,le parc,Many loan words add an -s in their plural form,De nombreux noms communs d'origine étrangère prennent un -s au pluriel,<br><br>Many loan words add an -s in their plural form,<br><br>De nombreux noms communs d'origine étrangère prennent un -s au pluriel
15,A2,A2,A1,die Post,Posten,die Posten,the post,le poste,,,​,​
15,A2,A2,A1,der Bahnhof,Bahnhöfe,die Bahnhöfe,the station,la station,,,​,​
15,A2,A2,A1,die Kasse,Kassen,die Kassen,the cash register,la caisse enregistreuse,Most words finishing in -e add a -n in their plural form,La plupart des noms communs se terminant par -e prennent un -n au pluriel,<br><br>Most words finishing in -e add a -n in their plural form,<br><br>La plupart des noms communs se terminant par -e prennent un -n au pluriel
15,A2,A2,A2,das Radio,Radios,die Radios,the radio,la radio,Many loan words add an -s in their plural form,De nombreux noms communs d'origine étrangère prennent un -s au pluriel,<br><br>Many loan words add an -s in their plural form,<br><br>De nombreux noms communs d'origine étrangère prennent un -s au pluriel
15,A2,A2,A2,der Unfall,Unfälle,die Unfälle,the accident,l'accident,,,​,​
16,A2,A2,A1,das Frühjahr,Frühjahre,die Frühjahre,the spring,le printemps,,,​,​
16,A2,A2,A1,das Gewicht,Gewichte,die Gewichte,the weight,le poids,,,​,​
16,A2,A2,A1,das Lebensmittel,Lebensmittel,die Lebensmittel,the food,la nourriture,,,​,​
16,A2,A2,A2,der Strand,Strände,die Strände,the beach,la plage,,,​,​
16,A2,A2,A1,die Treppe,Treppen,die Treppen,the stairs,l'escalier,Most words finishing in -e add a -n in their plural form,La plupart des noms communs se terminant par -e prennent un -n au pluriel,<br><br>Most words finishing in -e add a -n in their plural form,<br><br>La plupart des noms communs se terminant par -e prennent un -n au pluriel
16,A2,A2,A2,die Brücke,Brücken,die Brücken,the bridge,le pont,Most words finishing in -e add a -n in their plural form,La plupart des noms communs se terminant par -e prennent un -n au pluriel,<br><br>Most words finishing in -e add a -n in their plural form,<br><br>La plupart des noms communs se terminant par -e prennent un -n au pluriel
16,A2,A2,A1,die CD,CDs,die CDs,the CD,le CD,Many loan words add an -s in their plural form,De nombreux noms communs d'origine étrangère prennent un -s au pluriel,<br><br>Many loan words add an -s in their plural form,<br><br>De nombreux noms communs d'origine étrangère prennent un -s au pluriel
16,A2,A2,A1,der Schuh,Schuhe,die Schuhe,the shoe,la chaussure,,,​,​
16,A2,A2,A2,die Sendung,Sendungen,die Sendungen,the broadcast,la diffusion,Words finishing in -ung add -en in their plural form,Les noms communs se terminant par -ung prennent la terminaison -en au pluriel,<br><br>Words finishing in -ung add -en in their plural form,<br><br>Les noms communs se terminant par -ung prennent la terminaison -en au pluriel
16,A2,A2,A1,das Viertel,Viertel,die Viertel,the quarter,le trimestre,,,​,​
16,A2,A2,A2,die Kamera,Kameras,die Kameras,the camera,l'appareil photo,Many loan words add an -s in their plural form,De nombreux noms communs d'origine étrangère prennent un -s au pluriel,<br><br>Many loan words add an -s in their plural form,<br><br>De nombreux noms communs d'origine étrangère prennent un -s au pluriel
16,A2,A2,A2,der Kredit,Kredite,die Kredite,the loan,le prêt,,,​,​
16,A2,A2,A2,das Rad,Räder,die Räder,the wheel,la roue,,,​,​
16,A2,A2,A1,die Zigarette,Zigaretten,die Zigaretten,the cigarette,la cigarette,Most words finishing in -e add a -n in their plural form,La plupart des noms communs se terminant par -e prennent un -n au pluriel,<br><br>Most words finishing in -e add a -n in their plural form,<br><br>La plupart des noms communs se terminant par -e prennent un -n au pluriel
16,A2,A2,A1,die Halle,Hallen,die Hallen,the hall,le hall,Most words finishing in -e add a -n in their plural form,La plupart des noms communs se terminant par -e prennent un -n au pluriel,<br><br>Most words finishing in -e add a -n in their plural form,<br><br>La plupart des noms communs se terminant par -e prennent un -n au pluriel
16,A2,A2,A1,der Mittag,Mittage,die Mittage,midday,le midi,,,​,​
16,A2,A2,A1,das Restaurant,Restaurants,die Restaurants,the restaurant,le restaurant,Many loan words add an -s in their plural form,De nombreux noms communs d'origine étrangère prennent un -s au pluriel,<br><br>Many loan words add an -s in their plural form,<br><br>De nombreux noms communs d'origine étrangère prennent un -s au pluriel
16,A2,A2,A2,die Schülerin,Schülerinnen,die Schülerinnen,the student,l'étudiant,,,​,​
16,A2,A2,A2,der Service,Services,die Services,the service,le service,Many loan words add an -s in their plural form,De nombreux noms communs d'origine étrangère prennent un -s au pluriel,<br><br>Many loan words add an -s in their plural form,<br><br>De nombreux noms communs d'origine étrangère prennent un -s au pluriel
16,A2,A2,A2,der Bescheid,Bescheide,die Bescheide,the decision,la décision,,,​,​
17,A2,A2,A1,die Blume,Blumen,die Blumen,the flower,la fleur,Most words finishing in -e add a -n in their plural form,La plupart des noms communs se terminant par -e prennent un -n au pluriel,<br><br>Most words finishing in -e add a -n in their plural form,<br><br>La plupart des noms communs se terminant par -e prennent un -n au pluriel
17,A2,A2,A2,das Training,Trainings,die Trainings,the training,la formation,Many loan words add an -s in their plural form,De nombreux noms communs d'origine étrangère prennent un -s au pluriel,<br><br>Many loan words add an -s in their plural form,<br><br>De nombreux noms communs d'origine étrangère prennent un -s au pluriel
17,A2,A2,A1,der Verkäufer,Verkäufer,die Verkäufer,the seller,le vendeur,,,​,​
17,A2,A2,A1,die Auskunft,Auskünfte,die Auskünfte,the information,les informations,,,​,​
17,A2,A2,A1,der Koffer,Koffer,die Koffer,the suitcase,la valise,,,​,​
17,A2,A2,A1,der Schlüssel,Schlüssel,die Schlüssel,the key,la clé,,,​,​
17,A2,A2,A1,das Café,Cafés,die Cafés,the café,le café,Many loan words add an -s in their plural form,De nombreux noms communs d'origine étrangère prennent un -s au pluriel,<br><br>Many loan words add an -s in their plural form,<br><br>De nombreux noms communs d'origine étrangère prennent un -s au pluriel
17,A2,A2,A2,die Datei,Dateien,die Dateien,the file,le fichier,,,​,​
17,A2,A2,A2,der Keller,Keller,die Keller,the cellar,la cave,,,​,​
17,A2,A2,A1,das Konto,Konten,die Konten,the account,le compte,,,​,​
17,A2,A2,A1,der Bauch,Bäuche,die Bäuche,the belly,le ventre,,,​,​
17,A2,A2,A2,die Hose,Hosen,die Hosen,the pants,le pantalon,Most words finishing in -e add a -n in their plural form,La plupart des noms communs se terminant par -e prennent un -n au pluriel,<br><br>Most words finishing in -e add a -n in their plural form,<br><br>La plupart des noms communs se terminant par -e prennent un -n au pluriel
17,A2,A2,A2,der Motor,Motoren,die Motoren,the engine,le moteur,,,​,​
17,A2,A2,A2,die Wolke,Wolken,die Wolken,the cloud,le nuage,Most words finishing in -e add a -n in their plural form,La plupart des noms communs se terminant par -e prennent un -n au pluriel,<br><br>Most words finishing in -e add a -n in their plural form,<br><br>La plupart des noms communs se terminant par -e prennent un -n au pluriel
17,A2,A2,A2,der Zahn,Zähne,die Zähne,the tooth,la dent,,,​,​
17,A2,A2,A2,der Fan,Fans,die Fans,the fan,le ventilateur,Many loan words add an -s in their plural form,De nombreux noms communs d'origine étrangère prennent un -s au pluriel,<br><br>Many loan words add an -s in their plural form,<br><br>De nombreux noms communs d'origine étrangère prennent un -s au pluriel
17,A2,A2,A2,die Tour,Touren,die Touren,the tour,la tournée,,,​,​
18,B1,A1,B1,das Mal,Male,die Male,the time,le temps,,,​,​
18,B1,A1,B1,der Fall,Fälle,die Fälle,the case,l'affaire,,,​,​
18,B1,A1,B1,das Recht,Rechte,die Rechte,the right,le droit,,,​,​
18,B1,A1,B1,der Grund,Gründe,die Gründe,the reason,la raison,,,​,​
18,B1,A1,B1,die Art,Arten,die Arten,the type,le type,,,​,​
18,B1,A1,B1,der Bereich,Bereiche,die Bereiche,the area,la région,,,​,​
18,B1,A1,B1,die Gesellschaft,Gesellschaften,die Gesellschaften,the society,la société,,,​,​
18,B1,A1,B1,die Möglichkeit,Möglichkeiten,die Möglichkeiten,the possibility,la possibilité,Words finishing in -keit add -en in their plural form,Les noms communs se terminant par -ung prennent la terminaison -en au pluriel,<br><br>Words finishing in -keit add -en in their plural form,<br><br>Les noms communs se terminant par -ung prennent la terminaison -en au pluriel
18,B1,A1,B1,die Form,Formen,die Formen,the form,la forme,,,​,​
18,B1,A1,B1,die Entwicklung,Entwicklungen,die Entwicklungen,the development,le développement,Words finishing in -ung add -en in their plural form,Les noms communs se terminant par -ung prennent la terminaison -en au pluriel,<br><br>Words finishing in -ung add -en in their plural form,<br><br>Les noms communs se terminant par -ung prennent la terminaison -en au pluriel
18,B1,A1,B1,der Sinn,Sinne,die Sinne,the meaning,la signification,,,​,​
18,B1,A1,B1,die Nacht,Nächte,die Nächte,the night,la nuit,,,​,​
18,B1,A1,B1,das System,Systeme,die Systeme,the system,le système,,,​,​
18,B1,A1,B1,der Wert,Werte,die Werte,the value,la valeur,,,​,​
18,B1,A1,B1,die Folge,Folgen,die Folgen,the consequence,la conséquence,Most words finishing in -e add a -n in their plural form,La plupart des noms communs se terminant par -e prennent un -n au pluriel,<br><br>Most words finishing in -e add a -n in their plural form,<br><br>La plupart des noms communs se terminant par -e prennent un -n au pluriel
18,B1,A1,B1,die Rolle,Rollen,die Rollen,the role,le rôle,Most words finishing in -e add a -n in their plural form,La plupart des noms communs se terminant par -e prennent un -n au pluriel,<br><br>Most words finishing in -e add a -n in their plural form,<br><br>La plupart des noms communs se terminant par -e prennent un -n au pluriel
18,B1,A1,B1,die Bedeutung,Bedeutungen,die Bedeutungen,the meaning,la signification,Words finishing in -ung add -en in their plural form,Les noms communs se terminant par -ung prennent la terminaison -en au pluriel,<br><br>Words finishing in -ung add -en in their plural form,<br><br>Les noms communs se terminant par -ung prennent la terminaison -en au pluriel
18,B1,A1,B1,der Krieg,Kriege,die Kriege,the war,la guerre,,,​,​
18,B1,A1,B1,der Punkt,Punkte,die Punkte,the point,le point,,,​,​
18,B1,A1,B1,die Abbildung,Abbildungen,die Abbildungen,the illustration,l'illustration,Words finishing in -ung add -en in their plural form,Les noms communs se terminant par -ung prennent la terminaison -en au pluriel,<br><br>Words finishing in -ung add -en in their plural form,<br><br>Les noms communs se terminant par -ung prennent la terminaison -en au pluriel
19,B1,A1,B1,der Boden,Böden,die Böden,the ground,le sol,,,​,​
19,B1,A1,B1,das Werk,Werke,die Werke,the work,le travail,,,​,​
19,B1,A1,B1,die Stimme,Stimmen,die Stimmen,the voice,la voix,Most words finishing in -e add a -n in their plural form,La plupart des noms communs se terminant par -e prennent un -n au pluriel,<br><br>Most words finishing in -e add a -n in their plural form,<br><br>La plupart des noms communs se terminant par -e prennent un -n au pluriel
19,B1,A1,B1,die Richtung,Richtungen,die Richtungen,the direction,la direction,Words finishing in -ung add -en in their plural form,Les noms communs se terminant par -ung prennent la terminaison -en au pluriel,<br><br>Words finishing in -ung add -en in their plural form,<br><br>Les noms communs se terminant par -ung prennent la terminaison -en au pluriel
19,B1,A1,B1,die Politik,Politiken,die Politiken,the politics,la politique,,,​,​
19,B1,A1,B1,die Regel,Regeln,die Regeln,the rule,la règle,,,​,​
19,B1,A1,B1,der Schritt,Schritte,die Schritte,the step,l'étape,,,​,​
19,B1,A1,B1,der Gott,Götter,die Götter,the god,le dieu,,,​,​
19,B1,A1,B1,die Beziehung,Beziehungen,die Beziehungen,the relationship,la relation,Words finishing in -ung add -en in their plural form,Les noms communs se terminant par -ung prennent la terminaison -en au pluriel,<br><br>Words finishing in -ung add -en in their plural form,<br><br>Les noms communs se terminant par -ung prennent la terminaison -en au pluriel
19,B1,A1,B1,die Zukunft,Zukünfte,die Zukünfte,the future,l'avenir,,,​,​
19,B1,A1,B1,das Gefühl,Gefühle,die Gefühle,the feeling,le sentiment,,,​,​
19,B1,A1,B1,das Verhältnis,Verhältnisse,die Verhältnisse,the relationship,la relation,,,​,​
19,B1,A1,B1,der Gedanke,Gedanken,die Gedanken,the thought,la pensée,Most words finishing in -e add a -n in their plural form,La plupart des noms communs se terminant par -e prennent un -n au pluriel,<br><br>Most words finishing in -e add a -n in their plural form,<br><br>La plupart des noms communs se terminant par -e prennent un -n au pluriel
19,B1,A1,B1,die Entscheidung,Entscheidungen,die Entscheidungen,the decision,la décision,Words finishing in -ung add -en in their plural form,Les noms communs se terminant par -ung prennent la terminaison -en au pluriel,<br><br>Words finishing in -ung add -en in their plural form,<br><br>Les noms communs se terminant par -ung prennent la terminaison -en au pluriel
19,B1,A1,B1,der Prozess,Prozesse,die Prozesse,the process,le processus,,,​,​
19,B1,A1,B1,der Betrieb,Betriebe,die Betriebe,the operation,l'opération,,,​,​
19,B1,A1,B1,der Zusammenhang,Zusammenhänge,die Zusammenhänge,the connection,la connexion,,,​,​
19,B1,A1,B1,das Gesetz,Gesetze,die Gesetze,the law,la loi,,,​,​
19,B1,A1,B1,die Kraft,Kräfte,die Kräfte,the power,le pouvoir,,,​,​
19,B1,A1,B1,die Chance,Chancen,die Chancen,the chance,la chance,Most words finishing in -e add a -n in their plural form,La plupart des noms communs se terminant par -e prennent un -n au pluriel,<br><br>Most words finishing in -e add a -n in their plural form,<br><br>La plupart des noms communs se terminant par -e prennent un -n au pluriel
20,B1,A1,B1,der Erfolg,Erfolge,die Erfolge,the success,le succès,,,​,​
20,B1,A1,B1,die Grenze,Grenzen,die Grenzen,the border,la frontière,Most words finishing in -e add a -n in their plural form,La plupart des noms communs se terminant par -e prennent un -n au pluriel,<br><br>Most words finishing in -e add a -n in their plural form,<br><br>La plupart des noms communs se terminant par -e prennent un -n au pluriel
20,B1,A1,B1,die Lage,Lagen,die Lagen,the location,l'emplacement,Most words finishing in -e add a -n in their plural form,La plupart des noms communs se terminant par -e prennent un -n au pluriel,<br><br>Most words finishing in -e add a -n in their plural form,<br><br>La plupart des noms communs se terminant par -e prennent un -n au pluriel
20,B1,A1,B1,die Leistung,Leistungen,die Leistungen,the performance,la performance,Words finishing in -ung add -en in their plural form,Les noms communs se terminant par -ung prennent la terminaison -en au pluriel,<br><br>Words finishing in -ung add -en in their plural form,<br><br>Les noms communs se terminant par -ung prennent la terminaison -en au pluriel
20,B1,A1,B1,das Mitglied,Mitglieder,die Mitglieder,the member,le membre,,,​,​
20,B1,A1,B1,das Verhalten,Verhalten,die Verhalten,the behavior,le comportement,,,​,​
20,B1,A1,B1,die Höhe,Höhen,die Höhen,the height,la hauteur,Most words finishing in -e add a -n in their plural form,La plupart des noms communs se terminant par -e prennent un -n au pluriel,<br><br>Most words finishing in -e add a -n in their plural form,<br><br>La plupart des noms communs se terminant par -e prennent un -n au pluriel
20,B1,A1,B1,die Luft,Lüfte,die Lüfte,the air,l'air,,,​,​
20,B1,A1,B1,der Vergleich,Vergleiche,die Vergleiche,the comparison,la comparaison,,,​,​
20,B1,A1,B1,das Modell,Modelle,die Modelle,the model,le modèle,,,​,​
20,B1,A1,B1,der Tod,Tode,die Tode,the death,la mort,,,​,​
20,B1,A1,B1,die Wirtschaft,Wirtschaften,die Wirtschaften,the economy,l'économie,,,​,​
20,B1,A1,B1,die Bewegung,Bewegungen,die Bewegungen,the movement,le mouvement,Words finishing in -ung add -en in their plural form,Les noms communs se terminant par -ung prennent la terminaison -en au pluriel,<br><br>Words finishing in -ung add -en in their plural form,<br><br>Les noms communs se terminant par -ung prennent la terminaison -en au pluriel
20,B1,A1,B1,die Sicherheit,Sicherheiten,die Sicherheiten,the safety,la sécurité,Words finishing in -heit add -en in their plural form,Les mots se terminant par -heit prennent la terminaison -en au pluriel,<br><br>Words finishing in -heit add -en in their plural form,<br><br>Les mots se terminant par -heit prennent la terminaison -en au pluriel
20,B1,A1,B1,das Gebiet,Gebiete,die Gebiete,the area,la région,,,​,​
20,B1,A1,B1,die Angabe,Angaben,die Angaben,the information,les informations,Most words finishing in -e add a -n in their plural form,La plupart des noms communs se terminant par -e prennent un -n au pluriel,<br><br>Most words finishing in -e add a -n in their plural form,<br><br>La plupart des noms communs se terminant par -e prennent un -n au pluriel
20,B1,A1,B1,das Herz,Herzen,die Herzen,the heart,le cœur,,,​,​
20,B1,A1,B1,der Anspruch,Ansprüche,die Ansprüche,the claim,la réclamation,,,​,​
20,B1,A1,B1,die Verbindung,Verbindungen,die Verbindungen,the connection,la connexion,Words finishing in -ung add -en in their plural form,Les noms communs se terminant par -ung prennent la terminaison -en au pluriel,<br><br>Words finishing in -ung add -en in their plural form,<br><br>Les noms communs se terminant par -ung prennent la terminaison -en au pluriel
20,B1,A1,B1,die Vorstellung,Vorstellungen,die Vorstellungen,the idea,l'idée,Words finishing in -ung add -en in their plural form,Les noms communs se terminant par -ung prennent la terminaison -en au pluriel,<br><br>Words finishing in -ung add -en in their plural form,<br><br>Les noms communs se terminant par -ung prennent la terminaison -en au pluriel
21,B1,A1,B1,der Patient,Patienten,die Patienten,the patient,le patient,,,​,​
21,B1,A1,B1,die Gefahr,Gefahren,die Gefahren,the danger,le danger,,,​,​
21,B1,A1,B1,der Stoff,Stoffe,die Stoffe,the fabric,le tissu,,,​,​
21,B1,A1,B1,der Beginn,Beginne,die Beginne,the beginning,le début,,,​,​
21,B1,A1,B1,der Professor,Professoren,die Professoren,the professor,le professeur,,,​,​
21,B1,A1,B1,die Bevölkerung,Bevölkerungen,die Bevölkerungen,the population,la population,Words finishing in -ung add -en in their plural form,Les noms communs se terminant par -ung prennent la terminaison -en au pluriel,<br><br>Words finishing in -ung add -en in their plural form,<br><br>Les noms communs se terminant par -ung prennent la terminaison -en au pluriel
21,B1,A1,B1,das Institut,Institute,die Institute,the institute,l'institut,,,​,​
21,B1,A1,B1,die Erde,Erden,die Erden,the earth,la terre,Most words finishing in -e add a -n in their plural form,La plupart des noms communs se terminant par -e prennent un -n au pluriel,<br><br>Most words finishing in -e add a -n in their plural form,<br><br>La plupart des noms communs se terminant par -e prennent un -n au pluriel
21,B1,A1,B1,der Vorteil,Vorteile,die Vorteile,the advantage,l'avantage,,,​,​
21,B1,A1,B1,der Autor,Autoren,die Autoren,the author,l'auteur,,,​,​
21,B1,A1,B1,die Bedingung,Bedingungen,die Bedingungen,the condition,la condition,Words finishing in -ung add -en in their plural form,Les noms communs se terminant par -ung prennent la terminaison -en au pluriel,<br><br>Words finishing in -ung add -en in their plural form,<br><br>Les noms communs se terminant par -ung prennent la terminaison -en au pluriel
21,B1,A1,B1,das Risiko,Risiken,die Risiken,the risk,le risque,,,​,​
21,B1,A1,B1,die Wahl,Wahlen,die Wahlen,the choice,le choix,,,​,​
21,B1,A1,B1,die Wirkung,Wirkungen,die Wirkungen,the effect,l'effet,Words finishing in -ung add -en in their plural form,Les noms communs se terminant par -ung prennent la terminaison -en au pluriel,<br><br>Words finishing in -ung add -en in their plural form,<br><br>Les noms communs se terminant par -ung prennent la terminaison -en au pluriel
21,B1,A1,B1,die Untersuchung,Untersuchungen,die Untersuchungen,the investigation,l'enquête,Words finishing in -ung add -en in their plural form,Les noms communs se terminant par -ung prennent la terminaison -en au pluriel,<br><br>Words finishing in -ung add -en in their plural form,<br><br>Les noms communs se terminant par -ung prennent la terminaison -en au pluriel
21,B1,A1,B1,der Einfluss,Einflüsse,die Einflüsse,the influence,l'influence,,,​,​
21,B1,A1,B1,die Methode,Methoden,die Methoden,the method,la méthode,Most words finishing in -e add a -n in their plural form,La plupart des noms communs se terminant par -e prennent un -n au pluriel,<br><br>Most words finishing in -e add a -n in their plural form,<br><br>La plupart des noms communs se terminant par -e prennent un -n au pluriel
21,B1,A1,B1,die Organisation,Organisationen,die Organisationen,the organization,l'organisation,,,​,​
21,B1,A1,B1,die Rede,Reden,die Reden,the speech,le discours,Most words finishing in -e add a -n in their plural form,La plupart des noms communs se terminant par -e prennent un -n au pluriel,<br><br>Most words finishing in -e add a -n in their plural form,<br><br>La plupart des noms communs se terminant par -e prennent un -n au pluriel
21,B1,A1,B1,der Augenblick,Augenblicke,die Augenblicke,the moment,le moment,,,​,​
22,B1,A1,B1,die Diskussion,Diskussionen,die Diskussionen,the discussion,la discussion,,,​,​
22,B1,A1,B1,die Forderung,Forderungen,die Forderungen,the requirement,l'exigence,Words finishing in -ung add -en in their plural form,Les noms communs se terminant par -ung prennent la terminaison -en au pluriel,<br><br>Words finishing in -ung add -en in their plural form,<br><br>Les noms communs se terminant par -ung prennent la terminaison -en au pluriel
22,B1,A1,B1,der Kreis,Kreise,die Kreise,the circle,le cercle,,,​,​
22,B1,A1,B1,die Technik,Techniken,die Techniken,the technology,la technologie,,,​,​
22,B1,A1,B1,der Versuch,Versuche,die Versuche,the attempt,la tentative,,,​,​
22,B1,A1,B1,die Schwierigkeit,Schwierigkeiten,die Schwierigkeiten,the difficulty,la difficulté,Words finishing in -keit add -en in their plural form,Les noms communs se terminant par -ung prennent la terminaison -en au pluriel,<br><br>Words finishing in -keit add -en in their plural form,<br><br>Les noms communs se terminant par -ung prennent la terminaison -en au pluriel
22,B1,A1,B1,die Tätigkeit,Tätigkeiten,die Tätigkeiten,the activity,l'activité,Words finishing in -keit add -en in their plural form,Les noms communs se terminant par -ung prennent la terminaison -en au pluriel,<br><br>Words finishing in -keit add -en in their plural form,<br><br>Les noms communs se terminant par -ung prennent la terminaison -en au pluriel
22,B1,A1,B1,die Voraussetzung,Voraussetzungen,die Voraussetzungen,the prerequisite,prérequis,Words finishing in -ung add -en in their plural form,Les noms communs se terminant par -ung prennent la terminaison -en au pluriel,<br><br>Words finishing in -ung add -en in their plural form,<br><br>Les noms communs se terminant par -ung prennent la terminaison -en au pluriel
22,B1,A1,B1,der Kampf,Kämpfe,die Kämpfe,the fight,le combat,,,​,​
22,B1,A1,B1,der Künstler,Künstler,die Künstler,the artist,l'artiste,,,​,​
22,B1,A1,B1,die Region,Regionen,die Regionen,the region,la région,,,​,​
22,B1,A1,B1,der Eindruck,Eindrücke,die Eindrücke,the impression,l'impression,,,​,​
22,B1,A1,B1,die Reaktion,Reaktionen,die Reaktionen,the reaction,la réaction,,,​,​
22,B1,A1,B1,der Beitrag,Beiträge,die Beiträge,the contribution,la contribution,,,​,​
22,B1,A1,B1,die Linie,Linien,die Linien,the line,la ligne,Most words finishing in -e add a -n in their plural form,La plupart des noms communs se terminant par -e prennent un -n au pluriel,<br><br>Most words finishing in -e add a -n in their plural form,<br><br>La plupart des noms communs se terminant par -e prennent un -n au pluriel
22,B1,A1,B1,der Gegensatz,Gegensätze,die Gegensätze,the contrast,le contraste,,,​,​
22,B1,A1,B1,das Kapitel,Kapitel,die Kapitel,the chapter,le chapitre,,,​,​
22,B1,A1,B1,die Literatur,Literaturen,die Literaturen,literature,littérature,,,​,​
22,B1,A1,B1,der Bürger,Bürger,die Bürger,the citizen,le citoyen,,,​,​
22,B1,A1,B1,der Inhalt,Inhalte,die Inhalte,the content,le contenu,,,​,​
23,B1,A1,B1,die Wand,Wände,die Wände,the wall,le mur,,,​,​
23,B1,B1,A1,der/die Jugendliche,Jugendliche,die Jugendliche,the young,"le jeune, la jeune",,,​,​
23,B1,A1,B1,die Erinnerung,Erinnerungen,die Erinnerungen,the memory,le souvenir,Words finishing in -ung add -en in their plural form,Les noms communs se terminant par -ung prennent la terminaison -en au pluriel,<br><br>Words finishing in -ung add -en in their plural form,<br><br>Les noms communs se terminant par -ung prennent la terminaison -en au pluriel
23,B1,A1,B1,die Wirklichkeit,Wirklichkeiten,die Wirklichkeiten,the reality,la réalité,Words finishing in -keit add -en in their plural form,Les noms communs se terminant par -ung prennent la terminaison -en au pluriel,<br><br>Words finishing in -keit add -en in their plural form,<br><br>Les noms communs se terminant par -ung prennent la terminaison -en au pluriel
23,B1,A1,B1,der Druck,Drucke,die Drucke,the pressure,la pression,,,​,​
23,B1,A1,B1,der Zustand,Zustände,die Zustände,the condition,la condition,,,​,​
23,B1,A1,B1,die Hälfte,Hälften,die Hälften,the half,la moitié,Most words finishing in -e add a -n in their plural form,La plupart des noms communs se terminant par -e prennent un -n au pluriel,<br><br>Most words finishing in -e add a -n in their plural form,<br><br>La plupart des noms communs se terminant par -e prennent un -n au pluriel
23,B1,A1,B1,der Dienst,Dienste,die Dienste,the service,le service,,,​,​
23,B1,A1,B1,der Gegenstand,Gegenstände,die Gegenstände,the object,l'objet,,,​,​
23,B1,A1,B1,der Zeitpunkt,Zeitpunkte,die Zeitpunkte,the time,le temps,,,​,​
23,B1,A1,B1,der Auftrag,Aufträge,die Aufträge,the order,l'ordre,,,​,​
23,B1,A1,B1,die Freude,Freuden,die Freuden,the joy,la joie,Most words finishing in -e add a -n in their plural form,La plupart des noms communs se terminant par -e prennent un -n au pluriel,<br><br>Most words finishing in -e add a -n in their plural form,<br><br>La plupart des noms communs se terminant par -e prennent un -n au pluriel
23,B1,A1,B1,der Hinweis,Hinweise,die Hinweise,the hint,l'indice,,,​,​
23,B1,A1,B1,das Netz,Netze,die Netze,the network,le réseau,,,​,​
23,B1,A1,B1,die Forschung,Forschungen,die Forschungen,the research,la recherche,Words finishing in -ung add -en in their plural form,Les noms communs se terminant par -ung prennent la terminaison -en au pluriel,<br><br>Words finishing in -ung add -en in their plural form,<br><br>Les noms communs se terminant par -ung prennent la terminaison -en au pluriel
23,B1,A1,B1,die Haut,Häute,die Häute,the skin,la peau,,,​,​
23,B1,A1,B1,der Ausdruck,Ausdrücke,die Ausdrücke,the expression,l'expression,,,​,​
23,B1,A1,B1,der Finger,Finger,die Finger,the finger,le doigt,,,​,​
23,B1,A1,B1,der Roman,Romane,die Romane,the novel,le roman,,,​,​
23,B1,A1,B1,die Theorie,Theorien,die Theorien,the theory,la théorie,Most words finishing in -e add a -n in their plural form,La plupart des noms communs se terminant par -e prennent un -n au pluriel,<br><br>Most words finishing in -e add a -n in their plural form,<br><br>La plupart des noms communs se terminant par -e prennent un -n au pluriel
24,B1,A1,B1,die Umwelt,Umwelten,die Umwelten,the environment,l'environnement,,,​,​
24,B1,A1,B1,der Politiker,Politiker,die Politiker,the politician,l'homme politique,,,​,​
24,B1,A1,B1,die Schulter,Schultern,die Schultern,the shoulder,l'épaule,,,​,​
24,B1,A1,B1,das Zeichen,Zeichen,die Zeichen,the sign,le signe,,,​,​
24,B1,A1,B1,das Material,Materialien,die Materialien,the material,le matériau,,,​,​
24,B1,A1,B1,die Produktion,Produktionen,die Produktionen,the production,la production,,,​,​
24,B1,A1,B1,der Schaden,Schäden,die Schäden,the damage,le dégât,,,​,​
24,B1,A1,B1,die Sorge,Sorgen,die Sorgen,the worry,l'inquiétude,Most words finishing in -e add a -n in their plural form,La plupart des noms communs se terminant par -e prennent un -n au pluriel,<br><br>Most words finishing in -e add a -n in their plural form,<br><br>La plupart des noms communs se terminant par -e prennent un -n au pluriel
24,B1,A1,B1,die Tatsache,Tatsachen,die Tatsachen,the fact,le fait,Most words finishing in -e add a -n in their plural form,La plupart des noms communs se terminant par -e prennent un -n au pluriel,<br><br>Most words finishing in -e add a -n in their plural form,<br><br>La plupart des noms communs se terminant par -e prennent un -n au pluriel
24,B1,A1,B1,die Umgebung,Umgebungen,die Umgebungen,the environment,l'environnement,Words finishing in -ung add -en in their plural form,Les noms communs se terminant par -ung prennent la terminaison -en au pluriel,<br><br>Words finishing in -ung add -en in their plural form,<br><br>Les noms communs se terminant par -ung prennent la terminaison -en au pluriel
24,B1,A1,B1,der Zweck,Zwecke,die Zwecke,the purpose,le but,,,​,​
24,B1,A1,B1,der Antrag,Anträge,die Anträge,the application,l'application,,,​,​
24,B1,B1,A1,der/das Grad,Grade,die Grade,the degree,le degré,,,​,​
24,B1,A1,B1,der Schutz,Schutze,die Schutze,the protection,la protection,,,​,​
24,B1,A1,B1,die Energie,Energien,die Energien,the energy,l'énergie,Most words finishing in -e add a -n in their plural form,La plupart des noms communs se terminant par -e prennent un -n au pluriel,<br><br>Most words finishing in -e add a -n in their plural form,<br><br>La plupart des noms communs se terminant par -e prennent un -n au pluriel
24,B1,A1,B1,die Erklärung,Erklärungen,die Erklärungen,the explanation,l'explication,Words finishing in -ung add -en in their plural form,Les noms communs se terminant par -ung prennent la terminaison -en au pluriel,<br><br>Words finishing in -ung add -en in their plural form,<br><br>Les noms communs se terminant par -ung prennent la terminaison -en au pluriel
24,B1,A1,B1,der Gang,Gänge,die Gänge,the aisle,l'allée,,,​,​
24,B1,A1,B1,das Amt,Ämter,die Ämter,the Office,le Bureau,,,​,​
24,B1,A1,B1,die Einrichtung,Einrichtungen,die Einrichtungen,the facility,l'installation,Words finishing in -ung add -en in their plural form,Les noms communs se terminant par -ung prennent la terminaison -en au pluriel,<br><br>Words finishing in -ung add -en in their plural form,<br><br>Les noms communs se terminant par -ung prennent la terminaison -en au pluriel
24,B1,A1,B1,das Feld,Felder,die Felder,the field,le champ,,,​,​
25,B1,A1,B1,das Publikum,Publika,die Publika,the audience,le public,,,​,​
25,B1,A1,B1,die Studie,Studien,die Studien,the study,l'étude,Most words finishing in -e add a -n in their plural form,La plupart des noms communs se terminant par -e prennent un -n au pluriel,<br><br>Most words finishing in -e add a -n in their plural form,<br><br>La plupart des noms communs se terminant par -e prennent un -n au pluriel
25,B1,A1,B1,die Spur,Spuren,die Spuren,the trail,le sentier,,,​,​
25,B1,A1,B1,der Faktor,Faktoren,die Faktoren,the factor,le facteur,,,​,​
25,B1,A1,B1,die Freiheit,Freiheiten,die Freiheiten,the freedom,la liberté,Words finishing in -heit add -en in their plural form,Les mots se terminant par -heit prennent la terminaison -en au pluriel,<br><br>Words finishing in -heit add -en in their plural form,<br><br>Les mots se terminant par -heit prennent la terminaison -en au pluriel
25,B1,A1,B1,die Gegend,Gegenden,die Gegenden,the area,la région,,,​,​
25,B1,A1,B1,die Kritik,Kritiken,die Kritiken,the criticism,la critique,,,​,​
25,B1,A1,B1,der Typ,Typen,die Typen,the type,le type,,,​,​
25,B1,A1,B1,das Ereignis,Ereignisse,die Ereignisse,the event,l'événement,,,​,​
25,B1,A1,B1,die Kontrolle,Kontrollen,die Kontrollen,the control,le contrôle,Most words finishing in -e add a -n in their plural form,La plupart des noms communs se terminant par -e prennent un -n au pluriel,<br><br>Most words finishing in -e add a -n in their plural form,<br><br>La plupart des noms communs se terminant par -e prennent un -n au pluriel
25,B1,A1,B1,das Opfer,Opfer,die Opfer,the victim,la victime,,,​,​
25,B1,A1,B1,die Aufnahme,Aufnahmen,die Aufnahmen,the recording,l'enregistrement,Most words finishing in -e add a -n in their plural form,La plupart des noms communs se terminant par -e prennent un -n au pluriel,<br><br>Most words finishing in -e add a -n in their plural form,<br><br>La plupart des noms communs se terminant par -e prennent un -n au pluriel
25,B1,A1,B1,die Fähigkeit,Fähigkeiten,die Fähigkeiten,the ability,la capacité,Words finishing in -keit add -en in their plural form,Les noms communs se terminant par -ung prennent la terminaison -en au pluriel,<br><br>Words finishing in -keit add -en in their plural form,<br><br>Les noms communs se terminant par -ung prennent la terminaison -en au pluriel
25,B1,A1,B1,die Verantwortung,Verantwortungen,die Verantwortungen,the responsibility,la responsabilité,Words finishing in -ung add -en in their plural form,Les noms communs se terminant par -ung prennent la terminaison -en au pluriel,<br><br>Words finishing in -ung add -en in their plural form,<br><br>Les noms communs se terminant par -ung prennent la terminaison -en au pluriel
25,B1,A1,B1,die Wahrheit,Wahrheiten,die Wahrheiten,the truth,la vérité,Words finishing in -heit add -en in their plural form,Les mots se terminant par -heit prennent la terminaison -en au pluriel,<br><br>Words finishing in -heit add -en in their plural form,<br><br>Les mots se terminant par -heit prennent la terminaison -en au pluriel
25,B1,A1,B1,das Gebäude,Gebäude,die Gebäude,the building,le bâtiment,,,​,​
25,B1,A1,B1,die Hoffnung,Hoffnungen,die Hoffnungen,the hope,l'espoir,Words finishing in -ung add -en in their plural form,Les noms communs se terminant par -ung prennent la terminaison -en au pluriel,<br><br>Words finishing in -ung add -en in their plural form,<br><br>Les noms communs se terminant par -ung prennent la terminaison -en au pluriel
25,B1,A1,B1,der Bericht,Berichte,die Berichte,the report,le rapport,,,​,​
25,B1,A1,B1,der Gewinn,Gewinne,die Gewinne,the profit,le profit,,,​,​
25,B1,A1,B1,der König,Könige,die Könige,the king,le roi,,,​,​
26,B1,A1,B1,der Sieg,Siege,die Siege,the victory,la victoire,,,​,​
26,B1,A1,B1,die Tat,Taten,die Taten,the act,la loi,,,​,​
26,B1,A1,B1,der Direktor,Direktoren,die Direktoren,the director,le directeur,,,​,​
26,B1,A1,B1,der Rand,Ränder,die Ränder,the edge,le bord,,,​,​
26,B1,A1,B1,der Abschnitt,Abschnitte,die Abschnitte,the section,la section,,,​,​
26,B1,A1,B1,der Bauer,Bauern,die Bauern,the farmer,le fermier,,,​,​
26,B1,A1,B1,die Ehe,Ehen,die Ehen,the marriage,le mariage,Most words finishing in -e add a -n in their plural form,La plupart des noms communs se terminant par -e prennent un -n au pluriel,<br><br>Most words finishing in -e add a -n in their plural form,<br><br>La plupart des noms communs se terminant par -e prennent un -n au pluriel
26,B1,A1,B1,die Ursache,Ursachen,die Ursachen,the cause,la cause,Most words finishing in -e add a -n in their plural form,La plupart des noms communs se terminant par -e prennent un -n au pluriel,<br><br>Most words finishing in -e add a -n in their plural form,<br><br>La plupart des noms communs se terminant par -e prennent un -n au pluriel
26,B1,A1,B1,der Verlust,Verluste,die Verluste,the loss,la perte,,,​,​
26,B1,A1,B1,der Zuschauer,Zuschauer,die Zuschauer,the spectator,le spectateur,,,​,​
26,B1,A1,B1,die Störung,Störungen,die Störungen,the disruption,la perturbation,Words finishing in -ung add -en in their plural form,Les noms communs se terminant par -ung prennent la terminaison -en au pluriel,<br><br>Words finishing in -ung add -en in their plural form,<br><br>Les noms communs se terminant par -ung prennent la terminaison -en au pluriel
26,B1,A1,B1,der Vertreter,Vertreter,die Vertreter,the representative,le représentant,,,​,​
26,B1,A1,B1,die Generation,Generationen,die Generationen,the generation,la génération,,,​,​
26,B1,A1,B1,der Leiter,Leitern,die Leitern,the leader,le leader,,,​,​
26,B1,A1,B1,die Leiter,Leitern,die Leitern,the ladder,l'échelle,,,​,​
26,B1,A1,B1,der Abschluss,Abschlüsse,die Abschlüsse,the conclusion,la conclusion,,,​,​
26,B1,A1,B1,die Tradition,Traditionen,die Traditionen,the tradition,la tradition,,,​,​
26,B1,A1,B1,die Anlage,Anlagen,die Anlagen,the attachment,la pièce jointe,Most words finishing in -e add a -n in their plural form,La plupart des noms communs se terminant par -e prennent un -n au pluriel,<br><br>Most words finishing in -e add a -n in their plural form,<br><br>La plupart des noms communs se terminant par -e prennent un -n au pluriel
26,B1,A1,B1,die Behörde,Behörden,die Behörden,the authority,l'autorité,Most words finishing in -e add a -n in their plural form,La plupart des noms communs se terminant par -e prennent un -n au pluriel,<br><br>Most words finishing in -e add a -n in their plural form,<br><br>La plupart des noms communs se terminant par -e prennent un -n au pluriel
26,B1,A1,B1,die Bühne,Bühnen,die Bühnen,the stage,la scène,Most words finishing in -e add a -n in their plural form,La plupart des noms communs se terminant par -e prennent un -n au pluriel,<br><br>Most words finishing in -e add a -n in their plural form,<br><br>La plupart des noms communs se terminant par -e prennent un -n au pluriel
27,B1,A1,B1,die Gelegenheit,Gelegenheiten,die Gelegenheiten,the opportunity,l'opportunité,Words finishing in -heit add -en in their plural form,Les mots se terminant par -heit prennent la terminaison -en au pluriel,<br><br>Words finishing in -heit add -en in their plural form,<br><br>Les mots se terminant par -heit prennent la terminaison -en au pluriel
27,B1,A1,B1,der Hof,Höfe,die Höfe,the yard,la cour,,,​,​
27,B1,A1,B1,die Kommunikation,Kommunikationen,die Kommunikationen,the communication,la communication,,,​,​
27,B1,A1,B1,das Verständnis,Verständnisse,die Verständnisse,the understanding,la compréhension,,,​,​
27,B1,A1,B1,die Zusammenarbeit,Zusammenarbeiten,die Zusammenarbeiten,the collaboration,la collaboration,,,​,​
27,B1,A2,B1,der Stein,Steine,die Steine,the stone,la pierre,,,​,​
27,B1,A2,B1,die Änderung,Änderungen,die Änderungen,the change,le changement,Words finishing in -ung add -en in their plural form,Les noms communs se terminant par -ung prennent la terminaison -en au pluriel,<br><br>Words finishing in -ung add -en in their plural form,<br><br>Les noms communs se terminant par -ung prennent la terminaison -en au pluriel
27,B1,A2,B1,die Ausnahme,Ausnahmen,die Ausnahmen,the exception,l'exception,Most words finishing in -e add a -n in their plural form,La plupart des noms communs se terminant par -e prennent un -n au pluriel,<br><br>Most words finishing in -e add a -n in their plural form,<br><br>La plupart des noms communs se terminant par -e prennent un -n au pluriel
27,B1,A2,B1,der Bau,Bauten,die Bauten,the construction,la construction,,,​,​
27,B1,A2,B1,der Konflikt,Konflikte,die Konflikte,the conflict,le conflit,,,​,​
27,B1,A2,B1,die Leitung,Leitungen,die Leitungen,the management,la direction,Words finishing in -ung add -en in their plural form,Les noms communs se terminant par -ung prennent la terminaison -en au pluriel,<br><br>Words finishing in -ung add -en in their plural form,<br><br>Les noms communs se terminant par -ung prennent la terminaison -en au pluriel
27,B1,A2,B1,die Mehrheit,Mehrheiten,die Mehrheiten,the majority,la majorité,Words finishing in -heit add -en in their plural form,Les mots se terminant par -heit prennent la terminaison -en au pluriel,<br><br>Words finishing in -heit add -en in their plural form,<br><br>Les mots se terminant par -heit prennent la terminaison -en au pluriel
27,B1,A2,B1,die Aktivität,Aktivitäten,die Aktivitäten,the activity,l'activité,,,​,​
27,B1,A2,B1,das Dach,Dächer,die Dächer,the roof,le toit,,,​,​
27,B1,A2,B1,der Kandidat,Kandidaten,die Kandidaten,the candidate,le candidat,,,​,​
27,B1,A2,B1,die Mauer,Mauern,die Mauern,the wall,le mur,,,​,​
27,B1,A2,B1,die Runde,Runden,die Runden,the round,le rond,Most words finishing in -e add a -n in their plural form,La plupart des noms communs se terminant par -e prennent un -n au pluriel,<br><br>Most words finishing in -e add a -n in their plural form,<br><br>La plupart des noms communs se terminant par -e prennent un -n au pluriel
27,B1,A2,B1,der Stern,Sterne,die Sterne,the star,la star,,,​,​
27,B1,A2,B1,der Experte,Experten,die Experten,the expert,l'expert,Most words finishing in -e add a -n in their plural form,La plupart des noms communs se terminant par -e prennent un -n au pluriel,<br><br>Most words finishing in -e add a -n in their plural form,<br><br>La plupart des noms communs se terminant par -e prennent un -n au pluriel
27,B1,A2,B1,der Meister,Meister,die Meister,the master,le maître,,,​,​
28,B1,A2,B1,der Zugang,Zugänge,die Zugänge,the access,l'accès,,,​,​
28,B1,A2,B1,die Figur,Figuren,die Figuren,the character,le personnage,,,​,​
28,B1,A2,B1,die Industrie,Industrien,die Industrien,the industry,l'industrie,Most words finishing in -e add a -n in their plural form,La plupart des noms communs se terminant par -e prennent un -n au pluriel,<br><br>Most words finishing in -e add a -n in their plural form,<br><br>La plupart des noms communs se terminant par -e prennent un -n au pluriel
28,B1,A2,B1,die Darstellung,Darstellungen,die Darstellungen,the representation,la représentation,Words finishing in -ung add -en in their plural form,Les noms communs se terminant par -ung prennent la terminaison -en au pluriel,<br><br>Words finishing in -ung add -en in their plural form,<br><br>Les noms communs se terminant par -ung prennent la terminaison -en au pluriel
28,B1,A2,B1,die Gewalt,Gewalten,die Gewalten,the violence,la violence,,,​,​
28,B1,A2,B1,das Lager,Lager,die Lager,the warehouse,l'entrepôt,,,​,​
28,B1,A2,B1,die Lehre,Lehren,die Lehren,the teaching,l'enseignement,Most words finishing in -e add a -n in their plural form,La plupart des noms communs se terminant par -e prennent un -n au pluriel,<br><br>Most words finishing in -e add a -n in their plural form,<br><br>La plupart des noms communs se terminant par -e prennent un -n au pluriel
28,B1,A2,B1,der Rat,Räte,die Räte,the council,le conseil,,,​,​
28,B1,A2,B1,der Schatten,Schatten,die Schatten,the shadow,l'ombre,,,​,​
28,B1,A2,B1,die Strecke,Strecken,die Strecken,the route,la route,Most words finishing in -e add a -n in their plural form,La plupart des noms communs se terminant par -e prennent un -n au pluriel,<br><br>Most words finishing in -e add a -n in their plural form,<br><br>La plupart des noms communs se terminant par -e prennent un -n au pluriel
28,B1,A2,B1,die Szene,Szenen,die Szenen,the scene,la scène,Most words finishing in -e add a -n in their plural form,La plupart des noms communs se terminant par -e prennent un -n au pluriel,<br><br>Most words finishing in -e add a -n in their plural form,<br><br>La plupart des noms communs se terminant par -e prennent un -n au pluriel
28,B1,A2,B1,die Dauer,Dauern,die Dauern,the duration,la durée,,,​,​
28,B1,A2,B1,die Nase,Nasen,die Nasen,the nose,le nez,Most words finishing in -e add a -n in their plural form,La plupart des noms communs se terminant par -e prennent un -n au pluriel,<br><br>Most words finishing in -e add a -n in their plural form,<br><br>La plupart des noms communs se terminant par -e prennent un -n au pluriel
28,B1,A2,B1,das Tor,Tore,die Tore,the gate,la porte,,,​,​
28,B1,A2,B1,die Aktion,Aktionen,die Aktionen,the action,l'action,,,​,​
28,B1,A2,B1,die Ausgabe,Ausgaben,die Ausgaben,the issue,le problème,Most words finishing in -e add a -n in their plural form,La plupart des noms communs se terminant par -e prennent un -n au pluriel,<br><br>Most words finishing in -e add a -n in their plural form,<br><br>La plupart des noms communs se terminant par -e prennent un -n au pluriel
28,B1,A2,B1,die Geschwindigkeit,Geschwindigkeiten,die Geschwindigkeiten,the speed,la vitesse,Words finishing in -keit add -en in their plural form,Les noms communs se terminant par -ung prennent la terminaison -en au pluriel,<br><br>Words finishing in -keit add -en in their plural form,<br><br>Les noms communs se terminant par -ung prennent la terminaison -en au pluriel
28,B1,A2,B1,die Medizin,Medizinen,die Medizinen,medicine,la médecine,,,​,​
28,B1,A2,B1,die Stufe,Stufen,die Stufen,the level,le niveau,Most words finishing in -e add a -n in their plural form,La plupart des noms communs se terminant par -e prennent un -n au pluriel,<br><br>Most words finishing in -e add a -n in their plural form,<br><br>La plupart des noms communs se terminant par -e prennent un -n au pluriel
28,B1,A2,B1,der Trainer,Trainer,die Trainer,the coach,l'entraîneur,,,​,​
29,B1,A2,B1,der Zweifel,Zweifel,die Zweifel,the doubt,le doute,,,​,​
29,B1,A2,B1,die Vorschrift,Vorschriften,die Vorschriften,the regulation,le règlement,,,​,​
29,B1,A2,B1,der Mangel,Mängel,die Mängel,the shortage,la pénurie,,,​,​
29,B1,A2,B1,der Richter,Richter,die Richter,the judge,le juge,,,​,​
29,B1,A2,B1,das Urteil,Urteile,die Urteile,the verdict,le verdict,,,​,​
29,B1,A2,B1,der Anbieter,Anbieter,die Anbieter,the provider,le fournisseur,,,​,​
29,B1,A2,B1,die Decke,Decken,die Decken,the ceiling,le plafond,Most words finishing in -e add a -n in their plural form,La plupart des noms communs se terminant par -e prennent un -n au pluriel,<br><br>Most words finishing in -e add a -n in their plural form,<br><br>La plupart des noms communs se terminant par -e prennent un -n au pluriel
29,B1,A2,B1,die Schuld,Schulden,die Schulden,the blame,la faute,,,​,​
29,B1,A2,B1,die Stimmung,Stimmungen,die Stimmungen,the mood,l'humeur,Words finishing in -ung add -en in their plural form,Les noms communs se terminant par -ung prennent la terminaison -en au pluriel,<br><br>Words finishing in -ung add -en in their plural form,<br><br>Les noms communs se terminant par -ung prennent la terminaison -en au pluriel
29,B1,A2,B1,die Alternative,Alternativen,die Alternativen,the alternative,l'alternative,Most words finishing in -e add a -n in their plural form,La plupart des noms communs se terminant par -e prennent un -n au pluriel,<br><br>Most words finishing in -e add a -n in their plural form,<br><br>La plupart des noms communs se terminant par -e prennent un -n au pluriel
29,B1,A2,B1,der Leser,Leser,die Leser,the reader,le lecteur,,,​,​
29,B1,A2,B1,die Tante,Tanten,die Tanten,the aunt,la tante,Most words finishing in -e add a -n in their plural form,La plupart des noms communs se terminant par -e prennent un -n au pluriel,<br><br>Most words finishing in -e add a -n in their plural form,<br><br>La plupart des noms communs se terminant par -e prennent un -n au pluriel
29,B1,A2,B1,die Temperatur,Temperaturen,die Temperaturen,the temperature,la température,,,​,​
29,B1,A2,B1,die Ware,Waren,die Waren,the goods,la marchandise,Most words finishing in -e add a -n in their plural form,La plupart des noms communs se terminant par -e prennent un -n au pluriel,<br><br>Most words finishing in -e add a -n in their plural form,<br><br>La plupart des noms communs se terminant par -e prennent un -n au pluriel
29,B1,A2,B1,die Brust,Brüste,die Brüste,the breast,le sein,,,​,​
29,B1,A2,B1,die Einführung,Einführungen,die Einführungen,the introduction,l'introduction,Words finishing in -ung add -en in their plural form,Les noms communs se terminant par -ung prennent la terminaison -en au pluriel,<br><br>Words finishing in -ung add -en in their plural form,<br><br>Les noms communs se terminant par -ung prennent la terminaison -en au pluriel
29,B1,A2,B1,die Länge,Längen,die Längen,the length,la longueur,Most words finishing in -e add a -n in their plural form,La plupart des noms communs se terminant par -e prennent un -n au pluriel,<br><br>Most words finishing in -e add a -n in their plural form,<br><br>La plupart des noms communs se terminant par -e prennent un -n au pluriel
29,B1,A2,B1,das Loch,Löcher,die Löcher,the hole,le trou,,,​,​
29,B1,A2,B1,die Religion,Religionen,die Religionen,the religion,la religion,,,​,​
29,B1,A2,B1,der Spieler,Spieler,die Spieler,the player,le joueur,,,​,​
30,B1,A2,B1,die Summe,Summen,die Summen,the sum,la somme,Most words finishing in -e add a -n in their plural form,La plupart des noms communs se terminant par -e prennent un -n au pluriel,<br><br>Most words finishing in -e add a -n in their plural form,<br><br>La plupart des noms communs se terminant par -e prennent un -n au pluriel
30,B1,A2,B1,der Vorwurf,Vorwürfe,die Vorwürfe,the accusation,l'accusation,,,​,​
30,B1,A2,B1,der Wissenschaftler,Wissenschaftler,die Wissenschaftler,the scientist,le scientifique,,,​,​
30,B1,A2,B1,die Krise,Krisen,die Krisen,the crisis,la crise,Most words finishing in -e add a -n in their plural form,La plupart des noms communs se terminant par -e prennent un -n au pluriel,<br><br>Most words finishing in -e add a -n in their plural form,<br><br>La plupart des noms communs se terminant par -e prennent un -n au pluriel
30,B1,A2,B1,die Landwirtschaft,Landwirtschaften,die Landwirtschaften,agriculture,agriculture,,,​,​
30,B1,A2,B1,die Realität,Realitäten,die Realitäten,the reality,la réalité,,,​,​
30,B1,A2,B1,die Botschaft,Botschaften,die Botschaften,the message,le message,,,​,​
30,B1,A2,B1,der Fortschritt,Fortschritte,die Fortschritte,the progress,le progrès,,,​,​
30,B1,A2,B1,die Mühe,Mühen,die Mühen,the effort,l'effort,Most words finishing in -e add a -n in their plural form,La plupart des noms communs se terminant par -e prennent un -n au pluriel,<br><br>Most words finishing in -e add a -n in their plural form,<br><br>La plupart des noms communs se terminant par -e prennent un -n au pluriel
30,B1,A2,B1,die Nachfrage,Nachfragen,die Nachfragen,the demand,la demande,Most words finishing in -e add a -n in their plural form,La plupart des noms communs se terminant par -e prennent un -n au pluriel,<br><br>Most words finishing in -e add a -n in their plural form,<br><br>La plupart des noms communs se terminant par -e prennent un -n au pluriel
30,B1,A2,B1,die Pflicht,Pflichten,die Pflichten,the duty,le devoir,,,​,​
30,B1,A2,B1,der Teilnehmer,Teilnehmer,die Teilnehmer,the participant,le participant,,,​,​
30,B1,A2,B1,die Fremdsprache,Fremdsprachen,die Fremdsprachen,the foreign language,la langue étrangère,Most words finishing in -e add a -n in their plural form,La plupart des noms communs se terminant par -e prennent un -n au pluriel,<br><br>Most words finishing in -e add a -n in their plural form,<br><br>La plupart des noms communs se terminant par -e prennent un -n au pluriel
30,B1,A2,B1,der Gegner,Gegner,die Gegner,the opponent,l'adversaire,,,​,​
30,B1,A2,B1,der Käufer,Käufer,die Käufer,the buyer,l'acheteur,,,​,​
30,B1,A2,B1,die Verwaltung,Verwaltungen,die Verwaltungen,the administration,l'administration,Words finishing in -ung add -en in their plural form,Les noms communs se terminant par -ung prennent la terminaison -en au pluriel,<br><br>Words finishing in -ung add -en in their plural form,<br><br>Les noms communs se terminant par -ung prennent la terminaison -en au pluriel
30,B1,A2,B1,der Betrag,Beträge,die Beträge,the amount,la quantité,,,​,​
30,B1,A2,B1,der Kauf,Käufe,die Käufe,the purchase,l'achat,,,​,​
30,B1,A2,B1,die Konkurrenz,Konkurrenzen,die Konkurrenzen,the competition,la compétition,,,​,​
30,B1,A2,B1,der Streit,Streite,die Streite,the dispute,le différend,,,​,​
31,B1,A2,B1,die Gemeinschaft,Gemeinschaften,die Gemeinschaften,the community,la communauté,,,​,​
31,B1,A2,B1,die Gewerkschaft,Gewerkschaften,die Gewerkschaften,the union,le syndicat,,,​,​
31,B1,A2,B1,der Handel,Händel,die Händel,the trade,le commerce,,,​,​
31,B1,A2,B1,der Nachteil,Nachteile,die Nachteile,the disadvantage,le désavantage,,,​,​
31,B1,A2,B1,der Sitz,Sitze,die Sitze,the seat,le siège,,,​,​
31,B1,A2,B1,der Start,Starts,die Starts,the start,le début,Many loan words add an -s in their plural form,De nombreux noms communs d'origine étrangère prennent un -s au pluriel,<br><br>Many loan words add an -s in their plural form,<br><br>De nombreux noms communs d'origine étrangère prennent un -s au pluriel
31,B1,A2,B1,die Tabelle,Tabellen,die Tabellen,the table,la table,Most words finishing in -e add a -n in their plural form,La plupart des noms communs se terminant par -e prennent un -n au pluriel,<br><br>Most words finishing in -e add a -n in their plural form,<br><br>La plupart des noms communs se terminant par -e prennent un -n au pluriel
31,B1,A2,B1,der Verdacht,Verdachte,die Verdachte,the suspicion,le soupçon,,,​,​
31,B1,B1,A1,der/die Beamte,Beamte,die Beamte,the civil servant,le fonctionnaire,,,​,​
31,B1,A2,B1,die Planung,Planungen,die Planungen,the planning,la planification,Words finishing in -ung add -en in their plural form,Les noms communs se terminant par -ung prennent la terminaison -en au pluriel,<br><br>Words finishing in -ung add -en in their plural form,<br><br>Les noms communs se terminant par -ung prennent la terminaison -en au pluriel
31,B1,A2,B1,der Polizist,Polizisten,die Polizisten,the police officer,l'agent de police,,,​,​
31,B1,A2,B1,der Schriftsteller,Schriftsteller,die Schriftsteller,the writer,l'écrivain,,,​,​
31,B1,A2,B1,die Steuer,Steuern,die Steuern,the tax,l'impôt,,,​,​
31,B1,B1,B1,das Steuer,Steuern,die Steuern,the steering wheel,le volant,,,​,​
31,B1,A2,B1,die Therapie,Therapien,die Therapien,the therapy,la thérapie,Most words finishing in -e add a -n in their plural form,La plupart des noms communs se terminant par -e prennent un -n au pluriel,<br><br>Most words finishing in -e add a -n in their plural form,<br><br>La plupart des noms communs se terminant par -e prennent un -n au pluriel
31,B1,A2,B1,die Verletzung,Verletzungen,die Verletzungen,the injury,la blessure,Words finishing in -ung add -en in their plural form,Les noms communs se terminant par -ung prennent la terminaison -en au pluriel,<br><br>Words finishing in -ung add -en in their plural form,<br><br>Les noms communs se terminant par -ung prennent la terminaison -en au pluriel
31,B1,A2,B1,die Auswahl,Auswahlen,die Auswahlen,the selection,la sélection,,,​,​
31,B1,A2,B1,die Beschreibung,Beschreibungen,die Beschreibungen,the description,la description,Words finishing in -ung add -en in their plural form,Les noms communs se terminant par -ung prennent la terminaison -en au pluriel,<br><br>Words finishing in -ung add -en in their plural form,<br><br>Les noms communs se terminant par -ung prennent la terminaison -en au pluriel
31,B1,A2,B1,das Boot,Boote,die Boote,the boat,le bateau,,,​,​
31,B1,A2,B1,die Fläche,Flächen,die Flächen,the area,la région,Most words finishing in -e add a -n in their plural form,La plupart des noms communs se terminant par -e prennent un -n au pluriel,<br><br>Most words finishing in -e add a -n in their plural form,<br><br>La plupart des noms communs se terminant par -e prennent un -n au pluriel
32,B1,A2,B1,die Saison,Saisons,die Saisons,the season,la saison,Many loan words add an -s in their plural form,De nombreux noms communs d'origine étrangère prennent un -s au pluriel,<br><br>Many loan words add an -s in their plural form,<br><br>De nombreux noms communs d'origine étrangère prennent un -s au pluriel
32,B1,A2,B1,der Auftritt,Auftritte,die Auftritte,the performance,la performance,,,​,​
32,B1,A2,B1,das Fahrzeug,Fahrzeuge,die Fahrzeuge,the vehicle,le véhicule,,,​,​
32,B1,A2,B1,die Fotografie,Fotografien,die Fotografien,photography,photographie,Most words finishing in -e add a -n in their plural form,La plupart des noms communs se terminant par -e prennent un -n au pluriel,<br><br>Most words finishing in -e add a -n in their plural form,<br><br>La plupart des noms communs se terminant par -e prennent un -n au pluriel
32,B1,A2,B1,der Hersteller,Hersteller,die Hersteller,the manufacturer,le fabricant,,,​,​
32,B1,A2,B1,das Holz,Hölzer,die Hölzer,the wood,le bois,,,​,​
32,B1,A2,B1,das Knie,Knie,die Knie,the knee,le genou,,,​,​
32,B1,A2,B1,die Liste,Listen,die Listen,the list,la liste,Most words finishing in -e add a -n in their plural form,La plupart des noms communs se terminant par -e prennent un -n au pluriel,<br><br>Most words finishing in -e add a -n in their plural form,<br><br>La plupart des noms communs se terminant par -e prennent un -n au pluriel
32,B1,A2,B1,die Schrift,Schriften,die Schriften,the writing,l'écriture,,,​,​
32,B1,A2,B1,der Verlag,Verlage,die Verlage,the publisher,l'éditeur,,,​,​
32,B1,A2,B1,die Abteilung,Abteilungen,die Abteilungen,the Department,le Département,Words finishing in -ung add -en in their plural form,Les noms communs se terminant par -ung prennent la terminaison -en au pluriel,<br><br>Words finishing in -ung add -en in their plural form,<br><br>Les noms communs se terminant par -ung prennent la terminaison -en au pluriel
32,B1,A2,B1,der Beweis,Beweise,die Beweise,the proof,la preuve,,,​,​
32,B1,A2,B1,das Detail,Details,die Details,the detail,le détail,Many loan words add an -s in their plural form,De nombreux noms communs d'origine étrangère prennent un -s au pluriel,<br><br>Many loan words add an -s in their plural form,<br><br>De nombreux noms communs d'origine étrangère prennent un -s au pluriel
32,B1,A2,B1,die Integration,Integrationen,die Integrationen,the integration,l'intégration,,,​,​
32,B1,A2,B1,das Abitur,Abiture,die Abiture,the high school diploma,le diplôme d'études secondaires,,,​,​
32,B1,A2,B1,der Bedarf,Bedarfe,die Bedarfe,the need,le besoin,,,​,​
32,B1,A2,B1,die Beratung,Beratungen,die Beratungen,the consultation,la consultation,Words finishing in -ung add -en in their plural form,Les noms communs se terminant par -ung prennent la terminaison -en au pluriel,<br><br>Words finishing in -ung add -en in their plural form,<br><br>Les noms communs se terminant par -ung prennent la terminaison -en au pluriel
32,B1,A2,B1,die Beschäftigung,Beschäftigungen,die Beschäftigungen,the employment,l'emploi,Words finishing in -ung add -en in their plural form,Les noms communs se terminant par -ung prennent la terminaison -en au pluriel,<br><br>Words finishing in -ung add -en in their plural form,<br><br>Les noms communs se terminant par -ung prennent la terminaison -en au pluriel
32,B1,A2,B1,der Journalist,Journalisten,die Journalisten,the journalist,le journaliste,,,​,​
32,B1,A2,B1,der Spiegel,Spiegel,die Spiegel,the mirror,le miroir,,,​,​
33,B1,A2,B1,die Lippe,Lippen,die Lippen,the lip,la lèvre,Most words finishing in -e add a -n in their plural form,La plupart des noms communs se terminant par -e prennent un -n au pluriel,<br><br>Most words finishing in -e add a -n in their plural form,<br><br>La plupart des noms communs se terminant par -e prennent un -n au pluriel
33,B1,A2,B1,der Start,Starts,die Starts,the start,le début,Many loan words add an -s in their plural form,De nombreux noms communs d'origine étrangère prennent un -s au pluriel,<br><br>Many loan words add an -s in their plural form,<br><br>De nombreux noms communs d'origine étrangère prennent un -s au pluriel
33,B1,A2,B1,die Taste,Tasten,die Tasten,the key,la clé,Most words finishing in -e add a -n in their plural form,La plupart des noms communs se terminant par -e prennent un -n au pluriel,<br><br>Most words finishing in -e add a -n in their plural form,<br><br>La plupart des noms communs se terminant par -e prennent un -n au pluriel
33,B1,A2,B1,die Versicherung,Versicherungen,die Versicherungen,the insurance,l'assurance,Words finishing in -ung add -en in their plural form,Les noms communs se terminant par -ung prennent la terminaison -en au pluriel,<br><br>Words finishing in -ung add -en in their plural form,<br><br>Les noms communs se terminant par -ung prennent la terminaison -en au pluriel
33,B1,A2,B1,die Vorbereitung,Vorbereitungen,die Vorbereitungen,the preparation,la préparation,Words finishing in -ung add -en in their plural form,Les noms communs se terminant par -ung prennent la terminaison -en au pluriel,<br><br>Words finishing in -ung add -en in their plural form,<br><br>Les noms communs se terminant par -ung prennent la terminaison -en au pluriel
33,B1,A2,B1,der Anwalt,Anwälte,die Anwälte,the lawyer,l'avocat,,,​,​
33,B1,A2,B1,das Seminar,Seminare,die Seminare,the seminar,le séminaire,,,​,​
33,B1,A2,B1,die Technologie,Technologien,die Technologien,the technology,la technologie,Most words finishing in -e add a -n in their plural form,La plupart des noms communs se terminant par -e prennent un -n au pluriel,<br><br>Most words finishing in -e add a -n in their plural form,<br><br>La plupart des noms communs se terminant par -e prennent un -n au pluriel
33,B1,A2,B1,das Erlebnis,Erlebnisse,die Erlebnisse,the experience,l'expérience,,,​,​
33,B1,A2,B1,das Grundstück,Grundstücke,die Grundstücke,the property,la propriété,,,​,​
33,B1,A2,B1,der Kanal,Kanäle,die Kanäle,the canal,le canal,,,​,​
33,B1,A2,B1,die Karriere,Karrieren,die Karrieren,the career,la carrière,Most words finishing in -e add a -n in their plural form,La plupart des noms communs se terminant par -e prennent un -n au pluriel,<br><br>Most words finishing in -e add a -n in their plural form,<br><br>La plupart des noms communs se terminant par -e prennent un -n au pluriel
33,B1,A2,B1,der Rechner,Rechner,die Rechner,the computer,l'ordinateur,,,​,​
33,B1,A2,B1,der Schlaf,Schläfe,die Schläfe,the sleep,le sommeil,,,​,​
33,B1,A2,B1,der Sender,Sender,die Sender,the broadcaster,le diffuseur,,,​,​
33,B1,A2,B1,das Tal,Täler,die Täler,the valley,la vallée,,,​,​
33,B1,A2,B1,der Bewohner,Bewohner,die Bewohner,the resident,le résident,,,​,​
33,B1,A2,B1,das Einkommen,Einkommen,die Einkommen,the income,le revenu,,,​,​
33,B1,A2,B1,die Geburt,Geburten,die Geburten,the birth,la naissance,,,​,​
33,B1,A2,B1,die Herausforderung,Herausforderungen,die Herausforderungen,the challenge,le défi,Words finishing in -ung add -en in their plural form,Les noms communs se terminant par -ung prennent la terminaison -en au pluriel,<br><br>Words finishing in -ung add -en in their plural form,<br><br>Les noms communs se terminant par -ung prennent la terminaison -en au pluriel
34,B1,A2,B1,die Reform,Reformen,die Reformen,the reform,la réforme,,,​,​
34,B1,A2,B1,der Schauspieler,Schauspieler,die Schauspieler,the actor,l'acteur,,,​,​
34,B1,A2,B1,der Sturm,Stürme,die Stürme,the storm,la tempête,,,​,​
34,B1,A2,B1,die Träne,Tränen,die Tränen,the tear,la larme,Most words finishing in -e add a -n in their plural form,La plupart des noms communs se terminant par -e prennent un -n au pluriel,<br><br>Most words finishing in -e add a -n in their plural form,<br><br>La plupart des noms communs se terminant par -e prennent un -n au pluriel
34,B1,A2,B1,der Zufall,Zufälle,die Zufälle,the chance,la chance,,,​,​
34,B1,A2,B1,die Zustimmung,Zustimmungen,die Zustimmungen,the consent,le consentement,Words finishing in -ung add -en in their plural form,Les noms communs se terminant par -ung prennent la terminaison -en au pluriel,<br><br>Words finishing in -ung add -en in their plural form,<br><br>Les noms communs se terminant par -ung prennent la terminaison -en au pluriel
34,B1,B1,B1,der/die Angehörige,Angehörige,die Angehörige,the relative,le proche,,,​,​
34,B1,A2,B1,der Händler,Händler,die Händler,the dealer,le concessionnaire,,,​,​
34,B1,A2,B1,die Katastrophe,Katastrophen,die Katastrophen,the catastrophe,la catastrophe,Most words finishing in -e add a -n in their plural form,La plupart des noms communs se terminant par -e prennent un -n au pluriel,<br><br>Most words finishing in -e add a -n in their plural form,<br><br>La plupart des noms communs se terminant par -e prennent un -n au pluriel
34,B1,A2,B1,der Musiker,Musiker,die Musiker,the musician,le musicien,,,​,​
34,B1,A2,B1,das Personal,Personale,die Personale,the staff,le personnel,,,​,​
34,B1,A2,B1,der Sand,Sande,die Sande,the sand,le sable,,,​,​
34,B1,A2,B1,die Station,Stationen,die Stationen,the station,la station,,,​,​
34,B1,A2,B1,das Wunder,Wunder,die Wunder,the miracle,le miracle,,,​,​
34,B1,A2,B1,die Begründung,Begründungen,die Begründungen,the reason,la raison,Words finishing in -ung add -en in their plural form,Les noms communs se terminant par -ung prennent la terminaison -en au pluriel,<br><br>Words finishing in -ung add -en in their plural form,<br><br>Les noms communs se terminant par -ung prennent la terminaison -en au pluriel
34,B1,A2,B1,die Entfernung,Entfernungen,die Entfernungen,the distance,la distance,Words finishing in -ung add -en in their plural form,Les noms communs se terminant par -ung prennent la terminaison -en au pluriel,<br><br>Words finishing in -ung add -en in their plural form,<br><br>Les noms communs se terminant par -ung prennent la terminaison -en au pluriel
34,B1,A2,B1,der Fleck,Flecke,die Flecke,the stain,la tache,,,​,​
34,B1,A2,B1,die Not,Nöte,die Nöte,"the need, the hardship","la nécessité, la détresse",,,​,​
34,B1,A2,B1,der Unternehmer,Unternehmer,die Unternehmer,the entrepreneur,l'entrepreneur,,,​,​
34,B1,A2,B1,das Video,Videos,die Videos,the video,la vidéo,Many loan words add an -s in their plural form,De nombreux noms communs d'origine étrangère prennent un -s au pluriel,<br><br>Many loan words add an -s in their plural form,<br><br>De nombreux noms communs d'origine étrangère prennent un -s au pluriel
35,B1,B1,B1,der/die Angestellte,Angestellte,die Angestellte,the employee,l'employé,,,​,​
35,B1,A2,B1,die Erzählung,Erzählungen,die Erzählungen,the story,l'histoire,Words finishing in -ung add -en in their plural form,Les noms communs se terminant par -ung prennent la terminaison -en au pluriel,<br><br>Words finishing in -ung add -en in their plural form,<br><br>Les noms communs se terminant par -ung prennent la terminaison -en au pluriel
35,B1,A2,B1,das Gedicht,Gedichte,die Gedichte,the poem,le poème,,,​,​
35,B1,A2,B1,die Operation,Operationen,die Operationen,the operation,l'opération,,,​,​
35,B1,A2,B1,die Qualifikation,Qualifikationen,die Qualifikationen,the qualification,la qualification,,,​,​
35,B1,B1,A1,der/die Verwandte,Verwandte,die Verwandte,the relative,le proche,,,​,​
35,B1,A2,B1,die Zahlung,Zahlungen,die Zahlungen,the payment,le paiement,Words finishing in -ung add -en in their plural form,Les noms communs se terminant par -ung prennent la terminaison -en au pluriel,<br><br>Words finishing in -ung add -en in their plural form,<br><br>Les noms communs se terminant par -ung prennent la terminaison -en au pluriel
35,B1,A2,B1,der Arbeiter,Arbeiter,die Arbeiter,the worker,l'ouvrier,,,​,​
35,B1,A2,B1,der Fernseher,Fernseher,die Fernseher,the TV,la télévision,,,​,​
35,B1,A2,B1,der Stil,Stile,die Stile,the style,le style,,,​,​
35,B1,A2,B1,die Vermittlung,Vermittlungen,die Vermittlungen,the mediation,la médiation,Words finishing in -ung add -en in their plural form,Les noms communs se terminant par -ung prennent la terminaison -en au pluriel,<br><br>Words finishing in -ung add -en in their plural form,<br><br>Les noms communs se terminant par -ung prennent la terminaison -en au pluriel
35,B1,A2,B1,der Einwohner,Einwohner,die Einwohner,the inhabitant,l'habitant,,,​,​
35,B1,A2,B1,die Hütte,Hütten,die Hütten,the hut,la cabane,Most words finishing in -e add a -n in their plural form,La plupart des noms communs se terminant par -e prennent un -n au pluriel,<br><br>Most words finishing in -e add a -n in their plural form,<br><br>La plupart des noms communs se terminant par -e prennent un -n au pluriel
35,B1,A2,B1,das Symbol,Symbole,die Symbole,the symbol,le symbole,,,​,​
35,B1,A2,B1,der Täter,Täter,die Täter,the perpetrator,l'auteur,,,​,​
35,B1,A2,B1,die Trennung,Trennungen,die Trennungen,the separation,la séparation,Words finishing in -ung add -en in their plural form,Les noms communs se terminant par -ung prennent la terminaison -en au pluriel,<br><br>Words finishing in -ung add -en in their plural form,<br><br>Les noms communs se terminant par -ung prennent la terminaison -en au pluriel
35,B1,B1,A2,die Zeitschrift,Zeitschriften,die Zeitschriften,the magazine,le magazine,,,​,​
35,B1,B1,B1,der Architekt,Architekten,die Architekten,the architect,l'architecte,,,​,​
35,B1,B1,B1,die Flucht,Fluchten,die Fluchten,the escape,l'évasion,,,​,​
35,B1,B1,B1,das Geschlecht,Geschlechter,die Geschlechter,the gender,le genre,,,​,​
36,B1,B1,B1,das Gewissen,Gewissen,die Gewissen,the conscience,la conscience,,,​,​
36,B1,B1,B1,der Halt,Halte,die Halte,the stop,l'arrêt,,,​,​
36,B1,B1,A2,das Hemd,Hemden,die Hemden,the shirt,la chemise,,,​,​
36,B1,B1,B1,die Infektion,Infektionen,die Infektionen,the infection,l'infection,,,​,​
36,B1,B1,A1,der Kindergarten,Kindergärten,die Kindergärten,the kindergarten,la maternelle,,,​,​
36,B1,B1,B1,das Klima,Klimata,die Klimata,the climate,le climat,,,​,​
36,B1,B1,B1,die Kündigung,Kündigungen,die Kündigungen,the termination,la fin,Words finishing in -ung add -en in their plural form,Les noms communs se terminant par -ung prennent la terminaison -en au pluriel,<br><br>Words finishing in -ung add -en in their plural form,<br><br>Les noms communs se terminant par -ung prennent la terminaison -en au pluriel
36,B1,B1,A2,der Mantel,Mäntel,die Mäntel,the coat,le manteau,,,​,​
36,B1,B1,B1,die Oper,Opern,die Opern,the opera,l'opéra,,,​,​
36,B1,B1,B1,das Orchester,Orchester,die Orchester,the orchestra,l'orchestre,,,​,​
36,B1,B1,A2,das Paket,Pakete,die Pakete,the package,le paquet,,,​,​
36,B1,B1,B1,die Scheibe,Scheiben,die Scheiben,the disc,le disque,Most words finishing in -e add a -n in their plural form,La plupart des noms communs se terminant par -e prennent un -n au pluriel,<br><br>Most words finishing in -e add a -n in their plural form,<br><br>La plupart des noms communs se terminant par -e prennent un -n au pluriel
36,B1,B1,A2,der Stress,Stresse,die Stresse,the stress,le stress,,,​,​
36,B1,B1,B1,der Transport,Transporte,die Transporte,the transport,le transport,,,​,​
36,B1,B1,B1,der Alkohol,Alkohole,die Alkohole,the alcohol,l'alcool,,,​,​
36,B1,B1,B1,der Aufenthalt,Aufenthalte,die Aufenthalte,the stay,le séjour,,,​,​
36,B1,B1,A2,der Ball,Bälle,die Bälle,the ball,la balle,,,​,​
36,B1,B1,B1,die Distanz,Distanzen,die Distanzen,the distance,la distance,,,​,​
36,B1,B1,A1,das Ei,Eier,die Eier,the egg,l'œuf,,,​,​
36,B1,B1,B1,die Frist,Fristen,die Fristen,the deadline,la date limite,,,​,​
37,B1,B1,A1,das Geschenk,Geschenke,die Geschenke,the gift,le cadeau,,,​,​
37,B1,B1,B1,das Heim,Heime,die Heime,the home,la maison,,,​,​
37,B1,B1,B1,die Konferenz,Konferenzen,die Konferenzen,the conference,la conférence,,,​,​
37,B1,B1,B1,das Kreuz,Kreuze,die Kreuze,the cross,la croix,,,​,​
37,B1,B1,B1,das Regal,Regale,die Regale,the shelf,l'étagère,,,​,​
37,B1,B1,A2,der Ring,Ringe,die Ringe,the ring,la bague,,,​,​
37,B1,B1,B1,die Übung,Übungen,die Übungen,the exercise,l'exercice,Words finishing in -ung add -en in their plural form,Les noms communs se terminant par -ung prennent la terminaison -en au pluriel,<br><br>Words finishing in -ung add -en in their plural form,<br><br>Les noms communs se terminant par -ung prennent la terminaison -en au pluriel
37,B1,B1,B1,der Vortrag,Vorträge,die Vorträge,the lecture,la conférence,,,​,​
37,B1,B1,B1,die Zeile,Zeilen,die Zeilen,the line,la ligne,Most words finishing in -e add a -n in their plural form,La plupart des noms communs se terminant par -e prennent un -n au pluriel,<br><br>Most words finishing in -e add a -n in their plural form,<br><br>La plupart des noms communs se terminant par -e prennent un -n au pluriel
37,B1,B1,A1,der Eingang,Eingänge,die Eingänge,the entrance,l'entrée,,,​,​
37,B1,B1,A2,der Flug,Flüge,die Flüge,the flight,le vol,,,​,​
37,B1,B1,B1,die Freundschaft,Freundschaften,die Freundschaften,the friendship,l'amitié,,,​,​
37,B1,B1,A1,das Frühstück,Frühstücke,die Frühstücke,breakfast,petit-déjeuner,,,​,​
37,B1,B1,B1,das Geheimnis,Geheimnisse,die Geheimnisse,the secret,le secret,,,​,​
37,B1,B1,B1,der Geschmack,Geschmäcker,die Geschmäcker,the taste,le goût,,,​,​
37,B1,B1,B1,der Hafen,Häfen,die Häfen,the port,le port,,,​,​
37,B1,B1,B1,die Klinik,Kliniken,die Kliniken,the clinic,la clinique,,,​,​
37,B1,B1,B1,die Lehrerin,Lehrerinnen,die Lehrerinnen,the teacher,l'enseignant,,,​,​
37,B1,B1,B1,die Marke,Marken,die Marken,the brand,la marque,Most words finishing in -e add a -n in their plural form,La plupart des noms communs se terminant par -e prennent un -n au pluriel,<br><br>Most words finishing in -e add a -n in their plural form,<br><br>La plupart des noms communs se terminant par -e prennent un -n au pluriel
37,B1,B1,A2,das Medikament,Medikamente,die Medikamente,the drug,le médicament,,,​,​
38,B1,B1,A1,die Miete,Mieten,die Mieten,the rent,le loyer,Most words finishing in -e add a -n in their plural form,La plupart des noms communs se terminant par -e prennent un -n au pluriel,<br><br>Most words finishing in -e add a -n in their plural form,<br><br>La plupart des noms communs se terminant par -e prennent un -n au pluriel
38,B1,B1,A1,das Öl,Öle,die Öle,the oil,l'huile,,,​,​
38,B1,B1,A1,der Pass,Pässe,die Pässe,the passport,le passeport,,,​,​
38,B1,B1,B1,die Phantasie,Phantasien,die Phantasien,the imagination,l'imagination,Most words finishing in -e add a -n in their plural form,La plupart des noms communs se terminant par -e prennent un -n au pluriel,<br><br>Most words finishing in -e add a -n in their plural form,<br><br>La plupart des noms communs se terminant par -e prennent un -n au pluriel
38,B1,B1,B1,der Schreck,Schrecke,die Schrecke,the fright,la peur,,,​,​
38,B1,B1,B1,die Serie,Serien,die Serien,the series,la série,Most words finishing in -e add a -n in their plural form,La plupart des noms communs se terminant par -e prennent un -n au pluriel,<br><br>Most words finishing in -e add a -n in their plural form,<br><br>La plupart des noms communs se terminant par -e prennent un -n au pluriel
38,B1,B1,A1,der Tee,Tees,die Tees,the tea,le thé,Many loan words add an -s in their plural form,De nombreux noms communs d'origine étrangère prennent un -s au pluriel,<br><br>Many loan words add an -s in their plural form,<br><br>De nombreux noms communs d'origine étrangère prennent un -s au pluriel
38,B1,B1,B1,der Turm,Türme,die Türme,the tower,la tour,,,​,​
38,B1,B1,B1,die Überzeugung,Überzeugungen,die Überzeugungen,the conviction,la condamnation,Words finishing in -ung add -en in their plural form,Les noms communs se terminant par -ung prennent la terminaison -en au pluriel,<br><br>Words finishing in -ung add -en in their plural form,<br><br>Les noms communs se terminant par -ung prennent la terminaison -en au pluriel
38,B1,B1,B1,der Dialog,Dialoge,die Dialoge,the dialogue,le dialogue,,,​,​
38,B1,B1,A1,die/das E-Mail,E-Mails,die E-Mails,the email,l'e-mail,Many loan words add an -s in their plural form,De nombreux noms communs d'origine étrangère prennent un -s au pluriel,<br><br>Many loan words add an -s in their plural form,<br><br>De nombreux noms communs d'origine étrangère prennent un -s au pluriel
38,B1,B1,A1,die Entschuldigung,Entschuldigungen,die Entschuldigungen,the apology,l'excuse,Words finishing in -ung add -en in their plural form,Les noms communs se terminant par -ung prennent la terminaison -en au pluriel,<br><br>Words finishing in -ung add -en in their plural form,<br><br>Les noms communs se terminant par -ung prennent la terminaison -en au pluriel
38,B1,B1,B1,die Erhöhung,Erhöhungen,die Erhöhungen,the increase,l'augmentation,Words finishing in -ung add -en in their plural form,Les noms communs se terminant par -ung prennent la terminaison -en au pluriel,<br><br>Words finishing in -ung add -en in their plural form,<br><br>Les noms communs se terminant par -ung prennent la terminaison -en au pluriel
38,B1,B1,B1,das Gas,Gase,die Gase,the gas,le gaz,,,​,​
38,B1,B1,B1,die Kindheit,Kindheiten,die Kindheiten,the childhood,l'enfance,Words finishing in -heit add -en in their plural form,Les mots se terminant par -heit prennent la terminaison -en au pluriel,<br><br>Words finishing in -heit add -en in their plural form,<br><br>Les mots se terminant par -heit prennent la terminaison -en au pluriel
38,B1,B1,A2,das Klavier,Klaviere,die Klaviere,the piano,le piano,,,​,​
38,B1,B1,B1,der Maler,Maler,die Maler,the painter,le peintre,,,​,​
38,B1,B1,A1,die Milch,Milchen,die Milchen,the milk,le lait,,,​,​
38,B1,B1,A1,der Stock,Stöcke,die Stöcke,the stick,le bâton,,,​,​
38,B1,B1,B1,die Strafe,Strafen,die Strafen,the punishment,la punition,Most words finishing in -e add a -n in their plural form,La plupart des noms communs se terminant par -e prennent un -n au pluriel,<br><br>Most words finishing in -e add a -n in their plural form,<br><br>La plupart des noms communs se terminant par -e prennent un -n au pluriel
39,B1,B1,B1,der Übersetzer,Übersetzer,die Übersetzer,the translator,le traducteur,,,​,​
39,B1,B1,B1,das Ufer,Ufer,die Ufer,the shore,le rivage,,,​,​
39,B1,B1,B1,die Umfrage,Umfragen,die Umfragen,the survey,l'enquête,Most words finishing in -e add a -n in their plural form,La plupart des noms communs se terminant par -e prennent un -n au pluriel,<br><br>Most words finishing in -e add a -n in their plural form,<br><br>La plupart des noms communs se terminant par -e prennent un -n au pluriel
39,B1,B1,A1,das Baby,Babys,die Babys,the baby,le bébé,Many loan words add an -s in their plural form,De nombreux noms communs d'origine étrangère prennent un -s au pluriel,<br><br>Many loan words add an -s in their plural form,<br><br>De nombreux noms communs d'origine étrangère prennent un -s au pluriel
39,B1,B1,A2,das Eis,Eis,die Eis,the ice,la glace,,,​,​
39,B1,B1,B1,der Empfang,Empfänge,die Empfänge,the reception,la réception,,,​,​
39,B1,B1,A1,der Empfänger,Empfänger,die Empfänger,the recipient,le destinataire,,,​,​
39,B1,B1,A1,die Großmutter,Großmütter,die Großmütter,the grandmother,la grand-mère,,,​,​
39,B1,B1,B1,die Herkunft,Herkünfte,die Herkünfte,the origin,l'origine,,,​,​
39,B1,B1,A1,die Hochzeit,Hochzeiten,die Hochzeiten,the wedding,le mariage,,,​,​
39,B1,B1,B1,das Medium,Medien,die Medien,the medium,le médium,,,​,​
39,B1,B1,A2,die Note,Noten,die Noten,the grade,la note,Most words finishing in -e add a -n in their plural form,La plupart des noms communs se terminant par -e prennent un -n au pluriel,<br><br>Most words finishing in -e add a -n in their plural form,<br><br>La plupart des noms communs se terminant par -e prennent un -n au pluriel
39,B1,B1,B1,der Onkel,Onkel,die Onkel,the uncle,l'oncle,,,​,​
39,B1,B1,B1,der Protest,Proteste,die Proteste,the protest,la manifestation,,,​,​
39,B1,B1,B1,der Sieger,Sieger,die Sieger,the winner,le gagnant,,,​,​
39,B1,B1,B1,die Statistik,Statistiken,die Statistiken,the statistics,les statistiques,,,​,​
39,B1,B1,A1,das Taxi,Taxis,die Taxis,the taxi,le taxi,Many loan words add an -s in their plural form,De nombreux noms communs d'origine étrangère prennent un -s au pluriel,<br><br>Many loan words add an -s in their plural form,<br><br>De nombreux noms communs d'origine étrangère prennent un -s au pluriel
39,B1,B1,A2,der Witz,Witze,die Witze,the joke,la blague,,,​,​
39,B1,B1,B1,der Abschied,Abschiede,die Abschiede,the farewell,les adieux,,,​,​
39,B1,B1,B1,der Flur,Flure,die Flure,the corridor,le couloir,,,​,​
40,B1,B1,B1,der Held,Helden,die Helden,the hero,le héros,,,​,​
40,B1,B1,A2,die Kette,Ketten,die Ketten,the chain,la chaîne,Most words finishing in -e add a -n in their plural form,La plupart des noms communs se terminant par -e prennent un -n au pluriel,<br><br>Most words finishing in -e add a -n in their plural form,<br><br>La plupart des noms communs se terminant par -e prennent un -n au pluriel
40,B1,B1,A1,die Kleidung,Kleidungen,die Kleidungen,the clothing,les vêtements,Words finishing in -ung add -en in their plural form,Les noms communs se terminant par -ung prennent la terminaison -en au pluriel,<br><br>Words finishing in -ung add -en in their plural form,<br><br>Les noms communs se terminant par -ung prennent la terminaison -en au pluriel
40,B1,B1,B1,die Kneipe,Kneipen,die Kneipen,the pub,le pub,Most words finishing in -e add a -n in their plural form,La plupart des noms communs se terminant par -e prennent un -n au pluriel,<br><br>Most words finishing in -e add a -n in their plural form,<br><br>La plupart des noms communs se terminant par -e prennent un -n au pluriel
40,B1,B1,B1,die Küste,Küsten,die Küsten,the coast,la côte,Most words finishing in -e add a -n in their plural form,La plupart des noms communs se terminant par -e prennent un -n au pluriel,<br><br>Most words finishing in -e add a -n in their plural form,<br><br>La plupart des noms communs se terminant par -e prennent un -n au pluriel
40,B1,B1,A2,das Messer,Messer,die Messer,the knife,le couteau,,,​,​
40,B1,B1,B1,der Passagier,Passagiere,die Passagiere,the passenger,le passager,,,​,​
40,B1,B1,A1,der Quadratmeter,Quadratmeter,die Quadratmeter,the square meter,le mètre carré,,,​,​
40,B1,B1,B1,der Saal,Säle,die Säle,the hall,le hall,,,​,​
40,B1,B1,B1,das Tuch,Tücher,die Tücher,the cloth,le tissu,,,​,​
40,B1,B1,B1,die Überraschung,Überraschungen,die Überraschungen,the surprise,la surprise,Words finishing in -ung add -en in their plural form,Les noms communs se terminant par -ung prennent la terminaison -en au pluriel,<br><br>Words finishing in -ung add -en in their plural form,<br><br>Les noms communs se terminant par -ung prennent la terminaison -en au pluriel
40,B1,B1,A2,die Übersetzung,Übersetzungen,die Übersetzungen,the translation,la traduction,Words finishing in -ung add -en in their plural form,Les noms communs se terminant par -ung prennent la terminaison -en au pluriel,<br><br>Words finishing in -ung add -en in their plural form,<br><br>Les noms communs se terminant par -ung prennent la terminaison -en au pluriel
40,B1,B1,B1,das Virus,Viren,die Viren,the virus,le virus,,,​,​
40,B1,B1,B1,die Werbung,Werbungen,die Werbungen,the advertising,la publicité,Words finishing in -ung add -en in their plural form,Les noms communs se terminant par -ung prennent la terminaison -en au pluriel,<br><br>Words finishing in -ung add -en in their plural form,<br><br>Les noms communs se terminant par -ung prennent la terminaison -en au pluriel
40,B1,B1,B1,die Wiese,Wiesen,die Wiesen,the meadow,la prairie,Most words finishing in -e add a -n in their plural form,La plupart des noms communs se terminant par -e prennent un -n au pluriel,<br><br>Most words finishing in -e add a -n in their plural form,<br><br>La plupart des noms communs se terminant par -e prennent un -n au pluriel
40,B1,B1,A2,das Zelt,Zelte,die Zelte,the tent,la tente,,,​,​
40,B1,B1,A1,die Anzeige,Anzeigen,die Anzeigen,the ad,la publicité,Most words finishing in -e add a -n in their plural form,La plupart des noms communs se terminant par -e prennent un -n au pluriel,<br><br>Most words finishing in -e add a -n in their plural form,<br><br>La plupart des noms communs se terminant par -e prennent un -n au pluriel
40,B1,B1,B1,die Burg,Burgen,die Burgen,the castle,le château,,,​,​
40,B1,B1,B1,der Dialekt,Dialekte,die Dialekte,the dialect,le dialecte,,,​,​
40,B1,B1,B1,das Gefängnis,Gefängnisse,die Gefängnisse,the prison,la prison,,,​,​
41,B1,B1,B1,der Katalog,Kataloge,die Kataloge,the catalogue,le catalogue,,,​,​
41,B1,B1,B1,die Meldung,Meldungen,die Meldungen,the message,le message,Words finishing in -ung add -en in their plural form,Les noms communs se terminant par -ung prennent la terminaison -en au pluriel,<br><br>Words finishing in -ung add -en in their plural form,<br><br>Les noms communs se terminant par -ung prennent la terminaison -en au pluriel
41,B1,B1,B1,der Nebel,Nebel,die Nebel,the fog,le brouillard,,,​,​
41,B1,B1,A1,die Oma,Omas,die Omas,the grandma,la grand-mère,Many loan words add an -s in their plural form,De nombreux noms communs d'origine étrangère prennent un -s au pluriel,<br><br>Many loan words add an -s in their plural form,<br><br>De nombreux noms communs d'origine étrangère prennent un -s au pluriel
41,B1,B1,B1,der Schein,Scheine,die Scheine,the appearance,l'apparence,,,​,​
41,B1,B1,B1,das Stadion,Stadien,die Stadien,the stadium,le stade,,,​,​
41,B1,B1,A2,der Tipp,Tipps,die Tipps,the tip,le pourboire,Many loan words add an -s in their plural form,De nombreux noms communs d'origine étrangère prennent un -s au pluriel,<br><br>Many loan words add an -s in their plural form,<br><br>De nombreux noms communs d'origine étrangère prennent un -s au pluriel
41,B1,B1,A1,das Wiedersehen,Wiedersehen,die Wiedersehen,the reunion,les retrouvailles,,,​,​
41,B1,B1,B1,die Wunde,Wunden,die Wunden,the wound,la plaie,Most words finishing in -e add a -n in their plural form,La plupart des noms communs se terminant par -e prennent un -n au pluriel,<br><br>Most words finishing in -e add a -n in their plural form,<br><br>La plupart des noms communs se terminant par -e prennent un -n au pluriel
41,B1,B1,B1,die Zeuge,Zeugen,die Zeugen,the witness,le témoin,Most words finishing in -e add a -n in their plural form,La plupart des noms communs se terminant par -e prennent un -n au pluriel,<br><br>Most words finishing in -e add a -n in their plural form,<br><br>La plupart des noms communs se terminant par -e prennent un -n au pluriel
41,B1,B1,A2,das Zeugnis,Zeugnisse,die Zeugnisse,the testimony,le témoignage,,,​,​
41,B1,B1,A1,der Bogen,Bögen,die Bögen,the bow,l'arc,,,​,​
41,B1,B1,B1,die Droge,Drogen,die Drogen,the drug,le médicament,Most words finishing in -e add a -n in their plural form,La plupart des noms communs se terminant par -e prennent un -n au pluriel,<br><br>Most words finishing in -e add a -n in their plural form,<br><br>La plupart des noms communs se terminant par -e prennent un -n au pluriel
41,B1,B1,A1,die Geschwister,Geschwister,die Geschwister,the sibling,le frère ou la soeur,,,​,​
41,B1,B1,A1,das Gramm,Gramme,die Gramme,the gram,le gramme,,,​,​
41,B1,B1,B1,die Kiste,Kisten,die Kisten,the box,la boîte,Most words finishing in -e add a -n in their plural form,La plupart des noms communs se terminant par -e prennent un -n au pluriel,<br><br>Most words finishing in -e add a -n in their plural form,<br><br>La plupart des noms communs se terminant par -e prennent un -n au pluriel
41,B1,B1,B1,der Knochen,Knochen,die Knochen,the bone,l'os,,,​,​
41,B1,B1,B1,der Lohn,Löhne,die Löhne,the wage,le salaire,,,​,​
41,B1,B1,A2,der Magen,Mägen,die Mägen,the stomach,l'estomac,,,​,​
41,B1,B1,A2,die Mode,Moden,die Moden,the fashion,la mode,Most words finishing in -e add a -n in their plural form,La plupart des noms communs se terminant par -e prennent un -n au pluriel,<br><br>Most words finishing in -e add a -n in their plural form,<br><br>La plupart des noms communs se terminant par -e prennent un -n au pluriel
42,B1,B1,A2,das Rathaus,Rathäuser,die Rathäuser,the town hall,l'hôtel de ville,,,​,​
42,B1,B1,B1,die Rente,Renten,die Renten,the pension,la pension,Most words finishing in -e add a -n in their plural form,La plupart des noms communs se terminant par -e prennent un -n au pluriel,<br><br>Most words finishing in -e add a -n in their plural form,<br><br>La plupart des noms communs se terminant par -e prennent un -n au pluriel
42,B1,B1,A2,der Teller,Teller,die Teller,the dish,le plat,,,​,​
42,B1,B1,A2,der Zettel,Zettel,die Zettel,the note,la note,,,​,​
42,B1,B1,B1,der Zins,Zinsen,die Zinsen,the interest,l'intérêt,,,​,​
42,B1,B1,B1,die Zone,Zonen,die Zonen,the zone,la zone,Most words finishing in -e add a -n in their plural form,La plupart des noms communs se terminant par -e prennent un -n au pluriel,<br><br>Most words finishing in -e add a -n in their plural form,<br><br>La plupart des noms communs se terminant par -e prennent un -n au pluriel
42,B1,B1,A1,der Buchstabe,Buchstaben,die Buchstaben,the letter,la lettre,Most words finishing in -e add a -n in their plural form,La plupart des noms communs se terminant par -e prennent un -n au pluriel,<br><br>Most words finishing in -e add a -n in their plural form,<br><br>La plupart des noms communs se terminant par -e prennent un -n au pluriel
42,B1,B1,B1,das Dokument,Dokumente,die Dokumente,the document,le document,,,​,​
42,B1,B1,B1,die Einzelheit,Einzelheiten,die Einzelheiten,the detail,le détail,Words finishing in -heit add -en in their plural form,Les mots se terminant par -heit prennent la terminaison -en au pluriel,<br><br>Words finishing in -heit add -en in their plural form,<br><br>Les mots se terminant par -heit prennent la terminaison -en au pluriel
42,B1,B1,A2,die Kollegin,Kolleginnen,die Kolleginnen,the colleague,le collègue,,,​,​
42,B1,B1,B1,die Kurve,Kurven,die Kurven,the curve,la courbe,Most words finishing in -e add a -n in their plural form,La plupart des noms communs se terminant par -e prennent un -n au pluriel,<br><br>Most words finishing in -e add a -n in their plural form,<br><br>La plupart des noms communs se terminant par -e prennent un -n au pluriel
42,B1,B1,B1,das Märchen,Märchen,die Märchen,the fairy tale,le conte de fées,,,​,​
42,B1,B1,A1,das Möbel,Möbel,die Möbel,the furniture,le meuble,,,​,​
42,B1,B1,B1,der Nerv,Nerven,die Nerven,the nerve,le nerf,,,​,​
42,B1,B1,B1,der Ofen,Öfen,die Öfen,the oven,le four,,,​,​
42,B1,B1,B1,der Profi,Profis,die Profis,the professional,le professionnel,Many loan words add an -s in their plural form,De nombreux noms communs d'origine étrangère prennent un -s au pluriel,<br><br>Many loan words add an -s in their plural form,<br><br>De nombreux noms communs d'origine étrangère prennent un -s au pluriel
42,B1,B1,A2,der Rock,Röcke,die Röcke,the rock,le rocher,,,​,​
42,B1,B1,A1,der Schrank,Schränke,die Schränke,the cupboard,le placard,,,​,​
42,B1,B1,B1,die Sekretärin,Sekretärinnen,die Sekretärinnen,the secretary,la secrétaire,,,​,​
42,B1,B1,B1,der Sportler,Sportler,die Sportler,the athlete,l'athlète,,,​,​
43,B1,B1,B1,der Staub,Stäube,die Stäube,the dust,la poussière,,,​,​
43,B1,B1,B1,der Tanz,Tänze,die Tänze,the dance,la danse,,,​,​
43,B1,B1,A2,der Topf,Töpfe,die Töpfe,the pot,le pot,,,​,​
43,B1,B1,B1,das Abenteuer,Abenteuer,die Abenteuer,the adventure,l'aventure,,,​,​
43,B1,B1,A1,die Einladung,Einladungen,die Einladungen,the invitation,l'invitation,Words finishing in -ung add -en in their plural form,Les noms communs se terminant par -ung prennent la terminaison -en au pluriel,<br><br>Words finishing in -ung add -en in their plural form,<br><br>Les noms communs se terminant par -ung prennent la terminaison -en au pluriel
43,B1,B1,B1,die Empfehlung,Empfehlungen,die Empfehlungen,the recommendation,la recommandation,Words finishing in -ung add -en in their plural form,Les noms communs se terminant par -ung prennent la terminaison -en au pluriel,<br><br>Words finishing in -ung add -en in their plural form,<br><br>Les noms communs se terminant par -ung prennent la terminaison -en au pluriel
43,B1,B1,B1,die Eröffnung,Eröffnungen,die Eröffnungen,the opening,l'ouverture,Words finishing in -ung add -en in their plural form,Les noms communs se terminant par -ung prennent la terminaison -en au pluriel,<br><br>Words finishing in -ung add -en in their plural form,<br><br>Les noms communs se terminant par -ung prennent la terminaison -en au pluriel
43,B1,B1,B1,die Flüssigkeit,Flüssigkeiten,die Flüssigkeiten,the liquid,le liquide,Words finishing in -keit add -en in their plural form,Les noms communs se terminant par -ung prennent la terminaison -en au pluriel,<br><br>Words finishing in -keit add -en in their plural form,<br><br>Les noms communs se terminant par -ung prennent la terminaison -en au pluriel
43,B1,B1,B1,das Gebirge,Gebirge,die Gebirge,the mountain,la montagne,,,​,​
43,B1,B1,B1,das Gras,Gräser,die Gräser,the grass,l'herbe,,,​,​
43,B1,B1,B1,der Hügel,Hügel,die Hügel,the hill,la colline,,,​,​
43,B1,B1,B1,der Ingenieur,Ingenieure,die Ingenieure,the engineer,l'ingénieur,,,​,​
43,B1,B1,B1,der Muskel,Muskeln,die Muskeln,the muscle,le muscle,,,​,​
43,B1,B1,B1,die Teilnahme,Teilnahmen,die Teilnahmen,the participation,la participation,Most words finishing in -e add a -n in their plural form,La plupart des noms communs se terminant par -e prennent un -n au pluriel,<br><br>Most words finishing in -e add a -n in their plural form,<br><br>La plupart des noms communs se terminant par -e prennent un -n au pluriel
43,B1,B1,B1,die Unterhaltung,Unterhaltungen,die Unterhaltungen,the entertainment,le divertissement,Words finishing in -ung add -en in their plural form,Les noms communs se terminant par -ung prennent la terminaison -en au pluriel,<br><br>Words finishing in -ung add -en in their plural form,<br><br>Les noms communs se terminant par -ung prennent la terminaison -en au pluriel
43,B1,B1,B1,die Vertretung,Vertretungen,die Vertretungen,the representation,la représentation,Words finishing in -ung add -en in their plural form,Les noms communs se terminant par -ung prennent la terminaison -en au pluriel,<br><br>Words finishing in -ung add -en in their plural form,<br><br>Les noms communs se terminant par -ung prennent la terminaison -en au pluriel
43,B1,B1,B1,das Werkzeug,Werkzeuge,die Werkzeuge,the tool,l'outil,,,​,​
43,B1,B1,B1,die Zeichnung,Zeichnungen,die Zeichnungen,the drawing,le dessin,Words finishing in -ung add -en in their plural form,Les noms communs se terminant par -ung prennent la terminaison -en au pluriel,<br><br>Words finishing in -ung add -en in their plural form,<br><br>Les noms communs se terminant par -ung prennent la terminaison -en au pluriel
43,B1,B1,B1,die Zwiebel,Zwiebeln,die Zwiebeln,the onion,l'oignon,,,​,​
43,B1,B1,B1,der Backofen,Backöfen,die Backöfen,the oven,le four,,,​,​
44,B1,B1,B1,der Bildschirm,Bildschirme,die Bildschirme,the screen,l'écran,,,​,​
44,B1,B1,A2,die Brille,Brillen,die Brillen,the glasses,les lunettes,Most words finishing in -e add a -n in their plural form,La plupart des noms communs se terminant par -e prennent un -n au pluriel,<br><br>Most words finishing in -e add a -n in their plural form,<br><br>La plupart des noms communs se terminant par -e prennent un -n au pluriel
44,B1,B1,B1,die Enttäuschung,Enttäuschungen,die Enttäuschungen,the disappointment,la déception,Words finishing in -ung add -en in their plural form,Les noms communs se terminant par -ung prennent la terminaison -en au pluriel,<br><br>Words finishing in -ung add -en in their plural form,<br><br>Les noms communs se terminant par -ung prennent la terminaison -en au pluriel
44,B1,B1,A2,das Festival,Festivals,die Festivals,the festival,le festival,Many loan words add an -s in their plural form,De nombreux noms communs d'origine étrangère prennent un -s au pluriel,<br><br>Many loan words add an -s in their plural form,<br><br>De nombreux noms communs d'origine étrangère prennent un -s au pluriel
44,B1,B1,B1,die Galerie,Galerien,die Galerien,the gallery,la galerie,Most words finishing in -e add a -n in their plural form,La plupart des noms communs se terminant par -e prennent un -n au pluriel,<br><br>Most words finishing in -e add a -n in their plural form,<br><br>La plupart des noms communs se terminant par -e prennent un -n au pluriel
44,B1,B1,A1,das Gemüse,Gemüse,die Gemüse,the vegetable,le légume,,,​,​
44,B1,B1,A1,der Großvater,Großväter,die Großväter,the grandfather,le grand-père,,,​,​
44,B1,B1,A1,der Liter,Liter,die Liter,the liter,le litre,,,​,​
44,B1,B1,A1,das Lokal,Lokale,die Lokale,the restaurant,le restaurant,,,​,​
44,B1,B1,B1,die Münze,Münzen,die Münzen,the coin,la pièce,Most words finishing in -e add a -n in their plural form,La plupart des noms communs se terminant par -e prennent un -n au pluriel,<br><br>Most words finishing in -e add a -n in their plural form,<br><br>La plupart des noms communs se terminant par -e prennent un -n au pluriel
44,B1,B1,B1,das Netzwerk,Netzwerke,die Netzwerke,the network,le réseau,,,​,​
44,B1,B1,A1,das Praktikum,Praktika,die Praktika,the internship,le stage,,,​,​
44,B1,B1,B1,der Sack,Säcke,die Säcke,the sack,le sac,,,​,​
44,B1,B1,B1,die Sportart,Sportarten,die Sportarten,the sport,le sport,,,​,​
44,B1,B1,A2,die Tasse,Tassen,die Tassen,the cup,la tasse,Most words finishing in -e add a -n in their plural form,La plupart des noms communs se terminant par -e prennent un -n au pluriel,<br><br>Most words finishing in -e add a -n in their plural form,<br><br>La plupart des noms communs se terminant par -e prennent un -n au pluriel
44,B1,B1,B1,der Teppich,Teppiche,die Teppiche,the carpet,le tapis,,,​,​
44,B1,B1,B1,das Verbot,Verbote,die Verbote,the ban,l'interdiction,,,​,​
44,B1,B1,B1,die Versammlung,Versammlungen,die Versammlungen,the assembly,l'assemblée,Words finishing in -ung add -en in their plural form,Les noms communs se terminant par -ung prennent la terminaison -en au pluriel,<br><br>Words finishing in -ung add -en in their plural form,<br><br>Les noms communs se terminant par -ung prennent la terminaison -en au pluriel
44,B1,B1,A2,die Wäsche,Wäschen,die Wäschen,the laundry,la lessive,Most words finishing in -e add a -n in their plural form,La plupart des noms communs se terminant par -e prennent un -n au pluriel,<br><br>Most words finishing in -e add a -n in their plural form,<br><br>La plupart des noms communs se terminant par -e prennent un -n au pluriel
44,B1,B1,A2,die Werkstatt,Werkstätten,die Werkstätten,the workshop,l'atelier,,,​,​
45,B1,B1,B1,das Zeug,Zeuge,die Zeuge,the  stuff,le truc,,,​,​
45,B1,B1,A2,der Anzug,Anzüge,die Anzüge,the suit,le costume,,,​,​
45,B1,B1,A1,der Ausflug,Ausflüge,die Ausflüge,the excursion,l'excursion,,,​,​
45,B1,B1,A1,der Ausgang,Ausgänge,die Ausgänge,the outcome,le résultat,,,​,​
45,B1,B1,B1,die Erfindung,Erfindungen,die Erfindungen,the invention,l'invention,Words finishing in -ung add -en in their plural form,Les noms communs se terminant par -ung prennent la terminaison -en au pluriel,<br><br>Words finishing in -ung add -en in their plural form,<br><br>Les noms communs se terminant par -ung prennent la terminaison -en au pluriel
45,B1,B1,B1,der Ersatz,Ersätze,die Ersätze,the replacement,le remplacement,,,​,​
45,B1,B1,B1,die Feuerwehr,Feuerwehren,die Feuerwehren,the fire department,le service des pompiers,,,​,​
45,B1,B1,A1,das Fieber,Fieber,die Fieber,the fever,la fièvre,,,​,​
45,B1,B1,B1,die Gebühr,Gebühren,die Gebühren,the fee,les frais,,,​,​
45,B1,B1,A2,das Heft,Hefte,die Hefte,the booklet,le livret,,,​,​
45,B1,B1,B1,die Intelligenz,Intelligenzen,die Intelligenzen,the intelligence,l'intelligence,,,​,​
45,B1,B1,A1,die Kartoffel,Kartoffeln,die Kartoffeln,the potato,la pomme de terre,,,​,​
45,B1,B1,A2,der Käse,Käse,die Käse,the cheese,le fromage,,,​,​
45,B1,B1,B1,der Kompromiss,Kompromisse,die Kompromisse,the compromise,le compromis,,,​,​
45,B1,B1,B1,die Lieferung,Lieferungen,die Lieferungen,the delivery,la livraison,Words finishing in -ung add -en in their plural form,Les noms communs se terminant par -ung prennent la terminaison -en au pluriel,<br><br>Words finishing in -ung add -en in their plural form,<br><br>Les noms communs se terminant par -ung prennent la terminaison -en au pluriel
45,B1,B1,A1,die Party,Partys,die Partys,the party,la fête,Many loan words add an -s in their plural form,De nombreux noms communs d'origine étrangère prennent un -s au pluriel,<br><br>Many loan words add an -s in their plural form,<br><br>De nombreux noms communs d'origine étrangère prennent un -s au pluriel
45,B1,B1,B1,der Salon,Salons,die Salons,the salon,le salon,Many loan words add an -s in their plural form,De nombreux noms communs d'origine étrangère prennent un -s au pluriel,<br><br>Many loan words add an -s in their plural form,<br><br>De nombreux noms communs d'origine étrangère prennent un -s au pluriel
45,B1,B1,B1,die Schauspielerin,Schauspielerinnen,die Schauspielerinnen,the actress,l'actrice,,,​,​
45,B1,B1,B1,die Schwangerschaft,Schwangerschaften,die Schwangerschaften,the pregnancy,la grossesse,,,​,​
45,B1,B1,B1,die Steckdose,Steckdosen,die Steckdosen,the socket,la prise,Most words finishing in -e add a -n in their plural form,La plupart des noms communs se terminant par -e prennent un -n au pluriel,<br><br>Most words finishing in -e add a -n in their plural form,<br><br>La plupart des noms communs se terminant par -e prennent un -n au pluriel
46,B1,B1,A2,die Tafel,Tafeln,die Tafeln,the whiteboard,le tableau blanc,,,​,​
46,B1,B1,B1,das Talent,Talente,die Talente,the talent,le talent,,,​,​
46,B1,B1,B1,das Tempo,Tempi,die Tempi,the pace,le rythme,,,​,​
46,B1,B1,A1,die Unterschrift,Unterschriften,die Unterschriften,the signature,la signature,,,​,​
46,B1,B1,B1,das Vergnügen,Vergnügen,die Vergnügen,the pleasure,le plaisir,,,​,​
46,B1,B1,A1,der Vermieter,Vermieter,die Vermieter,the landlord,le propriétaire,,,​,​
46,B1,B1,A1,der Vormittag,Vormittage,die Vormittage,the morning,le matin,,,​,​
46,B1,B1,A2,das Wohnzimmer,Wohnzimmer,die Wohnzimmer,the living room,le salon,,,​,​
46,B1,B1,A1,die Autobahn,Autobahnen,die Autobahnen,the motorway,l'autoroute,,,​,​
46,B1,B1,B1,die Batterie,Batterien,die Batterien,the battery,la batterie,Most words finishing in -e add a -n in their plural form,La plupart des noms communs se terminant par -e prennent un -n au pluriel,<br><br>Most words finishing in -e add a -n in their plural form,<br><br>La plupart des noms communs se terminant par -e prennent un -n au pluriel
46,B1,B1,A2,die Chefin,Chefinnen,die Chefinnen,the boss,le patron,,,​,​
46,B1,B1,B1,der Durchschnitt,Durchschnitte,die Durchschnitte,the average,la moyenne,,,​,​
46,B1,B1,B1,das Ehepaar,Ehepaare,die Ehepaare,the couple,le couple,,,​,​
46,B1,B1,B1,der Einbruch,Einbrüche,die Einbrüche,the break-in,l'effraction,,,​,​
46,B1,B1,A1,der Eintritt,Eintritte,die Eintritte,the entry,l'entrée,,,​,​
46,B1,B1,B1,die Erholung,Erholungen,die Erholungen,the recovery,la récupération,Words finishing in -ung add -en in their plural form,Les noms communs se terminant par -ung prennent la terminaison -en au pluriel,<br><br>Words finishing in -ung add -en in their plural form,<br><br>Les noms communs se terminant par -ung prennent la terminaison -en au pluriel
46,B1,B1,A1,der Europäer,Europäer,die Europäer,the European,l'Européen,,,​,​
46,B1,B1,B1,die Fabrik,Fabriken,die Fabriken,the factory,l'usine,,,​,​
46,B1,B1,A1,das Getränk,Getränke,die Getränke,the drink,la boisson,,,​,​
46,B1,B1,B1,der Handwerker,Handwerker,die Handwerker,the craftsman,l'artisan,,,​,​
47,B1,B1,B1,die Kassette,Kassetten,die Kassetten,the cassette,la cassette,Most words finishing in -e add a -n in their plural form,La plupart des noms communs se terminant par -e prennent un -n au pluriel,<br><br>Most words finishing in -e add a -n in their plural form,<br><br>La plupart des noms communs se terminant par -e prennent un -n au pluriel
47,B1,B1,B1,der Kasten,Kästen,die Kästen,the box,la boîte,,,​,​
47,B1,B1,B1,das Magazin,Magazine,die Magazine,the magazine,le magazine,,,​,​
47,B1,B1,B1,der Mieter,Mieter,die Mieter,the tenant,le locataire,,,​,​
47,B1,B1,B1,die Minderheit,Minderheiten,die Minderheiten,the minority,la minorité,Words finishing in -heit add -en in their plural form,Les mots se terminant par -heit prennent la terminaison -en au pluriel,<br><br>Words finishing in -heit add -en in their plural form,<br><br>Les mots se terminant par -heit prennent la terminaison -en au pluriel
47,B1,B1,B1,die Scheidung,Scheidungen,die Scheidungen,the divorce,le divorce,Words finishing in -ung add -en in their plural form,Les noms communs se terminant par -ung prennent la terminaison -en au pluriel,<br><br>Words finishing in -ung add -en in their plural form,<br><br>Les noms communs se terminant par -ung prennent la terminaison -en au pluriel
47,B1,B1,B1,der Spezialist,Spezialisten,die Spezialisten,the specialist,le spécialiste,,,​,​
47,B1,B1,A1,das Ticket,Tickets,die Tickets,the ticket,le billet,Many loan words add an -s in their plural form,De nombreux noms communs d'origine étrangère prennent un -s au pluriel,<br><br>Many loan words add an -s in their plural form,<br><br>De nombreux noms communs d'origine étrangère prennent un -s au pluriel
47,B1,B1,B1,die Uniform,Uniformen,die Uniformen,the uniform,l'uniforme,,,​,​
47,B1,B1,B1,das Vitamin,Vitamine,die Vitamine,the vitamin,la vitamine,,,​,​
47,B1,B1,B1,die Weiterbildung,Weiterbildungen,die Weiterbildungen,the further education,la formation continue,Words finishing in -ung add -en in their plural form,Les noms communs se terminant par -ung prennent la terminaison -en au pluriel,<br><br>Words finishing in -ung add -en in their plural form,<br><br>Les noms communs se terminant par -ung prennent la terminaison -en au pluriel
47,B1,B1,A2,der Zucker,Zucker,die Zucker,the sugar,le sucre,,,​,​
47,B1,B1,A1,der Apfel,Äpfel,die Äpfel,the Apple,la pomme,,,​,​
47,B1,B1,B1,die Bar,Bars,die Bars,the bar,le bar,Many loan words add an -s in their plural form,De nombreux noms communs d'origine étrangère prennent un -s au pluriel,<br><br>Many loan words add an -s in their plural form,<br><br>De nombreux noms communs d'origine étrangère prennent un -s au pluriel
47,B1,B1,A1,das Datum,Daten,die Daten,the date,la date,,,​,​
47,B1,B1,B1,das Forum,Foren,die Foren,the forum,le forum,,,​,​
47,B1,B1,B1,die Frucht,Früchte,die Früchte,the fruit,le fruit,,,​,​
47,B1,B1,B1,der Hörer,Hörer,die Hörer,the listener,l'auditeur,,,​,​
47,B1,B1,A1,die Jacke,Jacken,die Jacken,the jacket,la veste,Most words finishing in -e add a -n in their plural form,La plupart des noms communs se terminant par -e prennent un -n au pluriel,<br><br>Most words finishing in -e add a -n in their plural form,<br><br>La plupart des noms communs se terminant par -e prennent un -n au pluriel
47,B1,B1,A2,die Lampe,Lampen,die Lampen,the lamp,la lampe,Most words finishing in -e add a -n in their plural form,La plupart des noms communs se terminant par -e prennent un -n au pluriel,<br><br>Most words finishing in -e add a -n in their plural form,<br><br>La plupart des noms communs se terminant par -e prennent un -n au pluriel
48,B1,B1,B1,das Metall,Metalle,die Metalle,the metal,le métal,,,​,​
48,B1,B1,B1,der Ordner,Ordner,die Ordner,the folder,le dossier,,,​,​
48,B1,B1,B1,der Ozean,Ozeane,die Ozeane,the ocean,l'océan,,,​,​
48,B1,B1,A1,die Reparatur,Reparaturen,die Reparaturen,the repair,la réparation,,,​,​
48,B1,B1,A2,die Rose,Rosen,die Rosen,the rose,la rose,Most words finishing in -e add a -n in their plural form,La plupart des noms communs se terminant par -e prennent un -n au pluriel,<br><br>Most words finishing in -e add a -n in their plural form,<br><br>La plupart des noms communs se terminant par -e prennent un -n au pluriel
48,B1,B1,A2,der Rucksack,Rucksäcke,die Rucksäcke,the backpack,le sac à dos,,,​,​
48,B1,B1,B1,der Sänger,Sänger,die Sänger,the singer,le chanteur,,,​,​
48,B1,B1,A2,die Tablette,Tabletten,die Tabletten,the tablet,la tablette,Most words finishing in -e add a -n in their plural form,La plupart des noms communs se terminant par -e prennent un -n au pluriel,<br><br>Most words finishing in -e add a -n in their plural form,<br><br>La plupart des noms communs se terminant par -e prennent un -n au pluriel
48,B1,B1,A2,der Umzug,Umzüge,die Umzüge,the move,le déménagement,,,​,​
48,B1,B1,B1,der Abfall,Abfälle,die Abfälle,the waste,les déchets,,,​,​
48,B1,B1,A1,der Ausweis,Ausweise,die Ausweise,the ID card,la carte d'identité,,,​,​
48,B1,B1,B1,das Diplom,Diplome,die Diplome,the diploma,le diplôme,,,​,​
48,B1,B1,A2,die Feier,Feiern,die Feiern,the party,la fête,,,​,​
48,B1,B1,A1,der Frühling,Frühlinge,die Frühlinge,the spring,le printemps,,,​,​
48,B1,B1,A1,der Gruß,Grüße,die Grüße,the greeting,la salutation,,,​,​
48,B1,B1,B1,die Kerze,Kerzen,die Kerzen,the candle,la bougie,Most words finishing in -e add a -n in their plural form,La plupart des noms communs se terminant par -e prennent un -n au pluriel,<br><br>Most words finishing in -e add a -n in their plural form,<br><br>La plupart des noms communs se terminant par -e prennent un -n au pluriel
48,B1,B1,B1,der Koch,Köche,die Köche,the cook,le cuisinier,,,​,​
48,B1,B1,A2,die Krankenkasse,Krankenkassen,die Krankenkassen,the health insurance company,la compagnie d'assurance maladie,Most words finishing in -e add a -n in their plural form,La plupart des noms communs se terminant par -e prennent un -n au pluriel,<br><br>Most words finishing in -e add a -n in their plural form,<br><br>La plupart des noms communs se terminant par -e prennent un -n au pluriel
48,B1,B1,B1,der Kunststoff,Kunststoffe,die Kunststoffe,the plastic,le plastique,,,​,​
48,B1,B1,B1,die Laune,Launen,die Launen,the mood,l'humeur,Most words finishing in -e add a -n in their plural form,La plupart des noms communs se terminant par -e prennent un -n au pluriel,<br><br>Most words finishing in -e add a -n in their plural form,<br><br>La plupart des noms communs se terminant par -e prennent un -n au pluriel
49,B1,B1,B1,das Nahrungsmittel,Nahrungsmittel,die Nahrungsmittel,the food,la nourriture,,,​,​
49,B1,B1,B1,die Schlange,Schlangen,die Schlangen,the snake,le serpent,Most words finishing in -e add a -n in their plural form,La plupart des noms communs se terminant par -e prennent un -n au pluriel,<br><br>Most words finishing in -e add a -n in their plural form,<br><br>La plupart des noms communs se terminant par -e prennent un -n au pluriel
49,B1,B1,A2,das Schwein,Schweine,die Schweine,the pig,le cochon,,,​,​
49,B1,B1,B1,der Zuhörer,Zuhörer,die Zuhörer,the listener,l'auditeur,,,​,​
50,B2,A1,B2,das Wort,Wörter,die Wörter,the word,le mot,,,​,​
50,B2,A1,B2,das Unternehmen,Unternehmen,die Unternehmen,the company,l'entreprise,,,​,​
50,B2,A1,B2,der Monat,Monate,die Monate,the month,le mois,,,​,​
50,B2,A1,B2,der Staat,Staaten,die Staaten,the State,l'État,,,​,​
50,B2,A1,B2,das Gesicht,Gesichter,die Gesichter,the face,le visage,,,​,​
50,B2,A1,B2,die Weise,Weisen,die Weisen,the way,le chemin,Most words finishing in -e add a -n in their plural form,La plupart des noms communs se terminant par -e prennent un -n au pluriel,<br><br>Most words finishing in -e add a -n in their plural form,<br><br>La plupart des noms communs se terminant par -e prennent un -n au pluriel
50,B2,A1,B2,die Regierung,Regierungen,die Regierungen,the government,le gouvernement,Words finishing in -ung add -en in their plural form,Les noms communs se terminant par -ung prennent la terminaison -en au pluriel,<br><br>Words finishing in -ung add -en in their plural form,<br><br>Les noms communs se terminant par -ung prennent la terminaison -en au pluriel
50,B2,A1,B2,der Begriff,Begriffe,die Begriffe,the term,le terme,,,​,​
50,B2,A1,B2,die Funktion,Funktionen,die Funktionen,the function,la fonction,,,​,​
50,B2,A1,B2,das Jahrhundert,Jahrhunderte,die Jahrhunderte,the century,le siècle,,,​,​
50,B2,A1,B2,der Rahmen,Rahmen,die Rahmen,the frame,le cadre,,,​,​
50,B2,A1,B2,der Absatz,Absätze,die Absätze,the paragraph,le paragraphe,,,​,​
50,B2,A1,B2,der Präsident,Präsidenten,die Präsidenten,the president,le président,,,​,​
50,B2,A1,B2,die Partei,Parteien,die Parteien,the party,la fête,,,​,​
50,B2,A1,B2,der Einsatz,Einsätze,die Einsätze,the deployment,le déploiement,,,​,​
50,B2,A1,B2,die Verfügung,Verfügungen,die Verfügungen,the order,l'ordre,Words finishing in -ung add -en in their plural form,Les noms communs se terminant par -ung prennent la terminaison -en au pluriel,<br><br>Words finishing in -ung add -en in their plural form,<br><br>Les noms communs se terminant par -ung prennent la terminaison -en au pluriel
50,B2,A1,B2,die Anwendung,Anwendungen,die Anwendungen,the application,l'application,Words finishing in -ung add -en in their plural form,Les noms communs se terminant par -ung prennent la terminaison -en au pluriel,<br><br>Words finishing in -ung add -en in their plural form,<br><br>Les noms communs se terminant par -ung prennent la terminaison -en au pluriel
50,B2,A1,B2,der Dollar,Dollar,die Dollar,the dollar,le dollar,,,​,​
50,B2,A1,B2,das Verfahren,Verfahren,die Verfahren,the procedure,la procédure,,,​,​
50,B2,A1,B2,die Maßnahme,Maßnahmen,die Maßnahmen,the measure,la mesure,Most words finishing in -e add a -n in their plural form,La plupart des noms communs se terminant par -e prennent un -n au pluriel,<br><br>Most words finishing in -e add a -n in their plural form,<br><br>La plupart des noms communs se terminant par -e prennent un -n au pluriel
51,B2,A1,B2,die Ebene,Ebenen,die Ebenen,the level,le niveau,Most words finishing in -e add a -n in their plural form,La plupart des noms communs se terminant par -e prennent un -n au pluriel,<br><br>Most words finishing in -e add a -n in their plural form,<br><br>La plupart des noms communs se terminant par -e prennent un -n au pluriel
51,B2,A1,B2,die Einheit,Einheiten,die Einheiten,the unit,l'unité,Words finishing in -heit add -en in their plural form,Les mots se terminant par -heit prennent la terminaison -en au pluriel,<br><br>Words finishing in -heit add -en in their plural form,<br><br>Les mots se terminant par -heit prennent la terminaison -en au pluriel
51,B2,A1,B2,das Lächeln,Lächeln,die Lächeln,the smile,le sourire,,,​,​
51,B2,A1,B2,das Prinzip,Prinzipien,die Prinzipien,the principle,le principe,,,​,​
51,B2,A1,B2,die Struktur,Strukturen,die Strukturen,the structure,la structure,,,​,​
51,B2,A1,B2,die Macht,Mächte,die Mächte,the power,le pouvoir,,,​,​
51,B2,A1,B2,die Veränderung,Veränderungen,die Veränderungen,the change,le changement,Words finishing in -ung add -en in their plural form,Les noms communs se terminant par -ung prennent la terminaison -en au pluriel,<br><br>Words finishing in -ung add -en in their plural form,<br><br>Les noms communs se terminant par -ung prennent la terminaison -en au pluriel
51,B2,A1,B2,das Konzept,Konzepte,die Konzepte,the concept,le concept,,,​,​
51,B2,A1,B2,die Zelle,Zellen,die Zellen,the cell,la cellule,Most words finishing in -e add a -n in their plural form,La plupart des noms communs se terminant par -e prennent un -n au pluriel,<br><br>Most words finishing in -e add a -n in their plural form,<br><br>La plupart des noms communs se terminant par -e prennent un -n au pluriel
51,B2,A1,B2,das Maß,Maße,die Maße,the measure,la mesure,,,​,​
51,B2,A1,B2,der Ansatz,Ansätze,die Ansätze,the approach,l'approche,,,​,​
51,B2,A1,B2,der Aspekt,Aspekte,die Aspekte,the aspect,l'aspect,,,​,​
51,B2,A1,B2,der Umstand,Umstände,die Umstände,the circumstance,la circonstance,,,​,​
51,B2,A1,B2,die Wissenschaft,Wissenschaften,die Wissenschaften,science,la science,,,​,​
51,B2,A1,B2,die Grundlage,Grundlagen,die Grundlagen,the basis,la base,Most words finishing in -e add a -n in their plural form,La plupart des noms communs se terminant par -e prennent un -n au pluriel,<br><br>Most words finishing in -e add a -n in their plural form,<br><br>La plupart des noms communs se terminant par -e prennent un -n au pluriel
51,B2,A1,B2,die Gemeinde,Gemeinden,die Gemeinden,the community,la communauté,Most words finishing in -e add a -n in their plural form,La plupart des noms communs se terminant par -e prennent un -n au pluriel,<br><br>Most words finishing in -e add a -n in their plural form,<br><br>La plupart des noms communs se terminant par -e prennent un -n au pluriel
51,B2,A1,B2,die Position,Positionen,die Positionen,the position,la position,,,​,​
51,B2,A1,B2,die Bundesrepublik,Bundesrepubliken,die Bundesrepubliken,the Federal Republic,la République fédérale,,,​,​
51,B2,A1,B2,die Sicht,Sichten,die Sichten,the view,la vue,,,​,​
51,B2,A1,B2,der Soldat,Soldaten,die Soldaten,the soldier,le soldat,,,​,​
52,B2,A1,B2,das Volk,Völker,die Völker,the people,le peuple,,,​,​
52,B2,A1,B2,der Angriff,Angriffe,die Angriffe,the attack,l'attaque,,,​,​
52,B2,A1,B2,der Anteil,Anteile,die Anteile,the proportion,la proportion,,,​,​
52,B2,B1,B2,der/die Beschäftigte,Beschäftigte,die Beschäftigte,the employee,l'employé,,,​,​
52,B2,A1,B2,der Lauf,Läufe,die Läufe,the run,la course,,,​,​
52,B2,A1,B2,der Anschlag,Anschläge,die Anschläge,the attack,l'attaque,,,​,​
52,B2,A1,B2,die Behandlung,Behandlungen,die Behandlungen,the treatment,le traitement,Words finishing in -ung add -en in their plural form,Les noms communs se terminant par -ung prennent la terminaison -en au pluriel,<br><br>Words finishing in -ung add -en in their plural form,<br><br>Les noms communs se terminant par -ung prennent la terminaison -en au pluriel
52,B2,A1,B2,die Hochschule,Hochschulen,die Hochschulen,the university,l'université,Most words finishing in -e add a -n in their plural form,La plupart des noms communs se terminant par -e prennent un -n au pluriel,<br><br>Most words finishing in -e add a -n in their plural form,<br><br>La plupart des noms communs se terminant par -e prennent un -n au pluriel
52,B2,B1,B2,der/die Vorsitzende,Vorsitzenden,die Vorsitzenden,the chairperson,le président,Most words finishing in -e add a -n in their plural form,La plupart des noms communs se terminant par -e prennent un -n au pluriel,<br><br>Most words finishing in -e add a -n in their plural form,<br><br>La plupart des noms communs se terminant par -e prennent un -n au pluriel
52,B2,A1,B2,die Analyse,Analysen,die Analysen,the analysis,l'analyse,Most words finishing in -e add a -n in their plural form,La plupart des noms communs se terminant par -e prennent un -n au pluriel,<br><br>Most words finishing in -e add a -n in their plural form,<br><br>La plupart des noms communs se terminant par -e prennent un -n au pluriel
52,B2,A1,B2,die Erkenntnis,Erkenntnisse,die Erkenntnisse,the realization,la réalisation,,,​,​
52,B2,A1,B2,das Objekt,Objekte,die Objekte,the object,l'objet,,,​,​
52,B2,A1,B2,der Sprecher,Sprecher,die Sprecher,the speaker,l'orateur,,,​,​
52,B2,A1,B2,der Gesellschafter,Gesellschafter,die Gesellschafter,the shareholder,l'actionnaire,,,​,​
52,B2,A1,B2,das Jahrzehnt,Jahrzehnte,die Jahrzehnte,the decade,la décennie,,,​,​
52,B2,A1,B2,die Regelung,Regelungen,die Regelungen,the regulation,le règlement,Words finishing in -ung add -en in their plural form,Les noms communs se terminant par -ung prennent la terminaison -en au pluriel,<br><br>Words finishing in -ung add -en in their plural form,<br><br>Les noms communs se terminant par -ung prennent la terminaison -en au pluriel
52,B2,A1,B2,der Bezug,Bezüge,die Bezüge,the reference,la référence,,,​,​
52,B2,A1,B2,die Einstellung,Einstellungen,die Einstellungen,the attitude,l'attitude,Words finishing in -ung add -en in their plural form,Les noms communs se terminant par -ung prennent la terminaison -en au pluriel,<br><br>Words finishing in -ung add -en in their plural form,<br><br>Les noms communs se terminant par -ung prennent la terminaison -en au pluriel
52,B2,A1,B2,die Union,Unionen,die Unionen,the Union,l'Union,,,​,​
52,B2,A1,B2,der Besucher,Besucher,die Besucher,the visitor,le visiteur,,,​,​
53,B2,A1,B2,der Bund,Bünde,die Bünde,the federal government,le gouvernement fédéral,,,​,​
53,B2,A1,B2,die Geographie,Geographien,die Geographien,geography,géographie,Most words finishing in -e add a -n in their plural form,La plupart des noms communs se terminant par -e prennent un -n au pluriel,<br><br>Most words finishing in -e add a -n in their plural form,<br><br>La plupart des noms communs se terminant par -e prennent un -n au pluriel
53,B2,A1,B2,der Hintergrund,Hintergründe,die Hintergründe,the background,le contexte,,,​,​
53,B2,A1,B2,der Abstand,Abstände,die Abstände,the distance,la distance,,,​,​
53,B2,A1,B2,die Bildung,Bildungen,die Bildungen,the education,l'éducation,Words finishing in -ung add -en in their plural form,Les noms communs se terminant par -ung prennent la terminaison -en au pluriel,<br><br>Words finishing in -ung add -en in their plural form,<br><br>Les noms communs se terminant par -ung prennent la terminaison -en au pluriel
53,B2,A1,B2,die Eigenschaft,Eigenschaften,die Eigenschaften,the property,la propriété,,,​,​
53,B2,A1,B2,der Geist,Geister,die Geister,the spirit,l'esprit,,,​,​
53,B2,A1,B2,der Stand,Stände,die Stände,the stand,le stand,,,​,​
53,B2,A1,B2,das Element,Elemente,die Elemente,the element,l'élément,,,​,​
53,B2,A1,B2,die Mama,Mamas,die Mamas,the mother,la mère,Many loan words add an -s in their plural form,De nombreux noms communs d'origine étrangère prennent un -s au pluriel,<br><br>Many loan words add an -s in their plural form,<br><br>De nombreux noms communs d'origine étrangère prennent un -s au pluriel
53,B2,A1,B2,die Nutzung,Nutzungen,die Nutzungen,the use,l'utilisation,Words finishing in -ung add -en in their plural form,Les noms communs se terminant par -ung prennent la terminaison -en au pluriel,<br><br>Words finishing in -ung add -en in their plural form,<br><br>Les noms communs se terminant par -ung prennent la terminaison -en au pluriel
53,B2,A1,B2,die Basis,Basen,die Basen,the base,la base,,,​,​
53,B2,A1,B2,das Kriterium,Kriterien,die Kriterien,the criterion,le critère,,,​,​
53,B2,A2,B2,die Ansicht,Ansichten,die Ansichten,the view,la vue,,,​,​
53,B2,A2,B2,die Auseinandersetzung,Auseinandersetzungen,die Auseinandersetzungen,the dispute,le différend,Words finishing in -ung add -en in their plural form,Les noms communs se terminant par -ung prennent la terminaison -en au pluriel,<br><br>Words finishing in -ung add -en in their plural form,<br><br>Les noms communs se terminant par -ung prennent la terminaison -en au pluriel
53,B2,B1,B2,die Bürgermeister,Bürgermeister,die Bürgermeister,the mayor,le maire,,,​,​
53,B2,A2,B2,die Definition,Definitionen,die Definitionen,the definition,la définition,,,​,​
53,B2,A2,B2,die Masse,Massen,die Massen,the mass,la masse,Most words finishing in -e add a -n in their plural form,La plupart des noms communs se terminant par -e prennent un -n au pluriel,<br><br>Most words finishing in -e add a -n in their plural form,<br><br>La plupart des noms communs se terminant par -e prennent un -n au pluriel
53,B2,A2,B2,die Nation,Nationen,die Nationen,the nation,la nation,,,​,​
53,B2,A2,B2,die Phase,Phasen,die Phasen,the phase,la phase,Most words finishing in -e add a -n in their plural form,La plupart des noms communs se terminant par -e prennent un -n au pluriel,<br><br>Most words finishing in -e add a -n in their plural form,<br><br>La plupart des noms communs se terminant par -e prennent un -n au pluriel
54,B2,A2,B2,der Ton,Tone,die Tone,the tone,le ton,,,​,​
54,B2,A2,B2,die Gestalt,Gestalten,die Gestalten,the shape,la forme,,,​,​
54,B2,A2,B2,die Stellung,Stellungen,die Stellungen,the position,la position,Words finishing in -ung add -en in their plural form,Les noms communs se terminant par -ung prennent la terminaison -en au pluriel,<br><br>Words finishing in -ung add -en in their plural form,<br><br>Les noms communs se terminant par -ung prennent la terminaison -en au pluriel
54,B2,A2,B2,die Branche,Branchen,die Branchen,the industry,l'industrie,Most words finishing in -e add a -n in their plural form,La plupart des noms communs se terminant par -e prennent un -n au pluriel,<br><br>Most words finishing in -e add a -n in their plural form,<br><br>La plupart des noms communs se terminant par -e prennent un -n au pluriel
54,B2,A2,B2,der Umgang,Umgänge,die Umgänge,the handling,la manutention,,,​,​
54,B2,A2,B2,der Vorgang,Vorgänge,die Vorgänge,the process,le processus,,,​,​
54,B2,A2,B2,die Institution,Institutionen,die Institutionen,the institution,l'institution,,,​,​
54,B2,A2,B2,der Konzern,Konzerne,die Konzerne,the group,le groupe,,,​,​
54,B2,A2,B2,die Spitze,Spitzen,die Spitzen,the summit,le sommet,Most words finishing in -e add a -n in their plural form,La plupart des noms communs se terminant par -e prennent un -n au pluriel,<br><br>Most words finishing in -e add a -n in their plural form,<br><br>La plupart des noms communs se terminant par -e prennent un -n au pluriel
54,B2,A2,B2,die Weltmeisterschaft,Weltmeisterschaften,die Weltmeisterschaften,the World Cup,la Coupe du monde,,,​,​
54,B2,A2,B2,das Blut,Blute,die Blute,the blood,le sang,,,​,​
54,B2,A2,B2,das Gymnasium,Gymnasien,die Gymnasien,the high school,le lycée,,,​,​
54,B2,A2,B2,die Konsequenz,Konsequenzen,die Konsequenzen,the consequence,la conséquence,,,​,​
54,B2,A2,B2,der Verband,Verbände,die Verbände,the association,l'association,,,​,​
54,B2,A2,B2,die Aktie,Aktien,die Aktien,the stock,le stock,Most words finishing in -e add a -n in their plural form,La plupart des noms communs se terminant par -e prennent un -n au pluriel,<br><br>Most words finishing in -e add a -n in their plural form,<br><br>La plupart des noms communs se terminant par -e prennent un -n au pluriel
54,B2,A2,B2,der Anlass,Anlässe,die Anlässe,the occasion,l'occasion,,,​,​
54,B2,A2,B2,das Bundesland,Bundesländer,die Bundesländer,the federal state,l'État fédéral,,,​,​
54,B2,A2,B2,das Gut,Güter,die Güter,the good,le bien,,,​,​
54,B2,A2,B2,die Software,Softwares,die Softwares,the software,le logiciel,Many loan words add an -s in their plural form,De nombreux noms communs d'origine étrangère prennent un -s au pluriel,<br><br>Many loan words add an -s in their plural form,<br><br>De nombreux noms communs d'origine étrangère prennent un -s au pluriel
54,B2,A2,B2,die Anforderung,Anforderungen,die Anforderungen,the requirement,l'exigence,Words finishing in -ung add -en in their plural form,Les noms communs se terminant par -ung prennent la terminaison -en au pluriel,<br><br>Words finishing in -ung add -en in their plural form,<br><br>Les noms communs se terminant par -ung prennent la terminaison -en au pluriel
55,B2,A2,B2,die Belastung,Belastungen,die Belastungen,the burden,le fardeau,Words finishing in -ung add -en in their plural form,Les noms communs se terminant par -ung prennent la terminaison -en au pluriel,<br><br>Words finishing in -ung add -en in their plural form,<br><br>Les noms communs se terminant par -ung prennent la terminaison -en au pluriel
55,B2,A2,B2,der Effekt,Effekte,die Effekte,the effect,l'effet,,,​,​
55,B2,A2,B2,der Umfang,Umfänge,die Umfänge,the scope,la portée,,,​,​
55,B2,A2,B2,die Kommission,Kommissionen,die Kommissionen,the Commission,la Commission,,,​,​
55,B2,A2,B2,der Terrorist,Terroristen,die Terroristen,the terrorist,le terroriste,,,​,​
55,B2,A2,B2,die Welle,Wellen,die Wellen,the wave,la vague,Most words finishing in -e add a -n in their plural form,La plupart des noms communs se terminant par -e prennent un -n au pluriel,<br><br>Most words finishing in -e add a -n in their plural form,<br><br>La plupart des noms communs se terminant par -e prennent un -n au pluriel
55,B2,A2,B2,die Auswirkung,Auswirkungen,die Auswirkungen,the effect,l'effet,Words finishing in -ung add -en in their plural form,Les noms communs se terminant par -ung prennent la terminaison -en au pluriel,<br><br>Words finishing in -ung add -en in their plural form,<br><br>Les noms communs se terminant par -ung prennent la terminaison -en au pluriel
55,B2,A2,B2,das Bedürfnis,Bedürfnisse,die Bedürfnisse,the need,le besoin,,,​,​
55,B2,A2,B2,die Haltung,Haltungen,die Haltungen,the attitude,l'attitude,Words finishing in -ung add -en in their plural form,Les noms communs se terminant par -ung prennent la terminaison -en au pluriel,<br><br>Words finishing in -ung add -en in their plural form,<br><br>Les noms communs se terminant par -ung prennent la terminaison -en au pluriel
55,B2,A2,B2,die Waffe,Waffen,die Waffen,the weapon,l'arme,Most words finishing in -e add a -n in their plural form,La plupart des noms communs se terminant par -e prennent un -n au pluriel,<br><br>Most words finishing in -e add a -n in their plural form,<br><br>La plupart des noms communs se terminant par -e prennent un -n au pluriel
55,B2,A2,B2,die Fahrt,Fahrten,die Fahrten,the ride,le trajet,,,​,​
55,B2,A2,B2,die Förderung,Förderungen,die Förderungen,the promotion,la promotion,Words finishing in -ung add -en in their plural form,Les noms communs se terminant par -ung prennent la terminaison -en au pluriel,<br><br>Words finishing in -ung add -en in their plural form,<br><br>Les noms communs se terminant par -ung prennent la terminaison -en au pluriel
55,B2,A2,B2,die Koalition,Koalitionen,die Koalitionen,the coalition,la coalition,,,​,​
55,B2,A2,B2,der Manager,Manager,die Manager,the manager,le gérant,,,​,​
55,B2,A2,B2,die Quelle,Quellen,die Quellen,the source,la source,Most words finishing in -e add a -n in their plural form,La plupart des noms communs se terminant par -e prennent un -n au pluriel,<br><br>Most words finishing in -e add a -n in their plural form,<br><br>La plupart des noms communs se terminant par -e prennent un -n au pluriel
55,B2,A2,B2,der Umsatz,Umsätze,die Umsätze,the revenue,le revenu,,,​,​
55,B2,A2,B2,die Verwendung,Verwendungen,die Verwendungen,the use,l'utilisation,Words finishing in -ung add -en in their plural form,Les noms communs se terminant par -ung prennent la terminaison -en au pluriel,<br><br>Words finishing in -ung add -en in their plural form,<br><br>Les noms communs se terminant par -ung prennent la terminaison -en au pluriel
55,B2,A2,B2,die Bundesregierung,Bundesregierungen,die Bundesregierungen,the Federal Government,le gouvernement fédéral,Words finishing in -ung add -en in their plural form,Les noms communs se terminant par -ung prennent la terminaison -en au pluriel,<br><br>Words finishing in -ung add -en in their plural form,<br><br>Les noms communs se terminant par -ung prennent la terminaison -en au pluriel
55,B2,A2,B2,das Merkmal,Merkmale,die Merkmale,the characteristic,la caractéristique,,,​,​
55,B2,A2,B2,das Parlament,Parlamente,die Parlamente,the parliament,le parlement,,,​,​
56,B2,A2,B2,die Perspektive,Perspektiven,die Perspektiven,the perspective,la perspective,Most words finishing in -e add a -n in their plural form,La plupart des noms communs se terminant par -e prennent un -n au pluriel,<br><br>Most words finishing in -e add a -n in their plural form,<br><br>La plupart des noms communs se terminant par -e prennent un -n au pluriel
56,B2,A2,B2,das Phänomen,Phänomene,die Phänomene,the phenomenon,le phénomène,,,​,​
56,B2,A2,B2,die Suche,Suchen,die Suchen,the search,la recherche,Most words finishing in -e add a -n in their plural form,La plupart des noms communs se terminant par -e prennent un -n au pluriel,<br><br>Most words finishing in -e add a -n in their plural form,<br><br>La plupart des noms communs se terminant par -e prennent un -n au pluriel
56,B2,A2,B2,der Weltkrieg,Weltkriege,die Weltkriege,the World War,la guerre mondiale,,,​,​
56,B2,A2,B2,der Arbeitgeber,Arbeitgeber,die Arbeitgeber,the employer,l'employeur,,,​,​
56,B2,A2,B2,der Aufbau,Aufbauten,die Aufbauten,the structure,la structure,,,​,​
56,B2,A2,B2,die Formel,Formeln,die Formeln,the formula,la formule,,,​,​
56,B2,A2,B2,der Wille,Willen,die Willen,the will,le testament,Most words finishing in -e add a -n in their plural form,La plupart des noms communs se terminant par -e prennent un -n au pluriel,<br><br>Most words finishing in -e add a -n in their plural form,<br><br>La plupart des noms communs se terminant par -e prennent un -n au pluriel
56,B2,A2,B2,die Debatte,Debatten,die Debatten,the debate,le débat,Most words finishing in -e add a -n in their plural form,La plupart des noms communs se terminant par -e prennent un -n au pluriel,<br><br>Most words finishing in -e add a -n in their plural form,<br><br>La plupart des noms communs se terminant par -e prennent un -n au pluriel
56,B2,A2,B2,die Hinsicht,Hinsichten,die Hinsichten,the view,la vue,,,​,​
56,B2,A2,B2,die Weile,Weilen,die Weilen,the while,pendant ce temps,Most words finishing in -e add a -n in their plural form,La plupart des noms communs se terminant par -e prennent un -n au pluriel,<br><br>Most words finishing in -e add a -n in their plural form,<br><br>La plupart des noms communs se terminant par -e prennent un -n au pluriel
56,B2,A2,B2,die Schicht,Schichten,die Schichten,the layer,la couche,,,​,​
56,B2,A2,B2,der Schwerpunkt,Schwerpunkte,die Schwerpunkte,the focus,l'accent,,,​,​
56,B2,A2,B2,die Verhandlung,Verhandlungen,die Verhandlungen,the negotiation,la négociation,Words finishing in -ung add -en in their plural form,Les noms communs se terminant par -ung prennent la terminaison -en au pluriel,<br><br>Words finishing in -ung add -en in their plural form,<br><br>Les noms communs se terminant par -ung prennent la terminaison -en au pluriel
56,B2,A2,B2,der Ablauf,Abläufe,die Abläufe,the process,le processus,,,​,​
56,B2,A2,B2,der Arbeitnehmer,Arbeitnehmer,die Arbeitnehmer,the employee,l'employé,,,​,​
56,B2,A2,B2,das Drittel,Drittel,die Drittel,the third,le troisième,,,​,​
56,B2,A2,B2,der Kanzler,Kanzler,die Kanzler,the Chancellor,le chancelier,,,​,​
56,B2,A2,B2,das Management,Managements,die Managements,the management,la direction,Many loan words add an -s in their plural form,De nombreux noms communs d'origine étrangère prennent un -s au pluriel,<br><br>Many loan words add an -s in their plural form,<br><br>De nombreux noms communs d'origine étrangère prennent un -s au pluriel
56,B2,A2,B2,der Millimeter,Millimeter,die Millimeter,the millimeter,le millimètre,,,​,​
57,B2,A2,B2,der Minister,Minister,die Minister,the minister,le ministre,,,​,​
57,B2,A2,B2,die Platte,Platten,die Platten,the record,le record,Most words finishing in -e add a -n in their plural form,La plupart des noms communs se terminant par -e prennent un -n au pluriel,<br><br>Most words finishing in -e add a -n in their plural form,<br><br>La plupart des noms communs se terminant par -e prennent un -n au pluriel
57,B2,A2,B2,der Widerstand,Widerstände,die Widerstände,the resistance,la résistance,,,​,​
57,B2,A2,B2,die Investition,Investitionen,die Investitionen,the investment,l'investissement,,,​,​
57,B2,A2,B2,die Stärke,Stärken,die Stärken,the strength,la force,Most words finishing in -e add a -n in their plural form,La plupart des noms communs se terminant par -e prennent un -n au pluriel,<br><br>Most words finishing in -e add a -n in their plural form,<br><br>La plupart des noms communs se terminant par -e prennent un -n au pluriel
57,B2,A2,B2,die Überlegung,Überlegungen,die Überlegungen,the consideration,la considération,Words finishing in -ung add -en in their plural form,Les noms communs se terminant par -ung prennent la terminaison -en au pluriel,<br><br>Words finishing in -ung add -en in their plural form,<br><br>Les noms communs se terminant par -ung prennent la terminaison -en au pluriel
57,B2,A2,B2,die Armee,Armeen,die Armeen,the army,l'armée,Most words finishing in -e add a -n in their plural form,La plupart des noms communs se terminant par -e prennent un -n au pluriel,<br><br>Most words finishing in -e add a -n in their plural form,<br><br>La plupart des noms communs se terminant par -e prennent un -n au pluriel
57,B2,A2,B2,die Atmosphäre,Atmosphären,die Atmosphären,the atmosphere,l'atmosphère,Most words finishing in -e add a -n in their plural form,La plupart des noms communs se terminant par -e prennent un -n au pluriel,<br><br>Most words finishing in -e add a -n in their plural form,<br><br>La plupart des noms communs se terminant par -e prennent un -n au pluriel
57,B2,A2,B2,die Erkrankung,Erkrankungen,die Erkrankungen,the disease,la maladie,Words finishing in -ung add -en in their plural form,Les noms communs se terminant par -ung prennent la terminaison -en au pluriel,<br><br>Words finishing in -ung add -en in their plural form,<br><br>Les noms communs se terminant par -ung prennent la terminaison -en au pluriel
57,B2,A2,B2,das Gehirn,Gehirne,die Gehirne,the brain,le cerveau,,,​,​
57,B2,A2,B2,die Stirn,Stirnen,die Stirnen,the forehead,le front,,,​,​
57,B2,A2,B2,die Strategie,Strategien,die Strategien,the strategy,la stratégie,Most words finishing in -e add a -n in their plural form,La plupart des noms communs se terminant par -e prennent un -n au pluriel,<br><br>Most words finishing in -e add a -n in their plural form,<br><br>La plupart des noms communs se terminant par -e prennent un -n au pluriel
57,B2,A2,B2,der Wechsel,Wechsel,die Wechsel,the change,le changement,,,​,​
57,B2,A2,B2,der Bundeskanzler,Bundeskanzler,die Bundeskanzler,the Federal Chancellor,le chancelier fédéral,,,​,​
57,B2,A2,B2,die Demokratie,Demokratien,die Demokratien,democracy,la démocratie,Most words finishing in -e add a -n in their plural form,La plupart des noms communs se terminant par -e prennent un -n au pluriel,<br><br>Most words finishing in -e add a -n in their plural form,<br><br>La plupart des noms communs se terminant par -e prennent un -n au pluriel
57,B2,A2,B2,die Erwartung,Erwartungen,die Erwartungen,the expectation,l'attente,Words finishing in -ung add -en in their plural form,Les noms communs se terminant par -ung prennent la terminaison -en au pluriel,<br><br>Words finishing in -ung add -en in their plural form,<br><br>Les noms communs se terminant par -ung prennent la terminaison -en au pluriel
57,B2,A2,B2,die Kombination,Kombinationen,die Kombinationen,the combination,la combinaison,,,​,​
57,B2,A2,B2,das Niveau,Niveaus,die Niveaus,the level,le niveau,Many loan words add an -s in their plural form,De nombreux noms communs d'origine étrangère prennent un -s au pluriel,<br><br>Many loan words add an -s in their plural form,<br><br>De nombreux noms communs d'origine étrangère prennent un -s au pluriel
57,B2,A2,B2,der Pfarrer,Pfarrer,die Pfarrer,the pastor,le pasteur,,,​,​
57,B2,A2,B2,das Schicksal,Schicksale,die Schicksale,the fate,la destin,,,​,​
58,B2,A2,B2,der Standort,Standorte,die Standorte,the location,l'emplacement,,,​,​
58,B2,A2,B2,die Dimension,Dimensionen,die Dimensionen,the dimension,la dimension,,,​,​
58,B2,A2,B2,der Forscher,Forscher,die Forscher,the researcher,le chercheur,,,​,​
58,B2,A2,B2,die Kategorie,Kategorien,die Kategorien,the category,la catégorie,Most words finishing in -e add a -n in their plural form,La plupart des noms communs se terminant par -e prennent un -n au pluriel,<br><br>Most words finishing in -e add a -n in their plural form,<br><br>La plupart des noms communs se terminant par -e prennent un -n au pluriel
58,B2,A2,B2,der Organismus,Organismen,die Organismen,the organism,l'organisme,,,​,​
58,B2,A2,B2,die Verbesserung,Verbesserungen,die Verbesserungen,the improvement,l'amélioration,Words finishing in -ung add -en in their plural form,Les noms communs se terminant par -ung prennent la terminaison -en au pluriel,<br><br>Words finishing in -ung add -en in their plural form,<br><br>Les noms communs se terminant par -ung prennent la terminaison -en au pluriel
58,B2,A2,B2,die Verpflichtung,Verpflichtungen,die Verpflichtungen,the obligation,l'obligation,Words finishing in -ung add -en in their plural form,Les noms communs se terminant par -ung prennent la terminaison -en au pluriel,<br><br>Words finishing in -ung add -en in their plural form,<br><br>Les noms communs se terminant par -ung prennent la terminaison -en au pluriel
58,B2,A2,B2,die Betrachtung,Betrachtungen,die Betrachtungen,the consideration,la considération,Words finishing in -ung add -en in their plural form,Les noms communs se terminant par -ung prennent la terminaison -en au pluriel,<br><br>Words finishing in -ung add -en in their plural form,<br><br>Les noms communs se terminant par -ung prennent la terminaison -en au pluriel
58,B2,A2,B2,die Kompetenz,Kompetenzen,die Kompetenzen,the competence,la compétence,,,​,​
58,B2,A2,B2,der Mittelpunkt,Mittelpunkte,die Mittelpunkte,the center,le centre,,,​,​
58,B2,A2,B2,das Vermögen,Vermögen,die Vermögen,the assets,le patrimoine,,,​,​
58,B2,A2,B2,das Wesen,Wesen,die Wesen,the essence,l'essence,,,​,​
58,B2,A2,B2,die Beobachtung,Beobachtungen,die Beobachtungen,the observation,l'observation,Words finishing in -ung add -en in their plural form,Les noms communs se terminant par -ung prennent la terminaison -en au pluriel,<br><br>Words finishing in -ung add -en in their plural form,<br><br>Les noms communs se terminant par -ung prennent la terminaison -en au pluriel
58,B2,A2,B2,der Bestandteil,Bestandteile,die Bestandteile,the component,le composant,,,​,​
58,B2,A2,B2,die Beteiligung,Beteiligungen,die Beteiligungen,the participation,la participation,Words finishing in -ung add -en in their plural form,Les noms communs se terminant par -ung prennent la terminaison -en au pluriel,<br><br>Words finishing in -ung add -en in their plural form,<br><br>Les noms communs se terminant par -ung prennent la terminaison -en au pluriel
58,B2,A2,B2,die Bewertung,Bewertungen,die Bewertungen,the rating,la note,Words finishing in -ung add -en in their plural form,Les noms communs se terminant par -ung prennent la terminaison -en au pluriel,<br><br>Words finishing in -ung add -en in their plural form,<br><br>Les noms communs se terminant par -ung prennent la terminaison -en au pluriel
58,B2,A2,B2,die Bezeichnung,Bezeichnungen,die Bezeichnungen,the designation,la désignation,Words finishing in -ung add -en in their plural form,Les noms communs se terminant par -ung prennent la terminaison -en au pluriel,<br><br>Words finishing in -ung add -en in their plural form,<br><br>Les noms communs se terminant par -ung prennent la terminaison -en au pluriel
58,B2,A2,B2,der Gebrauch,Gebräuche,die Gebräuche,the use,l'utilisation,,,​,​
58,B2,A2,B2,der Geschäftsführer,Geschäftsführer,die Geschäftsführer,the managing director,le directeur général,,,​,​
58,B2,A2,B2,der Ministerpräsident,Ministerpräsidenten,die Ministerpräsidenten,the Prime Minister,le Premier ministre,,,​,​
59,B2,A2,B2,der Ruf,Rufe,die Rufe,the reputation,la réputation,,,​,​
59,B2,A2,B2,das Signal,Signale,die Signale,the signal,le signal,,,​,​
59,B2,A2,B2,der Standard,Standards,die Standards,the standard,la norme,Many loan words add an -s in their plural form,De nombreux noms communs d'origine étrangère prennent un -s au pluriel,<br><br>Many loan words add an -s in their plural form,<br><br>De nombreux noms communs d'origine étrangère prennent un -s au pluriel
59,B2,A2,B2,die Substanz,Substanzen,die Substanzen,the substance,la substance,,,​,​
59,B2,A2,B2,das Teilchen,Teilchen,die Teilchen,the particle,la particule,,,​,​
59,B2,A2,B2,der Vordergrund,Vordergründe,die Vordergründe,the foreground,le premier plan,,,​,​
59,B2,A2,B2,das Experiment,Experimente,die Experimente,the experiment,l'expérience,,,​,​
59,B2,A2,B2,der Grundsatz,Grundsätze,die Grundsätze,the principle,le principe,,,​,​
59,B2,A2,B2,die Komponente,Komponenten,die Komponenten,the component,le composant,Most words finishing in -e add a -n in their plural form,La plupart des noms communs se terminant par -e prennent un -n au pluriel,<br><br>Most words finishing in -e add a -n in their plural form,<br><br>La plupart des noms communs se terminant par -e prennent un -n au pluriel
59,B2,A2,B2,die Oberfläche,Oberflächen,die Oberflächen,the surface,la surface,Most words finishing in -e add a -n in their plural form,La plupart des noms communs se terminant par -e prennent un -n au pluriel,<br><br>Most words finishing in -e add a -n in their plural form,<br><br>La plupart des noms communs se terminant par -e prennent un -n au pluriel
59,B2,A2,B2,das Reich,Reiche,die Reiche,the Empire,l'Empire,,,​,​
59,B2,A2,B2,das Rennen,Rennen,die Rennen,the race,la course,,,​,​
59,B2,A2,B2,der Schlag,Schläge,die Schläge,the blow,le coup,,,​,​
59,B2,A2,B2,die Spannung,Spannungen,die Spannungen,the tension,la tension,Words finishing in -ung add -en in their plural form,Les noms communs se terminant par -ung prennent la terminaison -en au pluriel,<br><br>Words finishing in -ung add -en in their plural form,<br><br>Les noms communs se terminant par -ung prennent la terminaison -en au pluriel
59,B2,A2,B2,die Truppe,Truppen,die Truppen,the troop,la troupe,Most words finishing in -e add a -n in their plural form,La plupart des noms communs se terminant par -e prennent un -n au pluriel,<br><br>Most words finishing in -e add a -n in their plural form,<br><br>La plupart des noms communs se terminant par -e prennent un -n au pluriel
59,B2,A2,B2,das Umfeld,Umfelder,die Umfelder,the environment,l'environnement,,,​,​
59,B2,A2,B2,der Verbraucher,Verbraucher,die Verbraucher,the consumer,le consommateur,,,​,​
59,B2,A2,B2,der Verkauf,Verkäufe,die Verkäufe,the sale,la vente,,,​,​
59,B2,A2,B2,das Vorjahr,Vorjahre,die Vorjahre,the previous year,l'année précédente,,,​,​
59,B2,A2,B2,die Bilanz,Bilanzen,die Bilanzen,the balance sheet,le bilan,,,​,​
60,B2,A2,B2,die Identität,Identitäten,die Identitäten,the identity,l'identité,,,​,​
60,B2,A2,B2,das Quartal,Quartale,die Quartale,the quarter,le trimestre,,,​,​
60,B2,A2,B2,die Tiefe,Tiefen,die Tiefen,the depth,la profondeur,Most words finishing in -e add a -n in their plural form,La plupart des noms communs se terminant par -e prennent un -n au pluriel,<br><br>Most words finishing in -e add a -n in their plural form,<br><br>La plupart des noms communs se terminant par -e prennent un -n au pluriel
60,B2,A2,B2,der Verlauf,Verläufe,die Verläufe,the course,le cours,,,​,​
60,B2,A2,B2,der Aktionär,Aktionäre,die Aktionäre,the shareholder,l'actionnaire,,,​,​
60,B2,A2,B2,die Auffassung,Auffassungen,die Auffassungen,the view,la vue,Words finishing in -ung add -en in their plural form,Les noms communs se terminant par -ung prennent la terminaison -en au pluriel,<br><br>Words finishing in -ung add -en in their plural form,<br><br>Les noms communs se terminant par -ung prennent la terminaison -en au pluriel
60,B2,A2,B2,der Charakter,Charaktere,die Charaktere,the character,le personnage,,,​,​
60,B2,A2,B2,die Informationstechnologie,Informationstechnologien,die Informationstechnologien,information technology,l'informatique,Most words finishing in -e add a -n in their plural form,La plupart des noms communs se terminant par -e prennent un -n au pluriel,<br><br>Most words finishing in -e add a -n in their plural form,<br><br>La plupart des noms communs se terminant par -e prennent un -n au pluriel
60,B2,A2,B2,die Niederlage,Niederlagen,die Niederlagen,the defeat,la défaite,Most words finishing in -e add a -n in their plural form,La plupart des noms communs se terminant par -e prennent un -n au pluriel,<br><br>Most words finishing in -e add a -n in their plural form,<br><br>La plupart des noms communs se terminant par -e prennent un -n au pluriel
60,B2,A2,B2,die Norm,Normen,die Normen,the norm,la norme,,,​,​
60,B2,A2,B2,die Sitzung,Sitzungen,die Sitzungen,the session,la session,Words finishing in -ung add -en in their plural form,Les noms communs se terminant par -ung prennent la terminaison -en au pluriel,<br><br>Words finishing in -ung add -en in their plural form,<br><br>Les noms communs se terminant par -ung prennent la terminaison -en au pluriel
60,B2,A2,B2,der Vorstand,Vorstände,die Vorstände,the board,le conseil d'administration,,,​,​
60,B2,A2,B2,die Annahme,Annahmen,die Annahmen,the assumption,l'hypothèse,Most words finishing in -e add a -n in their plural form,La plupart des noms communs se terminant par -e prennent un -n au pluriel,<br><br>Most words finishing in -e add a -n in their plural form,<br><br>La plupart des noms communs se terminant par -e prennent un -n au pluriel
60,B2,A2,B2,das Argument,Argumente,die Argumente,the argument,l'argument,,,​,​
60,B2,A2,B2,das Arzneimittel,Arzneimittel,die Arzneimittel,the drug,le médicament,,,​,​
60,B2,A2,B2,der Außenminister,Außenminister,die Außenminister,the foreign minister,le ministre des Affaires étrangères,,,​,​
60,B2,A2,B2,der Benutzer,Benutzer,die Benutzer,the user,l'utilisateur,,,​,​
60,B2,A2,B2,die Disziplin,Disziplinen,die Disziplinen,the discipline,la discipline,,,​,​
60,B2,A2,B2,die Existenz,Existenzen,die Existenzen,the existence,l'existence,,,​,​
60,B2,A2,B2,die Fraktion,Fraktionen,die Fraktionen,the parliamentary group,le groupe parlementaire,,,​,​
61,B2,A2,B2,das Grundgesetz,Grundgesetze,die Grundgesetze,the Basic Law,la loi fondamentale,,,​,​
61,B2,A2,B2,das Individuum,Individuen,die Individuen,the individual,l'individu,,,​,​
61,B2,A2,B2,das Motiv,Motive,die Motive,the motif,le motif,,,​,​
61,B2,A2,B2,die Opposition,Oppositionen,die Oppositionen,the opposition,l'opposition,,,​,​
61,B2,A2,B2,der Papa,Papas,die Papas,the dad,le père,Many loan words add an -s in their plural form,De nombreux noms communs d'origine étrangère prennent un -s au pluriel,<br><br>Many loan words add an -s in their plural form,<br><br>De nombreux noms communs d'origine étrangère prennent un -s au pluriel
61,B2,A2,B2,die Tendenz,Tendenzen,die Tendenzen,the tendency,la tendance,,,​,​
61,B2,A2,B2,die Umsetzung,Umsetzungen,die Umsetzungen,the implementation,la mise en œuvre,Words finishing in -ung add -en in their plural form,Les noms communs se terminant par -ung prennent la terminaison -en au pluriel,<br><br>Words finishing in -ung add -en in their plural form,<br><br>Les noms communs se terminant par -ung prennent la terminaison -en au pluriel
61,B2,A2,B2,die Versorgung,Versorgungen,die Versorgungen,the supply,l'approvisionnement,Words finishing in -ung add -en in their plural form,Les noms communs se terminant par -ung prennent la terminaison -en au pluriel,<br><br>Words finishing in -ung add -en in their plural form,<br><br>Les noms communs se terminant par -ung prennent la terminaison -en au pluriel
61,B2,A2,B2,die Angelegenheit,Angelegenheiten,die Angelegenheiten,the matter,la question,Words finishing in -heit add -en in their plural form,Les mots se terminant par -heit prennent la terminaison -en au pluriel,<br><br>Words finishing in -heit add -en in their plural form,<br><br>Les mots se terminant par -heit prennent la terminaison -en au pluriel
61,B2,A2,B2,das Ausmaß,Ausmaße,die Ausmaße,the extent,l'étendue,,,​,​
61,B2,A2,B2,das Engagement,Engagements,die Engagements,the commitment,l'engagement,Many loan words add an -s in their plural form,De nombreux noms communs d'origine étrangère prennent un -s au pluriel,<br><br>Many loan words add an -s in their plural form,<br><br>De nombreux noms communs d'origine étrangère prennent un -s au pluriel
61,B2,A2,B2,die Handlung,Handlungen,die Handlungen,the plot,l'intrigue,Words finishing in -ung add -en in their plural form,Les noms communs se terminant par -ung prennent la terminaison -en au pluriel,<br><br>Words finishing in -ung add -en in their plural form,<br><br>Les noms communs se terminant par -ung prennent la terminaison -en au pluriel
61,B2,A2,B2,das Immunsystem,Immunsysteme,die Immunsysteme,the immune system,le système immunitaire,,,​,​
61,B2,A2,B2,die Persönlichkeit,Persönlichkeiten,die Persönlichkeiten,the personality,la personnalité,Words finishing in -keit add -en in their plural form,Les noms communs se terminant par -ung prennent la terminaison -en au pluriel,<br><br>Words finishing in -keit add -en in their plural form,<br><br>Les noms communs se terminant par -ung prennent la terminaison -en au pluriel
61,B2,A2,B2,der Schreibtisch,Schreibtische,die Schreibtische,the desk,le bureau,,,​,​
61,B2,A2,B2,die Seele,Seelen,die Seelen,the soul,l'âme,Most words finishing in -e add a -n in their plural form,La plupart des noms communs se terminant par -e prennent un -n au pluriel,<br><br>Most words finishing in -e add a -n in their plural form,<br><br>La plupart des noms communs se terminant par -e prennent un -n au pluriel
61,B2,A2,B2,die Unternehmung,Unternehmungen,die Unternehmungen,the company,l'entreprise,Words finishing in -ung add -en in their plural form,Les noms communs se terminant par -ung prennent la terminaison -en au pluriel,<br><br>Words finishing in -ung add -en in their plural form,<br><br>Les noms communs se terminant par -ung prennent la terminaison -en au pluriel
61,B2,A2,B2,die Vereinbarung,Vereinbarungen,die Vereinbarungen,the agreement,l'accord,Words finishing in -ung add -en in their plural form,Les noms communs se terminant par -ung prennent la terminaison -en au pluriel,<br><br>Words finishing in -ung add -en in their plural form,<br><br>Les noms communs se terminant par -ung prennent la terminaison -en au pluriel
61,B2,A2,B2,die Wahrnehmung,Wahrnehmungen,die Wahrnehmungen,the perception,la perception,Words finishing in -ung add -en in their plural form,Les noms communs se terminant par -ung prennent la terminaison -en au pluriel,<br><br>Words finishing in -ung add -en in their plural form,<br><br>Les noms communs se terminant par -ung prennent la terminaison -en au pluriel
61,B2,A2,B2,die Äußerung,Äußerungen,die Äußerungen,the statement,la déclaration,Words finishing in -ung add -en in their plural form,Les noms communs se terminant par -ung prennent la terminaison -en au pluriel,<br><br>Words finishing in -ung add -en in their plural form,<br><br>Les noms communs se terminant par -ung prennent la terminaison -en au pluriel
62,B2,A2,B2,die Begegnung,Begegnungen,die Begegnungen,the encounter,la rencontre,Words finishing in -ung add -en in their plural form,Les noms communs se terminant par -ung prennent la terminaison -en au pluriel,<br><br>Words finishing in -ung add -en in their plural form,<br><br>Les noms communs se terminant par -ung prennent la terminaison -en au pluriel
62,B2,A2,B2,die Dienstleistung,Dienstleistungen,die Dienstleistungen,the service,le service,Words finishing in -ung add -en in their plural form,Les noms communs se terminant par -ung prennent la terminaison -en au pluriel,<br><br>Words finishing in -ung add -en in their plural form,<br><br>Les noms communs se terminant par -ung prennent la terminaison -en au pluriel
62,B2,A2,B2,die Ferne,Fernen,die Fernen,the distance,la distance,Most words finishing in -e add a -n in their plural form,La plupart des noms communs se terminant par -e prennent un -n au pluriel,<br><br>Most words finishing in -e add a -n in their plural form,<br><br>La plupart des noms communs se terminant par -e prennent un -n au pluriel
62,B2,A2,B2,die Gründung,Gründungen,die Gründungen,the founding,la fondation,Words finishing in -ung add -en in their plural form,Les noms communs se terminant par -ung prennent la terminaison -en au pluriel,<br><br>Words finishing in -ung add -en in their plural form,<br><br>Les noms communs se terminant par -ung prennent la terminaison -en au pluriel
62,B2,A2,B2,die Sammlung,Sammlungen,die Sammlungen,the collection,la collection,Words finishing in -ung add -en in their plural form,Les noms communs se terminant par -ung prennent la terminaison -en au pluriel,<br><br>Words finishing in -ung add -en in their plural form,<br><br>Les noms communs se terminant par -ung prennent la terminaison -en au pluriel
62,B2,A2,B2,die Tonne,Tonnen,die Tonnen,the barrel,le tonneau,Most words finishing in -e add a -n in their plural form,La plupart des noms communs se terminant par -e prennent un -n au pluriel,<br><br>Most words finishing in -e add a -n in their plural form,<br><br>La plupart des noms communs se terminant par -e prennent un -n au pluriel
62,B2,A2,B2,der Träger,Träger,die Träger,the carrier,le transporteur,,,​,​
62,B2,A2,B2,der Trend,Trends,die Trends,the trend,la tendance,Many loan words add an -s in their plural form,De nombreux noms communs d'origine étrangère prennent un -s au pluriel,<br><br>Many loan words add an -s in their plural form,<br><br>De nombreux noms communs d'origine étrangère prennent un -s au pluriel
62,B2,A2,B2,die Variante,Varianten,die Varianten,the variant,la variante,Most words finishing in -e add a -n in their plural form,La plupart des noms communs se terminant par -e prennent un -n au pluriel,<br><br>Most words finishing in -e add a -n in their plural form,<br><br>La plupart des noms communs se terminant par -e prennent un -n au pluriel
62,B2,A2,B2,der Aufwand,Aufwände,die Aufwände,the effort,l'effort,,,​,​
62,B2,A2,B2,die Berechnung,Berechnungen,die Berechnungen,the calculation,le calcul,Words finishing in -ung add -en in their plural form,Les noms communs se terminant par -ung prennent la terminaison -en au pluriel,<br><br>Words finishing in -ung add -en in their plural form,<br><br>Les noms communs se terminant par -ung prennent la terminaison -en au pluriel
62,B2,A2,B2,der Bestandteil,Bestandteile,die Bestandteile,the component,le composant,,,​,​
62,B2,A2,B2,das Entwicklungsland,Entwicklungsländer,die Entwicklungsländer,the developing country,le pays en développement,,,​,​
62,B2,A2,B2,der Entwurf,Entwürfe,die Entwürfe,the design,le design,,,​,​
62,B2,A2,B2,die Fachhochschule,Fachhochschulen,die Fachhochschulen,the university of applied sciences,l'université des sciences appliquées,Most words finishing in -e add a -n in their plural form,La plupart des noms communs se terminant par -e prennent un -n au pluriel,<br><br>Most words finishing in -e add a -n in their plural form,<br><br>La plupart des noms communs se terminant par -e prennent un -n au pluriel
62,B2,A2,B2,die Finanzierung,Finanzierungen,die Finanzierungen,the financing,le financement,Words finishing in -ung add -en in their plural form,Les noms communs se terminant par -ung prennent la terminaison -en au pluriel,<br><br>Words finishing in -ung add -en in their plural form,<br><br>Les noms communs se terminant par -ung prennent la terminaison -en au pluriel
62,B2,A2,B2,der Impuls,Impulse,die Impulse,the impulse,l'impulsion,,,​,​
62,B2,A2,B2,der Kern,Kerne,die Kerne,the core,le noyau,,,​,​
62,B2,A2,B2,der Rang,Ränge,die Ränge,the rank,le rang,,,​,​
62,B2,A2,B2,der Regisseur,Regisseure,die Regisseure,the director,le directeur,,,​,​
63,B2,A2,B2,die Republik,Republiken,die Republiken,the Republic,la République,,,​,​
63,B2,A2,B2,der Wahlkampf,Wahlkampfen,die Wahlkampfen,the election campaign,la campagne électorale,,,​,​
63,B2,A2,B2,die Anstrengung,Anstrengungen,die Anstrengungen,the effort,l'effort,Words finishing in -ung add -en in their plural form,Les noms communs se terminant par -ung prennent la terminaison -en au pluriel,<br><br>Words finishing in -ung add -en in their plural form,<br><br>Les noms communs se terminant par -ung prennent la terminaison -en au pluriel
63,B2,A2,B2,die Behinderung,Behinderungen,die Behinderungen,the disability,le handicap,Words finishing in -ung add -en in their plural form,Les noms communs se terminant par -ung prennent la terminaison -en au pluriel,<br><br>Words finishing in -ung add -en in their plural form,<br><br>Les noms communs se terminant par -ung prennent la terminaison -en au pluriel
63,B2,A2,B2,die Berücksichtigung,Berücksichtigungen,die Berücksichtigungen,the consideration,la considération,Words finishing in -ung add -en in their plural form,Les noms communs se terminant par -ung prennent la terminaison -en au pluriel,<br><br>Words finishing in -ung add -en in their plural form,<br><br>Les noms communs se terminant par -ung prennent la terminaison -en au pluriel
63,B2,A2,B2,der Bord,Borde,die Borde,the board,le conseil d'administration,,,​,​
63,B2,A2,B2,der Dichter,Dichter,die Dichter,the poet,le poète,,,​,​
63,B2,A2,B2,der Eingriff,Eingriffe,die Eingriffe,the procedure,la procédure,,,​,​
63,B2,A2,B2,die Kooperation,Kooperationen,die Kooperationen,the cooperation,la coopération,,,​,​
63,B2,B1,B2,die Übertragung,Übertragungen,die Übertragungen,the transfer,le transfert,Words finishing in -ung add -en in their plural form,Les noms communs se terminant par -ung prennent la terminaison -en au pluriel,<br><br>Words finishing in -ung add -en in their plural form,<br><br>Les noms communs se terminant par -ung prennent la terminaison -en au pluriel
63,B2,B1,B2,die Verfassung,Verfassungen,die Verfassungen,the constitution,la constitution,Words finishing in -ung add -en in their plural form,Les noms communs se terminant par -ung prennent la terminaison -en au pluriel,<br><br>Words finishing in -ung add -en in their plural form,<br><br>Les noms communs se terminant par -ung prennent la terminaison -en au pluriel
63,B2,B1,B2,die Absicht,Absichten,die Absichten,the intention,l'intention,,,​,​
63,B2,B1,B2,die Aufmerksamkeit,Aufmerksamkeiten,die Aufmerksamkeiten,the attention,l'attention,Words finishing in -keit add -en in their plural form,Les noms communs se terminant par -ung prennent la terminaison -en au pluriel,<br><br>Words finishing in -keit add -en in their plural form,<br><br>Les noms communs se terminant par -ung prennent la terminaison -en au pluriel
63,B2,B1,B2,der Beschluss,Beschlüsse,die Beschlüsse,the decision,la décision,,,​,​
63,B2,B1,B2,die Bibel,Bibeln,die Bibeln,the Bible,la Bible,,,​,​
63,B2,B1,B2,die Bindung,Bindungen,die Bindungen,the bond,le lien,Words finishing in -ung add -en in their plural form,Les noms communs se terminant par -ung prennent la terminaison -en au pluriel,<br><br>Words finishing in -ung add -en in their plural form,<br><br>Les noms communs se terminant par -ung prennent la terminaison -en au pluriel
63,B2,B1,B2,die Börse,Börsen,die Börsen,the stock exchange,la bourse,Most words finishing in -e add a -n in their plural form,La plupart des noms communs se terminant par -e prennent un -n au pluriel,<br><br>Most words finishing in -e add a -n in their plural form,<br><br>La plupart des noms communs se terminant par -e prennent un -n au pluriel
63,B2,B1,B2,der Ehegatte,Ehegatten,die Ehegatten,the spouse,le conjoint,Most words finishing in -e add a -n in their plural form,La plupart des noms communs se terminant par -e prennent un -n au pluriel,<br><br>Most words finishing in -e add a -n in their plural form,<br><br>La plupart des noms communs se terminant par -e prennent un -n au pluriel
63,B2,B1,B2,die Einschätzung,Einschätzungen,die Einschätzungen,the assessment,l'évaluation,Words finishing in -ung add -en in their plural form,Les noms communs se terminant par -ung prennent la terminaison -en au pluriel,<br><br>Words finishing in -ung add -en in their plural form,<br><br>Les noms communs se terminant par -ung prennent la terminaison -en au pluriel
63,B2,B1,B2,das Elektron,Elektronen,die Elektronen,the electron,l'électron,,,​,​
64,B2,B1,B2,die Entstehung,Entstehungen,die Entstehungen,the origin,l'origine,Words finishing in -ung add -en in their plural form,Les noms communs se terminant par -ung prennent la terminaison -en au pluriel,<br><br>Words finishing in -ung add -en in their plural form,<br><br>Les noms communs se terminant par -ung prennent la terminaison -en au pluriel
64,B2,B1,B2,die Erweiterung,Erweiterungen,die Erweiterungen,the expansion,l'expansion,Words finishing in -ung add -en in their plural form,Les noms communs se terminant par -ung prennent la terminaison -en au pluriel,<br><br>Words finishing in -ung add -en in their plural form,<br><br>Les noms communs se terminant par -ung prennent la terminaison -en au pluriel
64,B2,B1,B2,der Feind,Feinde,die Feinde,the enemy,l'ennemi,,,​,​
64,B2,B1,B2,der Flüchtling,Flüchtlinge,die Flüchtlinge,the refugee,le réfugié,,,​,​
64,B2,B1,B2,der Gläubiger,Gläubiger,die Gläubiger,the creditor,le créancier,,,​,​
64,B2,B1,B2,der Griff,Griffe,die Griffe,the handle,la poignée,,,​,​
64,B2,B1,B2,der Kontinent,Kontinente,die Kontinente,the continent,le continent,,,​,​
64,B2,B1,B2,die Nebenwirkung,Nebenwirkungen,die Nebenwirkungen,the side effect,l'effet secondaire,Words finishing in -ung add -en in their plural form,Les noms communs se terminant par -ung prennent la terminaison -en au pluriel,<br><br>Words finishing in -ung add -en in their plural form,<br><br>Les noms communs se terminant par -ung prennent la terminaison -en au pluriel
64,B2,B1,B2,die Ressource,Ressourcen,die Ressourcen,the resource,la ressource,Most words finishing in -e add a -n in their plural form,La plupart des noms communs se terminant par -e prennent un -n au pluriel,<br><br>Most words finishing in -e add a -n in their plural form,<br><br>La plupart des noms communs se terminant par -e prennent un -n au pluriel
64,B2,B1,B2,die Revolution,Revolutionen,die Revolutionen,the revolution,la révolution,,,​,​
64,B2,B1,B2,die Richtlinie,Richtlinien,die Richtlinien,the guideline,la ligne directrice,Most words finishing in -e add a -n in their plural form,La plupart des noms communs se terminant par -e prennent un -n au pluriel,<br><br>Most words finishing in -e add a -n in their plural form,<br><br>La plupart des noms communs se terminant par -e prennent un -n au pluriel
64,B2,B1,B2,die These,Thesen,die Thesen,the thesis,la thèse,Most words finishing in -e add a -n in their plural form,La plupart des noms communs se terminant par -e prennent un -n au pluriel,<br><br>Most words finishing in -e add a -n in their plural form,<br><br>La plupart des noms communs se terminant par -e prennent un -n au pluriel
64,B2,B1,B2,der Übergang,Übergänge,die Übergänge,the transition,la transition,,,​,​
64,B2,B1,B2,das Vorbild,Vorbilder,die Vorbilder,the model,le modèle,,,​,​
64,B2,B1,B2,der Widerspruch,Widersprüche,die Widersprüche,the contradiction,la contradiction,,,​,​
64,B2,B1,B2,die Wüste,Wüsten,die Wüsten,the desert,le désert,Most words finishing in -e add a -n in their plural form,La plupart des noms communs se terminant par -e prennent un -n au pluriel,<br><br>Most words finishing in -e add a -n in their plural form,<br><br>La plupart des noms communs se terminant par -e prennent un -n au pluriel
64,B2,B1,B2,die Anerkennung,Anerkennungen,die Anerkennungen,the recognition,la reconnaissance,Words finishing in -ung add -en in their plural form,Les noms communs se terminant par -ung prennent la terminaison -en au pluriel,<br><br>Words finishing in -ung add -en in their plural form,<br><br>Les noms communs se terminant par -ung prennent la terminaison -en au pluriel
64,B2,B1,B2,die Aussicht,Aussichten,die Aussichten,the view,la vue,,,​,​
64,B2,B1,B2,die Bemerkung,Bemerkungen,die Bemerkungen,the remark,la remarque,Words finishing in -ung add -en in their plural form,Les noms communs se terminant par -ung prennent la terminaison -en au pluriel,<br><br>Words finishing in -ung add -en in their plural form,<br><br>Les noms communs se terminant par -ung prennent la terminaison -en au pluriel
64,B2,B1,B2,der Besitz,Besitze,die Besitze,the possession,la possession,,,​,​
65,B2,B1,B2,die Chemie,Chemien,die Chemien,the chemistry,la chimie,Most words finishing in -e add a -n in their plural form,La plupart des noms communs se terminant par -e prennent un -n au pluriel,<br><br>Most words finishing in -e add a -n in their plural form,<br><br>La plupart des noms communs se terminant par -e prennent un -n au pluriel
65,B2,B1,B2,die Gestaltung,Gestaltungen,die Gestaltungen,the design,le design,Words finishing in -ung add -en in their plural form,Les noms communs se terminant par -ung prennent la terminaison -en au pluriel,<br><br>Words finishing in -ung add -en in their plural form,<br><br>Les noms communs se terminant par -ung prennent la terminaison -en au pluriel
65,B2,B1,B2,der Höhepunkt,Höhepunkte,die Höhepunkte,the highlight,le point culminant,,,​,​
65,B2,B1,B2,der Horizont,Horizonte,die Horizonte,the horizon,l'horizon,,,​,​
65,B2,B1,B2,die Notwendigkeit,Notwendigkeiten,die Notwendigkeiten,the need,le besoin,Words finishing in -keit add -en in their plural form,Les noms communs se terminant par -ung prennent la terminaison -en au pluriel,<br><br>Words finishing in -keit add -en in their plural form,<br><br>Les noms communs se terminant par -ung prennent la terminaison -en au pluriel
65,B2,B1,B2,das Organ,Organe,die Organe,the organ,l'organe,,,​,​
65,B2,B1,B2,die Presse,Pressen,die Pressen,the press,la presse,Most words finishing in -e add a -n in their plural form,La plupart des noms communs se terminant par -e prennent un -n au pluriel,<br><br>Most words finishing in -e add a -n in their plural form,<br><br>La plupart des noms communs se terminant par -e prennent un -n au pluriel
65,B2,B1,B2,die Rechtsprechung,Rechtsprechungen,die Rechtsprechungen,the jurisprudence,la jurisprudence,Words finishing in -ung add -en in their plural form,Les noms communs se terminant par -ung prennent la terminaison -en au pluriel,<br><br>Words finishing in -ung add -en in their plural form,<br><br>Les noms communs se terminant par -ung prennent la terminaison -en au pluriel
65,B2,B1,B2,die Ausführung,Ausführungen,die Ausführungen,the execution,l'exécution,Words finishing in -ung add -en in their plural form,Les noms communs se terminant par -ung prennent la terminaison -en au pluriel,<br><br>Words finishing in -ung add -en in their plural form,<br><br>Les noms communs se terminant par -ung prennent la terminaison -en au pluriel
65,B2,B1,B2,der Besitzer,Besitzer,die Besitzer,the owner,le propriétaire,,,​,​
65,B2,B1,B2,das Center,Center,die Center,the center,le centre,,,​,​
65,B2,B1,B2,die Erscheinung,Erscheinungen,die Erscheinungen,the appearance,l'apparence,Words finishing in -ung add -en in their plural form,Les noms communs se terminant par -ung prennent la terminaison -en au pluriel,<br><br>Words finishing in -ung add -en in their plural form,<br><br>Les noms communs se terminant par -ung prennent la terminaison -en au pluriel
65,B2,B1,B2,das Geräusch,Geräusche,die Geräusche,the noise,le bruit,,,​,​
65,B2,B1,B2,die Interpretation,Interpretationen,die Interpretationen,the interpretation,l'interprétation,,,​,​
65,B2,B1,B2,die Klage,Klagen,die Klagen,the lawsuit,le procès,Most words finishing in -e add a -n in their plural form,La plupart des noms communs se terminant par -e prennent un -n au pluriel,<br><br>Most words finishing in -e add a -n in their plural form,<br><br>La plupart des noms communs se terminant par -e prennent un -n au pluriel
65,B2,B1,B2,die Prognose,Prognosen,die Prognosen,the forecast,la prévision,Most words finishing in -e add a -n in their plural form,La plupart des noms communs se terminant par -e prennent un -n au pluriel,<br><br>Most words finishing in -e add a -n in their plural form,<br><br>La plupart des noms communs se terminant par -e prennent un -n au pluriel
65,B2,B1,B2,das Protein,Proteine,die Proteine,the protein,la protéine,,,​,​
65,B2,B1,B2,das Protokoll,Protokolle,die Protokolle,the protocol,le protocole,,,​,​
65,B2,B1,B2,die Vorgabe,Vorgaben,die Vorgaben,the requirement,l'exigence,Most words finishing in -e add a -n in their plural form,La plupart des noms communs se terminant par -e prennent un -n au pluriel,<br><br>Most words finishing in -e add a -n in their plural form,<br><br>La plupart des noms communs se terminant par -e prennent un -n au pluriel
65,B2,B1,B2,die Wende,Wenden,die Wenden,the turn,le tour,Most words finishing in -e add a -n in their plural form,La plupart des noms communs se terminant par -e prennent un -n au pluriel,<br><br>Most words finishing in -e add a -n in their plural form,<br><br>La plupart des noms communs se terminant par -e prennent un -n au pluriel
66,B2,B1,B2,die Abhängigkeit,Abhängigkeiten,die Abhängigkeiten,the dependence,la dépendance,Words finishing in -keit add -en in their plural form,Les noms communs se terminant par -ung prennent la terminaison -en au pluriel,<br><br>Words finishing in -keit add -en in their plural form,<br><br>Les noms communs se terminant par -ung prennent la terminaison -en au pluriel
66,B2,B1,B2,der Arbeitsmarkt,Arbeitsmärkte,die Arbeitsmärkte,the labor market,le marché du travail,,,​,​
66,B2,B1,B2,der Austausch,Austausche,die Austausche,the exchange,l'échange,,,​,​
66,B2,B1,B2,die Bombe,Bomben,die Bomben,the bomb,la bombe,Most words finishing in -e add a -n in their plural form,La plupart des noms communs se terminant par -e prennent un -n au pluriel,<br><br>Most words finishing in -e add a -n in their plural form,<br><br>La plupart des noms communs se terminant par -e prennent un -n au pluriel
66,B2,B1,B2,das Gen,Gene,die Gene,the gene,le gène,,,​,​
66,B2,B1,B2,die Konzentration,Konzentrationen,die Konzentrationen,the concentration,la concentration,,,​,​
66,B2,B1,B2,der Leib,Leiber,die Leiber,the body,le corps,,,​,​
66,B2,B1,B2,der Mord,Morde,die Morde,the murder,le meurtre,,,​,​
66,B2,B1,B2,der Pilot,Piloten,die Piloten,the pilot,le pilote,,,​,​
66,B2,B1,B2,das Resultat,Resultate,die Resultate,the result,le résultat,,,​,​
66,B2,B1,B2,der Riese,Riesen,die Riesen,the giant,le géant,Most words finishing in -e add a -n in their plural form,La plupart des noms communs se terminant par -e prennent un -n au pluriel,<br><br>Most words finishing in -e add a -n in their plural form,<br><br>La plupart des noms communs se terminant par -e prennent un -n au pluriel
66,B2,B1,B2,die Differenz,Differenzen,die Differenzen,the difference,la différence,,,​,​
66,B2,B1,B2,die Dunkelheit,Dunkelheiten,die Dunkelheiten,the darkness,l'obscurité,Words finishing in -heit add -en in their plural form,Les mots se terminant par -heit prennent la terminaison -en au pluriel,<br><br>Words finishing in -heit add -en in their plural form,<br><br>Les mots se terminant par -heit prennent la terminaison -en au pluriel
66,B2,B1,B2,das Dutzend,Dutzende,die Dutzende,the dozen,la douzaine,,,​,​
66,B2,B1,B2,der Gesichtspunkt,Gesichtspunkte,die Gesichtspunkte,the point of view,le point de vue,,,​,​
66,B2,B1,B2,die Konjunktur,Konjunkturen,die Konjunkturen,the economy,l'économie,,,​,​
66,B2,B1,B2,der Konkurrent,Konkurrenten,die Konkurrenten,the competitor,le concurrent,,,​,​
66,B2,B1,B2,die Last,Lasten,die Lasten,the burden,le fardeau,,,​,​
66,B2,B1,B2,das Lebensjahr,Lebensjahre,die Lebensjahre,the year of life,l'année de la vie,,,​,​
66,B2,B1,B2,die Mischung,Mischungen,die Mischungen,the mixture,le mélange,Words finishing in -ung add -en in their plural form,Les noms communs se terminant par -ung prennent la terminaison -en au pluriel,<br><br>Words finishing in -ung add -en in their plural form,<br><br>Les noms communs se terminant par -ung prennent la terminaison -en au pluriel
67,B2,B1,B2,das Muster,Muster,die Muster,the pattern,le modèle,,,​,​
67,B2,B1,B2,der Nachfolger,Nachfolger,die Nachfolger,the successor,le successeur,,,​,​
67,B2,B1,B2,das Potenzial,Potenziale,die Potenziale,the potential,le potentiel,,,​,​
67,B2,B1,B2,der Reiz,Reize,die Reize,the appeal,l'appel,,,​,​
67,B2,B1,B2,der Rohstoff,Rohstoffe,die Rohstoffe,the raw material,la matière première,,,​,​
67,B2,B1,B2,der Sachverhalt,Sachverhalte,die Sachverhalte,the facts,les faits,,,​,​
67,B2,B1,B2,der Schuss,Schüsse,die Schüsse,the shot,le coup,,,​,​
67,B2,B1,B2,die Sicherung,Sicherungen,die Sicherungen,the safety,la sécurité,Words finishing in -ung add -en in their plural form,Les noms communs se terminant par -ung prennent la terminaison -en au pluriel,<br><br>Words finishing in -ung add -en in their plural form,<br><br>Les noms communs se terminant par -ung prennent la terminaison -en au pluriel
67,B2,B1,B2,die Strahlung,Strahlungen,die Strahlungen,the radiation,le rayonnement,Words finishing in -ung add -en in their plural form,Les noms communs se terminant par -ung prennent la terminaison -en au pluriel,<br><br>Words finishing in -ung add -en in their plural form,<br><br>Les noms communs se terminant par -ung prennent la terminaison -en au pluriel
67,B2,B1,B2,das Turnier,Turniere,die Turniere,the tournament,le tournoi,,,​,​
67,B2,B1,B2,die Übernahme,Übernahmen,die Übernahmen,the takeover,la prise de contrôle,Most words finishing in -e add a -n in their plural form,La plupart des noms communs se terminant par -e prennent un -n au pluriel,<br><br>Most words finishing in -e add a -n in their plural form,<br><br>La plupart des noms communs se terminant par -e prennent un -n au pluriel
67,B2,B1,B2,die Verarbeitung,Verarbeitungen,die Verarbeitungen,the processing,le traitement,Words finishing in -ung add -en in their plural form,Les noms communs se terminant par -ung prennent la terminaison -en au pluriel,<br><br>Words finishing in -ung add -en in their plural form,<br><br>Les noms communs se terminant par -ung prennent la terminaison -en au pluriel
67,B2,B1,B2,die Veröffentlichung,Veröffentlichungen,die Veröffentlichungen,the publication,la publication,Words finishing in -ung add -en in their plural form,Les noms communs se terminant par -ung prennent la terminaison -en au pluriel,<br><br>Words finishing in -ung add -en in their plural form,<br><br>Les noms communs se terminant par -ung prennent la terminaison -en au pluriel
67,B2,B1,B2,die Verteilung,Verteilungen,die Verteilungen,the distribution,la distribution,Words finishing in -ung add -en in their plural form,Les noms communs se terminant par -ung prennent la terminaison -en au pluriel,<br><br>Words finishing in -ung add -en in their plural form,<br><br>Les noms communs se terminant par -ung prennent la terminaison -en au pluriel
67,B2,B1,B2,die Wiedervereinigung,Wiedervereinigungen,die Wiedervereinigungen,the reunification,la réunification,Words finishing in -ung add -en in their plural form,Les noms communs se terminant par -ung prennent la terminaison -en au pluriel,<br><br>Words finishing in -ung add -en in their plural form,<br><br>Les noms communs se terminant par -ung prennent la terminaison -en au pluriel
67,B2,B1,B2,die Benutzung,Benutzungen,die Benutzungen,the use,l'utilisation,Words finishing in -ung add -en in their plural form,Les noms communs se terminant par -ung prennent la terminaison -en au pluriel,<br><br>Words finishing in -ung add -en in their plural form,<br><br>Les noms communs se terminant par -ung prennent la terminaison -en au pluriel
67,B2,B1,B2,die Beurteilung,Beurteilungen,die Beurteilungen,the assessment,l'évaluation,Words finishing in -ung add -en in their plural form,Les noms communs se terminant par -ung prennent la terminaison -en au pluriel,<br><br>Words finishing in -ung add -en in their plural form,<br><br>Les noms communs se terminant par -ung prennent la terminaison -en au pluriel
67,B2,B1,B2,der Bewerber,Bewerber,die Bewerber,the applicant,le demandeur,,,​,​
67,B2,B1,B2,das Defizit,Defizite,die Defizite,the deficit,le déficit,,,​,​
67,B2,B1,B2,die Einschränkung,Einschränkungen,die Einschränkungen,the restriction,la restriction,Words finishing in -ung add -en in their plural form,Les noms communs se terminant par -ung prennent la terminaison -en au pluriel,<br><br>Words finishing in -ung add -en in their plural form,<br><br>Les noms communs se terminant par -ung prennent la terminaison -en au pluriel
68,B2,B1,B2,die Ermittlung,Ermittlungen,die Ermittlungen,the investigation,l'enquête,Words finishing in -ung add -en in their plural form,Les noms communs se terminant par -ung prennent la terminaison -en au pluriel,<br><br>Words finishing in -ung add -en in their plural form,<br><br>Les noms communs se terminant par -ung prennent la terminaison -en au pluriel
68,B2,B1,B2,der Ertrag,Erträge,die Erträge,the yield,le rendement,,,​,​
68,B2,B1,B2,das Format,Formate,die Formate,the format,le format,,,​,​
68,B2,B1,B2,die Herstellung,Herstellungen,die Herstellungen,the production,la production,Words finishing in -ung add -en in their plural form,Les noms communs se terminant par -ung prennent la terminaison -en au pluriel,<br><br>Words finishing in -ung add -en in their plural form,<br><br>Les noms communs se terminant par -ung prennent la terminaison -en au pluriel
68,B2,B1,B2,der Kaiser,Kaiser,die Kaiser,the emperor,l'empereur,,,​,​
68,B2,B1,B2,die Kammer,Kammern,die Kammern,the chamber,la chambre,,,​,​
68,B2,B1,B2,der Kritiker,Kritiker,die Kritiker,the critic,le critique,,,​,​
68,B2,B1,B2,die Messung,Messungen,die Messungen,the measurement,la mesure,Words finishing in -ung add -en in their plural form,Les noms communs se terminant par -ung prennent la terminaison -en au pluriel,<br><br>Words finishing in -ung add -en in their plural form,<br><br>Les noms communs se terminant par -ung prennent la terminaison -en au pluriel
68,B2,B1,B2,das Motto,Mottos,die Mottos,the motto,la devise,Many loan words add an -s in their plural form,De nombreux noms communs d'origine étrangère prennent un -s au pluriel,<br><br>Many loan words add an -s in their plural form,<br><br>De nombreux noms communs d'origine étrangère prennent un -s au pluriel
68,B2,B1,B2,der Nutzer,Nutzer,die Nutzer,the user,l'utilisateur,,,​,​
68,B2,B1,B2,die Premiere,Premieren,die Premieren,the premiere,la première,Most words finishing in -e add a -n in their plural form,La plupart des noms communs se terminant par -e prennent un -n au pluriel,<br><br>Most words finishing in -e add a -n in their plural form,<br><br>La plupart des noms communs se terminant par -e prennent un -n au pluriel
68,B2,B1,B2,die Probe,Proben,die Proben,the sample,l'échantillon,Most words finishing in -e add a -n in their plural form,La plupart des noms communs se terminant par -e prennent un -n au pluriel,<br><br>Most words finishing in -e add a -n in their plural form,<br><br>La plupart des noms communs se terminant par -e prennent un -n au pluriel
68,B2,B1,B2,die Schwäche,Schwächen,die Schwächen,the weakness,la faiblesse,Most words finishing in -e add a -n in their plural form,La plupart des noms communs se terminant par -e prennent un -n au pluriel,<br><br>Most words finishing in -e add a -n in their plural form,<br><br>La plupart des noms communs se terminant par -e prennent un -n au pluriel
68,B2,B1,B2,der Sektor,Sektoren,die Sektoren,the sector,le secteur,,,​,​
68,B2,B1,B2,der Sprung,Sprünge,die Sprünge,the jump,le saut,Words finishing in -ung add -en in their plural form,Les noms communs se terminant par -ung prennent la terminaison -en au pluriel,<br><br>Words finishing in -ung add -en in their plural form,<br><br>Les noms communs se terminant par -ung prennent la terminaison -en au pluriel
68,B2,B1,B2,das Symptom,Symptome,die Symptome,the symptom,le symptôme,,,​,​
68,B2,B1,B2,das Top,Tops,die Tops,the top,le haut,Many loan words add an -s in their plural form,De nombreux noms communs d'origine étrangère prennent un -s au pluriel,<br><br>Many loan words add an -s in their plural form,<br><br>De nombreux noms communs d'origine étrangère prennent un -s au pluriel
68,B2,B1,B2,die Verbreitung,Verbreitungen,die Verbreitungen,the spread,l'étalement,Words finishing in -ung add -en in their plural form,Les noms communs se terminant par -ung prennent la terminaison -en au pluriel,<br><br>Words finishing in -ung add -en in their plural form,<br><br>Les noms communs se terminant par -ung prennent la terminaison -en au pluriel
68,B2,B1,B2,das Vorhaben,Vorhaben,die Vorhaben,the project,le projet,,,​,​
68,B2,B1,B2,die Vorlage,Vorlagen,die Vorlagen,the template,le modèle,Most words finishing in -e add a -n in their plural form,La plupart des noms communs se terminant par -e prennent un -n au pluriel,<br><br>Most words finishing in -e add a -n in their plural form,<br><br>La plupart des noms communs se terminant par -e prennent un -n au pluriel
69,B2,B1,B2,der Anhänger,Anhänger,die Anhänger,the follower,le suiveur,,,​,​
69,B2,B1,B2,die Aufklärung,Aufklärungen,die Aufklärungen,the Enlightenment,les Lumières,Words finishing in -ung add -en in their plural form,Les noms communs se terminant par -ung prennent la terminaison -en au pluriel,<br><br>Words finishing in -ung add -en in their plural form,<br><br>Les noms communs se terminant par -ung prennent la terminaison -en au pluriel
69,B2,B1,B2,die Auflösung,Auflösungen,die Auflösungen,the resolution,la résolution,Words finishing in -ung add -en in their plural form,Les noms communs se terminant par -ung prennent la terminaison -en au pluriel,<br><br>Words finishing in -ung add -en in their plural form,<br><br>Les noms communs se terminant par -ung prennent la terminaison -en au pluriel
69,B2,B1,B2,die Bestellung,Bestellungen,die Bestellungen,the order,l'ordre,Words finishing in -ung add -en in their plural form,Les noms communs se terminant par -ung prennent la terminaison -en au pluriel,<br><br>Words finishing in -ung add -en in their plural form,<br><br>Les noms communs se terminant par -ung prennent la terminaison -en au pluriel
69,B2,B1,B2,der Bude,Buden,die Buden,the booth,le stand,Most words finishing in -e add a -n in their plural form,La plupart des noms communs se terminant par -e prennent un -n au pluriel,<br><br>Most words finishing in -e add a -n in their plural form,<br><br>La plupart des noms communs se terminant par -e prennent un -n au pluriel
69,B2,B1,B2,das Bündnis,Bündnisse,die Bündnisse,the alliance,l'alliance,,,​,​
69,B2,B1,B2,die Durchführung,Durchführungen,die Durchführungen,the implementation,la mise en œuvre,Words finishing in -ung add -en in their plural form,Les noms communs se terminant par -ung prennent la terminaison -en au pluriel,<br><br>Words finishing in -ung add -en in their plural form,<br><br>Les noms communs se terminant par -ung prennent la terminaison -en au pluriel
69,B2,B1,B2,die Einigung,Einigungen,die Einigungen,the agreement,l'accord,Words finishing in -ung add -en in their plural form,Les noms communs se terminant par -ung prennent la terminaison -en au pluriel,<br><br>Words finishing in -ung add -en in their plural form,<br><br>Les noms communs se terminant par -ung prennent la terminaison -en au pluriel
69,B2,B1,B2,die Einsicht,Einsichten,die Einsichten,the insight,l'intuition,,,​,​
69,B2,B1,B2,das Gedächtnis,Gedächtnisse,die Gedächtnisse,the memory,le souvenir,,,​,​
69,B2,B1,B2,die Gleichung,Gleichungen,die Gleichungen,the equation,l'équation,Words finishing in -ung add -en in their plural form,Les noms communs se terminant par -ung prennent la terminaison -en au pluriel,<br><br>Words finishing in -ung add -en in their plural form,<br><br>Les noms communs se terminant par -ung prennent la terminaison -en au pluriel
69,B2,B1,B2,die Herrschaft,Herrschaften,die Herrschaften,the rule,la règle,,,​,​
69,B2,B1,B2,die Infrastruktur,Infrastrukturen,die Infrastrukturen,the infrastructure,l'infrastructure,,,​,​
69,B2,B1,B2,die Mission,Missionen,die Missionen,the mission,la mission,,,​,​
69,B2,B1,B2,die Mitteilung,Mitteilungen,die Mitteilungen,the message,le message,Words finishing in -ung add -en in their plural form,Les noms communs se terminant par -ung prennent la terminaison -en au pluriel,<br><br>Words finishing in -ung add -en in their plural form,<br><br>Les noms communs se terminant par -ung prennent la terminaison -en au pluriel
69,B2,B1,B2,die Nahrung,Nahrungen,die Nahrungen,the food,la nourriture,Words finishing in -ung add -en in their plural form,Les noms communs se terminant par -ung prennent la terminaison -en au pluriel,<br><br>Words finishing in -ung add -en in their plural form,<br><br>Les noms communs se terminant par -ung prennent la terminaison -en au pluriel
69,B2,B1,B2,der Offizier,Offiziere,die Offiziere,the officer,l'officier,,,​,​
69,B2,B1,B2,die Philosophie,Philosophien,die Philosophien,the philosophy,la philosophie,Most words finishing in -e add a -n in their plural form,La plupart des noms communs se terminant par -e prennent un -n au pluriel,<br><br>Most words finishing in -e add a -n in their plural form,<br><br>La plupart des noms communs se terminant par -e prennent un -n au pluriel
69,B2,B1,B2,die Realisierung,Realisierungen,die Realisierungen,the realization,la réalisation,Words finishing in -ung add -en in their plural form,Les noms communs se terminant par -ung prennent la terminaison -en au pluriel,<br><br>Words finishing in -ung add -en in their plural form,<br><br>Les noms communs se terminant par -ung prennent la terminaison -en au pluriel
69,B2,B1,B2,der Schnitt,Schnitte,die Schnitte,the cut,la coupe,,,​,​
70,B2,B1,B2,die Schnittstelle,Schnittstellen,die Schnittstellen,the interface,l'interface,Most words finishing in -e add a -n in their plural form,La plupart des noms communs se terminant par -e prennent un -n au pluriel,<br><br>Most words finishing in -e add a -n in their plural form,<br><br>La plupart des noms communs se terminant par -e prennent un -n au pluriel
70,B2,B1,B2,die Sehnsucht,Sehnsüchte,die Sehnsüchte,the longing,le désir,,,​,​
70,B2,B1,B2,der Skandal,Skandale,die Skandale,the scandal,le scandale,,,​,​
70,B2,B1,B2,die Wurzel,Wurzeln,die Wurzeln,the root,la racine,,,​,​
70,B2,B1,B2,der Anblick,Anblicke,die Anblicke,the sight,la vue,,,​,​
70,B2,B1,B2,das Anliegen,Anliegen,die Anliegen,the concern,la préoccupation,,,​,​
70,B2,B1,B2,die Anpassung,Anpassungen,die Anpassungen,the adaptation,l'adaptation,Words finishing in -ung add -en in their plural form,Les noms communs se terminant par -ung prennent la terminaison -en au pluriel,<br><br>Words finishing in -ung add -en in their plural form,<br><br>Les noms communs se terminant par -ung prennent la terminaison -en au pluriel
70,B2,B1,B2,der Anstieg,Anstiege,die Anstiege,the increase,l'augmentation,,,​,​
70,B2,B1,B2,das Arbeitsamt,Arbeitsämter,die Arbeitsämter,the employment office,le bureau de l'emploi,,,​,​
70,B2,B1,B2,der Befehl,Befehle,die Befehle,the command,la commande,,,​,​
70,B2,B1,B2,die Bereitschaft,Bereitschaften,die Bereitschaften,the willingness,la volonté,,,​,​
70,B2,B1,B2,die Beschwerde,Beschwerden,die Beschwerden,the complaint,la plainte,Most words finishing in -e add a -n in their plural form,La plupart des noms communs se terminant par -e prennent un -n au pluriel,<br><br>Most words finishing in -e add a -n in their plural form,<br><br>La plupart des noms communs se terminant par -e prennent un -n au pluriel
70,B2,B1,B2,die Bundesliga,Bundesligen,die Bundesligen,the Bundesliga,la Bundesliga,,,​,​
70,B2,B1,B2,die Ehre,Ehren,die Ehren,the honor,l'honneur,Most words finishing in -e add a -n in their plural form,La plupart des noms communs se terminant par -e prennent un -n au pluriel,<br><br>Most words finishing in -e add a -n in their plural form,<br><br>La plupart des noms communs se terminant par -e prennent un -n au pluriel
70,B2,B1,B2,das Eigentum,Eigentümer,die Eigentümer,the property,la propriété,,,​,​
70,B2,B1,B2,der Einzelfall,Einzelfälle,die Einzelfälle,the individual case,le cas individuel,,,​,​
70,B2,B1,B2,die Epoche,Epochen,die Epochen,the era,l'ère,Most words finishing in -e add a -n in their plural form,La plupart des noms communs se terminant par -e prennent un -n au pluriel,<br><br>Most words finishing in -e add a -n in their plural form,<br><br>La plupart des noms communs se terminant par -e prennent un -n au pluriel
70,B2,B1,B2,der Erreger,Erreger,die Erreger,the pathogen,le pathogène,,,​,​
70,B2,B1,B2,die Feststellung,Feststellungen,die Feststellungen,the finding,la découverte,Words finishing in -ung add -en in their plural form,Les noms communs se terminant par -ung prennent la terminaison -en au pluriel,<br><br>Words finishing in -ung add -en in their plural form,<br><br>Les noms communs se terminant par -ung prennent la terminaison -en au pluriel
70,B2,B1,B2,die Formulierung,Formulierungen,die Formulierungen,the wording,la formulation,Words finishing in -ung add -en in their plural form,Les noms communs se terminant par -ung prennent la terminaison -en au pluriel,<br><br>Words finishing in -ung add -en in their plural form,<br><br>Les noms communs se terminant par -ung prennent la terminaison -en au pluriel
71,B2,B1,B2,das Gelände,Gelände,die Gelände,the area,la région,,,​,​
71,B2,B1,B2,der/die Geliebte,Geliebte,die Geliebte,the lover,l'amant,,,​,​
71,B2,B1,B2,die Inszenierung,Inszenierungen,die Inszenierungen,the staging,la mise en scène,Words finishing in -ung add -en in their plural form,Les noms communs se terminant par -ung prennent la terminaison -en au pluriel,<br><br>Words finishing in -ung add -en in their plural form,<br><br>Les noms communs se terminant par -ung prennent la terminaison -en au pluriel
71,B2,B1,B2,der Kapitän,Kapitäne,die Kapitäne,the captain,le capitaine,,,​,​
71,B2,B1,B2,der Kontext,Kontexte,die Kontexte,the context,le contexte,,,​,​
71,B2,B1,B2,das Kunstwerk,Kunstwerke,die Kunstwerke,the artwork,l'œuvre d'art,,,​,​
71,B2,B1,B2,das Lebewesen,Lebewesen,die Lebewesen,the living being,l'être vivant,,,​,​
71,B2,B1,B2,der Lastkraftwagen,Lastkraftwagen,die Lastkraftwagen,the truck,le camion,,,​,​
71,B2,B1,B2,der Mörder,Mörder,die Mörder,the murderer,le meurtrier,,,​,​
71,B2,B1,B2,die Öffnung,Öffnungen,die Öffnungen,the opening,l'ouverture,Words finishing in -ung add -en in their plural form,Les noms communs se terminant par -ung prennent la terminaison -en au pluriel,<br><br>Words finishing in -ung add -en in their plural form,<br><br>Les noms communs se terminant par -ung prennent la terminaison -en au pluriel
71,B2,B1,B2,die Partie,Partien,die Partien,the game,le jeu,Most words finishing in -e add a -n in their plural form,La plupart des noms communs se terminant par -e prennent un -n au pluriel,<br><br>Most words finishing in -e add a -n in their plural form,<br><br>La plupart des noms communs se terminant par -e prennent un -n au pluriel
71,B2,B1,B2,die Reflexion,Reflexionen,die Reflexionen,the reflection,le reflet,,,​,​
71,B2,B1,B2,die Show,Shows,die Shows,the show,le spectacle,Many loan words add an -s in their plural form,De nombreux noms communs d'origine étrangère prennent un -s au pluriel,<br><br>Many loan words add an -s in their plural form,<br><br>De nombreux noms communs d'origine étrangère prennent un -s au pluriel
71,B2,B1,B2,die Stiftung,Stiftungen,die Stiftungen,the foundation,la fondation,Words finishing in -ung add -en in their plural form,Les noms communs se terminant par -ung prennent la terminaison -en au pluriel,<br><br>Words finishing in -ung add -en in their plural form,<br><br>Les noms communs se terminant par -ung prennent la terminaison -en au pluriel
71,B2,B1,B2,die Unterscheidung,Unterscheidungen,die Unterscheidungen,the distinction,la distinction,Words finishing in -ung add -en in their plural form,Les noms communs se terminant par -ung prennent la terminaison -en au pluriel,<br><br>Words finishing in -ung add -en in their plural form,<br><br>Les noms communs se terminant par -ung prennent la terminaison -en au pluriel
71,B2,B1,B2,die Version,Versionen,die Versionen,the version,la version,,,​,​
71,B2,B1,B2,der Wähler,Wähler,die Wähler,the voter,l'électeur,,,​,​
71,B2,B1,B2,die Wechselwirkung,Wechselwirkungen,die Wechselwirkungen,the interaction,l'interaction,Words finishing in -ung add -en in their plural form,Les noms communs se terminant par -ung prennent la terminaison -en au pluriel,<br><br>Words finishing in -ung add -en in their plural form,<br><br>Les noms communs se terminant par -ung prennent la terminaison -en au pluriel
71,B2,B1,B2,der Abbau,Abbaue,die Abbaue,the dismantling,le démantèlement,,,​,​
71,B2,B1,B2,die Agentur,Agenturen,die Agenturen,the agency,l'agence,,,​,​
72,B2,B1,B2,die Akademie,Akademien,die Akademien,the academy,l'académie,Most words finishing in -e add a -n in their plural form,La plupart des noms communs se terminant par -e prennent un -n au pluriel,<br><br>Most words finishing in -e add a -n in their plural form,<br><br>La plupart des noms communs se terminant par -e prennent un -n au pluriel
72,B2,B1,B2,die Anfrage,Anfragen,die Anfragen,the request,la demande,Most words finishing in -e add a -n in their plural form,La plupart des noms communs se terminant par -e prennent un -n au pluriel,<br><br>Most words finishing in -e add a -n in their plural form,<br><br>La plupart des noms communs se terminant par -e prennent un -n au pluriel
72,B2,B1,B2,die Aufführung,Aufführungen,die Aufführungen,the performance,la performance,Words finishing in -ung add -en in their plural form,Les noms communs se terminant par -ung prennent la terminaison -en au pluriel,<br><br>Words finishing in -ung add -en in their plural form,<br><br>Les noms communs se terminant par -ung prennent la terminaison -en au pluriel
72,B2,B1,B2,die Auflage,Auflagen,die Auflagen,the edition,l'édition,Most words finishing in -e add a -n in their plural form,La plupart des noms communs se terminant par -e prennent un -n au pluriel,<br><br>Most words finishing in -e add a -n in their plural form,<br><br>La plupart des noms communs se terminant par -e prennent un -n au pluriel
72,B2,B1,B2,der Ausbau,Ausbaue,die Ausbaue,the expansion,l'expansion,,,​,​
72,B2,B1,B2,der Bär,Bären,die Bären,the bear,l'ours,,,​,​
72,B2,B1,B2,das Bedenken,Bedenken,die Bedenken,the concern,la préoccupation,,,​,​
72,B2,B1,B2,die Erfüllung,Erfüllungen,die Erfüllungen,the fulfillment,l'accomplissement,Words finishing in -ung add -en in their plural form,Les noms communs se terminant par -ung prennent la terminaison -en au pluriel,<br><br>Words finishing in -ung add -en in their plural form,<br><br>Les noms communs se terminant par -ung prennent la terminaison -en au pluriel
72,B2,B1,B2,der Führer,Führer,die Führer,the leader,le leader,,,​,​
72,B2,B1,B2,die Fusion,Fusionen,die Fusionen,the merger,la fusion,,,​,​
72,B2,B1,B2,der Geruch,Gerüche,die Gerüche,the smell,l'odeur,,,​,​
72,B2,B1,B2,das Gleichgewicht,Gleichgewichte,die Gleichgewichte,the balance,l'équilibre,,,​,​
72,B2,B1,B2,der Investor,Investoren,die Investoren,the investor,l'investisseur,,,​,​
72,B2,B1,B2,der Kerl,Kerle,die Kerle,the guy,le gars,,,​,​
72,B2,B1,B2,der Komponist,Komponisten,die Komponisten,the composer,le compositeur,,,​,​
72,B2,B1,B2,das Labor,Labors,die Labors,the laboratory,le laboratoire,Many loan words add an -s in their plural form,De nombreux noms communs d'origine étrangère prennent un -s au pluriel,<br><br>Many loan words add an -s in their plural form,<br><br>De nombreux noms communs d'origine étrangère prennent un -s au pluriel
72,B2,B1,B2,der Landkreis,Landkreise,die Landkreise,the district,le district,,,​,​
72,B2,B1,B2,die Plattform,Plattformen,die Plattformen,the platform,la plateforme,,,​,​
72,B2,B1,B2,der Posten,Posten,die Posten,the position,la position,,,​,​
72,B2,B1,B2,das Regime,Regime,die Regime,the regime,le régime,,,​,​
73,B2,B1,B2,der Rücktritt,Rücktritte,die Rücktritte,the resignation,la démission,,,​,​
73,B2,B1,B2,die Solidarität,Solidaritäten,die Solidaritäten,the solidarity,la solidarité,,,​,​
73,B2,B1,B2,der Status,Status,die Status,the status,le statut,,,​,​
73,B2,B1,B2,der Überblick,Überblicke,die Überblicke,the overview,l'aperçu,,,​,​
73,B2,B1,B2,die Unsicherheit,Unsicherheiten,die Unsicherheiten,the uncertainty,l'incertitude,Words finishing in -heit add -en in their plural form,Les mots se terminant par -heit prennent la terminaison -en au pluriel,<br><br>Words finishing in -heit add -en in their plural form,<br><br>Les mots se terminant par -heit prennent la terminaison -en au pluriel
73,B2,B1,B2,der Vorhang,Vorhänge,die Vorhänge,the curtain,le rideau,,,​,​
73,B2,B1,B2,der Winkel,Winkel,die Winkel,the angle,l'angle,,,​,​
73,B2,B1,B2,das Zitat,Zitate,die Zitate,the quote,la citation,,,​,​
73,B2,B1,B2,die Abgrenzung,Abgrenzungen,die Abgrenzungen,the demarcation,la démarcation,Words finishing in -ung add -en in their plural form,Les noms communs se terminant par -ung prennent la terminaison -en au pluriel,<br><br>Words finishing in -ung add -en in their plural form,<br><br>Les noms communs se terminant par -ung prennent la terminaison -en au pluriel
73,B2,B1,B2,der Akt,Akte,die Akte,the act,la loi,,,​,​
73,B2,B1,B2,der Akteur,Akteure,die Akteure,the actor,l'acteur,,,​,​
73,B2,B1,B2,die Allianz,Allianzen,die Allianzen,the alliance,l'alliance,,,​,​
73,B2,B1,B2,der Ausgleich,Ausgleiche,die Ausgleiche,the compensation,la compensation,,,​,​
73,B2,B1,B2,die Begeisterung,Begeisterungen,die Begeisterungen,the enthusiasm,l'enthousiasme,Words finishing in -ung add -en in their plural form,Les noms communs se terminant par -ung prennent la terminaison -en au pluriel,<br><br>Words finishing in -ung add -en in their plural form,<br><br>Les noms communs se terminant par -ung prennent la terminaison -en au pluriel
73,B2,B1,B2,der Bezirk,Bezirke,die Bezirke,the district,le district,,,​,​
73,B2,B1,B2,die Diagnose,Diagnosen,die Diagnosen,the diagnosis,le diagnostic,Most words finishing in -e add a -n in their plural form,La plupart des noms communs se terminant par -e prennent un -n au pluriel,<br><br>Most words finishing in -e add a -n in their plural form,<br><br>La plupart des noms communs se terminant par -e prennent un -n au pluriel
73,B2,B1,B2,der Durchmesser,Durchmesser,die Durchmesser,the diameter,le diamètre,,,​,​
73,B2,B1,B2,der Felsen,Felsen,die Felsen,the rocks,les rochers,,,​,​
73,B2,B1,B2,das Fräulein,Fräulein,die Fräulein,the young lady,la jeune femme,,,​,​
73,B2,B1,B2,der Friedhof,Friedhöfe,die Friedhöfe,the cemetery,le cimetière,,,​,​
74,B2,B1,B2,die Front,Fronten,die Fronten,the front,le devant,,,​,​
74,B2,B1,B2,die Fülle,Füllen,die Füllen,the abundance,l'abondance,Most words finishing in -e add a -n in their plural form,La plupart des noms communs se terminant par -e prennent un -n au pluriel,<br><br>Most words finishing in -e add a -n in their plural form,<br><br>La plupart des noms communs se terminant par -e prennent un -n au pluriel
74,B2,B1,B2,das Geschäftsjahr,Geschäftsjahre,die Geschäftsjahre,the financial year,l'exercice financier,,,​,​
74,B2,B1,B2,die Großstadt,Großstädte,die Großstädte,the big city,la grande ville,,,​,​
74,B2,B1,B2,der Hang,Hänge,die Hänge,the slope,la pente,,,​,​
74,B2,B1,B2,der Kongress,Kongresse,die Kongresse,the congress,le congrès,,,​,​
74,B2,B1,B2,der Nachweis,Nachweise,die Nachweise,the proof,la preuve,,,​,​
74,B2,B1,B2,die Orientierung,Orientierungen,die Orientierungen,the orientation,l'orientation,Words finishing in -ung add -en in their plural form,Les noms communs se terminant par -ung prennent la terminaison -en au pluriel,<br><br>Words finishing in -ung add -en in their plural form,<br><br>Les noms communs se terminant par -ung prennent la terminaison -en au pluriel
74,B2,B1,B2,der Personenkraftwagen,Personenkraftwagen,die Personenkraftwagen,the passenger car,la voiture de tourisme,,,​,​
74,B2,B1,B2,der Rhythmus,Rhythmen,die Rhythmen,the rhythm,le rythme,,,​,​
74,B2,B1,B2,die Rücksicht,Rücksichten,die Rücksichten,the consideration,la considération,,,​,​
74,B2,B1,B2,der Senat,Senate,die Senate,the Senate,le sénat,,,​,​
74,B2,B1,B2,die Steuerung,Steuerungen,die Steuerungen,the control,le contrôle,Words finishing in -ung add -en in their plural form,Les noms communs se terminant par -ung prennent la terminaison -en au pluriel,<br><br>Words finishing in -ung add -en in their plural form,<br><br>Les noms communs se terminant par -ung prennent la terminaison -en au pluriel
74,B2,B1,B2,das Universum,Universen,die Universen,the universe,l'univers,,,​,​
74,B2,B1,B2,die Vereinigung,Vereinigungen,die Vereinigungen,the association,l'association,Words finishing in -ung add -en in their plural form,Les noms communs se terminant par -ung prennent la terminaison -en au pluriel,<br><br>Words finishing in -ung add -en in their plural form,<br><br>Les noms communs se terminant par -ung prennent la terminaison -en au pluriel
74,B2,B1,B2,die Volkshochschule,Volkshochschulen,die Volkshochschulen,the adult education center,le centre d'éducation des adultes,Most words finishing in -e add a -n in their plural form,La plupart des noms communs se terminant par -e prennent un -n au pluriel,<br><br>Most words finishing in -e add a -n in their plural form,<br><br>La plupart des noms communs se terminant par -e prennent un -n au pluriel
74,B2,B1,B2,die Wahrscheinlichkeit,Wahrscheinlichkeiten,die Wahrscheinlichkeiten,the probability,la probabilité,Words finishing in -keit add -en in their plural form,Les noms communs se terminant par -ung prennent la terminaison -en au pluriel,<br><br>Words finishing in -keit add -en in their plural form,<br><br>Les noms communs se terminant par -ung prennent la terminaison -en au pluriel
74,B2,B1,B2,die Wange,Wangen,die Wangen,the cheek,la joue,Most words finishing in -e add a -n in their plural form,La plupart des noms communs se terminant par -e prennent un -n au pluriel,<br><br>Most words finishing in -e add a -n in their plural form,<br><br>La plupart des noms communs se terminant par -e prennent un -n au pluriel
74,B2,B1,B2,die Zunahme,Zunahmen,die Zunahmen,the increase,l'augmentation,Most words finishing in -e add a -n in their plural form,La plupart des noms communs se terminant par -e prennent un -n au pluriel,<br><br>Most words finishing in -e add a -n in their plural form,<br><br>La plupart des noms communs se terminant par -e prennent un -n au pluriel
74,B2,B1,B2,die Ablehnung,Ablehnungen,die Ablehnungen,the rejection,le rejet,Words finishing in -ung add -en in their plural form,Les noms communs se terminant par -ung prennent la terminaison -en au pluriel,<br><br>Words finishing in -ung add -en in their plural form,<br><br>Les noms communs se terminant par -ung prennent la terminaison -en au pluriel
75,B2,B1,B2,die Abstimmung,Abstimmungen,die Abstimmungen,the vote,le vote,Words finishing in -ung add -en in their plural form,Les noms communs se terminant par -ung prennent la terminaison -en au pluriel,<br><br>Words finishing in -ung add -en in their plural form,<br><br>Les noms communs se terminant par -ung prennent la terminaison -en au pluriel
75,B2,B1,B2,die Anordnung,Anordnungen,die Anordnungen,the arrangement,l'arrangement,Words finishing in -ung add -en in their plural form,Les noms communs se terminant par -ung prennent la terminaison -en au pluriel,<br><br>Words finishing in -ung add -en in their plural form,<br><br>Les noms communs se terminant par -ung prennent la terminaison -en au pluriel
75,B2,B1,B2,die Anregung,Anregungen,die Anregungen,the suggestion,la suggestion,Words finishing in -ung add -en in their plural form,Les noms communs se terminant par -ung prennent la terminaison -en au pluriel,<br><br>Words finishing in -ung add -en in their plural form,<br><br>Les noms communs se terminant par -ung prennent la terminaison -en au pluriel
75,B2,B1,B2,der Aufsatz,Aufsätze,die Aufsätze,the essay,l'essai,,,​,​
75,B2,B1,B2,die Bakterie,Bakterien,die Bakterien,the bacterium,la bactérie,Most words finishing in -e add a -n in their plural form,La plupart des noms communs se terminant par -e prennent un -n au pluriel,<br><br>Most words finishing in -e add a -n in their plural form,<br><br>La plupart des noms communs se terminant par -e prennent un -n au pluriel
75,B2,B1,B2,der Befund,Befunde,die Befunde,the finding,la découverte,,,​,​
75,B2,B1,B2,die Bemühung,Bemühungen,die Bemühungen,the effort,l'effort,Words finishing in -ung add -en in their plural form,Les noms communs se terminant par -ung prennent la terminaison -en au pluriel,<br><br>Words finishing in -ung add -en in their plural form,<br><br>Les noms communs se terminant par -ung prennent la terminaison -en au pluriel
75,B2,B1,B2,der Beobachter,Beobachter,die Beobachter,the observer,l'observateur,,,​,​
75,B2,B1,B2,der Berater,Berater,die Berater,the consultant,le consultant,,,​,​
75,B2,B1,B2,der Betrachter,Betrachter,die Betrachter,the viewer,le spectateur,,,​,​
75,B2,B1,B2,das Betriebssystem,Betriebssysteme,die Betriebssysteme,the operating system,le système d'exploitation,,,​,​
75,B2,B1,B2,die Blüte,Blüten,die Blüten,the flower,la fleur,Most words finishing in -e add a -n in their plural form,La plupart des noms communs se terminant par -e prennent un -n au pluriel,<br><br>Most words finishing in -e add a -n in their plural form,<br><br>La plupart des noms communs se terminant par -e prennent un -n au pluriel
75,B2,B1,B2,die Datenverarbeitung,Datenverarbeitungen,die Datenverarbeitungen,data processing,l'informatique,Words finishing in -ung add -en in their plural form,Les noms communs se terminant par -ung prennent la terminaison -en au pluriel,<br><br>Words finishing in -ung add -en in their plural form,<br><br>Les noms communs se terminant par -ung prennent la terminaison -en au pluriel
75,B2,B1,B2,der Eigentümer,Eigentümer,die Eigentümer,the owner,le propriétaire,,,​,​
75,B2,B1,B2,das Ensemble,Ensembles,die Ensembles,the ensemble,l'ensemble,Many loan words add an -s in their plural form,De nombreux noms communs d'origine étrangère prennent un -s au pluriel,<br><br>Many loan words add an -s in their plural form,<br><br>De nombreux noms communs d'origine étrangère prennent un -s au pluriel
75,B2,B1,B2,die Faust,Fäuste,die Fäuste,the fist,le poing,,,​,​
75,B2,B1,B2,die Genehmigung,Genehmigungen,die Genehmigungen,the approval,l'approbation,Words finishing in -ung add -en in their plural form,Les noms communs se terminant par -ung prennent la terminaison -en au pluriel,<br><br>Words finishing in -ung add -en in their plural form,<br><br>Les noms communs se terminant par -ung prennent la terminaison -en au pluriel
75,B2,B1,B2,die Grundschule,Grundschulen,die Grundschulen,the primary school,l'école primaire,Most words finishing in -e add a -n in their plural form,La plupart des noms communs se terminant par -e prennent un -n au pluriel,<br><br>Most words finishing in -e add a -n in their plural form,<br><br>La plupart des noms communs se terminant par -e prennent un -n au pluriel
75,B2,B1,B2,die Höhle,Höhlen,die Höhlen,the cave,la grotte,Most words finishing in -e add a -n in their plural form,La plupart des noms communs se terminant par -e prennent un -n au pluriel,<br><br>Most words finishing in -e add a -n in their plural form,<br><br>La plupart des noms communs se terminant par -e prennent un -n au pluriel
75,B2,B1,B2,die Innenstadt,Innenstädte,die Innenstädte,the city center,le centre-ville,,,​,​
76,B2,B1,B2,das Kloster,Klöster,die Klöster,the monastery,le monastère,,,​,​
76,B2,B1,B2,die Kohle,Kohlen,die Kohlen,the coal,le charbon,Most words finishing in -e add a -n in their plural form,La plupart des noms communs se terminant par -e prennent un -n au pluriel,<br><br>Most words finishing in -e add a -n in their plural form,<br><br>La plupart des noms communs se terminant par -e prennent un -n au pluriel
76,B2,B1,B2,der Konsument,Konsumenten,die Konsumenten,the consumer,le consommateur,,,​,​
76,B2,B1,B2,die Malerei,Malereien,die Malereien,the painting,la peinture,,,​,​
76,B2,B1,B2,der Maßstab,Maßstäbe,die Maßstäbe,the scale,l'échelle,,,​,​
76,B2,B1,B2,die Materie,Materien,die Materien,the matter,la question,Most words finishing in -e add a -n in their plural form,La plupart des noms communs se terminant par -e prennent un -n au pluriel,<br><br>Most words finishing in -e add a -n in their plural form,<br><br>La plupart des noms communs se terminant par -e prennent un -n au pluriel
76,B2,B1,B2,der Rückgang,Rückgänge,die Rückgänge,the decline,le déclin,,,​,​
76,B2,B1,B2,der Schuldner,Schuldner,die Schuldner,the debtor,le débiteur,,,​,​
76,B2,B1,B2,der Stamm,Stämme,die Stämme,the tribe,la tribu,,,​,​
76,B2,B1,B2,der Streifen,Streifen,die Streifen,the stripe,la rayure,,,​,​
76,B2,B1,B2,der Teufel,Teufel,die Teufel,the devil,le diable,,,​,​
76,B2,B1,B2,die Überprüfung,Überprüfungen,die Überprüfungen,the review,la critique,Words finishing in -ung add -en in their plural form,Les noms communs se terminant par -ung prennent la terminaison -en au pluriel,<br><br>Words finishing in -ung add -en in their plural form,<br><br>Les noms communs se terminant par -ung prennent la terminaison -en au pluriel
76,B2,B1,B2,die Vermutung,Vermutungen,die Vermutungen,the assumption,l'hypothèse,Words finishing in -ung add -en in their plural form,Les noms communs se terminant par -ung prennent la terminaison -en au pluriel,<br><br>Words finishing in -ung add -en in their plural form,<br><br>Les noms communs se terminant par -ung prennent la terminaison -en au pluriel
76,B2,B1,B2,die Wirtschaftspolitik,Wirtschaftspolitiken,die Wirtschaftspolitiken,economic policy,la politique économique,,,​,​
76,B2,B1,B2,die Zunge,Zungen,die Zungen,the tongue,la langue,Most words finishing in -e add a -n in their plural form,La plupart des noms communs se terminant par -e prennent un -n au pluriel,<br><br>Most words finishing in -e add a -n in their plural form,<br><br>La plupart des noms communs se terminant par -e prennent un -n au pluriel
76,B2,B1,B2,der Zwang,Zwänge,die Zwänge,the compulsion,la compulsion,,,​,​
76,B2,B1,B2,das Antibiotikum,Antibiotika,die Antibiotika,the antibiotic,l'antibiotique,,,​,​
76,B2,B1,B2,die Anweisung,Anweisungen,die Anweisungen,the instruction,l'instruction,Words finishing in -ung add -en in their plural form,Les noms communs se terminant par -ung prennent la terminaison -en au pluriel,<br><br>Words finishing in -ung add -en in their plural form,<br><br>Les noms communs se terminant par -ung prennent la terminaison -en au pluriel
76,B2,B1,B2,die Architektur,Architekturen,die Architekturen,the architecture,l'architecture,,,​,​
76,B2,B1,B2,das Atom,Atome,die Atome,the atom,l'atome,,,​,​
77,B2,B1,B2,der Aufstieg,Aufstiege,die Aufstiege,the rise,la montée,,,​,​
77,B2,B1,B2,die Ausstattung,Ausstattungen,die Ausstattungen,the equipment,l'équipement,Words finishing in -ung add -en in their plural form,Les noms communs se terminant par -ung prennent la terminaison -en au pluriel,<br><br>Words finishing in -ung add -en in their plural form,<br><br>Les noms communs se terminant par -ung prennent la terminaison -en au pluriel
77,B2,B1,B2,die Bearbeitung,Bearbeitungen,die Bearbeitungen,the processing,le traitement,Words finishing in -ung add -en in their plural form,Les noms communs se terminant par -ung prennent la terminaison -en au pluriel,<br><br>Words finishing in -ung add -en in their plural form,<br><br>Les noms communs se terminant par -ung prennent la terminaison -en au pluriel
77,B2,B1,B2,die Besonderheit,Besonderheiten,die Besonderheiten,the special feature,la caractéristique spéciale,Words finishing in -heit add -en in their plural form,Les mots se terminant par -heit prennent la terminaison -en au pluriel,<br><br>Words finishing in -heit add -en in their plural form,<br><br>Les mots se terminant par -heit prennent la terminaison -en au pluriel
77,B2,B1,B2,die Breite,Breiten,die Breiten,the width,la largeur,Most words finishing in -e add a -n in their plural form,La plupart des noms communs se terminant par -e prennent un -n au pluriel,<br><br>Most words finishing in -e add a -n in their plural form,<br><br>La plupart des noms communs se terminant par -e prennent un -n au pluriel
77,B2,B1,B2,der Champion,Champions,die Champions,the champion,le champion,Many loan words add an -s in their plural form,De nombreux noms communs d'origine étrangère prennent un -s au pluriel,<br><br>Many loan words add an -s in their plural form,<br><br>De nombreux noms communs d'origine étrangère prennent un -s au pluriel
77,B2,B1,B2,die Differenzierung,Differenzierungen,die Differenzierungen,the differentiation,la différenciation,Words finishing in -ung add -en in their plural form,Les noms communs se terminant par -ung prennent la terminaison -en au pluriel,<br><br>Words finishing in -ung add -en in their plural form,<br><br>Les noms communs se terminant par -ung prennent la terminaison -en au pluriel
77,B2,B1,B2,der Dirigent,Dirigenten,die Dirigenten,the conductor,le chef d'orchestre,,,​,​
77,B2,B1,B2,die Entdeckung,Entdeckungen,die Entdeckungen,the discovery,la découverte,Words finishing in -ung add -en in their plural form,Les noms communs se terminant par -ung prennent la terminaison -en au pluriel,<br><br>Words finishing in -ung add -en in their plural form,<br><br>Les noms communs se terminant par -ung prennent la terminaison -en au pluriel
77,B2,B1,B2,die Fluggesellschaft,Fluggesellschaften,die Fluggesellschaften,the airline,la compagnie aérienne,,,​,​
77,B2,B1,B2,das Gerücht,Gerüchte,die Gerüchte,the rumor,la rumeur,,,​,​
77,B2,B1,B2,der Gesetzgeber,Gesetzgeber,die Gesetzgeber,the legislator,le législateur,,,​,​
77,B2,B1,B2,die Gliederung,Gliederungen,die Gliederungen,the structure,la structure,Words finishing in -ung add -en in their plural form,Les noms communs se terminant par -ung prennent la terminaison -en au pluriel,<br><br>Words finishing in -ung add -en in their plural form,<br><br>Les noms communs se terminant par -ung prennent la terminaison -en au pluriel
77,B2,B1,B2,das Grab,Gräber,die Gräber,the grave,la tombe,,,​,​
77,B2,B1,B2,der Grenzwert,Grenzwerte,die Grenzwerte,the limit value,la valeur limite,,,​,​
77,B2,B1,B2,das Handwerk,Handwerke,die Handwerke,the craft,l'artisanat,,,​,​
77,B2,B1,B2,der Helfer,Helfer,die Helfer,the helper,l'assistant,,,​,​
77,B2,B1,B2,der Jäger,Jäger,die Jäger,the hunter,le chasseur,,,​,​
77,B2,B1,B2,der Klang,Klänge,die Klänge,the sound,le son,,,​,​
77,B2,B1,B2,die Königin,Königinnen,die Königinnen,the queen,la reine,,,​,​
78,B2,B1,B2,die Konstruktion,Konstruktionen,die Konstruktionen,the construction,la construction,,,​,​
78,B2,B1,B2,der Kreislauf,Kreisläufe,die Kreisläufe,the cycle,le cycle,,,​,​
78,B2,B1,B2,die Kugel,Kugeln,die Kugeln,the ball,la balle,,,​,​
78,B2,B1,B2,die Kuh,Kühe,die Kühe,the cow,la vache,,,​,​
78,B2,B1,B2,die Leiche,Leichen,die Leichen,the corpse,le cadavre,Most words finishing in -e add a -n in their plural form,La plupart des noms communs se terminant par -e prennent un -n au pluriel,<br><br>Most words finishing in -e add a -n in their plural form,<br><br>La plupart des noms communs se terminant par -e prennent un -n au pluriel
78,B2,B1,B2,die Leidenschaft,Leidenschaften,die Leidenschaften,the passion,la passion,,,​,​
78,B2,B1,B2,die Leistungsfähigkeit,Leistungsfähigkeiten,die Leistungsfähigkeiten,the performance,la performance,Words finishing in -keit add -en in their plural form,Les noms communs se terminant par -ung prennent la terminaison -en au pluriel,<br><br>Words finishing in -keit add -en in their plural form,<br><br>Les noms communs se terminant par -ung prennent la terminaison -en au pluriel
78,B2,B1,B2,die Liga,Ligen,die Ligen,the league,la ligue,,,​,​
78,B2,B1,B2,das Milligramm,Milligramme,die Milligramme,the milligram,le milligramme,,,​,​
78,B2,B1,B2,der Nacken,Nacken,die Nacken,the neck,le cou,,,​,​
78,B2,B1,B2,der Parteitag,Parteitage,die Parteitage,the party congress,le congrès du parti,,,​,​
78,B2,B1,B2,der Planet,Planeten,die Planeten,the planet,la planète,,,​,​
78,B2,B1,B2,der Priester,Priester,die Priester,the priest,le prêtre,,,​,​
78,B2,B1,B2,die Problematik,Problematiken,die Problematiken,the problem,le problème,,,​,​
78,B2,B1,B2,die Rezession,Rezessionen,die Rezessionen,the recession,la récession,,,​,​
78,B2,B1,B2,der Schweiß,Schweiße,die Schweiße,the sweat,la sueur,,,​,​
78,B2,B1,B2,die Skala,Skalas,die Skalas,the scale,l'échelle,Many loan words add an -s in their plural form,De nombreux noms communs d'origine étrangère prennent un -s au pluriel,<br><br>Many loan words add an -s in their plural form,<br><br>De nombreux noms communs d'origine étrangère prennent un -s au pluriel
78,B2,B1,B2,die Spalte,Spalten,die Spalten,the column,la colonne,Most words finishing in -e add a -n in their plural form,La plupart des noms communs se terminant par -e prennent un -n au pluriel,<br><br>Most words finishing in -e add a -n in their plural form,<br><br>La plupart des noms communs se terminant par -e prennent un -n au pluriel
78,B2,B1,B2,das Spektrum,Spektren,die Spektren,the spectrum,le spectre,,,​,​
78,B2,B1,B2,das Tagebuch,Tagebücher,die Tagebücher,the diary,le journal,,,​,​
79,B2,B1,B2,die Unruhe,Unruhen,die Unruhen,the unrest,les troubles,Most words finishing in -e add a -n in their plural form,La plupart des noms communs se terminant par -e prennent un -n au pluriel,<br><br>Most words finishing in -e add a -n in their plural form,<br><br>La plupart des noms communs se terminant par -e prennent un -n au pluriel
79,B2,B1,B2,der Ursprung,Ursprünge,die Ursprünge,the origin,l'origine,Words finishing in -ung add -en in their plural form,Les noms communs se terminant par -ung prennent la terminaison -en au pluriel,<br><br>Words finishing in -ung add -en in their plural form,<br><br>Les noms communs se terminant par -ung prennent la terminaison -en au pluriel
79,B2,B1,B2,das Verbrechen,Verbrechen,die Verbrechen,the crime,le crime,,,​,​
79,B2,B1,B2,die Verhaltensweise,Verhaltensweisen,die Verhaltensweisen,the behavior,le comportement,Most words finishing in -e add a -n in their plural form,La plupart des noms communs se terminant par -e prennent un -n au pluriel,<br><br>Most words finishing in -e add a -n in their plural form,<br><br>La plupart des noms communs se terminant par -e prennent un -n au pluriel
79,B2,B1,B2,die Verordnung,Verordnungen,die Verordnungen,the regulation,le règlement,Words finishing in -ung add -en in their plural form,Les noms communs se terminant par -ung prennent la terminaison -en au pluriel,<br><br>Words finishing in -ung add -en in their plural form,<br><br>Les noms communs se terminant par -ung prennent la terminaison -en au pluriel
79,B2,B1,B2,die Zerstörung,Zerstörungen,die Zerstörungen,the destruction,la destruction,Words finishing in -ung add -en in their plural form,Les noms communs se terminant par -ung prennent la terminaison -en au pluriel,<br><br>Words finishing in -ung add -en in their plural form,<br><br>Les noms communs se terminant par -ung prennent la terminaison -en au pluriel
79,B2,B1,B2,die Zulassung,Zulassungen,die Zulassungen,the approval,l'approbation,Words finishing in -ung add -en in their plural form,Les noms communs se terminant par -ung prennent la terminaison -en au pluriel,<br><br>Words finishing in -ung add -en in their plural form,<br><br>Les noms communs se terminant par -ung prennent la terminaison -en au pluriel
79,B2,B1,B2,die Zusammensetzung,Zusammensetzungen,die Zusammensetzungen,the composition,la composition,Words finishing in -ung add -en in their plural form,Les noms communs se terminant par -ung prennent la terminaison -en au pluriel,<br><br>Words finishing in -ung add -en in their plural form,<br><br>Les noms communs se terminant par -ung prennent la terminaison -en au pluriel
79,B2,B1,B2,die Abschreibung,Abschreibungen,die Abschreibungen,the depreciation,la dépréciation,Words finishing in -ung add -en in their plural form,Les noms communs se terminant par -ung prennent la terminaison -en au pluriel,<br><br>Words finishing in -ung add -en in their plural form,<br><br>Les noms communs se terminant par -ung prennent la terminaison -en au pluriel
79,B2,B1,B2,die Achse,Achsen,die Achsen,the axis,l'axe,Most words finishing in -e add a -n in their plural form,La plupart des noms communs se terminant par -e prennent un -n au pluriel,<br><br>Most words finishing in -e add a -n in their plural form,<br><br>La plupart des noms communs se terminant par -e prennent un -n au pluriel
79,B2,B1,B2,die Aufregung,Aufregungen,die Aufregungen,the excitement,l'excitation,Words finishing in -ung add -en in their plural form,Les noms communs se terminant par -ung prennent la terminaison -en au pluriel,<br><br>Words finishing in -ung add -en in their plural form,<br><br>Les noms communs se terminant par -ung prennent la terminaison -en au pluriel
79,B2,B1,B2,der Chip,Chips,die Chips,the chip,la puce,Many loan words add an -s in their plural form,De nombreux noms communs d'origine étrangère prennent un -s au pluriel,<br><br>Many loan words add an -s in their plural form,<br><br>De nombreux noms communs d'origine étrangère prennent un -s au pluriel
79,B2,B1,B2,der Chor,Chöre,die Chöre,the choir,le chœur,,,​,​
79,B2,B1,B2,das Design,Designs,die Designs,the design,le design,Many loan words add an -s in their plural form,De nombreux noms communs d'origine étrangère prennent un -s au pluriel,<br><br>Many loan words add an -s in their plural form,<br><br>De nombreux noms communs d'origine étrangère prennent un -s au pluriel
79,B2,B1,B2,der Dolmetscher,Dolmetscher,die Dolmetscher,the interpreter,l'interprète,,,​,​
79,B2,B1,B2,die Furcht,Fürchte,die Fürchte,the fear,la peur,,,​,​
79,B2,B1,B2,der General,Generäle,die Generäle,the general,le général,,,​,​
79,B2,B1,B2,das Gewehr,Gewehre,die Gewehre,the rifle,le fusil,,,​,​
79,B2,B1,B2,das Glied,Glieder,die Glieder,the member,le membre,,,​,​
79,B2,B1,B2,der Graf,Grafen,die Grafen,the Count,le comte,,,​,​
80,B2,B1,B2,das Gremium,Gremien,die Gremien,the committee,le comité,,,​,​
80,B2,B1,B2,das Gutachten,Gutachten,die Gutachten,the expert opinion,l'avis des experts,,,​,​
80,B2,B1,B2,die Haustür,Haustüren,die Haustüren,the front door,la porte d'entrée,,,​,​
80,B2,B1,B2,die Hypothese,Hypothesen,die Hypothesen,the hypothesis,l'hypothèse,Most words finishing in -e add a -n in their plural form,La plupart des noms communs se terminant par -e prennent un -n au pluriel,<br><br>Most words finishing in -e add a -n in their plural form,<br><br>La plupart des noms communs se terminant par -e prennent un -n au pluriel
80,B2,B1,B2,der Kommentar,Kommentare,die Kommentare,the comment,le commentaire,,,​,​
80,B2,B1,B2,die Konzeption,Konzeptionen,die Konzeptionen,the concept,le concept,,,​,​
80,B2,B1,B2,die Kreativität,Kreativitäten,die Kreativitäten,the creativity,la créativité,,,​,​
80,B2,B1,B2,der Marktanteil,Marktanteile,die Marktanteile,the market share,la part de marché,,,​,​
80,B2,B1,B2,die Maus,Mäuse,die Mäuse,the mouse,la souris,,,​,​
80,B2,B1,B2,das Menschenrecht,Menschenrechte,die Menschenrechte,the human right,le droit de l'homme,,,​,​
80,B2,B1,B2,das Ministerium,Ministerien,die Ministerien,the ministry,le ministère,,,​,​
80,B2,B1,B2,der Mythos,Mythen,die Mythen,the myth,le mythe,,,​,​
80,B2,B1,B2,die Naturwissenschaft,Naturwissenschaften,die Naturwissenschaften,natural science,la sciences naturelle,,,​,​
80,B2,B1,B2,der Parkplatz,Parkplätze,die Parkplätze,the parking lot,le parking,,,​,​
80,B2,B1,B2,die Partnerschaft,Partnerschaften,die Partnerschaften,the partnership,le partenariat,,,​,​
80,B2,B1,B2,die Periode,Perioden,die Perioden,the period,la période,Most words finishing in -e add a -n in their plural form,La plupart des noms communs se terminant par -e prennent un -n au pluriel,<br><br>Most words finishing in -e add a -n in their plural form,<br><br>La plupart des noms communs se terminant par -e prennent un -n au pluriel
80,B2,B1,B2,das Präparat,Präparate,die Präparate,the preparation,la préparation,,,​,​
80,B2,B1,B2,die Provinz,Provinzen,die Provinzen,the province,la province,,,​,​
80,B2,B1,B2,die Rahmenbedingung,Rahmenbedingungen,die Rahmenbedingungen,the framework conditions,les conditions-cadres,Words finishing in -ung add -en in their plural form,Les noms communs se terminant par -ung prennent la terminaison -en au pluriel,<br><br>Words finishing in -ung add -en in their plural form,<br><br>Les noms communs se terminant par -ung prennent la terminaison -en au pluriel
80,B2,B1,B2,der Regierungschef,Regierungschefs,die Regierungschefs,the head of government,le chef du gouvernement,Many loan words add an -s in their plural form,De nombreux noms communs d'origine étrangère prennent un -s au pluriel,<br><br>Many loan words add an -s in their plural form,<br><br>De nombreux noms communs d'origine étrangère prennent un -s au pluriel
81,B2,B1,B2,die Säule,Säulen,die Säulen,the pillar,le pilier,Most words finishing in -e add a -n in their plural form,La plupart des noms communs se terminant par -e prennent un -n au pluriel,<br><br>Most words finishing in -e add a -n in their plural form,<br><br>La plupart des noms communs se terminant par -e prennent un -n au pluriel
81,B2,B1,B2,die Schönheit,Schönheiten,die Schönheiten,the beauty,la beauté,Words finishing in -heit add -en in their plural form,Les mots se terminant par -heit prennent la terminaison -en au pluriel,<br><br>Words finishing in -heit add -en in their plural form,<br><br>Les mots se terminant par -heit prennent la terminaison -en au pluriel
81,B2,B1,B2,die Steigerung,Steigerungen,die Steigerungen,the increase,l'augmentation,Words finishing in -ung add -en in their plural form,Les noms communs se terminant par -ung prennent la terminaison -en au pluriel,<br><br>Words finishing in -ung add -en in their plural form,<br><br>Les noms communs se terminant par -ung prennent la terminaison -en au pluriel
81,B2,B1,B2,der Stellvertreter,Stellvertreter,die Stellvertreter,the deputy,le député,,,​,​
81,B2,B1,B2,die Subvention,Subventionen,die Subventionen,the subsidy,la subvention,,,​,​
81,B2,B1,B2,der Tunnel,Tunnel,die Tunnel,the tunnel,le tunnel,,,​,​
81,B2,B1,B2,die Übersicht,Übersichten,die Übersichten,the overview,aperçu,,,​,​
81,B2,B1,B2,die Vorlesung,Vorlesungen,die Vorlesungen,the lecture,la conférence,Words finishing in -ung add -en in their plural form,Les noms communs se terminant par -ung prennent la terminaison -en au pluriel,<br><br>Words finishing in -ung add -en in their plural form,<br><br>Les noms communs se terminant par -ung prennent la terminaison -en au pluriel
81,B2,B1,B2,das Abkommen,Abkommen,die Abkommen,the agreement,l'accord,,,​,​
81,B2,B1,B2,der Absolvent,Absolventen,die Absolventen,the graduate,le diplômé,,,​,​
81,B2,B1,B2,die Abwehr,Abwehren,die Abwehren,the defense,la défense,,,​,​
81,B2,B1,B2,die Arbeitskraft,Arbeitskräfte,die Arbeitskräfte,the workforce,la main-d'œuvre,,,​,​
81,B2,B1,B2,der Assistent,Assistenten,die Assistenten,the assistant,l'assistant,,,​,​
81,B2,B1,B2,die Auswertung,Auswertungen,die Auswertungen,the evaluation,l'évaluation,Words finishing in -ung add -en in their plural form,Les noms communs se terminant par -ung prennent la terminaison -en au pluriel,<br><br>Words finishing in -ung add -en in their plural form,<br><br>Les noms communs se terminant par -ung prennent la terminaison -en au pluriel
81,B2,B1,B2,die Bedrohung,Bedrohungen,die Bedrohungen,the threat,la menace,Words finishing in -ung add -en in their plural form,Les noms communs se terminant par -ung prennent la terminaison -en au pluriel,<br><br>Words finishing in -ung add -en in their plural form,<br><br>Les noms communs se terminant par -ung prennent la terminaison -en au pluriel
81,B2,B1,B2,die Bekämpfung,Bekämpfungen,die Bekämpfungen,the fight,le combat,Words finishing in -ung add -en in their plural form,Les noms communs se terminant par -ung prennent la terminaison -en au pluriel,<br><br>Words finishing in -ung add -en in their plural form,<br><br>Les noms communs se terminant par -ung prennent la terminaison -en au pluriel
81,B2,B1,B2,die Beschränkung,Beschränkungen,die Beschränkungen,the restriction,la restriction,Words finishing in -ung add -en in their plural form,Les noms communs se terminant par -ung prennent la terminaison -en au pluriel,<br><br>Words finishing in -ung add -en in their plural form,<br><br>Les noms communs se terminant par -ung prennent la terminaison -en au pluriel
81,B2,B1,B2,der Block,Blöcke,die Blöcke,the block,le bloc,,,​,​
81,B2,B1,B2,das Darlehen,Darlehen,die Darlehen,the loan,le prêt,,,​,​
81,B2,B1,B2,die Erhaltung,Erhaltungen,die Erhaltungen,the preservation,la préservation,Words finishing in -ung add -en in their plural form,Les noms communs se terminant par -ung prennent la terminaison -en au pluriel,<br><br>Words finishing in -ung add -en in their plural form,<br><br>Les noms communs se terminant par -ung prennent la terminaison -en au pluriel
82,B2,B1,B2,der Erzähler,Erzähler,die Erzähler,the narrator,le narrateur,,,​,​
82,B2,B1,B2,der Fachbereich,Fachbereiche,die Fachbereiche,the department,le département,,,​,​
82,B2,B1,B2,die Fassung,Fassungen,die Fassungen,the version,la version,Words finishing in -ung add -en in their plural form,Les noms communs se terminant par -ung prennent la terminaison -en au pluriel,<br><br>Words finishing in -ung add -en in their plural form,<br><br>Les noms communs se terminant par -ung prennent la terminaison -en au pluriel
82,B2,B1,B2,der Flügel,Flügel,die Flügel,the wing,l'aile,,,​,​
82,B2,B1,B2,die Frequenz,Frequenzen,die Frequenzen,the frequency,la fréquence,,,​,​
82,B2,B1,B2,die Gerechtigkeit,Gerechtigkeiten,die Gerechtigkeiten,the justice,la justice,Words finishing in -keit add -en in their plural form,Les noms communs se terminant par -ung prennent la terminaison -en au pluriel,<br><br>Words finishing in -keit add -en in their plural form,<br><br>Les noms communs se terminant par -ung prennent la terminaison -en au pluriel
82,B2,B1,B2,der Gipfel,Gipfel,die Gipfel,the summit,le sommet,,,​,​
82,B2,B1,B2,der Großteil,Großteile,die Großteile,the majority,la majorité,,,​,​
82,B2,B1,B2,das Industrieland,Industrieländer,die Industrieländer,the industrialized country,le pays industrialisé,,,​,​
82,B2,B1,B2,die Jagd,Jagden,die Jagden,the hunt,la chasse,,,​,​
82,B2,B1,B2,die Jahreszeit,Jahreszeiten,die Jahreszeiten,the season,la saison,,,​,​
82,B2,B1,B2,die Linse,Linsen,die Linsen,the lens,la lentille,Most words finishing in -e add a -n in their plural form,La plupart des noms communs se terminant par -e prennent un -n au pluriel,<br><br>Most words finishing in -e add a -n in their plural form,<br><br>La plupart des noms communs se terminant par -e prennent un -n au pluriel
82,B2,B1,B2,die Lücke,Lücken,die Lücken,the gap,l'écart,Most words finishing in -e add a -n in their plural form,La plupart des noms communs se terminant par -e prennent un -n au pluriel,<br><br>Most words finishing in -e add a -n in their plural form,<br><br>La plupart des noms communs se terminant par -e prennent un -n au pluriel
82,B2,B1,B2,der Missbrauch,Missbräuche,die Missbräuche,the abuse,l'abus,,,​,​
82,B2,B1,B2,die Motivation,Motivationen,die Motivationen,the motivation,la motivation,,,​,​
82,B2,B1,B2,die Option,Optionen,die Optionen,the option,l'option,,,​,​
82,B2,B1,B2,der Physiker,Physiker,die Physiker,the physicist,le physicien,,,​,​
82,B2,B1,B2,die Pistole,Pistolen,die Pistolen,the pistol,le pistolet,Most words finishing in -e add a -n in their plural form,La plupart des noms communs se terminant par -e prennent un -n au pluriel,<br><br>Most words finishing in -e add a -n in their plural form,<br><br>La plupart des noms communs se terminant par -e prennent un -n au pluriel
82,B2,B1,B2,die Reichweite,Reichweiten,die Reichweiten,the range,la gamme,Most words finishing in -e add a -n in their plural form,La plupart des noms communs se terminant par -e prennent un -n au pluriel,<br><br>Most words finishing in -e add a -n in their plural form,<br><br>La plupart des noms communs se terminant par -e prennent un -n au pluriel
82,B2,B1,B2,die Tageszeitung,Tageszeitungen,die Tageszeitungen,the daily newspaper,le quotidien,Words finishing in -ung add -en in their plural form,Les noms communs se terminant par -ung prennent la terminaison -en au pluriel,<br><br>Words finishing in -ung add -en in their plural form,<br><br>Les noms communs se terminant par -ung prennent la terminaison -en au pluriel
83,B2,B1,B2,der Therapeut,Therapeuten,die Therapeuten,the therapist,le thérapeute,,,​,​
83,B2,B1,B2,der Veranstalter,Veranstalter,die Veranstalter,the organizer,l'organisateur,,,​,​
83,B2,B1,B2,die Verknüpfung,Verknüpfungen,die Verknüpfungen,the link,le lien,Words finishing in -ung add -en in their plural form,Les noms communs se terminant par -ung prennent la terminaison -en au pluriel,<br><br>Words finishing in -ung add -en in their plural form,<br><br>Les noms communs se terminant par -ung prennent la terminaison -en au pluriel
83,B2,B1,B2,das Vorfeld,Vorfelder,die Vorfelder,the apron,le tablier,,,​,​
83,B2,B1,B2,der Vorgänger,Vorgänger,die Vorgänger,the predecessor,le prédécesseur,,,​,​
83,B2,B1,B2,die Währung,Währungen,die Währungen,the currency,la monnaie,Words finishing in -ung add -en in their plural form,Les noms communs se terminant par -ung prennent la terminaison -en au pluriel,<br><br>Words finishing in -ung add -en in their plural form,<br><br>Les noms communs se terminant par -ung prennent la terminaison -en au pluriel
83,B2,B1,B2,der Weltmeister,Weltmeister,die Weltmeister,the world champion,le champion du monde,,,​,​
83,B2,B1,B2,die Zuordnung,Zuordnungen,die Zuordnungen,the assignment,l'affectation,Words finishing in -ung add -en in their plural form,Les noms communs se terminant par -ung prennent la terminaison -en au pluriel,<br><br>Words finishing in -ung add -en in their plural form,<br><br>Les noms communs se terminant par -ung prennent la terminaison -en au pluriel
83,B2,B1,B2,der Zuwachs,Zuwächse,die Zuwächse,the increase,l'augmentation,,,​,​
83,B2,B1,B2,die Akte,Akten,die Akten,the file,le fichier,Most words finishing in -e add a -n in their plural form,La plupart des noms communs se terminant par -e prennent un -n au pluriel,<br><br>Most words finishing in -e add a -n in their plural form,<br><br>La plupart des noms communs se terminant par -e prennent un -n au pluriel
83,B2,B1,B2,die Anleihe,Anleihen,die Anleihen,the bond,le lien,Most words finishing in -e add a -n in their plural form,La plupart des noms communs se terminant par -e prennent un -n au pluriel,<br><br>Most words finishing in -e add a -n in their plural form,<br><br>La plupart des noms communs se terminant par -e prennent un -n au pluriel
83,B2,B1,B2,die Arbeitszeit,Arbeitszeiten,die Arbeitszeiten,the working hours,les heures de travail,,,​,​
83,B2,B1,B2,der Aufsichtsrat,Aufsichtsräte,die Aufsichtsräte,the supervisory board,le conseil de surveillance,,,​,​
83,B2,B1,B2,der Ausgangspunkt,Ausgangspunkte,die Ausgangspunkte,the starting point,le point de départ,,,​,​
83,B2,B1,B2,die Ausrichtung,Ausrichtungen,die Ausrichtungen,the alignment,l'alignement,Words finishing in -ung add -en in their plural form,Les noms communs se terminant par -ung prennent la terminaison -en au pluriel,<br><br>Words finishing in -ung add -en in their plural form,<br><br>Les noms communs se terminant par -ung prennent la terminaison -en au pluriel
83,B2,B1,B2,der Einblick,Einblicke,die Einblicke,the insight,l'intuition,,,​,​
83,B2,B1,B2,der Engel,Engel,die Engel,the angel,l'ange,,,​,​
83,B2,B1,B2,die Erfassung,Erfassungen,die Erfassungen,the recording,l'enregistrement,Words finishing in -ung add -en in their plural form,Les noms communs se terminant par -ung prennent la terminaison -en au pluriel,<br><br>Words finishing in -ung add -en in their plural form,<br><br>Les noms communs se terminant par -ung prennent la terminaison -en au pluriel
83,B2,B1,B2,die Fahne,Fahnen,die Fahnen,the flag,le drapeau,Most words finishing in -e add a -n in their plural form,La plupart des noms communs se terminant par -e prennent un -n au pluriel,<br><br>Most words finishing in -e add a -n in their plural form,<br><br>La plupart des noms communs se terminant par -e prennent un -n au pluriel
83,B2,B1,B2,die Fakultät,Fakultäten,die Fakultäten,the faculty,la faculté,,,​,​
84,B2,B1,B2,die Fassade,Fassaden,die Fassaden,the facade,la façade,Most words finishing in -e add a -n in their plural form,La plupart des noms communs se terminant par -e prennent un -n au pluriel,<br><br>Most words finishing in -e add a -n in their plural form,<br><br>La plupart des noms communs se terminant par -e prennent un -n au pluriel
84,B2,B1,B2,das Gewebe,Gewebe,die Gewebe,the tissue,le tissu,,,​,​
84,B2,B1,B2,der Jurist,Juristen,die Juristen,the lawyer,l'avocat,,,​,​
84,B2,B1,B2,die Kommune,Kommunen,die Kommunen,the municipality,la municipalité,Most words finishing in -e add a -n in their plural form,La plupart des noms communs se terminant par -e prennent un -n au pluriel,<br><br>Most words finishing in -e add a -n in their plural form,<br><br>La plupart des noms communs se terminant par -e prennent un -n au pluriel
84,B2,B1,B2,die Koralle,Korallen,die Korallen,the coral,le corail,Most words finishing in -e add a -n in their plural form,La plupart des noms communs se terminant par -e prennent un -n au pluriel,<br><br>Most words finishing in -e add a -n in their plural form,<br><br>La plupart des noms communs se terminant par -e prennent un -n au pluriel
84,B2,B1,B2,die Landesregierung,Landesregierungen,die Landesregierungen,the state government,le gouvernement de l'État,Words finishing in -ung add -en in their plural form,Les noms communs se terminant par -ung prennent la terminaison -en au pluriel,<br><br>Words finishing in -ung add -en in their plural form,<br><br>Les noms communs se terminant par -ung prennent la terminaison -en au pluriel
84,B2,B1,B2,der Philosoph,Philosophen,die Philosophen,the philosopher,le philosophe,,,​,​
84,B2,B1,B2,der Prinz,Prinzen,die Prinzen,the prince,le prince,,,​,​
84,B2,B1,B2,das Profil,Profile,die Profile,the profile,le profil,,,​,​
84,B2,B1,B2,die Relation,Relationen,die Relationen,the relationship,la relation,,,​,​
84,B2,B1,B2,das Riff,Riffe,die Riffe,the reef,le récif,,,​,​
84,B2,B1,B2,die Siedlung,Siedlungen,die Siedlungen,the settlement,le règlement,Words finishing in -ung add -en in their plural form,Les noms communs se terminant par -ung prennent la terminaison -en au pluriel,<br><br>Words finishing in -ung add -en in their plural form,<br><br>Les noms communs se terminant par -ung prennent la terminaison -en au pluriel
84,B2,B1,B2,der Spruch,Sprüche,die Sprüche,the saying,le dicton,,,​,​
84,B2,B1,B2,die Stellungnahme,Stellungnahmen,die Stellungnahmen,the statement,la déclaration,Most words finishing in -e add a -n in their plural form,La plupart des noms communs se terminant par -e prennent un -n au pluriel,<br><br>Most words finishing in -e add a -n in their plural form,<br><br>La plupart des noms communs se terminant par -e prennent un -n au pluriel
84,B2,B1,B2,der Strahl,Strahlen,die Strahlen,the beam,le faisceau,,,​,​
84,B2,B1,B2,die Strömung,Strömungen,die Strömungen,the current,le courant,Words finishing in -ung add -en in their plural form,Les noms communs se terminant par -ung prennent la terminaison -en au pluriel,<br><br>Words finishing in -ung add -en in their plural form,<br><br>Les noms communs se terminant par -ung prennent la terminaison -en au pluriel
84,B2,B1,B2,das Volumen,Volumen,die Volumen,the volume,le volume,,,​,​
84,B2,B1,B2,der Zugriff,Zugriffe,die Zugriffe,the access,l'accès,,,​,​