exercise,question,answer,german,english,french,explanation_english,explanation_french,opposite,type
1,,hier,,here,ici,hier = here,hier = ici,dort,local
1,,immer,,always,toujours,immer = always,immer = toujours,nie,temporal - frequency
1,,jetzt,,now,maintenant,jetzt = now,jetzt = maintenant,,temporal - point in time
1,,sehr,,very,très,sehr = very,sehr = très,,modal
1,,bald,,soon,bientôt,bald = soon,bald = bientôt,,temporal - point in time
1,,gestern,,yesterday,hier,gestern = yesterday,gestern = hier,morgen,temporal - point in time
1,,heute,,today,aujourd'hui,heute = today,heute = aujourd'hui,,temporal - point in time
1,,morgen,,tomorrow,demain,morgen = tomorrow,morgen = demain,gestern,temporal - point in time
1,,manchmal,,sometimes,parfois,manchmal = sometimes,manchmal = parfois,,temporal - frequency
1,,dort,,there,là,dort = there,dort = là,hier,local
2,Ich bin _____.,hier,Ich bin hier.,I am here.,Je suis là.,hier = here,hier = ici,,
2,_____ ist es sehr ruhig.,Hier,Hier ist es sehr ruhig.,It is very quiet here.,C'est très calme ici.,hier = here,hier = ici,,
2,Wir treffen uns _____.,hier,Wir treffen uns hier.,We are meeting here.,Nous nous réunissons ici.,hier = here,hier = ici,,
2,_____ gibt es ein gutes Restaurant.,Hier,Hier gibt es ein gutes Restaurant.,There is a good restaurant here.,Il y a un bon restaurant ici.,hier = here,hier = ici,,
2,Mein Auto steht _____.,hier,Mein Auto steht hier.,My car is parked here.,Ma voiture est garée ici.,hier = here,hier = ici,,
2,Ich bin _____ müde.,sehr,Ich bin sehr müde.,I am very tired.,Je suis très fatigué.,sehr = very,sehr = très,,
2,Das Essen schmeckt _____ gut.,sehr,Das Essen schmeckt sehr gut.,The food tastes very good.,La nourriture a très bon goût.,sehr = very,sehr = très,,
2,Er spricht _____ langsam.,sehr,Er spricht sehr langsam.,He speaks very slowly.,Il parle très lentement.,sehr = very,sehr = très,,
2,Wir sind _____ glücklich.,sehr,Wir sind sehr glücklich.,We are very happy.,Nous sommes très heureux.,sehr = very,sehr = très,,
2,Das Wetter ist heute _____ schön.,sehr,Das Wetter ist heute sehr schön.,The weather is very nice today.,Il fait très beau aujourd'hui.,sehr = very,sehr = très,,
2,Ich bin _____ müde.,jetzt,Ich bin jetzt müde.,I am tired now.,Je suis fatigué maintenant.,jetzt = now,jetzt = maintenant,,
2,Wir gehen _____ nach Hause.,jetzt,Wir gehen jetzt nach Hause.,We are going home now.,Nous rentrons à la maison maintenant.,jetzt = now,jetzt = maintenant,,
2,Er arbeitet _____ im Büro.,jetzt,Er arbeitet jetzt im Büro.,He is working in the office now.,Il travaille au bureau maintenant.,jetzt = now,jetzt = maintenant,,
2,_____ ist es sehr kalt draußen.,Jetzt,Jetzt ist es sehr kalt draußen.,It is very cold outside now.,Il fait très froid dehors maintenant.,jetzt = now,jetzt = maintenant,,
2,Ich rufe dich _____ an.,jetzt,Ich rufe dich jetzt an.,I am calling you now.,Je t'appelle maintenant.,jetzt = now,jetzt = maintenant,,
2,_____ habe ich einen Termin beim Arzt.,Morgen,Morgen habe ich einen Termin beim Arzt.,Tomorrow I have an appointment with the doctor.,Demain j'ai rendez-vous chez le médecin.,morgen = tomorrow,morgen = demain,,
2,Wir fahren _____ nach Berlin.,morgen,Wir fahren morgen nach Berlin.,We are going to Berlin tomorrow.,Nous allons à Berlin demain.,morgen = tomorrow,morgen = demain,,
2,_____ beginnt die Schule wieder.,Morgen,Morgen beginnt die Schule wieder.,School starts again tomorrow.,L'école recommence demain.,morgen = tomorrow,morgen = demain,,
2,Ich rufe dich _____ an.,morgen,Ich rufe dich morgen an.,I will call you tomorrow.,Je t'appellerai demain.,morgen = tomorrow,morgen = demain,,
2,Das Wetter soll _____ schön sein.,morgen,Das Wetter soll morgen schön sein.,The weather is supposed to be nice tomorrow.,Il est prévu que le temps soit beau demain.,morgen = tomorrow,morgen = demain,,
2,_____ war das Wetter schön.,Gestern,Gestern war das Wetter schön.,Yesterday the weather was nice.,"Hier, il faisait beau.",gestern = yesterday,gestern = hier,,
2,Ich habe _____ einen Film gesehen.,gestern,Ich habe gestern einen Film gesehen.,I watched a movie yesterday.,J'ai regardé un film hier.,gestern = yesterday,gestern = hier,,
2,Wir waren _____ im Park.,gestern,Wir waren gestern im Park.,We were in the park yesterday.,Nous étions au parc hier.,gestern = yesterday,gestern = hier,,
2,Er hat mich _____ angerufen.,gestern,Er hat mich gestern angerufen.,He called me yesterday.,Il m'a appelé hier.,gestern = yesterday,gestern = hier,,
2,_____ hatte ich viel zu tun.,Gestern,Gestern hatte ich viel zu tun.,Yesterday I had a lot to do.,"Hier, j'avais beaucoup à faire.",gestern = yesterday,gestern = hier,,
2,_____ ist ein schöner Tag.,Heute,Heute ist ein schöner Tag.,Today is a beautiful day.,Aujourd'hui est une belle journée.,heute = today,heute = aujourd'hui,,
2,Ich gehe _____ einkaufen.,heute,Ich gehe heute einkaufen.,I am going shopping today.,Je vais faire du shopping aujourd'hui.,heute = today,heute = aujourd'hui,,
2,Wir haben _____ keine Schule.,heute,Wir haben heute keine Schule.,We have no school today.,Nous n'avons pas école aujourd'hui.,heute = today,heute = aujourd'hui,,
2,_____ schauen wir einen Film.,Heute,Heute schauen wir einen Film.,Today we are watching a movie.,"Aujourd'hui, nous regardons un film.",heute = today,heute = aujourd'hui,,
2,Ich besuche meine Oma _____.,heute,Ich besuche meine Oma heute.,I am visiting my grandma today.,Je rends visite à ma grand-mère aujourd'hui.,heute = today,heute = aujourd'hui,,
2,Ich bin _____ pünktlich.,immer,Ich bin immer pünktlich.,I am always on time.,Je suis toujours à l'heure.,immer = always,immer = toujours,,
2,Er ist _____ freundlich.,immer,Er ist immer freundlich.,He is always friendly.,Il est toujours amical.,immer = always,immer = toujours,,
2,Wir essen _____ zusammen.,immer,Wir essen immer zusammen.,We always eat together.,Nous mangeons toujours ensemble.,immer = always,immer = toujours,,
2,Das Wetter ist hier _____ schön.,immer,Das Wetter ist hier immer schön.,The weather is always nice here.,Il fait toujours beau ici.,immer = always,immer = toujours,,
2,Ich trinke _____ Kaffee am Morgen.,immer,Ich trinke immer Kaffee am Morgen.,I always drink coffee in the morning.,Je bois toujours du café le matin.,immer = always,immer = toujours,,
2,Ich komme _____ zurück.,bald,Ich komme bald zurück.,I will be back soon.,Je reviendrai bientôt.,bald = soon,bald = bientôt,,
2,Wir sehen uns _____ wieder.,bald,Wir sehen uns bald wieder.,We will see each other again soon.,On se reverra bientôt.,bald = soon,bald = bientôt,,
2,Er wird _____ Vater.,bald,Er wird bald Vater.,He will be a father soon.,Il sera bientôt papa.,bald = soon,bald = bientôt,,
2,_____ beginnt der Sommer.,Bald,Bald beginnt der Sommer.,Summer will start soon.,L'été va bientôt commencer.,bald = soon,bald = bientôt,,
2,Das Essen ist _____ fertig.,bald,Das Essen ist bald fertig.,The food will be ready soon.,La nourriture sera bientôt prête.,bald = soon,bald = bientôt,,
2,Ich gehe _____ ins Kino.,manchmal,Ich gehe manchmal ins Kino.,I sometimes go to the cinema.,Je vais parfois au cinéma.,manchmal = sometimes,manchmal = parfois,,
2,_____ regnet es im Sommer.,Manchmal,Manchmal regnet es im Sommer.,Sometimes it rains in summer.,Parfois il pleut en été.,manchmal = sometimes,manchmal = parfois,,
2,Er ist _____ sehr lustig.,manchmal,Er ist manchmal sehr lustig.,He is sometimes very funny.,Il est parfois très drôle.,manchmal = sometimes,manchmal = parfois,,
2,Wir besuchen _____ unsere Großeltern.,manchmal,Wir besuchen manchmal unsere Großeltern.,We sometimes visit our grandparents.,Nous rendons parfois visite à nos grands-parents.,manchmal = sometimes,manchmal = parfois,,
2,_____ brauche ich eine Pause.,Manchmal,Manchmal brauche ich eine Pause.,Sometimes I need a break.,"Parfois, j'ai besoin d'une pause.",manchmal = sometimes,manchmal = parfois,,
2,Ich war letztes Jahr _____ im Urlaub.,dort,Ich war letztes Jahr dort im Urlaub.,I was there on vacation last year.,J'y étais en vacances l'année dernière.,dort = there,dort = là,,
2,_____ gibt es ein schönes Café.,Dort,Dort gibt es ein schönes Café.,There is a nice café there.,Il y a un joli café là-bas.,dort = there,dort = là,,
2,Meine Freunde wohnen _____.,dort,Meine Freunde wohnen dort.,My friends live there.,Mes amis vivent là-bas.,dort = there,dort = là,,
2,Wir treffen uns _____ um 18 Uhr.,dort,Wir treffen uns dort um 18 Uhr.,We will meet there at 6 PM.,Nous nous retrouverons là-bas à 18 heures.,dort = there,dort = là,,
2,Er arbeitet _____ seit fünf Jahren.,dort,Er arbeitet dort seit fünf Jahren.,He has been working there for five years.,Il travaille là depuis cinq ans.,dort = there,dort = là,,
3,,nie,,never,jamais,nie = never,nie = jamais,immer,temporal - frequency
3,,oft,,"often, frequently","souvent, fréquemment","oft = often, frequently","oft = souvent, fréquemment",,temporal - frequency
3,,links,,"left, on the left",à gauche,"links = left, on the left",links = à gauche,recht,local
3,,rechts,,"right, on the right",à droite,"rechts = right, on the right",rechts = à droite,links,local
3,,nicht,,not,ne ... pas,nicht = not,nicht = ne ... pas,,degree
3,,auch,,"also, too",aussi,"auch = also, too",auch = aussi,,modal
3,,nur,,"only, merely","seulement, que","nur = only, merely","nur = seulement, que",,modal
3,,schon,,already,déjà,schon = already,schon = déjà,,modal
3,,noch,,"still, another",encore,"noch = still, another",noch = encore,,degree
3,,zu,,"too, overly, excessively","trop, excessivement","zu = too, overly, excessively","zu = trop, excessivement",,
4,Ich gehe _____ spazieren.,oft,Ich gehe oft spazieren.,I go for a walk often.,Je vais souvent me promener.,"oft = often, frequently","oft = souvent, fréquemment",,
4,Er reist _____ nach Deutschland.,oft,Er reist oft nach Deutschland.,He often travels to Germany.,Il voyage souvent en Allemagne.,"oft = often, frequently","oft = souvent, fréquemment",,
4,Wir sehen uns _____.,oft,Wir sehen uns oft.,We see each other often.,Nous nous voyons souvent.,"oft = often, frequently","oft = souvent, fréquemment",,
4,Sie geht _____ ins Kino.,oft,Sie geht oft ins Kino.,She often goes to the cinema.,Elle va souvent au cinéma.,"oft = often, frequently","oft = souvent, fréquemment",,
4,Ich mache das _____ mit meinen Freunden.,oft,Ich mache das oft mit meinen Freunden.,I often do that with my friends.,Je fais souvent ça avec mes amis.,"oft = often, frequently","oft = souvent, fréquemment",,
4,Ich war noch _____ in Frankreich.,nie,Ich war noch nie in Frankreich.,I have never been to France.,Je ne suis jamais allé en France.,nie = never,nie = jamais,,
4,Er isst _____ Fleisch.,nie,Er isst nie Fleisch.,He never eats meat.,Il ne mange jamais de viande.,nie = never,nie = jamais,,
4,Wir kommen _____ zu spät.,nie,Wir kommen nie zu spät.,We are never late.,Nous ne sommes jamais en retard.,nie = never,nie = jamais,,
4,Sie lügt _____.,nie,Sie lügt nie.,She never lies.,Elle ne ment jamais.,nie = never,nie = jamais,,
4,Ich habe das noch _____ gemacht.,nie,Ich habe das noch nie gemacht.,I have never done that before.,Je n'ai jamais fait ça avant.,nie = never,nie = jamais,,
4,Das Haus ist _____ von der Schule.,links,Das Haus ist links von der Schule.,The house is to the left of the school.,La maison est à gauche de l'école.,"links = left, on the left",links = à gauche,,
4,Bitte biegen Sie _____ ab.,links,Bitte biegen Sie links ab.,Please turn left.,Veuillez tourner à gauche.,"links = left, on the left",links = à gauche,,
4,_____ gibt es einen schönen Park.,Links,Links gibt es einen schönen Park.,There is a nice park on the left.,Il y a un joli parc sur la gauche.,"links = left, on the left",links = à gauche,,
4,Mein Auto steht _____ auf dem Parkplatz.,links,Mein Auto steht links auf dem Parkplatz.,My car is parked on the left in the parking lot.,Ma voiture est garée à gauche sur le parking.,"links = left, on the left",links = à gauche,,
4,"Schau nach _____, bevor du die Straße überquerst.",links,"Schau nach links, bevor du die Straße überquerst.",Look to the left before crossing the street.,Regardez à gauche avant de traverser la rue.,"links = left, on the left",links = à gauche,,
4,Ich verstehe das _____.,nicht,Ich verstehe das nicht.,I don’t understand that.,Je ne comprends pas ça.,nicht = not,nicht = ne ... pas,,
4,Er ist heute _____ zu Hause.,nicht,Er ist heute nicht zu Hause.,He is not at home today.,Il n'est pas à la maison aujourd'hui.,nicht = not,nicht = ne ... pas,,
4,Wir haben das _____ gemacht.,nicht,Wir haben das nicht gemacht.,We did not do that.,Nous n'avons pas fait ça.,nicht = not,nicht = ne ... pas,,
4,Sie mag Kaffee _____.,nicht,Sie mag Kaffee nicht.,She does not like coffee.,Elle n'aime pas le café.,nicht = not,nicht = ne ... pas,,
4,Das ist _____ richtig.,nicht,Das ist nicht richtig.,That is not correct.,Ce n'est pas correct.,nicht = not,nicht = ne ... pas,,
4,Das Geschäft ist _____ von der Bank.,rechts,Das Geschäft ist rechts von der Bank.,The shop is to the right of the bank.,Le magasin se trouve à droite de la rive.,"rechts = right, on the right",rechts = à droite,,
4,Bitte biegen Sie _____ ab.,rechts,Bitte biegen Sie rechts ab.,Please turn right.,Veuillez tourner à droite.,"rechts = right, on the right",rechts = à droite,,
4,_____ gibt es einen Supermarkt.,Rechts,Rechts gibt es einen Supermarkt.,There is a supermarket on the right.,Il y a un supermarché sur la droite.,"rechts = right, on the right",rechts = à droite,,
4,Mein Haus ist _____ neben dem Park.,rechts,Mein Haus ist rechts neben dem Park.,My house is to the right of the park.,Ma maison est à droite du parc.,"rechts = right, on the right",rechts = à droite,,
4,"Schau nach _____, bevor du die Straße überquerst.",rechts,"Schau nach rechts, bevor du die Straße überquerst.",Look to the right before crossing the street.,Regardez à droite avant de traverser la rue.,"rechts = right, on the right",rechts = à droite,,
4,Ich mag Pizza und ich mag _____ Pasta.,auch,Ich mag Pizza und ich mag auch Pasta.,"I like pizza, and I also like pasta.",J'aime la pizza et j'aime aussi les pâtes.,"auch = also, too",auch = aussi,,
4,Er spricht Deutsch und _____ Englisch.,auch,Er spricht Deutsch und auch Englisch.,He speaks German and also English.,Il parle allemand et aussi anglais.,"auch = also, too",auch = aussi,,
4,Ich habe _____ ein Fahrrad.,auch,Ich habe auch ein Fahrrad.,I also have a bicycle.,J'ai aussi un vélo.,"auch = also, too",auch = aussi,,
4,Wir gehen ins Kino und du kannst _____ mitkommen.,auch,Wir gehen ins Kino und du kannst auch mitkommen.,"We are going to the cinema, and you can also come along.","Nous allons au cinéma, et tu peux aussi venir.","auch = also, too",auch = aussi,,
4,"Sie ist müde, aber sie arbeitet _____ hart.",auch,"Sie ist müde, aber sie arbeitet auch hart.","She is tired, but she also works hard.","Elle est fatiguée, mais elle travaille aussi dur.","auch = also, too",auch = aussi,,
4,Ich spreche _____ ein bisschen Deutsch.,nur,Ich spreche nur ein bisschen Deutsch.,I only speak a little German.,Je ne parle qu'un peu allemand.,"nur = only, merely","nur = seulement, que",,
4,Wir haben _____ eine Stunde Zeit.,nur,Wir haben nur eine Stunde Zeit.,We only have one hour.,Nous n'avons qu'une heure.,"nur = only, merely","nur = seulement, que",,
4,Das kostet _____ fünf Euro.,nur,Das kostet nur fünf Euro.,That only costs five euros.,Cela ne coûte que cinq euros.,"nur = only, merely","nur = seulement, que",,
4,Ich wollte _____ helfen.,nur,Ich wollte nur helfen.,I just wanted to help.,Je voulais juste aider.,"nur = only, merely","nur = seulement, que",,
4,Es ist _____ ein Scherz.,nur,Es ist nur ein Scherz.,It is just a joke.,C'est juste une blague.,"nur = only, merely","nur = seulement, que",,
4,Ich bin _____ fertig.,schon,Ich bin schon fertig.,I am already done.,J'ai déjà fini.,schon = already,schon = déjà,,
4,Hast du das _____ gesehen?,schon,Hast du das schon gesehen?,Have you seen that already?,Tu as déjà vu ça ?,schon = already,schon = déjà,,
4,Er ist _____ nach Hause gegangen.,schon,Er ist schon nach Hause gegangen.,He has already gone home.,Il est déjà rentré chez lui.,schon = already,schon = déjà,,
4,Wir haben das _____ besprochen.,schon,Wir haben das schon besprochen.,We have already discussed that.,Nous en avons déjà discuté.,schon = already,schon = déjà,,
4,Bist du _____ wach?,schon,Bist du schon wach?,Are you already awake?,Es-tu déjà réveillé ?,schon = already,schon = déjà,,
4,Ich brauche _____ fünf Minuten.,noch,Ich brauche noch fünf Minuten.,I need five more minutes.,J'ai besoin de cinq minutes de plus.,"noch = still, another",noch = encore,,
4,Hast du _____ Fragen?,noch,Hast du noch Fragen?,Do you still have questions?,Avez-vous d’autres questions ?,"noch = still, another",noch = encore,,
4,Wir haben _____ Zeit.,noch,Wir haben noch Zeit.,We still have time.,Nous avons encore du temps.,"noch = still, another",noch = encore,,
4,Er ist _____ krank,noch,Er ist noch krank.,He is still sick.,Il est encore malade.,"noch = still, another",noch = encore,,
4,Kannst du _____ ein Stück Kuchen essen?,noch,Kannst du noch ein Stück Kuchen essen?,Can you eat another piece of cake?,Peux-tu manger un autre morceau de gâteau ?,"noch = still, another",noch = encore,,
4,Dieses Kleid ist _____ teuer für mich.,zu,Dieses Kleid ist zu teuer für mich.,This dress is too expensive for me.,Cette robe est trop chère pour moi.,"zu = too, overly, excessively","zu = trop, excessivement",,
4,Er ist _____ interessiert an diesem Thema.,zu,Er ist zu interessiert an diesem Thema.,He is too interested in this topic.,Il est trop intéressé par ce sujet.,"zu = too, overly, excessively","zu = trop, excessivement",,
4,Ich liebe dieses Lied _____ sehr.,zu,Ich liebe dieses Lied zu sehr.,I love this song too much.,J'aime trop cette chanson.,"zu = too, overly, excessively","zu = trop, excessivement",,
4,Der Kaffee ist _____ heiß zum Trinken.,zu,Der Kaffee ist zu heiß zum Trinken.,The coffee is too hot to drink.,Le café est trop chaud pour être bu.,"zu = too, overly, excessively","zu = trop, excessivement",,
4,Diese Aufgabe ist _____ schwer für mich.,zu,Diese Aufgabe ist zu schwer für mich.,This task is too difficult for me.,Cette tâche est trop difficile pour moi.,"zu = too, overly, excessively","zu = trop, excessivement",,
5,,,immer,always,toujours,immer = always,immer = toujours,,
5,,,jetzt,now,maintenant,jetzt = now,jetzt = maintenant,,
5,,,sehr,very,très,sehr = very,sehr = très,,
5,,,bald,soon,bientôt,bald = soon,bald = bientôt,,
5,,,gestern,yesterday,hier,gestern = yesterday,gestern = hier,,
5,,,heute,today,aujourd'hui,heute = today,heute = aujourd'hui,,
5,,,morgen,tomorrow,demain,morgen = tomorrow,morgen = demain,,
5,,,manchmal,sometimes,parfois,manchmal = sometimes,manchmal = parfois,,
5,,,dort,there,là,dort = there,dort = là,,
6,,,nie,never,jamais,nie = never,nie = jamais,,
6,,,oft,"often, frequently","souvent, fréquemment","oft = often, frequently","oft = souvent, fréquemment",,
6,,,links,"left, on the left",à gauche,"links = left, on the left",links = à gauche,,
6,,,rechts,"right, on the right",à droite,"rechts = right, on the right",rechts = à droite,,
6,,,nicht,not,ne ... pas,nicht = not,nicht = ne ... pas,,
6,,,auch,"also, too",aussi,"auch = also, too",auch = aussi,,
6,,,nur,"only, merely","seulement, que","nur = only, merely","nur = seulement, que",,
6,,,schon,already,déjà,schon = already,schon = déjà,,
6,,,noch,"still, another",encore,"noch = still, another",noch = encore,,
6,,,zu,"too, overly, excessively","trop, excessivement","zu = too, overly, excessively","zu = trop, excessivement",,
7,,fast,,almost,presque,fast = almost,fast = presque,,modal
7,,selten,,"rarely, seldom",rarement,"selten = rarely, seldom",selten = rarement,,temporal - frequency
7,,genug,,enough,assez,genug = enough,genug = assez,,degree
7,,vielleicht,,maybe,peut-être,vielleicht = maybe,vielleicht = peut-être,,modal
7,,wirklich,,"really, truly",vraiment,"wirklich = really, truly",wirklich = vraiment,,modal
7,,zusammen,,together,ensemble,zusammen = together,zusammen = ensemble,,
7,,allein,,alone,seul,allein = alone,allein = seul,,
7,,bitte,,please,"s'il te plaît, s'il vous plaît",bitte = please,"bitte = s'il te plaît, s'il vous plaît",,
8,Ich bin _____ fertig.,fast,Ich bin fast fertig.,I am almost done.,J'ai presque fini.,fast = almost,fast = presque,,
8,Der Film ist _____ zu Ende.,fast,Der Film ist fast zu Ende.,The movie is almost over.,Le film est presque terminé.,fast = almost,fast = presque,,
8,Es ist _____ Mitternacht.,fast,Es ist fast Mitternacht.,It is almost midnight.,Il est presque minuit.,fast = almost,fast = presque,,
8,Ich habe _____ alles verstanden.,fast,Ich habe fast alles verstanden.,I understood almost everything.,J'ai presque tout compris.,fast = almost,fast = presque,,
8,Wir sind _____ da.,fast,Wir sind fast da.,We are almost there.,Nous y sommes presque.,fast = almost,fast = presque,,
8,Ich gehe _____ ins Kino.,selten,Ich gehe selten ins Kino.,I rarely go to the cinema.,Je vais rarement au cinéma.,"selten = rarely, seldom",selten = rarement,,
8,Er isst _____ Süßigkeiten.,selten,Er isst selten Süßigkeiten.,He rarely eats sweets.,Il mange rarement des sucreries.,"selten = rarely, seldom",selten = rarement,,
8,Wir haben _____ Schnee im Winter.,selten,Wir haben selten Schnee im Winter.,We rarely have snow in winter.,Nous avons rarement de la neige en hiver.,"selten = rarely, seldom",selten = rarement,,
8,Sie trägt _____ hohe Schuhe.,selten,Sie trägt selten hohe Schuhe.,She rarely wears high heels.,Elle porte rarement des talons hauts.,"selten = rarely, seldom",selten = rarement,,
8,Mein Bruder ruft mich _____ an.,selten,Mein Bruder ruft mich selten an.,My brother rarely calls me.,Mon frère m'appelle rarement.,"selten = rarely, seldom",selten = rarement,,
8,Das Wasser ist warm _____ zum Schwimmen.,genug,Das Wasser ist warm genug zum Schwimmen.,The water is warm enough for swimming.,L'eau est assez chaude pour nager.,genug = enough,genug = assez,,
8,"Du bist alt _____, um allein zu reisen.",genug,"Du bist alt genug, um allein zu reisen.",You are old enough to travel alone.,Tu es assez âgé pour voyager seul.,genug = enough,genug = assez,,
8,Ich habe heute _____ gearbeitet.,genug,Ich habe heute genug gearbeitet.,I have worked enough today.,J'ai assez travaillé aujourd'hui.,genug = enough,genug = assez,,
8,"Sprich bitte laut _____, damit alle dich hören können.",genug,"Sprich bitte laut genug, damit alle dich hören können.",Please speak loudly enough so that everyone can hear you.,Parle assez fort pour que tout le monde puisse t'entendre.,genug = enough,genug = assez,,
8,Wir sind früh _____ angekommen und mussten nicht warten.,genug,Wir sind früh genug angekommen und mussten nicht warten.,We arrived early enough and didn't have to wait.,Nous sommes arrivés assez tôt et nous n'avons pas eu à attendre.,genug = enough,genug = assez,,
8,_____ gehe ich heute ins Kino.,Vielleicht,Vielleicht gehe ich heute ins Kino.,Maybe I will go to the cinema today.,Peut-être que j'irai au cinéma aujourd'hui.,vielleicht = maybe,vielleicht = peut-être,,
8,Er kommt _____ später.,vielleicht,Er kommt vielleicht später.,He might come later.,Il pourrait venir plus tard.,vielleicht = maybe,vielleicht = peut-être,,
8,_____ regnet es morgen.,Vielleicht,Vielleicht regnet es morgen.,Maybe it will rain tomorrow.,Peut-être qu'il pleuvra demain.,vielleicht = maybe,vielleicht = peut-être,,
8,Wir sehen uns _____ am Wochenende.,vielleicht,Wir sehen uns vielleicht am Wochenende.,Maybe we will see each other on the weekend.,Peut-être qu'on se verra ce week-end.,vielleicht = maybe,vielleicht = peut-être,,
8,_____ hast du recht.,Vielleicht,Vielleicht hast du recht.,Maybe you are right.,Peut-être que tu as raison.,vielleicht = maybe,vielleicht = peut-être,,
8,Ist das _____ wahr?,wirklich,Ist das wirklich wahr?,Is that really true?,Est-ce vraiment vrai ?,"wirklich = really, truly",wirklich = vraiment,,
8,Er ist _____ sehr nett.,wirklich,Er ist wirklich sehr nett.,He is really very nice.,Il est vraiment très gentil.,"wirklich = really, truly",wirklich = vraiment,,
8,Ich bin _____ müde nach der Arbeit.,wirklich,Ich bin wirklich müde nach der Arbeit.,I am really tired after work.,Je suis vraiment fatigué après le travail.,"wirklich = really, truly",wirklich = vraiment,,
8,Das Essen schmeckt _____ gut.,wirklich,Das Essen schmeckt wirklich gut.,The food tastes really good.,La nourriture a vraiment bon goût.,"wirklich = really, truly",wirklich = vraiment,,
8,Ich freue mich _____ auf den Urlaub.,wirklich,Ich freue mich wirklich auf den Urlaub.,I am really looking forward to the vacation.,J’attends vraiment les vacances avec impatience.,"wirklich = really, truly",wirklich = vraiment,,
8,Wir lernen _____ Deutsch.,zusammen,Wir lernen zusammen Deutsch.,We are learning German together.,Nous apprenons l'allemand ensemble.,zusammen = together,zusammen = ensemble,,
8,Ich esse gern _____ mit meinen Freunden.,zusammen,Ich esse gern zusammen mit meinen Freunden.,I like eating together with my friends.,J'aime manger avec mes amis.,zusammen = together,zusammen = ensemble,,
8,Sie arbeiten _____ an einem Projekt.,zusammen,Sie arbeiten zusammen an einem Projekt.,They are working together on a project.,Ils travaillent ensemble sur un projet.,zusammen = together,zusammen = ensemble,,
8,Lass uns _____ spazieren gehen.,zusammen,Lass uns zusammen spazieren gehen.,Let's go for a walk together.,Allons nous promener ensemble.,zusammen = together,zusammen = ensemble,,
8,Wir haben _____ einen Film geschaut.,zusammen,Wir haben zusammen einen Film geschaut.,We watched a movie together.,Nous avons regardé un film ensemble.,zusammen = together,zusammen = ensemble,,
8,Am Wochenende bleibt meine Schwester oft _____ zu Hause.,allein,Am Wochenende bleibt meine Schwester oft allein zu Hause.,"At the weekend, my sister often stays home alone.","Le week-end, ma sœur reste souvent seule à la maison.",allein = alone,allein = seul,,
8,Ich möchte nicht _____ ins Kino gehen.,allein,Ich möchte nicht allein ins Kino gehen.,I don't want to go to the cinema alone.,Je ne veux pas aller seul au cinéma.,allein = alone,allein = seul,,
8,"Kannst du das _____ machen, oder brauchst du Hilfe?",allein,"Kannst du das allein machen, oder brauchst du Hilfe?","Can you do that alone, or do you need help?","Peux-tu faire cela tout seul, ou as-tu besoin d'aide ?",allein = alone,allein = seul,,
8,Paul wohnt _____ in einer kleinen Wohnung.,allein,Paul wohnt allein in einer kleinen Wohnung.,Paul lives alone in a small apartment.,Paul vit seul dans un petit appartement.,allein = alone,allein = seul,,
8,Die Kinder dürfen nicht _____ im See schwimmen.,allein,Die Kinder dürfen nicht allein im See schwimmen.,The children are not allowed to swim in the lake alone.,Les enfants n'ont pas le droit de nager seuls dans le lac.,allein = alone,allein = seul,,
8,_____ senden Sie uns die erforderlichen Unterlagen bis Freitag.,Bitte,Bitte senden Sie uns die erforderlichen Unterlagen bis Freitag.,Please send us the required documents by Friday.,Veuillez nous envoyer les documents requis avant vendredi.,bitte = please,"bitte = s'il te plaît, s'il vous plaît",,
8,Könnten Sie mir _____ die genaue Adresse mitteilen?,bitte,Könnten Sie mir bitte die genaue Adresse mitteilen?,Could you please provide me with the exact address?,Pourriez-vous s'il vous plaît me fournir l'adresse exacte ?,bitte = please,"bitte = s'il te plaît, s'il vous plaît",,
8,"_____ beachten Sie, dass die Anmeldung bis zum 15. März erfolgen muss.",Bitte,"Bitte beachten Sie, dass die Anmeldung bis zum 15. März erfolgen muss.",Please note that registration must be completed by March 15.,Veuillez noter que l'inscription doit être complétée avant le 15 mars.,bitte = please,"bitte = s'il te plaît, s'il vous plaît",,
8,"Falls Sie Fragen haben, kontaktieren Sie uns _____ per E-Mail.",bitte,"Falls Sie Fragen haben, kontaktieren Sie uns bitte per E-Mail.","If you have any questions, please contact us via email.","Si vous avez des questions, veuillez nous contacter par e-mail.",bitte = please,"bitte = s'il te plaît, s'il vous plaît",,
8,"_____ nehmen Sie Platz und warten Sie, bis Ihr Name aufgerufen wird.",Bitte,"Bitte nehmen Sie Platz und warten Sie, bis Ihr Name aufgerufen wird.",Please take a seat and wait until your name is called.,Veuillez vous asseoir et attendre que votre nom soit appelé.,bitte = please,"bitte = s'il te plaît, s'il vous plaît",,
9,,meistens,,"mostly, usually","principalement, habituellement","meistens = mostly, usually","meistens = principalement, habituellement",,temporal - frequency
9,,gern,,gladly,volontiers,gern = gladly,gern = volontiers,,modal
9,,so,,so,"si, tellement",so = so,"so = si, tellement",,degree
9,,ein bisschen,,a little,un peu,ein bisschen = a little,ein bisschen = un peu,,degree
9,,wieder,,"again, another time, back","encore, à nouveau","wieder = again, another time, back","wieder = encore, à nouveau",,temporal - frequency
9,,drinnen,,"inside, indoors",à l'intérieur,"drinnen = inside, indoors",drinnen = à l'intérieur,außen,local
9,,draußen,,"outside, outdoors","dehors, à l'extérieur","draußen = outside, outdoors","draußen = dehors, à l'extérieur",innen,local
9,,geradeaus,,straight ahead,tout droit,geradeaus = straight ahead,geradeaus = tout droit,,local
10,Ich stehe _____ um sieben Uhr auf.,meistens,Ich stehe meistens um sieben Uhr auf.,I usually get up at seven o’clock.,Je me lève généralement à sept heures.,"meistens = mostly, usually","meistens = principalement, habituellement",,
10,_____ esse ich Brot zum Frühstück.,Meistens,Meistens esse ich Brot zum Frühstück.,I usually eat bread for breakfast.,Je mange habituellement du pain au petit-déjeuner.,"meistens = mostly, usually","meistens = principalement, habituellement",,
10,Er ist _____ pünktlich.,meistens,Er ist meistens pünktlich.,He is usually punctual.,Il est généralement ponctuel.,"meistens = mostly, usually","meistens = principalement, habituellement",,
10,Wir fahren _____ mit dem Fahrrad zur Arbeit.,meistens,Wir fahren meistens mit dem Fahrrad zur Arbeit.,We usually go to work by bike.,Nous allons généralement au travail à vélo.,"meistens = mostly, usually","meistens = principalement, habituellement",,
10,_____ ist es im Sommer heiß.,Meistens,Meistens ist es im Sommer heiß.,It is usually hot in summer.,Il fait généralement chaud en été.,"meistens = mostly, usually","meistens = principalement, habituellement",,
10,Ich esse _____ Pizza.,gern,Ich esse gern Pizza.,I like eating pizza.,J'aime manger de la pizza.,gern = gladly,gern = volontiers,,
10,Er spielt _____ Fussball.,gern,Er spielt gern Fussball.,He likes playing soccer.,Il aime jouer au football.,gern = gladly,gern = volontiers,,
10,Wir reisen _____.,gern,Wir reisen gern.,We like traveling.,Nous aimons voyager.,gern = gladly,gern = volontiers,,
10,Sie hört _____ Musik.,gern,Sie hört gern Musik.,She likes listening to music.,Elle aime écouter de la musique.,gern = gladly,gern = volontiers,,
10,Ich helfe dir _____.,gern,Ich helfe dir gern.,I am happy to help you.,Je suis heureux de vous aider.,gern = gladly,gern = volontiers,,
10,Es ist heute _____ kalt.,so,Es ist heute so kalt.,It is so cold today.,Il fait si froid aujourd’hui.,so = so,"so = si, tellement",,
10,Sie spricht _____ schnell.,so,Sie spricht so schnell.,She speaks so fast.,Elle parle si vite.,so = so,"so = si, tellement",,
10,Das ist _____ interessant.,so,Das ist so interessant.,That is so interesting.,C’est si intéressant.,so = so,"so = si, tellement",,
10,Er arbeitet _____ viel.,so,Er arbeitet so viel.,He works so much.,Il travaille tellement.,so = so,"so = si, tellement",,
10,Wir sind _____ müde.,so,Wir sind so müde.,We are so tired.,Nous sommes si fatigués.,so = so,"so = si, tellement",,
10,Ich komme morgen _____.,wieder,Ich komme morgen wieder.,I will come again tomorrow.,Je reviendrai demain.,"wieder = again, another time, back","wieder = encore, à nouveau",,
10,Ich werde das nicht _____ tun,wieder,Ich werde das nicht wieder tun.,I won't do that again.,Je ne le ferai plus.,"wieder = again, another time, back","wieder = encore, à nouveau",,
10,Er ist _____ gesund.,wieder,Er ist wieder gesund.,He is healthy again.,Il est à nouveau en bonne santé.,"wieder = again, another time, back","wieder = encore, à nouveau",,
10,Wir sehen uns _____ nächste Woche.,wieder,Wir sehen uns wieder nächste Woche.,We will see each other again next week.,On se reverra la semaine prochaine.,"wieder = again, another time, back","wieder = encore, à nouveau",,
10,Das passiert immer _____.,wieder,Das passiert immer wieder.,That happens again and again.,Cela arrive encore et encore.,"wieder = again, another time, back","wieder = encore, à nouveau",,
10,Es ist warm. Wir essen heute _____.,draußen,Es ist warm. Wir essen heute draußen.,It's warm. We're eating outside today.,Il fait chaud. Nous mangeons dehors aujourd'hui.,"draußen = outside, outdoors","draußen = dehors, à l'extérieur",,
10,"Die Kinder spielen _____, bis es dunkel wird.",draußen,"Die Kinder spielen draußen, bis es dunkel wird.",The children are playing outside until it gets dark.,Les enfants jouent dehors jusqu'à ce qu'il fasse nuit.,"draußen = outside, outdoors","draußen = dehors, à l'extérieur",,
10,Wartest du _____ auf den Bus?,draußen,Wartest du draußen auf den Bus?,Are you waiting outside for the bus?,Tu attends dehors le bus ?,"draußen = outside, outdoors","draußen = dehors, à l'extérieur",,
10,"Der Hund schläft _____, obwohl es kalt ist.",draußen,"Der Hund schläft draußen, obwohl es kalt ist.",The dog is sleeping outside even though it is cold.,Le chien dort dehors bien qu'il fasse froid.,"draußen = outside, outdoors","draußen = dehors, à l'extérieur",,
10,"Ich lasse mein Fahrrad nicht _____, wenn es regnet.",draußen,"Ich lasse mein Fahrrad nicht draußen, wenn es regnet.",I don't leave my bicycle outside when it rains.,Je ne laisse pas mon vélo dehors quand il pleut.,"draußen = outside, outdoors","draußen = dehors, à l'extérieur",,
10,Ich spreche _____ Deutsch.,ein bisschen,Ich spreche ein bisschen Deutsch.,I speak a little German.,Je parle un peu allemand.,ein bisschen = a little,ein bisschen = un peu,,
10,Kannst du _____ langsamer sprechen?,ein bisschen,Kannst du ein bisschen langsamer sprechen?,Can you speak a little slower?,Peux-tu parler un peu plus lentement ?,ein bisschen = a little,ein bisschen = un peu,,
10,Ich brauche _____ Hilfe.,ein bisschen,Ich brauche ein bisschen Hilfe.,I need a little help.,J'ai besoin d'un peu d'aide.,ein bisschen = a little,ein bisschen = un peu,,
10,Wir haben noch _____ Zeit.,ein bisschen,Wir haben noch ein bisschen Zeit.,We still have a little time.,Il nous reste encore un peu de temps.,ein bisschen = a little,ein bisschen = un peu,,
10,Das Essen ist _____ zu salzig.,ein bisschen,Das Essen ist ein bisschen zu salzig.,The food is a little too salty.,La nourriture est un peu trop salée.,ein bisschen = a little,ein bisschen = un peu,,
10,Es regnet. Wir bleiben heute _____.,drinnen,Es regnet. Wir bleiben heute drinnen.,It's raining. We're staying inside today.,Il pleut. Nous restons à l'intérieur aujourd'hui.,"drinnen = inside, indoors",drinnen = à l'intérieur,,
10,Ist Anna schon _____ oder wartet sie noch draußen?,drinnen,Ist Anna schon drinnen oder wartet sie noch draußen?,"Is Anna already inside, or is she still waiting outside?",Anna est-elle déjà à l'intérieur ou attend-elle encore dehors ?,"drinnen = inside, indoors",drinnen = à l'intérieur,,
10,Im Winter spielen die Kinder oft _____.,drinnen,Im Winter spielen die Kinder oft drinnen.,"In winter, the children often play indoors.","En hiver, les enfants jouent souvent à l'intérieur.","drinnen = inside, indoors",drinnen = à l'intérieur,,
10,"Komm schnell _____, es wird kalt!*",drinnen,"Komm schnell drinnen, es wird kalt!*","Come inside quickly, it's getting cold!","Entre vite, il commence à faire froid !","drinnen = inside, indoors",drinnen = à l'intérieur,,
10,"Der Hund schläft _____, weil es draußen zu laut ist.",drinnen,"Der Hund schläft drinnen, weil es draußen zu laut ist.",The dog is sleeping inside because it's too noisy outside.,Le chien dort à l'intérieur parce qu'il y a trop de bruit dehors.,"drinnen = inside, indoors",drinnen = à l'intérieur,,
10,Gehen Sie _____ und dann nach rechts.,geradeaus,Gehen Sie geradeaus und dann nach rechts.,Go straight ahead and then turn right.,Continuez tout droit puis tournez à droite.,geradeaus = straight ahead,geradeaus = tout droit,,
10,Fahren Sie _____ bis zur nächsten Ampel.,geradeaus,Fahren Sie geradeaus bis zur nächsten Ampel.,Drive straight ahead until the next traffic light.,Continuez tout droit jusqu'au prochain feu de circulation.,geradeaus = straight ahead,geradeaus = tout droit,,
10,"Der Bahnhof ist _____, nur 500 Meter entfernt.",geradeaus,"Der Bahnhof ist geradeaus, nur 500 Meter entfernt.","The train station is straight ahead, just 500 meters away.","La gare est juste en face, à seulement 500 mètres.",geradeaus = straight ahead,geradeaus = tout droit,,
10,"Laufen Sie einfach _____, dann sehen Sie das Café.",geradeaus,"Laufen Sie einfach geradeaus, dann sehen Sie das Café.","Just walk straight ahead, then you will see the café.",Continuez tout droit et vous verrez le café.,geradeaus = straight ahead,geradeaus = tout droit,,
10,"Wenn du _____ gehst, kommst du zum Park.",geradeaus,"Wenn du geradeaus gehst, kommst du zum Park.","If you go straight ahead, you will reach the park.","Si vous continuez tout droit, vous arriverez au parc.",geradeaus = straight ahead,geradeaus = tout droit,,
11,,regelmäßig,,regularly,régulièrement,regelmäßig = regularly,regelmäßig = régulièrement,,temporal - frequency
11,,mindestens,,"at least, minimum","au moins, au minimum","mindestens = at least, minimum","mindestens = au moins, au minimum",add at most,degree
11,,höchstens,,"at most, maximum","au plus, au maximum","höchstens = at most, maximum","höchstens = au plus, au maximum",,degree
11,,gleich,,"right away, at once, in a short moment","tout de suite, dans un instant","gleich = right away, at once, in a short moment","gleich = tout de suite, dans un instant",,temporal - point in time
11,,oben,,"above, at the top","au-dessus, en haut","oben = above, at the top","oben = au-dessus, en haut",unten,
11,,unten,,"below, at the bottom","ci-dessous, en bas","unten = below, at the bottom","unten = ci-dessous, en bas",oben,
11,,früh,,early,tôt,früh = early,früh = tôt,spät,
11,,spät,,late,tard,spät = late,spät = tard,früh,
12,Ich gehe _____ ins Fitnessstudio.,regelmäßig,Ich gehe regelmäßig ins Fitnessstudio.,I go to the gym regularly.,Je vais régulièrement à la salle de sport.,regelmäßig = regularly,regelmäßig = régulièrement,,
12,Er besucht seine Großeltern _____.,regelmäßig,Er besucht seine Großeltern regelmäßig.,He visits his grandparents regularly.,Il rend régulièrement visite à ses grands-parents.,regelmäßig = regularly,regelmäßig = régulièrement,,
12,Wir treffen uns _____ zum Lernen.,regelmäßig,Wir treffen uns regelmäßig zum Lernen.,We meet regularly to study.,Nous nous réunissons régulièrement pour étudier.,regelmäßig = regularly,regelmäßig = régulièrement,,
12,Sie geht _____ zum Zahnarzt.,regelmäßig,Sie geht regelmäßig zum Zahnarzt.,She goes to the dentist regularly.,Elle va régulièrement chez le dentiste.,regelmäßig = regularly,regelmäßig = régulièrement,,
12,_____ Sport zu treiben ist gesund.,Regelmäßig,Regelmäßig Sport zu treiben ist gesund.,Exercising regularly is healthy.,Faire de l’exercice régulièrement est bon pour la santé.,regelmäßig = regularly,regelmäßig = régulièrement,,
12,Du musst _____ acht Stunden schlafen.,mindestens,Du musst mindestens acht Stunden schlafen.,You need to sleep at least eight hours.,Vous devez dormir au moins huit heures.,"mindestens = at least, minimum","mindestens = au moins, au minimum",,
12,Ich brauche _____ eine Stunde für die Hausaufgaben.,mindestens,Ich brauche mindestens eine Stunde für die Hausaufgaben.,I need at least one hour for the homework.,J'ai besoin d'au moins une heure pour les devoirs.,"mindestens = at least, minimum","mindestens = au moins, au minimum",,
12,Wir sollten _____ zwei Liter Wasser am Tag trinken.,mindestens,Wir sollten mindestens zwei Liter Wasser am Tag trinken.,We should drink at least two liters of water per day.,Nous devrions boire au moins deux litres d’eau par jour.,"mindestens = at least, minimum","mindestens = au moins, au minimum",,
12,Das kostet _____ zehn Euro.,mindestens,Das kostet mindestens zehn Euro.,That costs at least ten euros.,Cela coûte au moins dix euros.,"mindestens = at least, minimum","mindestens = au moins, au minimum",,
12,Er bleibt _____ eine Woche in Berlin.,mindestens,Er bleibt mindestens eine Woche in Berlin.,He is staying in Berlin for at least one week.,Il reste à Berlin pendant au moins une semaine.,"mindestens = at least, minimum","mindestens = au moins, au minimum",,
12,Ich bleibe heute _____ bis zehn Uhr.,höchstens,Ich bleibe heute höchstens bis zehn Uhr.,I’ll stay today until ten o’clock at most.,Je reste aujourd’hui jusqu’à dix heures au maximum.,"höchstens = at most, maximum","höchstens = au plus, au maximum",,
12,Wir brauchen _____ zwei Stunden für die Fahrt.,höchstens,Wir brauchen höchstens zwei Stunden für die Fahrt.,We need two hours at most for the trip.,Nous avons besoin de deux heures au maximum pour le trajet.,"höchstens = at most, maximum","höchstens = au plus, au maximum",,
12,Du darfst _____ zwei Stück Kuchen essen.,höchstens,Du darfst höchstens zwei Stück Kuchen essen.,You may eat at most two pieces of cake.,Tu peux manger au maximum deux parts de gâteau.,"höchstens = at most, maximum","höchstens = au plus, au maximum",,
12,Er hat _____ zwanzig Euro dabei.,höchstens,Er hat höchstens zwanzig Euro dabei.,He has at most twenty euros with him.,Il a au maximum vingt euros sur lui.,"höchstens = at most, maximum","höchstens = au plus, au maximum",,
12,Es sind _____ fünf Minuten zu Fuß.,höchstens,Es sind höchstens fünf Minuten zu Fuß.,It’s at most five minutes on foot.,C’est au maximum cinq minutes à pied.,"höchstens = at most, maximum","höchstens = au plus, au maximum",,
12,"Ich komme _____, warte bitte eine Minute.",gleich,"Ich komme gleich, warte bitte eine Minute.","I’ll come right away, please wait a minute.","J'arrive tout de suite, veuillez patienter une minute.","gleich = right away, at once, in a short moment","gleich = tout de suite, dans un instant",,
12,"Der Film beginnt _____, also beeil dich!",gleich,"Der Film beginnt gleich, also beeil dich!","The movie is starting very soon, so hurry up!","Le film commence immédiatement, alors dépêchez-vous !","gleich = right away, at once, in a short moment","gleich = tout de suite, dans un instant",,
12,Kannst du mir _____ helfen?,gleich,Kannst du mir gleich helfen?,Can you help me right away?,Pouvez-vous m'aider tout de suite ?,"gleich = right away, at once, in a short moment","gleich = tout de suite, dans un instant",,
12,"Der Bus fährt _____ ab, wir müssen uns beeilen.",gleich,"Der Bus fährt gleich ab, wir müssen uns beeilen.","The bus is leaving very soon, we have to hurry.","Le bus part tout bientôt, il faut se dépêcher.","gleich = right away, at once, in a short moment","gleich = tout de suite, dans un instant",,
12,Ich rufe dich _____ zurück.,gleich,Ich rufe dich gleich zurück.,I'll call you back right away.,Je te rappelle tout de suite.,"gleich = right away, at once, in a short moment","gleich = tout de suite, dans un instant",,
12,Mein Zimmer ist _____ im zweiten Stock.,oben,Mein Zimmer ist oben im zweiten Stock.,My room is upstairs on the second floor.,"Ma chambre est à l'étage, au deuxième étage.","oben = above, at the top","oben = au-dessus, en haut",,
12,Das Buch liegt _____ auf dem Regal.,oben,Das Buch liegt oben auf dem Regal.,The book is on the shelf above.,Le livre est sur l'étagère du dessus.,"oben = above, at the top","oben = au-dessus, en haut",,
12,"Ich gehe nach _____, um meine Jacke zu holen.",oben,"Ich gehe nach oben, um meine Jacke zu holen.",I'm going upstairs to get my jacket.,Je monte chercher ma veste.,"oben = above, at the top","oben = au-dessus, en haut",,
12,_____ auf dem Berg hat man eine schöne Aussicht.,Oben,Oben auf dem Berg hat man eine schöne Aussicht.,"At the top of the mountain, you have a beautiful view.","Au sommet de la montagne, vous avez une belle vue.","oben = above, at the top","oben = au-dessus, en haut",,
12,"Die Küche ist unten, das Wohnzimmer ist _____.",oben,"Die Küche ist unten, das Wohnzimmer ist oben.","The kitchen is downstairs, the living room is upstairs.","La cuisine est en bas, le salon est à l'étage.","oben = above, at the top","oben = au-dessus, en haut",,
12,"Mein Schlafzimmer ist oben, die Küche ist _____.",unten,"Mein Schlafzimmer ist oben, die Küche ist unten.","My bedroom is upstairs, the kitchen is downstairs.","Ma chambre est à l'étage, la cuisine est en bas.","unten = below, at the bottom","unten = ci-dessous, en bas",,
12,Das Buch liegt _____ im Regal.,unten,Das Buch liegt unten im Regal.,The book is on the lower shelf.,Le livre est sur l'étagère du bas.,"unten = below, at the bottom","unten = ci-dessous, en bas",,
12,"Ich gehe nach _____, um die Tür zu öffnen.",unten,"Ich gehe nach unten, um die Tür zu öffnen.",I'm going downstairs to open the door.,Je descends pour ouvrir la porte.,"unten = below, at the bottom","unten = ci-dessous, en bas",,
12,_____ im Tal gibt es ein kleines Dorf.,Unten,Unten im Tal gibt es ein kleines Dorf.,"Down in the valley, there is a small village.","En bas de la vallée, il y a un petit village.","unten = below, at the bottom","unten = ci-dessous, en bas",,
12,Bitte warten Sie _____ am Eingang.,unten,Bitte warten Sie unten am Eingang.,Please wait downstairs at the entrance.,Veuillez attendre en bas à l'entrée.,"unten = below, at the bottom","unten = ci-dessous, en bas",,
12,"Wir sollten _____ losfahren, damit wir den Berufsverkehr vermeiden.",früh,"Wir sollten früh losfahren, damit wir den Berufsverkehr vermeiden.",We should leave early so that we can avoid rush-hour traffic.,Nous devrions partir tôt afin d'éviter les heures de pointe.,früh = early,früh = tôt,,
12,"Obwohl er gestern lange gearbeitet hat, ist er heute _____ aufgestanden.",früh,"Obwohl er gestern lange gearbeitet hat, ist er heute früh aufgestanden.","Although he worked late yesterday, he got up early today.","Bien qu'il ait travaillé tard hier, il s'est levé tôt aujourd'hui.",früh = early,früh = tôt,,
12,"Wenn du _____ mit dem Lernen anfängst, musst du vor der Prüfung nicht so viel wiederholen.",früh,"Wenn du früh mit dem Lernen anfängst, musst du vor der Prüfung nicht so viel wiederholen.","If you start studying early, you won't have to review so much before the exam.","Si tu commences à étudier tôt, tu n'auras pas besoin de réviser autant avant l'examen.",früh = early,früh = tôt,,
12,"Wir sind _____ angekommen, weil unser Zug Verspätung hatte.",spät,"Wir sind spät angekommen, weil unser Zug Verspätung hatte.",We arrived late because our train was delayed.,Nous sommes arrivés en retard parce que notre train avait du retard.,spät = late,spät = tard,,
12,"Wenn du _____ ins Bett gehst, bist du am nächsten Morgen oft müde.",spät,"Wenn du spät ins Bett gehst, bist du am nächsten Morgen oft müde.","If you go to bed late, you are often tired the next morning.","Si tu te couches tard, tu es souvent fatigué le lendemain matin.",spät = late,spät = tard,,
12,"Sie arbeitet heute _____, deshalb können wir uns erst am Abend treffen.",spät,"Sie arbeitet heute spät, deshalb können wir uns erst am Abend treffen.","She is working late today, so we can only meet in the evening.","Elle travaille tard aujourd'hui, c'est pourquoi nous ne pouvons nous retrouver que le soir.",spät = late,spät = tard,,
12,"Wer _____ bucht, bekommt oft günstigere Tickets.",früh,"Wer früh bucht, bekommt oft günstigere Tickets.",Those who book early often get cheaper tickets.,Ceux qui réservent tôt obtiennent souvent des billets moins chers.,früh = early,früh = tôt,,
12,"Im Sommer wird es schon _____ hell, deshalb wache ich oft ohne Wecker auf.",früh,"Im Sommer wird es schon früh hell, deshalb wache ich oft ohne Wecker auf.","In summer, it gets light early, so I often wake up without an alarm clock.","En été, il fait jour tôt, c'est pourquoi je me réveille souvent sans réveil.",früh = early,früh = tôt,,
12,"Es ist schon _____, aber ich muss diese E-Mail noch schreiben.",spät,"Es ist schon spät, aber ich muss diese E-Mail noch schreiben.","It's already late, but I still have to write this email.","Il est déjà tard, mais je dois encore écrire cet e-mail.",spät = late,spät = tard,,
12,"Auch wenn wir _____ anfangen, können wir die Arbeit heute noch beenden.",spät,"Auch wenn wir spät anfangen, können wir die Arbeit heute noch beenden.","Even if we start late, we can still finish the work today.","Même si nous commençons tard, nous pouvons quand même terminer le travail aujourd'hui.",spät = late,spät = tard,,
13,,,fast,almost,presque,fast = almost,fast = presque,,
13,,,selten,"rarely, seldom",rarement,"selten = rarely, seldom",selten = rarement,,
13,,,genug,enough,assez,genug = enough,genug = assez,,
13,,,vielleicht,maybe,peut-être,vielleicht = maybe,vielleicht = peut-être,,
13,,,wirklich,"really, truly",vraiment,"wirklich = really, truly",wirklich = vraiment,,
13,,,zusammen,together,ensemble,zusammen = together,zusammen = ensemble,,
13,,,allein,alone,seul,allein = alone,allein = seul,,
13,,,bitte,please,"s'il te plaît, s'il vous plaît",bitte = please,"bitte = s'il te plaît, s'il vous plaît",,
14,,,meistens,"mostly, usually","principalement, habituellement","meistens = mostly, usually","meistens = principalement, habituellement",,
14,,,gern,gladly,volontiers,gern = gladly,gern = volontiers,,
14,,,so,so,"si, tellement",so = so,"so = si, tellement",,
14,,,ein bisschen,a little,un peu,ein bisschen = a little,ein bisschen = un peu,,
14,,,wieder,"again, another time, back","encore, à nouveau","wieder = again, another time, back","wieder = encore, à nouveau",,
14,,,drinnen,"inside, indoors",à l'intérieur,"drinnen = inside, indoors",drinnen = à l'intérieur,,
14,,,draußen,"outside, outdoors","dehors, à l'extérieur","draußen = outside, outdoors","draußen = dehors, à l'extérieur",,
14,,,geradeaus,straight ahead,tout droit,geradeaus = straight ahead,geradeaus = tout droit,,
15,,,regelmäßig,regularly,régulièrement,regelmäßig = regularly,regelmäßig = régulièrement,,
15,,,mindestens,"at least, minimum","au moins, au minimum","mindestens = at least, minimum","mindestens = au moins, au minimum",,
15,,,höchstens,"at most, maximum","au plus, au maximum","höchstens = at most, maximum","höchstens = au plus, au maximum",,
15,,,gleich,"right away, at once, in a short moment","tout de suite, dans un instant","gleich = right away, at once, in a short moment","gleich = tout de suite, dans un instant",,
15,,,oben,"above, at the top","au-dessus, en haut","oben = above, at the top","oben = au-dessus, en haut",,
15,,,unten,"below, at the bottom","ci-dessous, en bas","unten = below, at the bottom","unten = ci-dessous, en bas",,
15,,,früh,early,tôt,früh = early,früh = tôt,,
15,,,spät,late,tard,spät = late,spät = tard,,
16,,heute Abend,,tonight,ce soir,heute abend = tonight,heute abend = ce soir,,
16,,morgen früh,,tomorrow morning,demain matin,morgen früh = tomorrow morning,morgen früh = demain matin,,
16,,heute Morgen,,this morning,ce matin,heute morgen = this morning,heute morgen = ce matin,,
16,,heute Nachmittag,,this afternoon,cet après-midi,heute nachmittag = this afternoon,heute nachmittag = cet après-midi,,
16,,gestern Abend,,yesterday evening,hier soir,gestern abend = yesterday evening,gestern abend = hier soir,,
16,,nirgendwo,,nowhere,nulle part,nirgendwo = nowhere,nirgendwo = nulle part,überall,
16,,irgendwo,,anywhere,"n'importe où, quelque part",irgendwo = anywhere,"irgendwo = n'importe où, quelque part",,
16,,überall,,everywhere,partout,überall = everywhere,überall = partout,nowhere,
17,_____ gehen wir ins Kino.,Heute Abend,Heute Abend gehen wir ins Kino.,Tonight we are going to the cinema.,Ce soir nous allons au cinéma.,heute abend = tonight,heute abend = ce soir,,
17,Ich koche _____ für meine Freunde.,heute Abend,Ich koche heute Abend für meine Freunde.,I am cooking for my friends tonight.,Je cuisine pour mes amis ce soir.,heute abend = tonight,heute abend = ce soir,,
17,_____ möchte ich ein Buch lesen.,Heute Abend,Heute Abend möchte ich ein Buch lesen.,Tonight I want to read a book.,"Ce soir, je veux lire un livre.",heute abend = tonight,heute abend = ce soir,,
17,Wir treffen uns _____ im Restaurant.,heute Abend,Wir treffen uns heute Abend im Restaurant.,We are meeting at the restaurant tonight.,Nous nous retrouvons au restaurant ce soir.,heute abend = tonight,heute abend = ce soir,,
17,_____ wird es wahrscheinlich regnen.,Heute Abend,Heute Abend wird es wahrscheinlich regnen.,Tonight it will probably rain.,Ce soir il va probablement pleuvoir.,heute abend = tonight,heute abend = ce soir,,
17,_____ gehe ich joggen im Park.,Morgen früh,Morgen früh gehe ich joggen im Park.,Tomorrow morning I am going jogging in the park.,Demain matin je vais faire un jogging dans le parc.,morgen früh = tomorrow morning,morgen früh = demain matin,,
17,Wir fahren _____ mit dem Zug nach München.,morgen früh,Wir fahren morgen früh mit dem Zug nach München.,We are taking the train to Munich tomorrow morning.,Nous prenons le train pour Munich demain matin.,morgen früh = tomorrow morning,morgen früh = demain matin,,
17,"Ich muss _____ arbeiten, also gehe ich früh ins Bett.",morgen früh,"Ich muss morgen früh arbeiten, also gehe ich früh ins Bett.","I have to work tomorrow morning, so I am going to bed early.","Je dois travailler demain matin, donc je vais me coucher tôt.",morgen früh = tomorrow morning,morgen früh = demain matin,,
17,_____ kaufe ich frisches Brot beim Bäcker.,Morgen früh,Morgen früh kaufe ich frisches Brot beim Bäcker.,Tomorrow morning I will buy fresh bread at the bakery.,Demain matin j’achèterai du pain frais à la boulangerie.,morgen früh = tomorrow morning,morgen früh = demain matin,,
17,_____ lernen wir für die Prüfung in der Bibliothek.,Morgen früh,Morgen früh lernen wir für die Prüfung in der Bibliothek.,Tomorrow morning we will study for the exam in the library.,Demain matin nous allons étudier pour l’examen à la bibliothèque.,morgen früh = tomorrow morning,morgen früh = demain matin,,
17,_____ habe ich verschlafen und musste mich beeilen.,Heute Morgen,Heute Morgen habe ich verschlafen und musste mich beeilen.,This morning I overslept and had to hurry.,"Ce matin, je me suis réveillé en retard et j’ai dû me dépêcher.",heute morgen = this morning,heute morgen = ce matin,,
17,_____ hat es plötzlich angefangen zu schneien.,Heute Morgen,Heute Morgen hat es plötzlich angefangen zu schneien.,This morning it suddenly started to snow.,"Ce matin, il s’est mis à neiger soudainement.",heute morgen = this morning,heute morgen = ce matin,,
17,_____ habe ich eine lange E-Mail von meinem Chef bekommen.,Heute Morgen,Heute Morgen habe ich eine lange E-Mail von meinem Chef bekommen.,This morning I received a long email from my boss.,"Ce matin, j’ai reçu un long e-mail de mon chef.",heute morgen = this morning,heute morgen = ce matin,,
17,"_____ war die U-Bahn so voll, dass ich kaum einsteigen konnte.",Heute Morgen,"Heute Morgen war die U-Bahn so voll, dass ich kaum einsteigen konnte.",This morning the subway was so crowded that I could barely get in.,"Ce matin, le métro était tellement bondé que j’ai à peine pu monter.",heute morgen = this morning,heute morgen = ce matin,,
17,"_____ habe ich mir vorgenommen, früher ins Bett zu gehen.",Heute Morgen,"Heute Morgen habe ich mir vorgenommen, früher ins Bett zu gehen.",This morning I decided to go to bed earlier.,"Ce matin, j’ai décidé d’aller au lit plus tôt.",heute morgen = this morning,heute morgen = ce matin,,
17,_____ treffe ich mich mit einer Kollegin für einen Kaffee.,Heute Nachmittag,Heute Nachmittag treffe ich mich mit einer Kollegin für einen Kaffee.,This afternoon I’m meeting a colleague for a coffee.,"Cet après-midi, je retrouve une collègue pour un café.",heute nachmittag = this afternoon,heute nachmittag = cet après-midi,,
17,_____ muss ich einen wichtigen Bericht fertig schreiben.,Heute Nachmittag,Heute Nachmittag muss ich einen wichtigen Bericht fertig schreiben.,This afternoon I have to finish an important report.,"Cet après-midi, je dois terminer un rapport important.",heute nachmittag = this afternoon,heute nachmittag = cet après-midi,,
17,"_____ kommt ein Handwerker vorbei, um die Waschmaschine zu reparieren.",Heute Nachmittag,"Heute Nachmittag kommt ein Handwerker vorbei, um die Waschmaschine zu reparieren.",This afternoon a repairman is coming to fix the washing machine.,"Cet après-midi, un réparateur passe pour réparer la machine à laver.",heute nachmittag = this afternoon,heute nachmittag = cet après-midi,,
17,"_____ möchte ich eine Runde joggen gehen, falls das Wetter gut bleibt.",Heute Nachmittag,"Heute Nachmittag möchte ich eine Runde joggen gehen, falls das Wetter gut bleibt.",This afternoon I want to go for a run if the weather stays good.,"Cet après-midi, je veux aller courir si le temps reste bon.",heute nachmittag = this afternoon,heute nachmittag = cet après-midi,,
17,"_____ rufe ich meine Eltern an, weil wir etwas planen müssen.",Heute Nachmittag,"Heute Nachmittag rufe ich meine Eltern an, weil wir etwas planen müssen.",This afternoon I’ll call my parents because we need to plan something.,"Cet après-midi, j’appellerai mes parents parce que nous devons organiser quelque chose.",heute nachmittag = this afternoon,heute nachmittag = cet après-midi,,
17,_____ habe ich einen spannenden Film geschaut.,Gestern Abend,Gestern Abend habe ich einen spannenden Film geschaut.,Last night I watched an exciting movie.,"Hier soir, j’ai regardé un film passionnant.",gestern abend = yesterday evening,gestern abend = hier soir,,
17,_____ war ich mit Freunden essen und wir hatten viel Spaß.,Gestern Abend,Gestern Abend war ich mit Freunden essen und wir hatten viel Spaß.,Last night I went out to eat with friends and we had a great time.,"Hier soir, je suis allé dîner avec des amis et nous nous sommes beaucoup amusés.",gestern abend = yesterday evening,gestern abend = hier soir,,
17,"_____ bin ich später nach Hause gekommen, weil der Zug Verspätung hatte.",Gestern Abend,"Gestern Abend bin ich später nach Hause gekommen, weil der Zug Verspätung hatte.",Last night I got home late because the train was delayed.,"Hier soir, je suis rentré tard parce que le train était en retard.",gestern abend = yesterday evening,gestern abend = hier soir,,
17,"_____ habe ich lange telefoniert, um ein Problem zu klären.",Gestern Abend,"Gestern Abend habe ich lange telefoniert, um ein Problem zu klären.",Last night I spent a long time on the phone to sort out a problem.,"Hier soir, j’ai passé longtemps au téléphone pour régler un problème.",gestern abend = yesterday evening,gestern abend = hier soir,,
17,"_____ konnte ich nicht einschlafen, weil ich an zu viele Dinge gedacht habe.",Gestern Abend,"Gestern Abend konnte ich nicht einschlafen, weil ich an zu viele Dinge gedacht habe.",Last night I couldn’t fall asleep because I was thinking about too many things.,"Hier soir, je n’arrivais pas à m’endormir parce que je pensais à trop de choses.",gestern abend = yesterday evening,gestern abend = hier soir,,
17,"Ich habe meine Brille _____ hingelegt, aber ich kann mich nicht erinnern, wo.",irgendwo,"Ich habe meine Brille irgendwo hingelegt, aber ich kann mich nicht erinnern, wo.","I put my glasses somewhere, but I can't remember where.","J'ai mis mes lunettes quelque part, mais je ne me souviens plus où.",irgendwo = anywhere,"irgendwo = n'importe où, quelque part",,
17,"Er möchte _____ in den Bergen Urlaub machen, aber er hat noch kein Hotel gebucht.",irgendwo,"Er möchte irgendwo in den Bergen Urlaub machen, aber er hat noch kein Hotel gebucht.","He wants to go on vacation somewhere in the mountains, but he hasn’t booked a hotel yet.","Il veut partir en vacances quelque part à la montagne, mais il n’a pas encore réservé d’hôtel.",irgendwo = anywhere,"irgendwo = n'importe où, quelque part",,
17,"Ich habe gehört, dass es _____ ein neues Café geben soll.",irgendwo,"Ich habe gehört, dass es irgendwo ein neues Café geben soll.",I heard that there is supposed to be a new café somewhere.,J'ai entendu dire qu'il y aurait un nouveau café quelque part.,irgendwo = anywhere,"irgendwo = n'importe où, quelque part",,
17,"Es gibt _____ in dieser Stadt ein tolles Museum, das du besuchen solltest.",irgendwo,"Es gibt irgendwo in dieser Stadt ein tolles Museum, das du besuchen solltest.",There is a great museum somewhere in this city that you should visit.,Il y a un grand musée quelque part dans cette ville que vous devriez visiter.,irgendwo = anywhere,"irgendwo = n'importe où, quelque part",,
17,"Sie hofft, dass sie _____ eine passende Wohnung finden wird.",irgendwo,"Sie hofft, dass sie irgendwo eine passende Wohnung finden wird.",She hopes to find a suitable apartment somewhere.,Elle espère trouver un appartement convenable quelque part.,irgendwo = anywhere,"irgendwo = n'importe où, quelque part",,
17,"Ich habe meine Schlüssel gesucht, aber sie waren _____ zu finden.",nirgendwo,"Ich habe meine Schlüssel gesucht, aber sie waren nirgendwo zu finden.","I looked for my keys, but they were nowhere to be found.","J'ai cherché mes clés, mais elles étaient introuvables.",nirgendwo = nowhere,nirgendwo = nulle part,,
17,_____ habe ich so gutes Essen gegessen wie in diesem Restaurant.,Nirgendwo,Nirgendwo habe ich so gutes Essen gegessen wie in diesem Restaurant.,Nowhere have I eaten such good food as in this restaurant.,Nulle part ailleurs je n'ai mangé d'aussi bons plats que dans ce restaurant.,nirgendwo = nowhere,nirgendwo = nulle part,,
17,Er fühlt sich _____ so wohl wie in seinem Heimatdorf.,nirgendwo,Er fühlt sich nirgendwo so wohl wie in seinem Heimatdorf.,He feels comfortable nowhere as much as in his hometown.,Il ne se sent nulle part aussi bien que dans sa ville natale.,nirgendwo = nowhere,nirgendwo = nulle part,,
17,"Dieses Produkt ist _____ mehr erhältlich, weil es nicht mehr produziert wird.",nirgendwo,"Dieses Produkt ist nirgendwo mehr erhältlich, weil es nicht mehr produziert wird.",This product is no longer available anywhere because it is no longer produced.,Ce produit n'est plus disponible nulle part car il n'est plus fabriqué.,nirgendwo = nowhere,nirgendwo = nulle part,,
17,"Ich habe überall nach einer Lösung gesucht, aber _____ eine gefunden.",nirgendwo,"Ich habe überall nach einer Lösung gesucht, aber nirgendwo eine gefunden.","I searched everywhere for a solution, but I found one nowhere.","J'ai cherché partout une solution, mais je n'en ai trouvé nulle part.",nirgendwo = nowhere,nirgendwo = nulle part,,
17,_____ in der Stadt gibt es schöne Cafés.,Überall,Überall in der Stadt gibt es schöne Cafés.,There are beautiful cafés everywhere in the city.,Il y a de beaux cafés partout dans la ville.,überall = everywhere,überall = partout,,
17,Ich habe mein Handy verloren und _____ danach gesucht.,überall,Ich habe mein Handy verloren und überall danach gesucht.,I lost my phone and searched for it everywhere.,J'ai perdu mon téléphone et je l'ai cherché partout.,überall = everywhere,überall = partout,,
17,Nach dem Sturm lag _____ Schnee.,überall,Nach dem Sturm lag überall Schnee.,"After the storm, there was snow everywhere.","Après la tempête, il y avait de la neige partout.",überall = everywhere,überall = partout,,
17,Moderne Technologie ist mittlerweile _____ verfügbar.,überall,Moderne Technologie ist mittlerweile überall verfügbar.,Modern technology is now available everywhere.,La technologie moderne est désormais disponible partout.,überall = everywhere,überall = partout,,
17,"Die Musik war so laut, dass man sie _____ hören konnte.",überall,"Die Musik war so laut, dass man sie überall hören konnte.",The music was so loud that you could hear it all over.,La musique était si forte qu’on pouvait l’entendre partout.,überall = everywhere,überall = partout,,
18,,noch nicht,,"not yet, still not","pas encore, toujours pas","noch nicht = not yet, still not","noch nicht = pas encore, toujours pas",,
18,,da drüben,,over there,là-bas,da drüben = over there,da drüben = là-bas,,
18,,einmal,,"once, one time",une fois,"einmal = once, one time",einmal = une fois,,
18,,zweimal,,twice,deux fois,zweimal = twice,zweimal = deux fois,,
18,,leider,,unfortunately,malheureusement,leider = unfortunately,leider = malheureusement,,
18,,glücklicherweise,,fortunately,heureusement,glücklicherweise = fortunately,glücklicherweise = heureusement,unfortunately,
18,,zuhause,,"at home, home","à la maison, chez soi","zuhause = at home, home","zuhause = à la maison, chez soi",,
18,,ziemlich,,"quite, fairly","assez, franchement","ziemlich = quite, fairly","ziemlich = assez, franchement",,
19,Ich habe meine Hausaufgaben _____ gemacht.,noch nicht,Ich habe meine Hausaufgaben noch nicht gemacht.,I haven’t done my homework yet.,Je n’ai pas encore fait mes devoirs.,"noch nicht = not yet, still not","noch nicht = pas encore, toujours pas",,
19,Wir sind _____ fertig.,noch nicht,Wir sind noch nicht fertig.,We’re not finished yet.,Nous n’avons pas encore fini.,"noch nicht = not yet, still not","noch nicht = pas encore, toujours pas",,
19,Er hat das Buch _____ gelesen.,noch nicht,Er hat das Buch noch nicht gelesen.,He hasn’t read the book yet.,Il n’a pas encore lu le livre.,"noch nicht = not yet, still not","noch nicht = pas encore, toujours pas",,
19,Sie ist _____ angekommen.,noch nicht,Sie ist noch nicht angekommen.,She hasn’t arrived yet.,Elle n’est pas encore arrivée.,"noch nicht = not yet, still not","noch nicht = pas encore, toujours pas",,
19,Ich kann _____ schwimmen.,noch nicht,Ich kann noch nicht schwimmen.,I can’t swim yet.,Je ne sais pas encore nager.,"noch nicht = not yet, still not","noch nicht = pas encore, toujours pas",,
19,Siehst du das Café _____? Dort gibt es den besten Kuchen.,da drüben,Siehst du das Café da drüben? Dort gibt es den besten Kuchen.,Do you see the café over there? They have the best cake.,Tu vois le café là-bas ? Ils ont les meilleurs gâteaux.,da drüben = over there,da drüben = là-bas,,
19,Mein Auto steht _____ auf dem Parkplatz.,da drüben,Mein Auto steht da drüben auf dem Parkplatz.,My car is parked over there in the parking lot.,Ma voiture est garée là-bas sur le parking.,da drüben = over there,da drüben = là-bas,,
19,"_____ ist ein schöner Park, lass uns dort spazieren gehen.",Da drüben,"Da drüben ist ein schöner Park, lass uns dort spazieren gehen.","Over there is a beautiful park, let's go for a walk there.","Là-bas il y a un beau parc, allons nous y promener.",da drüben = over there,da drüben = là-bas,,
19,"Ich glaube, ich habe ihn _____ an der Bushaltestelle gesehen.",da drüben,"Ich glaube, ich habe ihn da drüben an der Bushaltestelle gesehen.",I think I saw him over there at the bus stop.,"Je crois que je l'ai vu là-bas, à l'arrêt de bus.",da drüben = over there,da drüben = là-bas,,
19,"Das Kino ist nicht weit, es ist gleich _____ an der Ecke.",da drüben,"Das Kino ist nicht weit, es ist gleich da drüben an der Ecke.","The cinema isn't far, it's just over there at the corner.","Le cinéma n'est pas loin, il est juste là-bas au coin.",da drüben = over there,da drüben = là-bas,,
19,Ich war _____ in Berlin.,einmal,Ich war einmal in Berlin.,I was in Berlin once.,J'étais à Berlin une fois.,"einmal = once, one time",einmal = une fois,,
19,Kannst du das noch _____ sagen?,einmal,Kannst du das noch einmal sagen?,Can you say that again?,Peux-tu le répéter ?,"einmal = once, one time",einmal = une fois,,
19,Ich möchte _____ nach Japan reisen.,einmal,Ich möchte einmal nach Japan reisen.,I would like to travel to Japan one day.,J'aimerais voyager au Japon un jour.,"einmal = once, one time",einmal = une fois,,
19,Probier es _____ aus!,einmal,Probier es einmal aus!,Try it once!,Essayez-le une fois !,"einmal = once, one time",einmal = une fois,,
19,Er hat das nur _____ gemacht.,einmal,Er hat das nur einmal gemacht.,He only did that once.,Il n'a fait ça qu'une fois.,"einmal = once, one time",einmal = une fois,,
19,Ich war schon _____ in Deutschland.,zweimal,Ich war schon zweimal in Deutschland.,I have been to Germany twice.,Je suis allé deux fois en Allemagne.,zweimal = twice,zweimal = deux fois,,
19,Bitte lies den Text _____.,zweimal,Bitte lies den Text zweimal.,Please read the text twice.,Veuillez lire le texte deux fois.,zweimal = twice,zweimal = deux fois,,
19,Ich gehe _____ pro Woche joggen.,zweimal,Ich gehe zweimal pro Woche joggen.,I go jogging twice a week.,Je fais du jogging deux fois par semaine.,zweimal = twice,zweimal = deux fois,,
19,Er hat _____ angerufen.,zweimal,Er hat zweimal angerufen.,He called twice.,Il a appelé deux fois.,zweimal = twice,zweimal = deux fois,,
19,Wir sehen uns mindestens _____ im Monat.,zweimal,Wir sehen uns mindestens zweimal im Monat.,We see each other at least twice a month.,Nous nous voyons au moins deux fois par mois.,zweimal = twice,zweimal = deux fois,,
19,Ich kann heute _____ nicht kommen.,leider,Ich kann heute leider nicht kommen.,"Unfortunately, I can't come today.","Malheureusement, je ne peux pas venir aujourd'hui.",leider = unfortunately,leider = malheureusement,,
19,Das Restaurant ist _____ geschlossen.,leider,Das Restaurant ist leider geschlossen.,"Unfortunately, the restaurant is closed.","Malheureusement, le restaurant est fermé.",leider = unfortunately,leider = malheureusement,,
19,Er hat _____ die Prüfung nicht bestanden.,leider,Er hat leider die Prüfung nicht bestanden.,"Unfortunately, he did not pass the exam.","Malheureusement, il n'a pas réussi l'examen.",leider = unfortunately,leider = malheureusement,,
19,Wir haben den Bus _____ verpasst.,leider,Wir haben den Bus leider verpasst.,"Unfortunately, we missed the bus.","Malheureusement, nous avons raté le bus.",leider = unfortunately,leider = malheureusement,,
19,Ich habe _____ keine Zeit.,leider,Ich habe leider keine Zeit.,"Unfortunately, I don’t have time.","Malheureusement, je n’ai pas le temps.",leider = unfortunately,leider = malheureusement,,
19,"_____ hat es aufgehört zu regnen, bevor das Konzert begann.",Glücklicherweise,"Glücklicherweise hat es aufgehört zu regnen, bevor das Konzert begann.","Fortunately, it stopped raining before the concert started.","Heureusement, la pluie a cessé avant le début du concert.",glücklicherweise = fortunately,glücklicherweise = heureusement,,
19,"Ich hatte meinen Schlüssel verloren, aber _____ hatte mein Nachbar einen Ersatzschlüssel.",glücklicherweise,"Ich hatte meinen Schlüssel verloren, aber glücklicherweise hatte mein Nachbar einen Ersatzschlüssel.","I had lost my key, but fortunately, my neighbor had a spare key.","J'avais perdu ma clé, mais heureusement, mon voisin avait une clé de rechange.",glücklicherweise = fortunately,glücklicherweise = heureusement,,
19,_____ war niemand verletzt nach dem Unfall.,Glücklicherweise,Glücklicherweise war niemand verletzt nach dem Unfall.,"Fortunately, no one was injured after the accident.","Heureusement, personne n’a été blessé après l’accident.",glücklicherweise = fortunately,glücklicherweise = heureusement,,
19,"Er kam zu spät zum Flughafen, aber _____ hatte sein Flug Verspätung.",glücklicherweise,"Er kam zu spät zum Flughafen, aber glücklicherweise hatte sein Flug Verspätung.","He arrived late at the airport, but fortunately, his flight was delayed.","Il est arrivé en retard à l'aéroport, mais heureusement, son vol a été retardé.",glücklicherweise = fortunately,glücklicherweise = heureusement,,
19,"Wir haben uns verlaufen, aber _____ hat uns ein Einheimischer geholfen.",glücklicherweise,"Wir haben uns verlaufen, aber glücklicherweise hat uns ein Einheimischer geholfen.","We got lost, but fortunately, a local helped us.","Nous nous sommes perdus, mais heureusement, un local nous a aidé.",glücklicherweise = fortunately,glücklicherweise = heureusement,,
19,Am Wochenende bleibe ich meistens _____ und entspanne mich.,zuhause,Am Wochenende bleibe ich meistens zuhause und entspanne mich.,On weekends I usually stay at home and relax.,"Le week-end, je reste généralement à la maison et je me détends.","zuhause = at home, home","zuhause = à la maison, chez soi",,
19,"Ich arbeite heute _____, weil mein Chef Homeoffice erlaubt.",zuhause,"Ich arbeite heute zuhause, weil mein Chef Homeoffice erlaubt.",I’m working from home today because my boss allows remote work.,Je travaille à la maison aujourd’hui parce que mon patron autorise le télétravail.,"zuhause = at home, home","zuhause = à la maison, chez soi",,
19,"Wenn es draußen regnet, ist es _____ besonders gemütlich.",zuhause,"Wenn es draußen regnet, ist es zuhause besonders gemütlich.","When it rains outside, it’s especially cozy at home.","Quand il pleut dehors, c’est particulièrement agréable à la maison.","zuhause = at home, home","zuhause = à la maison, chez soi",,
19,"Nach einer langen Reise freue ich mich immer, wieder _____ zu sein.",zuhause,"Nach einer langen Reise freue ich mich immer, wieder zuhause zu sein.","After a long trip, I’m always happy to be home again.","Après un long voyage, je suis toujours heureux d’être de retour à la maison.","zuhause = at home, home","zuhause = à la maison, chez soi",,
19,"Ich koche gerne _____, weil es billiger und gesünder ist.",zuhause,"Ich koche gerne zuhause, weil es billiger und gesünder ist.",I like cooking at home because it’s cheaper and healthier.,"J’aime cuisiner à la maison, car c’est moins cher et plus sain.","zuhause = at home, home","zuhause = à la maison, chez soi",,
19,Das Wetter ist heute _____ kalt für den Frühling.,ziemlich,Das Wetter ist heute ziemlich kalt für den Frühling.,The weather is quite cold today for spring.,Il fait assez froid aujourd’hui pour le printemps.,"ziemlich = quite, fairly","ziemlich = assez, franchement",,
19,"Die Prüfung war _____ schwer, aber ich habe mein Bestes gegeben.",ziemlich,"Die Prüfung war ziemlich schwer, aber ich habe mein Bestes gegeben.","The exam was quite difficult, but I did my best.","L'examen était assez difficile, mais j'ai fait de mon mieux.","ziemlich = quite, fairly","ziemlich = assez, franchement",,
19,Er ist ein _____ erfahrener Ingenieur in seinem Bereich.,ziemlich,Er ist ein ziemlich erfahrener Ingenieur in seinem Bereich.,He is quite an experienced engineer in his field.,C'est un ingénieur assez expérimenté dans son domaine.,"ziemlich = quite, fairly","ziemlich = assez, franchement",,
19,"Die Wohnung ist _____ teuer, aber sie hat eine tolle Lage.",ziemlich,"Die Wohnung ist ziemlich teuer, aber sie hat eine tolle Lage.","The apartment is quite expensive, but it has a great location.","L'appartement est assez cher, mais il est très bien situé.","ziemlich = quite, fairly","ziemlich = assez, franchement",,
19,"Das Buch war _____ interessant, ich konnte es kaum weglegen.",ziemlich,"Das Buch war ziemlich interessant, ich konnte es kaum weglegen.","The book was quite interesting, I could hardly put it down.","Le livre était assez intéressant, j'ai eu du mal à le lâcher.","ziemlich = quite, fairly","ziemlich = assez, franchement",,
20,,vorn,,"in the front, at the front","devant, à l'avant","vorn = in the front, at the front","vorn = devant, à l'avant",hinten,
20,,hinten,,at the back,à l'arrière,hinten = at the back,hinten = à l'arrière,vorn,
20,,sofort,,"immediately, right away","immédiatement, tout de suite","sofort = immediately, right away","sofort = immédiatement, tout de suite",,
20,,circa,,"approximately, about","environ, approximativement","circa = approximately, about","circa = environ, approximativement",,
20,,vor kurzem,,recently,récemment,vor kurzem = recently,vor kurzem = récemment,,
20,,zurzeit,,"currently, at present",actuellement,"zurzeit = currently, at present",zurzeit = actuellement,,
20,,zukünftig,,in the future,"dans le futur, à l'avenir",zukünftig = in the future,"zukünftig = dans le futur, à l'avenir",,
20,,besonders,,"especially, particularly, above all","surtout, particulièrement","besonders = especially, particularly, above all","besonders = surtout, particulièrement",,
21,"Ich sitze lieber _____ im Bus, weil ich die Aussicht mag.",vorn,"Ich sitze lieber vorn im Bus, weil ich die Aussicht mag.",I prefer to sit at the front of the bus because I like the view.,Je préfère m'asseoir à l'avant du bus parce que j'aime la vue.,"vorn = in the front, at the front","vorn = devant, à l'avant",,
21,Das Museum ist gleich _____ an der Ecke.,vorn,Das Museum ist gleich vorn an der Ecke.,The museum is right at the front on the corner.,"Le musée est juste en face, au coin.","vorn = in the front, at the front","vorn = devant, à l'avant",,
21,"Stell dich bitte _____ an, wenn du schon dran bist.",vorn,"Stell dich bitte vorn an, wenn du schon dran bist.",Please stand in front if it’s your turn.,Veuillez vous placer devant si c’est votre tour.,"vorn = in the front, at the front","vorn = devant, à l'avant",,
21,_____ im Garten stehen viele bunte Blumen.,Vorn,Vorn im Garten stehen viele bunte Blumen.,"In the front of the garden, there are many colorful flowers.","À l'avant du jardin, il y a beaucoup de fleurs colorées.","vorn = in the front, at the front","vorn = devant, à l'avant",,
21,Die besten Plätze im Theater sind oft ganz _____.,vorn,Die besten Plätze im Theater sind oft ganz vorn.,The best seats in the theater are often right at the front.,Les meilleures places au théâtre sont souvent tout au premier plan.,"vorn = in the front, at the front","vorn = devant, à l'avant",,
21,Das Auto steht ganz _____ auf dem Parkplatz.,hinten,Das Auto steht ganz hinten auf dem Parkplatz.,The car is parked all the way at the back of the parking lot.,La voiture est garée tout au fond du parking.,hinten = at the back,hinten = à l'arrière,,
21,_____ im Garten gibt es eine kleine Hütte.,Hinten,Hinten im Garten gibt es eine kleine Hütte.,"At the back of the garden, there is a small hut.","Au fond du jardin, il y a une petite cabane.",hinten = at the back,hinten = à l'arrière,,
21,"Ich sitze lieber _____ im Bus, weil es ruhiger ist.",hinten,"Ich sitze lieber hinten im Bus, weil es ruhiger ist.",I prefer to sit at the back of the bus because it is quieter.,Je préfère m'asseoir à l'arrière du bus parce que c'est plus calme.,hinten = at the back,hinten = à l'arrière,,
21,"Der Eingang ist vorne, aber _____ gibt es einen Notausgang.",hinten,"Der Eingang ist vorne, aber hinten gibt es einen Notausgang.","The entrance is at the front, but there is an emergency exit at the back.","L'entrée se fait à l'avant, mais il y a une sortie de secours à l'arrière.",hinten = at the back,hinten = à l'arrière,,
21,_____ im Schrank habe ich noch ein altes Fotoalbum gefunden.,Hinten,Hinten im Schrank habe ich noch ein altes Fotoalbum gefunden.,"At the back of the cupboard, I found an old photo album.","Au fond du placard, j'ai trouvé un vieil album photo.",hinten = at the back,hinten = à l'arrière,,
21,Das Konzert dauert _____ zwei Stunden.,circa,Das Konzert dauert circa zwei Stunden.,The concert lasts about two hours.,Le concert dure environ deux heures.,"circa = approximately, about","circa = environ, approximativement",,
21,Wir haben _____ 20 Gäste zur Feier eingeladen.,circa,Wir haben circa 20 Gäste zur Feier eingeladen.,We invited approximately 20 guests to the party.,Nous avons invité environ 20 invités à la fête.,"circa = approximately, about","circa = environ, approximativement",,
21,Der Zug kommt in _____ fünf Minuten an.,circa,Der Zug kommt in circa fünf Minuten an.,The train arrives in about five minutes.,Le train arrive dans environ cinq minutes.,"circa = approximately, about","circa = environ, approximativement",,
21,Die Reise nach Berlin dauert _____ vier Stunden mit dem Auto.,circa,Die Reise nach Berlin dauert circa vier Stunden mit dem Auto.,The trip to Berlin takes about four hours by car.,Le voyage jusqu'à Berlin dure environ quatre heures en voiture.,"circa = approximately, about","circa = environ, approximativement",,
21,Die Wohnung kostet _____ 1.000 Euro pro Monat.,circa,Die Wohnung kostet circa 1.000 Euro pro Monat.,"The apartment costs approximately 1,000 euros per month.",L'appartement coûte environ 1 000 euros par mois.,"circa = approximately, about","circa = environ, approximativement",,
21,Bitte rufen Sie mich _____ zurück.,sofort,Bitte rufen Sie mich sofort zurück.,Please call me back immediately.,"S'il vous plaît, rappelez-moi immédiatement.","sofort = immediately, right away","sofort = immédiatement, tout de suite",,
21,Er musste _____ ins Krankenhaus gehen.,sofort,Er musste sofort ins Krankenhaus gehen.,He had to go to the hospital right away.,Il a dû aller à l’hôpital immédiatement.,"sofort = immediately, right away","sofort = immédiatement, tout de suite",,
21,"Ich komme _____, ich muss nur noch meine Schuhe anziehen.",sofort,"Ich komme sofort, ich muss nur noch meine Schuhe anziehen.","I’ll come immediately, I just need to put on my shoes.","Je viens tout de suite, il me suffit de mettre mes chaussures.","sofort = immediately, right away","sofort = immédiatement, tout de suite",,
21,"Wenn du Hilfe brauchst, sag es mir _____.",sofort,"Wenn du Hilfe brauchst, sag es mir sofort.","If you need help, tell me right away.","Si vous avez besoin d’aide, dites-le-moi tout de suite.","sofort = immediately, right away","sofort = immédiatement, tout de suite",,
21,Nach dem Unfall rief sie _____ die Polizei an.,sofort,Nach dem Unfall rief sie sofort die Polizei an.,"After the accident, she immediately called the police.","Après l'accident, elle a immédiatement appelé la police.","sofort = immediately, right away","sofort = immédiatement, tout de suite",,
21,Ich habe _____ einen neuen Job angefangen.,vor kurzem,Ich habe vor kurzem einen neuen Job angefangen.,I recently started a new job.,J'ai récemment commencé un nouvel emploi.,vor kurzem = recently,vor kurzem = récemment,,
21,_____ habe ich ein interessantes Buch gelesen.,Vor kurzem,Vor kurzem habe ich ein interessantes Buch gelesen.,I read an interesting book a short time ago.,J'ai lu un livre intéressant il y a peu de temps.,vor kurzem = recently,vor kurzem = récemment,,
21,Wir sind _____ in eine neue Wohnung gezogen.,vor kurzem,Wir sind vor kurzem in eine neue Wohnung gezogen.,We moved into a new apartment recently.,Nous avons récemment emménagé dans un nouvel appartement.,vor kurzem = recently,vor kurzem = récemment,,
21,Er hat _____ mit dem Klavierspielen begonnen.,vor kurzem,Er hat vor kurzem mit dem Klavierspielen begonnen.,He started playing the piano a short time ago.,Il a commencé à jouer du piano il y a peu de temps.,vor kurzem = recently,vor kurzem = récemment,,
21,_____ habe ich eine alte Schulfreundin wiedergetroffen.,Vor kurzem,Vor kurzem habe ich eine alte Schulfreundin wiedergetroffen.,I recently met an old school friend again.,J'ai récemment rencontré à nouveau un vieil ami d'école.,vor kurzem = recently,vor kurzem = récemment,,
21,Ich arbeite _____ an einem wichtigen Projekt.,zurzeit,Ich arbeite zurzeit an einem wichtigen Projekt.,I am currently working on an important project.,Je travaille actuellement sur un projet important.,"zurzeit = currently, at present",zurzeit = actuellement,,
21,_____ ist das Wetter sehr kalt.,Zurzeit,Zurzeit ist das Wetter sehr kalt.,"At the moment, the weather is very cold.","En ce moment, il fait très froid.","zurzeit = currently, at present",zurzeit = actuellement,,
21,"Er lernt _____ Spanisch, weil er nach Madrid reisen möchte.",zurzeit,"Er lernt zurzeit Spanisch, weil er nach Madrid reisen möchte.",He is currently learning Spanish because he wants to travel to Madrid.,Il apprend actuellement l'espagnol car il veut voyager à Madrid.,"zurzeit = currently, at present",zurzeit = actuellement,,
21,_____ gibt es viele Baustellen in der Stadt.,Zurzeit,Zurzeit gibt es viele Baustellen in der Stadt.,"At the moment, there are many construction sites in the city.",Il y a actuellement de nombreux chantiers de construction dans la ville.,"zurzeit = currently, at present",zurzeit = actuellement,,
21,Wir haben _____ keine freien Termine.,zurzeit,Wir haben zurzeit keine freien Termine.,We currently have no available appointments.,Nous n'avons actuellement aucun rendez-vous disponible.,"zurzeit = currently, at present",zurzeit = actuellement,,
21,_____ möchte ich in einem anderen Land leben.,Zukünftig,Zukünftig möchte ich in einem anderen Land leben.,"In the future, I want to live in another country.","À l’avenir, je veux vivre dans un autre pays.",zukünftig = in the future,"zukünftig = dans le futur, à l'avenir",,
21,Die Firma wird _____ mehr in erneuerbare Energien investieren.,zukünftig,Die Firma wird zukünftig mehr in erneuerbare Energien investieren.,The company will invest more in renewable energy in the future.,L’entreprise investira davantage dans les énergies renouvelables à l’avenir.,zukünftig = in the future,"zukünftig = dans le futur, à l'avenir",,
21,_____ werde ich mehr auf meine Gesundheit achten.,Zukünftig,Zukünftig werde ich mehr auf meine Gesundheit achten.,"In the future, I will take better care of my health.","À l’avenir, je prendrai mieux soin de ma santé.",zukünftig = in the future,"zukünftig = dans le futur, à l'avenir",,
21,"Er hofft, dass er _____ weniger Überstunden machen muss.",zukünftig,"Er hofft, dass er zukünftig weniger Überstunden machen muss.",He hopes that he will have to work fewer overtime hours in the future.,Il espère qu’il devra faire moins d’heures supplémentaires à l’avenir.,zukünftig = in the future,"zukünftig = dans le futur, à l'avenir",,
21,_____ wollen wir unsere Produktion umweltfreundlicher gestalten.,Zukünftig,Zukünftig wollen wir unsere Produktion umweltfreundlicher gestalten.,"In the future, we want to make our production more environmentally friendly.","À l’avenir, nous souhaitons rendre notre production plus respectueuse de l’environnement.",zukünftig = in the future,"zukünftig = dans le futur, à l'avenir",,
21,"Ich mag viele Sportarten, aber ich spiele _____ gern Tennis.",besonders,"Ich mag viele Sportarten, aber ich spiele besonders gern Tennis.","I like many sports, but I especially enjoy playing tennis.","J'aime beaucoup de sports, mais j'aime particulièrement jouer au tennis.","besonders = especially, particularly, above all","besonders = surtout, particulièrement",,
21,Das Essen im Restaurant war _____ lecker.,besonders,Das Essen im Restaurant war besonders lecker.,The food in the restaurant was particularly delicious.,La nourriture au restaurant était particulièrement délicieuse.,"besonders = especially, particularly, above all","besonders = surtout, particulièrement",,
21,"Dieses Buch ist _____ interessant für Menschen, die Geschichte mögen.",besonders,"Dieses Buch ist besonders interessant für Menschen, die Geschichte mögen.",This book is especially interesting for people who like history.,Ce livre est particulièrement intéressant pour les personnes qui aiment l’histoire.,"besonders = especially, particularly, above all","besonders = surtout, particulièrement",,
21,"Er arbeitet _____ hart, um seine Ziele zu erreichen.",besonders,"Er arbeitet besonders hart, um seine Ziele zu erreichen.",He works particularly hard to achieve his goals.,Il travaille particulièrement dur pour atteindre ses objectifs.,"besonders = especially, particularly, above all","besonders = surtout, particulièrement",,
21,Das Wetter ist heute _____ schön für einen Spaziergang.,besonders,Das Wetter ist heute besonders schön für einen Spaziergang.,The weather is especially nice today for a walk.,Le temps est particulièrement agréable aujourd'hui pour une promenade.,"besonders = especially, particularly, above all","besonders = surtout, particulièrement",,
22,,natürlich,,"naturally, of course","naturellement, bien sûr","natürlich = naturally, of course","natürlich = naturellement, bien sûr",,
22,,eigentlich,,"actually, indeed","en fait, en effet","eigentlich = actually, indeed","eigentlich = en fait, en effet",,
22,,wahrscheinlich,,"probably, likely","probablement, vraisemblablement","wahrscheinlich = probably, likely","wahrscheinlich = probablement, vraisemblablement",,
22,,viel,,a lot,beaucoup,viel = a lot,viel = beaucoup,wenig,
22,,wenig,,little,peu,wenig = little,wenig = peu,viel,
22,,gut,,well,bien,gut = well,gut = bien,schlecht,
22,,schlecht,,"badly, poorly",mal,"schlecht = badly, poorly",schlecht = mal,gut,
22,,langsam,,slowly,lentement,langsam = slowly,langsam = lentement,schnell,
22,,schnell,,"quickly, rapidly","vite, rapidement","schnell = quickly, rapidly","schnell = vite, rapidement",langsam,
22,,direkt,,directly,directement,direkt = directly,direkt = directement,indirekt,
22,,indirekt,,indirectly,indirectement,indirekt = indirectly,indirekt = indirectement,direkt,
22,,richtig,,"correctly, properly",correctement,"richtig = correctly, properly",richtig = correctement,falsch,
22,,falsch,,incorrectly,"mal, incorrectement",falsch = incorrectly,"falsch = mal, incorrectement",richtig,
22,,genau,,"exactly, precisely, specifically","exactement, précisément","genau = exactly, precisely, specifically","genau = exactement, précisément",,
22,,leicht,,easily,facilement,leicht = easily,leicht = facilement,kaum,
23,"_____ helfe ich dir, wenn du Hilfe brauchst.",Natürlich,"Natürlich helfe ich dir, wenn du Hilfe brauchst.","Of course, I will help you if you need help.","Bien sûr, je t'aiderai si tu as besoin d'aide.","natürlich = naturally, of course","natürlich = naturellement, bien sûr",,
23,"Er war müde, also hat er sich _____ früh schlafen gelegt.",natürlich,"Er war müde, also hat er sich natürlich früh schlafen gelegt.","He was tired, so of course, he went to bed early.","Il était fatigué, alors bien sûr, il s'est couché tôt.","natürlich = naturally, of course","natürlich = naturellement, bien sûr",,
23,"_____ kannst du mich jederzeit anrufen, wenn du Fragen hast.",Natürlich,"Natürlich kannst du mich jederzeit anrufen, wenn du Fragen hast.","Of course, you can call me anytime if you have questions.","Bien sûr, vous pouvez m'appeler à tout moment si vous avez des questions.","natürlich = naturally, of course","natürlich = naturellement, bien sûr",,
23,"_____ wollte ich ins Kino gehen, aber ich habe keine Zeit.",Eigentlich,"Eigentlich wollte ich ins Kino gehen, aber ich habe keine Zeit.","Actually, I wanted to go to the cinema, but I don't have time.","En fait, je voulais aller au cinéma, mais je n'ai pas le temps.","eigentlich = actually, indeed","eigentlich = en fait, en effet",,
23,"Er ist _____ sehr nett, aber manchmal ein bisschen schüchtern.",eigentlich,"Er ist eigentlich sehr nett, aber manchmal ein bisschen schüchtern.","He is actually very nice, but sometimes a little shy.","Il est en fait très gentil, mais parfois un peu timide.","eigentlich = actually, indeed","eigentlich = en fait, en effet",,
23,"_____ esse ich kein Fleisch, aber heute mache ich eine Ausnahme.",Eigentlich,"Eigentlich esse ich kein Fleisch, aber heute mache ich eine Ausnahme.","Actually, I don’t eat meat, but today I’m making an exception.","En fait, je ne mange pas de viande, mais aujourd’hui je fais une exception.","eigentlich = actually, indeed","eigentlich = en fait, en effet",,
23,"Es wird _____ morgen regnen, also nimm einen Regenschirm mit.",wahrscheinlich,"Es wird wahrscheinlich morgen regnen, also nimm einen Regenschirm mit.","It will probably rain tomorrow, so take an umbrella with you.","Il pleuvra probablement demain, alors prenez un parapluie avec vous.","wahrscheinlich = probably, likely","wahrscheinlich = probablement, vraisemblablement",,
23,"Er kommt _____ später, weil er noch viel Arbeit hat.",wahrscheinlich,"Er kommt wahrscheinlich später, weil er noch viel Arbeit hat.",He will probably arrive later because he still has a lot of work.,Il arrivera probablement plus tard car il a encore beaucoup de travail.,"wahrscheinlich = probably, likely","wahrscheinlich = probablement, vraisemblablement",,
23,"Dieses Buch wird dir _____ gefallen, weil du ähnliche Geschichten magst.",wahrscheinlich,"Dieses Buch wird dir wahrscheinlich gefallen, weil du ähnliche Geschichten magst.",You will probably like this book because you enjoy similar stories.,Vous aimerez probablement ce livre parce que vous appréciez des histoires similaires.,"wahrscheinlich = probably, likely","wahrscheinlich = probablement, vraisemblablement",,
23,"Er arbeitet _____, um seine Ziele zu erreichen.",viel,"Er arbeitet viel, um seine Ziele zu erreichen.",He works a lot to achieve his goals.,Il travaille beaucoup pour atteindre ses objectifs.,viel = a lot,viel = beaucoup,,
23,Sie reist _____ und lernt dabei neue Kulturen kennen.,viel,Sie reist viel und lernt dabei neue Kulturen kennen.,She travels a lot and gets to know new cultures.,Elle voyage beaucoup et découvre de nouvelles cultures.,viel = a lot,viel = beaucoup,,
23,Wir haben _____ gelacht während des Abends.,viel,Wir haben viel gelacht während des Abends.,We laughed a lot during the evening.,Nous avons beaucoup ri pendant la soirée.,viel = a lot,viel = beaucoup,,
23,"Er schläft _____, weil er viel arbeitet.",wenig,"Er schläft wenig, weil er viel arbeitet.",He sleeps little because he works a lot.,Il dort peu parce qu’il travaille beaucoup.,wenig = little,wenig = peu,,
23,"Sie spricht _____, aber sie hört aufmerksam zu.",wenig,"Sie spricht wenig, aber sie hört aufmerksam zu.","She speaks little, but she listens attentively.","Elle parle peu, mais elle écoute attentivement.",wenig = little,wenig = peu,,
23,Wir haben _____ Zeit für das Projekt.,wenig,Wir haben wenig Zeit für das Projekt.,We have little time for the project.,Nous avons peu de temps pour le projet.,wenig = little,wenig = peu,,
23,Er kann _____ erklären.,gut,Er kann gut erklären.,He can explain well.,Il peut bien expliquer.,gut = well,gut = bien,,
23,Sie hat die Aufgabe _____ verstanden.,gut,Sie hat die Aufgabe gut verstanden.,She understood the task well.,Elle a bien compris la tâche.,gut = well,gut = bien,,
23,Wir arbeiten _____ zusammen.,gut,Wir arbeiten gut zusammen.,We work well together.,Nous travaillons bien ensemble.,gut = well,gut = bien,,
23,Er schläft _____.,schlecht,Er schläft schlecht.,He sleeps badly.,Il dort mal.,"schlecht = badly, poorly",schlecht = mal,,
23,Sie erklärt das Thema _____.,schlecht,Sie erklärt das Thema schlecht.,She explains the topic poorly.,Elle explique mal le sujet.,"schlecht = badly, poorly",schlecht = mal,,
23,Wir haben _____ geplant.,schlecht,Wir haben schlecht geplant.,We planned badly.,Nous avons mal planifié.,"schlecht = badly, poorly",schlecht = mal,,
23,"Bitte sprich nicht so _____, ich kann dir nicht folgen.",schnell,"Bitte sprich nicht so schnell, ich kann dir nicht folgen.","Please don’t speak so fast, I can’t follow you.","S'il vous plaît, ne parlez pas si vite, je ne peux pas vous suivre.","schnell = quickly, rapidly","schnell = vite, rapidement",,
23,"Er läuft sehr _____, weil er für einen Wettkampf trainiert.",schnell,"Er läuft sehr schnell, weil er für einen Wettkampf trainiert.",He runs very fast because he is training for a competition.,Il court très vite car il s'entraîne pour une compétition.,"schnell = quickly, rapidly","schnell = vite, rapidement",,
23,"Die Zeit vergeht _____, wenn man Spaß hat.",schnell,"Die Zeit vergeht schnell, wenn man Spaß hat.",Time passes quickly when you are having fun.,Le temps passe vite quand on s'amuse.,"schnell = quickly, rapidly","schnell = vite, rapidement",,
23,"Bitte sprich _____, ich verstehe nicht alles.",langsam,"Bitte sprich langsam, ich verstehe nicht alles.","Please speak slowly, I don’t understand everything.","S'il vous plaît, parlez lentement, je ne comprends pas tout.",langsam = slowly,langsam = lentement,,
23,"Er fährt _____, weil die Straße rutschig ist.",langsam,"Er fährt langsam, weil die Straße rutschig ist.",He drives slowly because the road is slippery.,Il conduit lentement parce que la route est glissante.,langsam = slowly,langsam = lentement,,
23,"Der Computer arbeitet _____, weil er alt ist.",langsam,"Der Computer arbeitet langsam, weil er alt ist.",The computer works slowly because it is old.,L'ordinateur fonctionne lentement parce qu'il est vieux.,langsam = slowly,langsam = lentement,,
23,Ich gehe _____ nach der Arbeit nach Hause.,direkt,Ich gehe direkt nach der Arbeit nach Hause.,I'm going directly home after work.,Je rentre directement à la maison après le travail.,direkt = directly,direkt = directement,,
23,Sie rief ihn _____ nach dem Meeting an.,direkt,Sie rief ihn direkt nach dem Meeting an.,She called him directly after the meeting.,Elle l'a appelé directement après la réunion.,direkt = directly,direkt = directement,,
23,Der Bus fährt _____ zum Flughafen.,direkt,Der Bus fährt direkt zum Flughafen.,The bus goes directly to the airport.,Le bus va directement à l'aéroport.,direkt = directly,direkt = directement,,
23,"Er hat mich _____ kritisiert, ohne meinen Namen zu nennen.",indirekt,"Er hat mich indirekt kritisiert, ohne meinen Namen zu nennen.",He criticized me indirectly without mentioning my name.,Il m'a critiqué indirectement sans mentionner mon nom.,indirekt = indirectly,indirekt = indirectement,,
23,"Sie hat _____ angedeutet, dass sie unzufrieden ist.",indirekt,"Sie hat indirekt angedeutet, dass sie unzufrieden ist.",She indirectly indicated that she was dissatisfied.,Elle a indiqué indirectement qu’elle était insatisfaite.,indirekt = indirectly,indirekt = indirectement,,
23,Wir wurden _____ für den Fehler verantwortlich gemacht.,indirekt,Wir wurden indirekt für den Fehler verantwortlich gemacht.,We were indirectly blamed for the mistake.,Nous avons été indirectement blâmés pour l’erreur.,indirekt = indirectly,indirekt = indirectement,,
23,Er hat die Situation _____ eingeschätzt.,richtig,Er hat die Situation richtig eingeschätzt.,He assessed the situation correctly.,Il a correctement évalué la situation.,"richtig = correctly, properly",richtig = correctement,,
23,"Sie hat die Aufgabe _____ gelöst, obwohl sie sehr schwierig war.",richtig,"Sie hat die Aufgabe richtig gelöst, obwohl sie sehr schwierig war.","She solved the task correctly, although it was very difficult.","Elle a correctement résolu l’exercice, bien qu’il fût très difficile.","richtig = correctly, properly",richtig = correctement,,
23,"Wenn man die Daten _____ interpretiert, ergeben sich andere Schlussfolgerungen.",richtig,"Wenn man die Daten richtig interpretiert, ergeben sich andere Schlussfolgerungen.","If one interprets the data correctly, different conclusions emerge.","Si l’on interprète correctement les données, d’autres conclusions apparaissent.","richtig = correctly, properly",richtig = correctement,,
23,Er hat die Frage _____ verstanden.,falsch,Er hat die Frage falsch verstanden.,He misunderstood the question.,Il a mal compris la question.,falsch = incorrectly,"falsch = mal, incorrectement",,
23,Sie hat die Zahlen _____ interpretiert.,falsch,Sie hat die Zahlen falsch interpretiert.,She interpreted the figures incorrectly.,Elle a mal interprété les chiffres.,falsch = incorrectly,"falsch = mal, incorrectement",,
23,"Wenn man die Situation _____ einschätzt, kann das ernste Folgen haben.",falsch,"Wenn man die Situation falsch einschätzt, kann das ernste Folgen haben.","If one misjudges the situation, it can have serious consequences.","Si l’on évalue mal la situation, cela peut avoir de graves conséquences.",falsch = incorrectly,"falsch = mal, incorrectement",,
23,"Ich weiß nicht _____, wann das Meeting beginnt.",genau,"Ich weiß nicht genau, wann das Meeting beginnt.",I don’t know exactly when the meeting starts.,Je ne sais pas exactement quand la réunion commence.,"genau = exactly, precisely, specifically","genau = exactement, précisément",,
23,"Kannst du mir _____ erklären, wie das funktioniert?",genau,"Kannst du mir genau erklären, wie das funktioniert?",Can you explain to me precisely how that works?,Pouvez-vous m'expliquer précisément comment cela fonctionne ?,"genau = exactly, precisely, specifically","genau = exactement, précisément",,
23,Er hat sich _____ an die Anweisungen gehalten.,genau,Er hat sich genau an die Anweisungen gehalten.,He followed the instructions exactly.,Il a suivi les instructions à la lettre.,"genau = exactly, precisely, specifically","genau = exactement, précisément",,
23,Er konnte die Aufgabe _____ lösen.,leicht,Er konnte die Aufgabe leicht lösen.,He could solve the task easily.,Il pourrait résoudre la tâche facilement.,leicht = easily,leicht = facilement,,
23,Das Kind hat die Kiste _____ getragen.,leicht,Das Kind hat die Kiste leicht getragen.,The child carried the box easily.,L'enfant a porté la boîte facilement.,leicht = easily,leicht = facilement,,
23,Ich konnte mich _____ an die neue Umgebung gewöhnen.,leicht,Ich konnte mich leicht an die neue Umgebung gewöhnen.,I could easily get used to the new environment.,J'ai pu facilement m'habituer au nouvel environnement.,leicht = easily,leicht = facilement,,
24,da,dort,Ich treffe meine Freunde da nach der Arbeit.,there,là,dort = there,dort = là,,
24,gerne,gern,Ich koche sehr gerne am Wochenende.,gladly,volontiers,gern = gladly,gern = volontiers,,
24,normalerweise,meistens,Ich gehe normalerweise nach dem Essen spazieren.,"mostly, usually","principalement, habituellement","meistens = mostly, usually","meistens = principalement, habituellement",,
24,wenigstens,mindestens,Wir brauchen wenigstens zwei Stunden für die Fahrt.,"at least, minimum","au moins, au minimum","mindestens = at least, minimum","mindestens = au moins, au minimum",,
24,häufig,oft,Er trainiert häufig im Fitnessstudio.,"often, frequently","souvent, fréquemment","oft = often, frequently","oft = souvent, fréquemment",,
24,heute früh,heute Morgen,Heute früh habe ich meine Präsentation noch einmal überarbeitet.,this morning,ce matin,heute morgen = this morning,heute morgen = ce matin,,
24,heute Vormittag,heute Morgen,"Heute Vormittag hatten wir eine Besprechung, die länger gedauert hat als geplant.",this morning,ce matin,heute morgen = this morning,heute morgen = ce matin,,
24,zirka,circa,Wir erwarten zirka zwanzig Gäste am Samstag.,"approximately, about","environ, approximativement","circa = approximately, about","circa = environ, approximativement",,
24,dort drüben,da drüben,Die Apotheke ist dort drüben an der Ecke.,over there,là-bas,da drüben = over there,da drüben = là-bas,,
24,tatsächlich,eigentlich,Das Ergebnis war tatsächlich besser als geplant.,"actually, indeed","en fait, en effet","eigentlich = actually, indeed","eigentlich = en fait, en effet",,
24,selbstverständlich,natürlich,Das ist selbstverständlich im Preis enthalten.,"naturally, of course","naturellement, bien sûr","natürlich = naturally, of course","natürlich = naturellement, bien sûr",,
24,bereits,schon,Das Team hat die Arbeit bereits abgeschlossen.,already,déjà,schon = already,schon = déjà,,
24,kürzlich,vor kurzem,Ich habe kürzlich ein neues Fahrrad gekauft.,recently,récemment,vor kurzem = recently,vor kurzem = récemment,,
24,neulich,vor kurzem,Neulich habe ich ihn im Supermarkt gesehen.,recently,récemment,vor kurzem = recently,vor kurzem = récemment,,
24,vorne,vorn,Das Museum liegt vorne am Platz.,"in the front, at the front","devant, à l'avant","vorn = in the front, at the front","vorn = devant, à l'avant",,
24,ganz,ziemlich,Der Film war ganz interessant.,"quite, fairly","assez, franchement","ziemlich = quite, fairly","ziemlich = assez, franchement",,
24,unglücklicherweise,leider,Unglücklicherweise mussten wir die Reise absagen.,unfortunately,malheureusement,leider = unfortunately,leider = malheureusement,,
24,in der Zukunft,zukünftig,In der Zukunft wollen wir neue Projekte gemeinsam entwickeln.,in the future,"dans le futur, à l'avenir",zukünftig = in the future,"zukünftig = dans le futur, à l'avenir",,
24,vor allem,besonders,"Die Nachfrage steigt, vor allem im Winter.","especially, particularly, above all","surtout, particulièrement","besonders = especially, particularly, above all","besonders = surtout, particulièrement",,
25,,hier,dort,dort = there,dort = là,hier = here,hier = ici,,
25,,immer,nie,nie = never,nie = jamais,immer = always,immer = toujours,,
25,,gestern,morgen,morgen = tomorrow,morgen = demain,gestern = yesterday,gestern = hier,,
25,,morgen,gestern,gestern = yesterday,gestern = hier,morgen = tomorrow,morgen = demain,,
25,,drinnen,draußen,"draußen = outside, outdoors","draußen = dehors, à l'extérieur","drinnen = inside, indoors",drinnen = à l'intérieur,,
25,,draußen,drinnen,"drinnen = inside, indoors",drinnen = à l'intérieur,"draußen = outside, outdoors","draußen = dehors, à l'extérieur",,
25,,mindestens,höchstens,"höchstens = at most, maximum","höchstens = au plus, au maximum","mindestens = at least, minimum","mindestens = au moins, au minimum",,
25,,höchstens,mindestens,"mindestens = at least, minimum","mindestens = au moins, au minimum","höchstens = at most, maximum","höchstens = au plus, au maximum",,
25,,langsam,schnell,"schnell = quickly, rapidly","schnell = vite, rapidement",langsam = slowly,langsam = lentement,schnell,
25,,schnell,langsam,langsam = slowly,langsam = lentement,"schnell = quickly, rapidly","schnell = vite, rapidement",langsam,
25,,vorn,hinten,hinten = at the back,hinten = à l'arrière,"vorn = in the front, at the front","vorn = devant, à l'avant",hinten,
25,,hinten,vorn,"vorn = in the front, at the front","vorn = devant, à l'avant",hinten = at the back,hinten = à l'arrière,vorn,
25,,oben,unten,"unten = below, at the bottom","unten = ci-dessous, en bas","oben = above, at the top","oben = au-dessus, en haut",unten,
25,,unten,oben,"oben = above, at the top","oben = au-dessus, en haut","unten = below, at the bottom","unten = ci-dessous, en bas",oben,
25,,glücklicherweise,leider,leider = unfortunately,leider = malheureusement,glücklicherweise = fortunately,glücklicherweise = heureusement,unfortunately,
25,,leider,glücklicherweise,glücklicherweise = fortunately,glücklicherweise = heureusement,leider = unfortunately,leider = malheureusement,,
25,,gut,schlecht,"schlecht = badly, poorly",schlecht = mal,gut = well,gut = bien,,
25,,schlecht,gut,gut = well,gut = bien,"schlecht = badly, poorly",schlecht = mal,,
25,,viel,wenig,wenig = little,wenig = peu,viel = a lot,viel = beaucoup,,
25,,wenig,viel,viel = a lot,viel = beaucoup,wenig = little,wenig = peu,,
25,,nirgendwo,überall,überall = everywhere,überall = partout,nirgendwo = nowhere,nirgendwo = nulle part,überall,
25,,überall,nirgendwo,nirgendwo = nowhere,nirgendwo = nulle part,überall = everywhere,überall = partout,nowhere,
25,,früh,spät,spät = late,spät = tard,früh = early,früh = tôt,,
25,,spät,früh,früh = early,früh = tôt,spät = late,spät = tard,,
26,,gar nicht,,"not at all, not even","pas du tout, même pas","gar nicht = not at all, not even","gar nicht = pas du tout, même pas",,
26,,und so weiter,,"and so on, and so forth, etc.","et ainsi de suite, etc.","und so weiter = and so on, and so forth, etc.","und so weiter = et ainsi de suite, etc.",,
26,,mitten,,in the middle,au milieu,mitten = in the middle,mitten = au milieu,,
26,,anfangs,,initially,initialement,anfangs = initially,anfangs = initialement,,
26,,kaum,,"hardly, barely",à peine,"kaum = hardly, barely",kaum = à peine,,
26,,vorgestern,,the day before yesterday,avant-hier,vorgestern = the day before yesterday,vorgestern = avant-hier,übermorgen,
26,,übermorgen,,the day after tomorrow,après-demain,übermorgen = the day after tomorrow,übermorgen = après-demain,vorgestern,
26,,jederzeit,,"at any time, anytime",à tout moment,"jederzeit = at any time, anytime",jederzeit = à tout moment,,
27,"Ich habe heute _____ Zeit, um ins Kino zu gehen.",gar keine/überhaupt keine,"Ich habe heute gar keine Zeit, um ins Kino zu gehen.",I have no time at all to go to the cinema today.,Je n'ai pas du tout le temps d'aller au cinéma aujourd'hui.,"gar nicht = not at all, not even","gar nicht = pas du tout, même pas",,
27,"Er spricht _____ Französisch, aber er lernt es gerade.",gar kein/überhaupt kein,"Er spricht gar kein Französisch, aber er lernt es gerade.","He doesn’t speak any French at all, but he is learning it.","Il ne parle pas du tout français, mais il l’apprend.","gar nicht = not at all, not even","gar nicht = pas du tout, même pas",,
27,"Das Essen schmeckt _____ so schlecht, wie ich dachte.",gar nicht,"Das Essen schmeckt gar nicht so schlecht, wie ich dachte.","The food doesn’t taste bad at all, as I thought.","La nourriture n’a pas du tout mauvais goût, comme je le pensais.","gar nicht = not at all, not even","gar nicht = pas du tout, même pas",,
27,"Ich wusste _____, dass du in Berlin wohnst.",gar nicht,"Ich wusste gar nicht, dass du in Berlin wohnst.",I didn’t even know that you live in Berlin.,Je ne savais même pas que tu vivais à Berlin.,"gar nicht = not at all, not even","gar nicht = pas du tout, même pas",,
27,"Sie hat _____ bemerkt, dass ich schon da war.",gar nicht,"Sie hat gar nicht bemerkt, dass ich schon da war.",She didn’t even notice that I was already there.,Elle n’a même pas remarqué que j’étais déjà là.,"gar nicht = not at all, not even","gar nicht = pas du tout, même pas",,
27,"Auf meiner Reise besuchte ich viele Städte: Berlin, Hamburg, München _____.",und so weiter,"Auf meiner Reise besuchte ich viele Städte: Berlin, Hamburg, München und so weiter.","On my trip, I visited many cities: Berlin, Hamburg, Munich, and so on.","Au cours de mon voyage, j'ai visité de nombreuses villes : Berlin, Hambourg, Munich, etc.","und so weiter = and so on, and so forth, etc.","und so weiter = et ainsi de suite, etc.",,
27,"Wir müssen noch einige Dinge erledigen: einkaufen, aufräumen, kochen _____.",und so weiter,"Wir müssen noch einige Dinge erledigen: einkaufen, aufräumen, kochen und so weiter.","We still have to do some things: shopping, cleaning, cooking, and so on.","Il nous reste encore quelques choses à faire : faire les courses, nettoyer, cuisiner, etc.","und so weiter = and so on, and so forth, etc.","und so weiter = et ainsi de suite, etc.",,
27,"Im Museum gibt es viele berühmte Gemälde von Van Gogh, Picasso, Monet _____.",und so weiter,"Im Museum gibt es viele berühmte Gemälde von Van Gogh, Picasso, Monet und so weiter.","In the museum, there are many famous paintings by Van Gogh, Picasso, Monet, and so on.","Dans le musée, il y a de nombreuses peintures célèbres de Van Gogh, Picasso, Monet, etc.","und so weiter = and so on, and so forth, etc.","und so weiter = et ainsi de suite, etc.",,
27,"Sie liebt Sportarten wie Fußball, Tennis, Basketball _____.",und so weiter,"Sie liebt Sportarten wie Fußball, Tennis, Basketball und so weiter.","She loves sports like football, tennis, basketball, and so on.","Elle aime les sports comme le football, le tennis, le basket-ball, etc.","und so weiter = and so on, and so forth, etc.","und so weiter = et ainsi de suite, etc.",,
27,"Bei der Prüfung mussten wir viele Themen bearbeiten: Grammatik, Wortschatz, Hörverstehen _____.",und so weiter,"Bei der Prüfung mussten wir viele Themen bearbeiten: Grammatik, Wortschatz, Hörverstehen und so weiter.","In the exam, we had to cover many topics: grammar, vocabulary, listening comprehension, and so on.","Lors de l'examen, nous avons dû aborder de nombreux sujets : grammaire, vocabulaire, compréhension orale, etc.","und so weiter = and so on, and so forth, etc.","und so weiter = et ainsi de suite, etc.",,
27,_____ in der Nacht hörte ich plötzlich ein Geräusch.,Mitten,Mitten in der Nacht hörte ich plötzlich ein Geräusch.,"In the middle of the night, I suddenly heard a noise.","Au milieu de la nuit, j'ai soudainement entendu un bruit.",mitten = in the middle,mitten = au milieu,,
27,Wir standen _____ im Stau und konnten nicht weiterfahren.,mitten,Wir standen mitten im Stau und konnten nicht weiterfahren.,We were stuck in the middle of a traffic jam and couldn’t move.,Nous étions coincés au milieu d’un embouteillage et ne pouvions pas bouger.,mitten = in the middle,mitten = au milieu,,
27,Er hat _____ im Gespräch sein Handy herausgeholt.,mitten,Er hat mitten im Gespräch sein Handy herausgeholt.,He took out his phone in the middle of the conversation.,Il a sorti son téléphone au milieu de la conversation.,mitten = in the middle,mitten = au milieu,,
27,Das Haus liegt _____ in der Stadt.,mitten,Das Haus liegt mitten in der Stadt.,The house is located right in the middle of the city.,La maison est située en plein milieu de la ville.,mitten = in the middle,mitten = au milieu,,
27,_____ auf dem Weg blieb das Auto stehen.,Mitten,Mitten auf dem Weg blieb das Auto stehen.,The car stopped in the middle of the road.,La voiture s'est arrêtée au milieu de la route.,mitten = in the middle,mitten = au milieu,,
27,"_____ war alles ungewohnt, aber ich habe mich schnell eingelebt.",Anfangs,"Anfangs war alles ungewohnt, aber ich habe mich schnell eingelebt.","At first, everything was unfamiliar, but I settled in quickly.","Au début, tout m’était inconnu, mais je me suis vite habitué.",anfangs = initially,anfangs = initialement,,
27,"_____ hatte ich Schwierigkeiten, die Sprache zu verstehen.",Anfangs,"Anfangs hatte ich Schwierigkeiten, die Sprache zu verstehen.","At first, I had trouble understanding the language.","Au début, j’avais du mal à comprendre la langue.",anfangs = initially,anfangs = initialement,,
27,"Es war _____ kalt, doch später wurde es wärmer.",anfangs,"Es war anfangs kalt, doch später wurde es wärmer.","It was cold at first, but later it got warmer.","Au début, il faisait froid, mais ensuite il a fait plus chaud.",anfangs = initially,anfangs = initialement,,
27,_____ kannten wir niemanden in der Stadt.,Anfangs,Anfangs kannten wir niemanden in der Stadt.,"At first, we didn’t know anyone in the city.","Au début, nous ne connaissions personne en ville.",anfangs = initially,anfangs = initialement,,
27,"_____ lief das Projekt gut, aber dann gab es Probleme.",Anfangs,"Anfangs lief das Projekt gut, aber dann gab es Probleme.","The project went well at first, but then there were problems.","Au début, le projet s’est bien déroulé, mais ensuite, des problèmes sont apparus.",anfangs = initially,anfangs = initialement,,
27,"Ich habe heute so viel gearbeitet, dass ich _____ noch Energie habe.",kaum,"Ich habe heute so viel gearbeitet, dass ich kaum noch Energie habe.",I worked so much today that I barely have any energy left.,J'ai tellement travaillé aujourd'hui que je n'ai presque plus d'énergie.,"kaum = hardly, barely",kaum = à peine,,
27,"Er spricht so leise, dass ich ihn _____ verstehen kann.",kaum,"Er spricht so leise, dass ich ihn kaum verstehen kann.",He speaks so quietly that I can hardly understand him.,Il parle si doucement que j'ai du mal à le comprendre.,"kaum = hardly, barely",kaum = à peine,,
27,"Sie hatte _____ Zeit, sich auf die Prüfung vorzubereiten.",kaum,"Sie hatte kaum Zeit, sich auf die Prüfung vorzubereiten.",She had hardly any time to prepare for the exam.,Elle n’a eu que peu de temps pour se préparer à l’examen.,"kaum = hardly, barely",kaum = à peine,,
27,"Nach dem langen Winter konnte man _____ glauben, dass es endlich Frühling wurde.",kaum,"Nach dem langen Winter konnte man kaum glauben, dass es endlich Frühling wurde.","After the long winter, it was hard to believe that it was finally spring.","Après le long hiver, il était difficile de croire que c’était enfin le printemps.","kaum = hardly, barely",kaum = à peine,,
27,"Es war so dunkel, dass ich _____ etwas sehen konnte.",kaum,"Es war so dunkel, dass ich kaum etwas sehen konnte.",It was so dark that I could barely see anything.,Il faisait si sombre que je pouvais à peine voir quoi que ce soit.,"kaum = hardly, barely",kaum = à peine,,
27,_____ war ich im Kino mit meinen Freunden.,Vorgestern,Vorgestern war ich im Kino mit meinen Freunden.,"The day before yesterday, I was at the cinema with my friends.","Avant-hier, j'étais au cinéma avec mes amis.",vorgestern = the day before yesterday,vorgestern = avant-hier,,
27,Es hat _____ den ganzen Tag geregnet.,vorgestern,Es hat vorgestern den ganzen Tag geregnet.,It rained all day the day before yesterday.,Il a plu toute la journée avant-hier.,vorgestern = the day before yesterday,vorgestern = avant-hier,,
27,Ich habe ihn _____ in der Stadt getroffen.,vorgestern,Ich habe ihn vorgestern in der Stadt getroffen.,I met him in the city the day before yesterday.,Je l'ai rencontré en ville avant-hier.,vorgestern = the day before yesterday,vorgestern = avant-hier,,
27,_____ hatten wir eine wichtige Besprechung im Büro.,Vorgestern,Vorgestern hatten wir eine wichtige Besprechung im Büro.,"The day before yesterday, we had an important meeting at the office.","Avant-hier, nous avons eu une réunion importante au bureau.",vorgestern = the day before yesterday,vorgestern = avant-hier,,
27,Meine Großeltern sind _____ aus dem Urlaub zurückgekommen.,vorgestern,Meine Großeltern sind vorgestern aus dem Urlaub zurückgekommen.,My grandparents returned from vacation the day before yesterday.,Mes grands-parents sont rentrés de vacances avant-hier.,vorgestern = the day before yesterday,vorgestern = avant-hier,,
27,_____ haben wir eine wichtige Prüfung in der Schule.,Übermorgen,Übermorgen haben wir eine wichtige Prüfung in der Schule.,"The day after tomorrow, we have an important exam at school.","Après-demain, nous avons un examen important à l'école.",übermorgen = the day after tomorrow,übermorgen = après-demain,,
27,Meine Eltern kommen _____ aus dem Urlaub zurück.,übermorgen,Meine Eltern kommen übermorgen aus dem Urlaub zurück.,My parents are coming back from vacation the day after tomorrow.,Mes parents reviennent de vacances après-demain.,übermorgen = the day after tomorrow,übermorgen = après-demain,,
27,Wir fahren _____ in die Berge zum Wandern.,übermorgen,Wir fahren übermorgen in die Berge zum Wandern.,We are going to the mountains for a hike the day after tomorrow.,Nous allons faire une randonnée en montagne après-demain.,übermorgen = the day after tomorrow,übermorgen = après-demain,,
27,_____ beginnt das neue Semester an der Universität.,Übermorgen,Übermorgen beginnt das neue Semester an der Universität.,The new semester at the university starts the day after tomorrow.,Le nouveau semestre à l'université commence après-demain.,übermorgen = the day after tomorrow,übermorgen = après-demain,,
27,"Ich muss _____ früh aufstehen, weil ich einen Termin habe.",übermorgen,"Ich muss übermorgen früh aufstehen, weil ich einen Termin habe.",I have to get up early the day after tomorrow because I have an appointment.,Je dois me lever tôt après-demain car j'ai un rendez-vous.,übermorgen = the day after tomorrow,übermorgen = après-demain,,
27,"Sie können mich _____ anrufen, wenn Sie Fragen haben.",jederzeit,"Sie können mich jederzeit anrufen, wenn Sie Fragen haben.",You can call me anytime if you have questions.,Vous pouvez m'appeler à tout moment si vous avez des questions.,"jederzeit = at any time, anytime",jederzeit = à tout moment,,
27,"Unsere Webseite ist _____ verfügbar, auch am Wochenende.",jederzeit,"Unsere Webseite ist jederzeit verfügbar, auch am Wochenende.","Our website is available anytime, even on weekends.","Notre site web est disponible à tout moment, même le week-end.","jederzeit = at any time, anytime",jederzeit = à tout moment,,
27,"Er ist _____ bereit zu helfen, wenn jemand Unterstützung braucht.",jederzeit,"Er ist jederzeit bereit zu helfen, wenn jemand Unterstützung braucht.",He is ready at all time to help if someone needs support.,Il est prêt à aider à tout moment si quelqu'un a besoin de soutien.,"jederzeit = at any time, anytime",jederzeit = à tout moment,,
27,Der Zugang zum Fitnessstudio ist für Mitglieder _____ möglich.,jederzeit,Der Zugang zum Fitnessstudio ist für Mitglieder jederzeit möglich.,Access to the gym is possible for members at any time.,Les membres ont accès à la salle de sport à tout moment.,"jederzeit = at any time, anytime",jederzeit = à tout moment,,
27,"Ich bin _____ bereit, neue Herausforderungen anzunehmen.",jederzeit,"Ich bin jederzeit bereit, neue Herausforderungen anzunehmen.",I am ready to take on new challenges at any time.,Je suis prêt à relever de nouveaux défis à tout moment.,"jederzeit = at any time, anytime",jederzeit = à tout moment,,
28,,spätestens,,at the latest,au plus tard,spätestens = at the latest,spätestens = au plus tard,frühestens,
28,,frühestens,,at the earliest,au plus tôt,frühestens = at the earliest,frühestens = au plus tôt,spätestens,
28,,irgendwann,,"sometime, someday, at some point","un jour, à un moment donné","irgendwann = sometime, someday, at some point","irgendwann = un jour, à un moment donné",,
28,,irgendwie,,somehow,d'une manière ou d'une autre,irgendwie = somehow,irgendwie = d'une manière ou d'une autre,,
28,,anders,,differently,différemment,anders = differently,anders = différemment,,
28,,weit,,"far, far more","de loin, bien plus","weit = far, far more","weit = de loin, bien plus",,
28,,auf jeden Fall,,"definitely, for sure, absolutely","définitivement, à coup sûr, absolument","auf jeden fall = definitely, for sure, absolutely","auf jeden fall = définitivement, à coup sûr, absolument",,
28,,auf keinen Fall,,"under no circumstance, definitely not","en aucun cas, certainement pas","auf keinen fall = under no circumstance, definitely not","auf keinen fall = en aucun cas, certainement pas",,
29,Wir können _____ nächste Woche mit dem Projekt beginnen.,frühestens,Wir können frühestens nächste Woche mit dem Projekt beginnen.,We can start the project at the earliest next week.,Nous pouvons démarrer le projet au plus tôt la semaine prochaine.,frühestens = at the earliest,frühestens = au plus tôt,,
29,Der Arzttermin ist _____ in zwei Wochen verfügbar.,frühestens,Der Arzttermin ist frühestens in zwei Wochen verfügbar.,The doctor’s appointment is available at the earliest in two weeks.,Le rendez-vous chez le médecin est disponible au plus tôt dans deux semaines.,frühestens = at the earliest,frühestens = au plus tôt,,
29,Ich werde dich _____ um 18 Uhr anrufen.,frühestens,Ich werde dich frühestens um 18 Uhr anrufen.,I will call you at the earliest at 6 p.m.,Je vous appellerai au plus tôt à 18 heures.,frühestens = at the earliest,frühestens = au plus tôt,,
29,Die Lieferung kommt _____ am Montag an.,frühestens,Die Lieferung kommt frühestens am Montag an.,The delivery will arrive at the earliest on Monday.,La livraison arrivera au plus tôt lundi.,frühestens = at the earliest,frühestens = au plus tôt,,
29,Er kann _____ in einem Jahr befördert werden.,frühestens,Er kann frühestens in einem Jahr befördert werden.,He can be promoted at the earliest in a year.,Il peut être promu au plus tôt dans un an.,frühestens = at the earliest,frühestens = au plus tôt,,
29,Bitte senden Sie das Dokument _____ bis Freitag zurück.,spätestens,Bitte senden Sie das Dokument spätestens bis Freitag zurück.,Please return the document by Friday at the latest.,Veuillez retourner le document au plus tard vendredi.,spätestens = at the latest,spätestens = au plus tard,,
29,Wir müssen _____ um 10 Uhr am Flughafen sein.,spätestens,Wir müssen spätestens um 10 Uhr am Flughafen sein.,We must be at the airport by 10 a.m. at the latest.,Nous devons être à l'aéroport au plus tard à 10 heures du matin.,spätestens = at the latest,spätestens = au plus tard,,
29,_____ nach dem dritten Versuch sollte es funktionieren.,Spätestens,Spätestens nach dem dritten Versuch sollte es funktionieren.,It should work at the latest after the third attempt.,Cela devrait fonctionner au plus tard après la troisième tentative.,spätestens = at the latest,spätestens = au plus tard,,
29,Die Anmeldung muss _____ eine Woche vor dem Kursbeginn erfolgen.,spätestens,Die Anmeldung muss spätestens eine Woche vor dem Kursbeginn erfolgen.,Registration must be completed at the latest one week before the course starts.,L'inscription doit être complétée au plus tard une semaine avant le début du cours.,spätestens = at the latest,spätestens = au plus tard,,
29,_____ nach der Prüfung werde ich Urlaub machen.,Spätestens,Spätestens nach der Prüfung werde ich Urlaub machen.,"At the latest after the exam, I will go on vacation.","Au plus tard après l'examen, je partirai en vacances.",spätestens = at the latest,spätestens = au plus tard,,
29,_____ möchte ich eine Weltreise machen.,Irgendwann,Irgendwann möchte ich eine Weltreise machen.,"Someday, I want to travel around the world.","Un jour, je veux voyager autour du monde.","irgendwann = sometime, someday, at some point","irgendwann = un jour, à un moment donné",,
29,"Er hat mir gesagt, dass er mich _____ besuchen wird.",irgendwann,"Er hat mir gesagt, dass er mich irgendwann besuchen wird.",He told me that he will visit me sometime.,Il m'a dit qu'il viendrait me rendre visite un jour.,"irgendwann = sometime, someday, at some point","irgendwann = un jour, à un moment donné",,
29,"_____ muss man eine Entscheidung treffen, auch wenn es schwerfällt.",Irgendwann,"Irgendwann muss man eine Entscheidung treffen, auch wenn es schwerfällt.","At some point, you have to make a decision, even if it's difficult.","À un moment donné, il faut prendre une décision, même si elle est difficile.","irgendwann = sometime, someday, at some point","irgendwann = un jour, à un moment donné",,
29,"Wenn du dranbleibst, wirst du dein Ziel _____ erreichen.",irgendwann,"Wenn du dranbleibst, wirst du dein Ziel irgendwann erreichen.","If you keep going, you will reach your goal someday.","Si vous continuez, vous atteindrez votre objectif un jour.","irgendwann = sometime, someday, at some point","irgendwann = un jour, à un moment donné",,
29,"Ich habe das Buch _____ letztes Jahr gelesen, aber ich erinnere mich kaum daran.",irgendwann,"Ich habe das Buch irgendwann letztes Jahr gelesen, aber ich erinnere mich kaum daran.","I read the book sometime last year, but I barely remember it.","J’ai lu le livre l’année dernière, mais je m’en souviens à peine.","irgendwann = sometime, someday, at some point","irgendwann = un jour, à un moment donné",,
29,"Ich habe mein Handy verloren, aber ich werde es _____ wiederfinden.",irgendwie,"Ich habe mein Handy verloren, aber ich werde es irgendwie wiederfinden.","I lost my phone, but I will find it somehow.","J'ai perdu mon téléphone, mais je le retrouverai d'une manière ou d'une autre.",irgendwie = somehow,irgendwie = d'une manière ou d'une autre,,
29,"Er hat keine Erfahrung, aber _____ schafft er es immer, gute Arbeit zu leisten.",irgendwie,"Er hat keine Erfahrung, aber irgendwie schafft er es immer, gute Arbeit zu leisten.","He has no experience, but somehow he always manages to do a good job.","Il n'a aucune expérience, mais il réussit toujours à faire du bon travail.",irgendwie = somehow,irgendwie = d'une manière ou d'une autre,,
29,"Ich habe keine Ahnung, wie ich das Problem lösen soll, aber _____ werde ich es schaffen.",irgendwie,"Ich habe keine Ahnung, wie ich das Problem lösen soll, aber irgendwie werde ich es schaffen.","I have no idea how to solve the problem, but somehow I will manage.","Je n'ai aucune idée de comment résoudre le problème, mais d'une manière ou d'une autre, j'y parviendrai.",irgendwie = somehow,irgendwie = d'une manière ou d'une autre,,
29,"Der Plan klingt kompliziert, aber wir müssen es _____ ausprobieren.",irgendwie,"Der Plan klingt kompliziert, aber wir müssen es irgendwie ausprobieren.","The plan sounds complicated, but we have to try it somehow.","Le plan semble compliqué, mais nous devons l’essayer d’une manière ou d’une autre.",irgendwie = somehow,irgendwie = d'une manière ou d'une autre,,
29,"Ich fühle mich heute _____ müde, obwohl ich genug geschlafen habe.",irgendwie,"Ich fühle mich heute irgendwie müde, obwohl ich genug geschlafen habe.","I feel somehow tired today, even though I slept enough.","Je me sens un peu fatigué aujourd'hui, même si j'ai suffisamment dormi.",irgendwie = somehow,irgendwie = d'une manière ou d'une autre,,
29,Heute ist das Wetter _____.,anders,Heute ist das Wetter anders.,Today the weather is different.,"Aujourd'hui, le temps est différent.",anders = differently,anders = différemment,,
29,Kannst du das _____ sagen?,anders,Kannst du das anders sagen?,Can you say that differently?,Peux-tu dire cela différemment ?,anders = differently,anders = différemment,,
29,Er denkt _____ als ich.,anders,Er denkt anders als ich.,He thinks differently than I do.,Il pense différemment de moi.,anders = differently,anders = différemment,,
29,Dieses Mal machen wir es _____.,anders,Dieses Mal machen wir es anders.,This time we will do it differently.,"Cette fois-ci, nous allons le faire différemment.",anders = differently,anders = différemment,,
29,Jeder Mensch ist _____.,anders,Jeder Mensch ist anders.,Every person is different.,Chaque personne est différente.,anders = differently,anders = différemment,,
29,Seine Argumente gehen _____ über die ursprüngliche Fragestellung hinaus.,weit,Seine Argumente gehen weit über die ursprüngliche Fragestellung hinaus.,His arguments go far beyond the original question.,Ses arguments vont bien au-delà de la question initiale.,"weit = far, far more","weit = de loin, bien plus",,
29,Die Folgen dieser Entscheidung reichen _____ in die Zukunft hinein.,weit,Die Folgen dieser Entscheidung reichen weit in die Zukunft hinein.,The consequences of this decision extend far into the future.,Les conséquences de cette décision s’étendent loin dans l’avenir.,"weit = far, far more","weit = de loin, bien plus",,
29,"Er ist bereit, _____ mehr Verantwortung zu übernehmen, als man von ihm erwartet hätte.",weit,"Er ist bereit, weit mehr Verantwortung zu übernehmen, als man von ihm erwartet hätte.",He is ready to take on far more responsibility than one would have expected.,Il est prêt à assumer bien plus de responsabilités qu’on ne l’aurait attendu.,"weit = far, far more","weit = de loin, bien plus",,
29,Die Diskussion entfernte sich _____ vom eigentlichen Thema.,weit,Die Diskussion entfernte sich weit vom eigentlichen Thema.,The discussion moved far away from the original topic.,La discussion s’est éloignée loin du sujet initial.,"weit = far, far more","weit = de loin, bien plus",,
29,"Diese Theorie ist _____ davon entfernt, eine endgültige Erklärung zu liefern.",weit,"Diese Theorie ist weit davon entfernt, eine endgültige Erklärung zu liefern.",This theory is far from providing a definitive explanation.,Cette théorie est loin de fournir une explication définitive.,"weit = far, far more","weit = de loin, bien plus",,
29,Ich werde morgen _____ pünktlich sein.,auf jeden Fall,Ich werde morgen auf jeden Fall pünktlich sein.,I will definitely be on time tomorrow.,Je serai assurément à l'heure demain.,"auf jeden fall = definitely, for sure, absolutely","auf jeden fall = définitivement, à coup sûr, absolument",,
29,"Wir sollten _____ vorher reservieren, sonst wird es voll.",auf jeden Fall,"Wir sollten auf jeden Fall vorher reservieren, sonst wird es voll.","We should definitely make a reservation beforehand, otherwise it will be full.","Il faut absolument réserver à l'avance, sinon ce sera complet.","auf jeden fall = definitely, for sure, absolutely","auf jeden fall = définitivement, à coup sûr, absolument",,
29,_____ möchte ich dieses Jahr mehr reisen.,Auf jeden Fall,Auf jeden Fall möchte ich dieses Jahr mehr reisen.,I definitely want to travel more this year.,J'ai vraiment envie de voyager davantage cette année.,"auf jeden fall = definitely, for sure, absolutely","auf jeden fall = définitivement, à coup sûr, absolument",,
29,"Du solltest das Angebot _____ prüfen, bevor du entscheidest.",auf jeden Fall,"Du solltest das Angebot auf jeden Fall prüfen, bevor du entscheidest.",You should definitely check the offer before deciding.,Vous devriez absolument vérifier l'offre avant de prendre votre décision.,"auf jeden fall = definitely, for sure, absolutely","auf jeden fall = définitivement, à coup sûr, absolument",,
29,_____ war es eine wertvolle Erfahrung für uns alle.,Auf jeden Fall,Auf jeden Fall war es eine wertvolle Erfahrung für uns alle.,It was definitely a valuable experience for all of us.,Ce fut assurément une expérience précieuse pour nous tous.,"auf jeden fall = definitely, for sure, absolutely","auf jeden fall = définitivement, à coup sûr, absolument",,
29,_____ dürfen wir diesen Termin verpassen.,Auf keinen Fall,Auf keinen Fall dürfen wir diesen Termin verpassen.,Under no circumstances can we miss this appointment.,Nous ne pouvons absolument pas manquer ce rendez-vous.,"auf keinen fall = under no circumstance, definitely not","auf keinen fall = en aucun cas, certainement pas",,
29,Ich werde _____ wieder mit ihm zusammenarbeiten.,auf keinen Fall,Ich werde auf keinen Fall wieder mit ihm zusammenarbeiten.,I will definitely not work with him again.,Je ne travaillerai certainement plus jamais avec lui.,"auf keinen fall = under no circumstance, definitely not","auf keinen fall = en aucun cas, certainement pas",,
29,_____ solltest du deine Träume aufgeben.,Auf keinen Fall,Auf keinen Fall solltest du deine Träume aufgeben.,You should never give up on your dreams.,Il ne faut jamais renoncer à ses rêves.,"auf keinen fall = under no circumstance, definitely not","auf keinen fall = en aucun cas, certainement pas",,
29,"Sie wollte _____, dass jemand davon erfährt.",auf keinen Fall,"Sie wollte auf keinen Fall, dass jemand davon erfährt.",She absolutely didn't want anyone to find out about it.,Elle ne voulait absolument pas que quiconque le découvre.,"auf keinen fall = under no circumstance, definitely not","auf keinen fall = en aucun cas, certainement pas",,
29,_____ ist das die richtige Lösung für das Problem.,Auf keinen Fall,Auf keinen Fall ist das die richtige Lösung für das Problem.,That is definitely not the right solution to the problem.,Ce n'est assurément pas la bonne solution au problème.,"auf keinen fall = under no circumstance, definitely not","auf keinen fall = en aucun cas, certainement pas",,
30,,zufällig,,"randomly, by chance","au hasard, par hasard","zufällig = randomly, by chance","zufällig = au hasard, par hasard",,
30,,ähnlich,,similarly,de la même manière,ähnlich = similarly,ähnlich = de la même manière,,
30,,aktiv,,actively,activement,aktiv = actively,aktiv = activement,passiv,
30,,passiv,,passively,passivement,passiv = passively,passiv = passivement,aktiv,
30,,positiv,,positively,positivement,positiv = positively,positiv = positivement,negativ,
30,,negativ,,negatively,négativement,negativ = negatively,negativ = négativement,positiv,
30,,öffentlich,,publicly,publiquement,öffentlich = publicly,öffentlich = publiquement,privat,
30,,privat,,"privately, in private",en privé,"privat = privately, in private",privat = en privé,öffentlich,
30,,hoffentlich,,hopefully,"avec un peu de chance, avec espoir",hoffentlich = hopefully,"hoffentlich = avec un peu de chance, avec espoir",,
30,,deutlich,,"clearly, significantly","clairement, significativement","deutlich = clearly, significantly","deutlich = clairement, significativement",,
30,,einzeln,,"individually, one by one","individuellement, un par un","einzeln = individually, one by one","einzeln = individuellement, un par un",,
30,,ernsthaft,,seriously,sérieusement,ernsthaft = seriously,ernsthaft = sérieusement,,
30,,höflich,,politely,poliment,höflich = politely,höflich = poliment,,
30,,ehrlich,,honestly,honnêtement,ehrlich = honestly,ehrlich = honnêtement,,
30,,einfach,,"simply, just","simplement, tout simplement","einfach = simply, just","einfach = simplement, tout simplement",,
31,Ich habe ihn _____ im Supermarkt getroffen.,zufällig,Ich habe ihn zufällig im Supermarkt getroffen.,I ran into him by chance at the supermarket.,Je l'ai croisé par hasard au supermarché.,"zufällig = randomly, by chance","zufällig = au hasard, par hasard",,
31,"_____ habe ich die richtige Antwort gewählt, obwohl ich sie nicht wusste.",Zufällig,"Zufällig habe ich die richtige Antwort gewählt, obwohl ich sie nicht wusste.","By chance, I chose the right answer even though I didn’t know it.","Par hasard, j’ai choisi la bonne réponse même si je ne la connaissais pas.","zufällig = randomly, by chance","zufällig = au hasard, par hasard",,
31,Wir haben _____ das gleiche Hotel gebucht.,zufällig,Wir haben zufällig das gleiche Hotel gebucht.,We happened to book the same hotel.,Il se trouve que nous avons réservé le même hôtel.,"zufällig = randomly, by chance","zufällig = au hasard, par hasard",,
31,Diese beiden Autos sehen sich sehr _____.,ähnlich,Diese beiden Autos sehen sich sehr ähnlich.,These two cars look very similar.,Ces deux voitures se ressemblent beaucoup.,ähnlich = similarly,ähnlich = de la même manière,,
31,Deutsch ist dem Niederländischen ziemlich _____.,ähnlich,Deutsch ist dem Niederländischen ziemlich ähnlich.,German is quite similar to Dutch.,L'allemand est assez similaire au néerlandais.,ähnlich = similarly,ähnlich = de la même manière,,
31,Die Situation ist _____ wie letztes Jahr.,ähnlich,Die Situation ist ähnlich wie letztes Jahr.,The situation is similar to last year.,La situation est similaire à celle de l’année dernière.,ähnlich = similarly,ähnlich = de la même manière,,
31,Er beteiligt sich _____ an den Diskussionen in der Schule.,aktiv,Er beteiligt sich aktiv an den Diskussionen in der Schule.,He actively participates in the discussions at school.,Il participe activement aux discussions à l’école.,aktiv = actively,aktiv = activement,,
31,Sie sucht _____ nach einem neuen Job.,aktiv,Sie sucht aktiv nach einem neuen Job.,She is actively looking for a new job.,Elle recherche activement un nouvel emploi.,aktiv = actively,aktiv = activement,,
31,Wir müssen _____ etwas für den Umweltschutz tun.,aktiv,Wir müssen aktiv etwas für den Umweltschutz tun.,We have to actively do something for environmental protection.,Nous devons agir activement pour la protection de l’environnement.,aktiv = actively,aktiv = activement,,
31,"Er hörte der Diskussion nur _____ zu, ohne etwas zu sagen.",passiv,"Er hörte der Diskussion nur passiv zu, ohne etwas zu sagen.",He listened to the discussion passively without saying anything.,Il écoutait passivement la discussion sans rien dire.,passiv = passively,passiv = passivement,,
31,Sie nahm _____ am Unterricht teil und stellte keine Fragen.,passiv,Sie nahm passiv am Unterricht teil und stellte keine Fragen.,She participated passively in class and didn’t ask any questions.,Elle a participé passivement au cours et n’a posé aucune question.,passiv = passively,passiv = passivement,,
31,"Wenn man _____ lernt, merkt man sich weniger Informationen.",passiv,"Wenn man passiv lernt, merkt man sich weniger Informationen.","If you learn passively, you remember less information.","Si vous apprenez passivement, vous mémorisez moins d’informations.",passiv = passively,passiv = passivement,,
31,Ich denke immer _____ über neue Herausforderungen.,positiv,Ich denke immer positiv über neue Herausforderungen.,I always think positively about new challenges.,Je pense toujours positivement aux nouveaux défis.,positiv = positively,positiv = positivement,,
31,"Wir haben versucht, die Situation _____ zu beeinflussen.",positiv,"Wir haben versucht, die Situation positiv zu beeinflussen.",We tried to influence the situation positively.,Nous avons essayé d’influencer la situation de manière positive.,positiv = positively,positiv = positivement,,
31,Er reagierte auf die Kritik sehr _____.,positiv,Er reagierte auf die Kritik sehr positiv.,He reacted very positively to the criticism.,Il a réagi très positivement aux critiques.,positiv = positively,positiv = positivement,,
31,Er hat das Gespräch leider _____ aufgenommen.,negativ,Er hat das Gespräch leider negativ aufgenommen.,"Unfortunately, he took the conversation negatively.","Malheureusement, il a pris la conversation négativement.",negativ = negatively,negativ = négativement,,
31,Ich möchte die Situation nicht _____ sehen.,negativ,Ich möchte die Situation nicht negativ sehen.,I don’t want to see the situation negatively.,Je ne veux pas voir la situation négativement.,negativ = negatively,negativ = négativement,,
31,Sie reagierte auf die Bemerkung sehr _____.,negativ,Sie reagierte auf die Bemerkung sehr negativ.,She reacted very negatively to the comment.,Elle a réagi très négativement au commentaire.,negativ = negatively,negativ = négativement,,
31,Der Politiker äußerte sich _____ zu den Vorwürfen.,öffentlich,Der Politiker äußerte sich öffentlich zu den Vorwürfen.,The politician spoke publicly about the accusations.,Le politicien s’est exprimé publiquement sur les accusations.,öffentlich = publicly,öffentlich = publiquement,,
31,Sie entschuldigte sich _____ für ihren Fehler.,öffentlich,Sie entschuldigte sich öffentlich für ihren Fehler.,She apologized publicly for her mistake.,Elle s’est excusée publiquement pour son erreur.,öffentlich = publicly,öffentlich = publiquement,,
31,Das Unternehmen wurde _____ kritisiert.,öffentlich,Das Unternehmen wurde öffentlich kritisiert.,The company was publicly criticized.,L’entreprise a été publiquement critiquée.,öffentlich = publicly,öffentlich = publiquement,,
31,Er sprach _____ mit seinem Vorgesetzten über das Problem.,privat,Er sprach privat mit seinem Vorgesetzten über das Problem.,He spoke privately with his supervisor about the problem.,Il a parlé en privé avec son supérieur du problème.,"privat = privately, in private",privat = en privé,,
31,"Sie hat ihn _____ kontaktiert, um das Missverständnis zu klären.",privat,"Sie hat ihn privat kontaktiert, um das Missverständnis zu klären.",She contacted him privately to clarify the misunderstanding.,Elle l’a contacté en privé pour clarifier le malentendu.,"privat = privately, in private",privat = en privé,,
31,Wir haben die Angelegenheit _____ geregelt.,privat,Wir haben die Angelegenheit privat geregelt.,We handled the matter privately.,Nous avons réglé l’affaire en privé.,"privat = privately, in private",privat = en privé,,
31,_____ wird das Wetter morgen besser.,Hoffentlich,Hoffentlich wird das Wetter morgen besser.,"Hopefully, the weather will be better tomorrow.",J'espère que le temps sera meilleur demain.,hoffentlich = hopefully,"hoffentlich = avec un peu de chance, avec espoir",,
31,"Er hat hart für die Prüfung gelernt, _____ besteht er sie.",hoffentlich,"Er hat hart für die Prüfung gelernt, hoffentlich besteht er sie.","He studied hard for the exam; hopefully, he will pass it.",Il a étudié dur pour l'examen ; il espère le réussir.,hoffentlich = hopefully,"hoffentlich = avec un peu de chance, avec espoir",,
31,_____ können wir uns bald wiedersehen.,Hoffentlich,Hoffentlich können wir uns bald wiedersehen.,"Hopefully, we can see each other again soon.",J'espère que nous pourrons nous revoir bientôt.,hoffentlich = hopefully,"hoffentlich = avec un peu de chance, avec espoir",,
31,"Seine Aussprache ist _____ besser geworden, seitdem er regelmäßig übt.",deutlich,"Seine Aussprache ist deutlich besser geworden, seitdem er regelmäßig übt.",His pronunciation has clearly improved since he practices regularly.,Sa prononciation s'est clairement améliorée depuis qu'il pratique régulièrement.,"deutlich = clearly, significantly","deutlich = clairement, significativement",,
31,"Die Zahlen zeigen _____, dass das Unternehmen wächst.",deutlich,"Die Zahlen zeigen deutlich, dass das Unternehmen wächst.",The numbers clearly show that the company is growing.,Les chiffres montrent clairement que l’entreprise est en croissance.,"deutlich = clearly, significantly","deutlich = clairement, significativement",,
31,"Bitte sprich _____, ich kann dich kaum verstehen.",deutlich,"Bitte sprich deutlich, ich kann dich kaum verstehen.","Please speak clearly, I can barely understand you.","S'il vous plaît, parlez clairement, je peux à peine vous comprendre.","deutlich = clearly, significantly","deutlich = clairement, significativement",,
31,Die Fragen wurden _____ beantwortet.,einzeln,Die Fragen wurden einzeln beantwortet.,The questions were answered individually.,Les questions ont été traitées individuellement.,"einzeln = individually, one by one","einzeln = individuellement, un par un",,
31,"Er erklärte die Regeln _____, damit alle sie verstehen konnten.",einzeln,"Er erklärte die Regeln einzeln, damit alle sie verstehen konnten.",He explained the rules one by one so that everyone could understand them.,Il a expliqué les règles une par une pour que tout le monde puisse les comprendre.,"einzeln = individually, one by one","einzeln = individuellement, un par un",,
31,Die Teilnehmer wurden _____ aufgerufen.,einzeln,Die Teilnehmer wurden einzeln aufgerufen.,The participants were called individually.,Les participants ont été appelés individuellement.,"einzeln = individually, one by one","einzeln = individuellement, un par un",,
31,Er hat _____ über einen Jobwechsel nachgedacht.,ernsthaft,Er hat ernsthaft über einen Jobwechsel nachgedacht.,He seriously thought about changing jobs.,Il a sérieusement envisagé de changer de travail.,ernsthaft = seriously,ernsthaft = sérieusement,,
31,Sie nahm die Kritik _____ zur Kenntnis.,ernsthaft,Sie nahm die Kritik ernsthaft zur Kenntnis.,She took the criticism seriously.,Elle a pris la critique au sérieux.,ernsthaft = seriously,ernsthaft = sérieusement,,
31,Wir müssen das Problem _____ angehen.,ernsthaft,Wir müssen das Problem ernsthaft angehen.,We must tackle the problem seriously.,Nous devons aborder le problème sérieusement.,ernsthaft = seriously,ernsthaft = sérieusement,,
31,Er fragte _____ nach dem Weg zum Bahnhof.,höflich,Er fragte höflich nach dem Weg zum Bahnhof.,He politely asked for directions to the train station.,Il a poliment demandé son chemin vers la gare.,höflich = politely,höflich = poliment,,
31,Sie bat den Kellner _____ um die Rechnung.,höflich,Sie bat den Kellner höflich um die Rechnung.,She politely asked the waiter for the bill.,Elle a poliment demandé l'addition au serveur.,höflich = politely,höflich = poliment,,
31,"Wenn du _____ sprichst, bekommst du eher eine positive Antwort.",höflich,"Wenn du höflich sprichst, bekommst du eher eine positive Antwort.","If you speak politely, you are more likely to receive a positive response.","Si vous parlez poliment, vous avez plus de chances de recevoir une réponse positive.",höflich = politely,höflich = poliment,,
31,"_____ gesagt, habe ich keine Lust, heute auszugehen.",Ehrlich,"Ehrlich gesagt, habe ich keine Lust, heute auszugehen.","To be honest, I don’t feel like going out today.","Pour être honnête, je n’ai pas envie de sortir aujourd’hui.",ehrlich = honestly,ehrlich = honnêtement,,
31,"Er hat mir _____ erzählt, was passiert ist.",ehrlich,"Er hat mir ehrlich erzählt, was passiert ist.",He honestly told me what happened.,Il m'a honnêtement dit ce qui s'est passé.,ehrlich = honestly,ehrlich = honnêtement,,
31,"Ich kann dir _____ nicht sagen, ob das eine gute Idee ist.",ehrlich,"Ich kann dir ehrlich nicht sagen, ob das eine gute Idee ist.",I honestly can’t tell you if that’s a good idea.,"Honnêtement, je ne peux pas vous dire si c’est une bonne idée.",ehrlich = honestly,ehrlich = honnêtement,,
31,"Ich möchte ihm _____ helfen, mehr nicht.",einfach,"Ich möchte ihm einfach helfen, mehr nicht.","I just want to help him, nothing more.","Je veux simplement l'aider, rien de plus.","einfach = simply, just","einfach = simplement, tout simplement",,
31,"Man muss _____ geduldig bleiben, bis die Ergebnisse da sind.",einfach,"Man muss einfach geduldig bleiben, bis die Ergebnisse da sind.",You simply have to stay patient until the results arrive.,Il faut simplement rester patient jusqu'à ce que les résultats arrivent.,"einfach = simply, just","einfach = simplement, tout simplement",,
31,"Sie konnte _____ nicht kommen, weil sie krank war.",einfach,"Sie konnte einfach nicht kommen, weil sie krank war.",She simply couldn't come because she was ill.,Elle ne pouvait tout simplement pas venir parce qu'elle était malade.,"einfach = simply, just","einfach = simplement, tout simplement",,
32,,heimlich,,secretly,secrètement,heimlich = secretly,heimlich = secrètement,,
32,,leise,,"quietly, softly","doucement, silencieusement","leise = quietly, softly","leise = doucement, silencieusement",,
32,,intensiv,,intensively,intensivement,intensiv = intensively,intensiv = intensivement,,
32,,automatisch,,automatically,automatiquement,automatisch = automatically,automatisch = automatiquement,,
32,,manuell,,manually,manuellement,manuell = manually,manuell = manuellement,,
32,,sicherlich,,"certainly, surely","certainement, sûrement","sicherlich = certainly, surely","sicherlich = certainement, sûrement",,
32,,dauerhaft,,"permanently, in the long term","en permanence, à long terme","dauerhaft = permanently, in the long term","dauerhaft = en permanence, à long terme",,
32,,hauptsächlich,,"primarily, mainly",principalement,"hauptsächlich = primarily, mainly",hauptsächlich = principalement,,
32,,durchschnittlich,,on average,en moyenne,durchschnittlich = on average,durchschnittlich = en moyenne,,
32,,langfristig,,over the long term,sur le long terme,langfristig = over the long term,langfristig = sur le long terme,,
32,,kurzfristig,,over the short term,sur le court terme,kurzfristig = over the short term,kurzfristig = sur le court terme,,
32,,pünktlich,,"on time, within the deadline","à l'heure, à temps","pünktlich = on time, within the deadline","pünktlich = à l'heure, à temps",,
32,,gleichzeitig,,"simultaneously, at the same time","simultanément, en même temps","gleichzeitig = simultaneously, at the same time","gleichzeitig = simultanément, en même temps",,
32,,kostenlos,,"for free, free of charge",gratuitement,"kostenlos = for free, free of charge",kostenlos = gratuitement,,
32,,dringend,,urgently,"d'urgence, de toute urgence",dringend = urgently,"dringend = d'urgence, de toute urgence",,
33,Er las _____ die Nachrichten auf seinem Handy.,heimlich,Er las heimlich die Nachrichten auf seinem Handy.,He secretly read the messages on his phone.,Il lisait secrètement les messages sur son téléphone.,heimlich = secretly,heimlich = secrètement,,
33,Sie traf sich _____ mit ihrem Kollegen.,heimlich,Sie traf sich heimlich mit ihrem Kollegen.,She secretly met with her colleague.,Elle rencontrait secrètement son collègue.,heimlich = secretly,heimlich = secrètement,,
33,Die Kinder aßen _____ Süßigkeiten vor dem Abendessen.,heimlich,Die Kinder aßen heimlich Süßigkeiten vor dem Abendessen.,The children secretly ate sweets before dinner.,Les enfants ont mangé en cachette des sucreries avant le dîner.,heimlich = secretly,heimlich = secrètement,,
33,"Er sprach _____, um niemanden zu stören.",leise,"Er sprach leise, um niemanden zu stören.",He spoke softly so as not to disturb anyone.,Il parlait doucement pour ne déranger personne.,"leise = quietly, softly","leise = doucement, silencieusement",,
33,Sie schloss die Tür _____ hinter sich.,leise,Sie schloss die Tür leise hinter sich.,She quietly closed the door behind her.,Elle a fermé la porte doucement derrière elle.,"leise = quietly, softly","leise = doucement, silencieusement",,
33,Die Kinder lachten _____ im Hintergrund.,leise,Die Kinder lachten leise im Hintergrund.,The children laughed softly in the background.,Les enfants riaient doucement en arrière-plan.,"leise = quietly, softly","leise = doucement, silencieusement",,
33,Sie hat sich _____ auf die Prüfung vorbereitet.,intensiv,Sie hat sich intensiv auf die Prüfung vorbereitet.,She prepared intensively for the exam.,Elle s’est préparée intensivement à l’examen.,intensiv = intensively,intensiv = intensivement,,
33,Wir haben das Problem _____ diskutiert.,intensiv,Wir haben das Problem intensiv diskutiert.,We discussed the problem intensively.,Nous avons discuté intensivement du problème.,intensiv = intensively,intensiv = intensivement,,
33,Er beschäftigt sich _____ mit dem Thema.,intensiv,Er beschäftigt sich intensiv mit dem Thema.,He deals intensively with the topic.,Il s’occupe intensivement du sujet.,intensiv = intensively,intensiv = intensivement,,
33,Das System aktualisiert die Daten _____.,automatisch,Das System aktualisiert die Daten automatisch.,The system updates the data automatically.,Le système met à jour les données automatiquement.,automatisch = automatically,automatisch = automatiquement,,
33,Er reagierte _____ auf das Geräusch.,automatisch,Er reagierte automatisch auf das Geräusch.,He reacted automatically to the noise.,Il a réagi automatiquement au bruit.,automatisch = automatically,automatisch = automatiquement,,
33,Die Tür schließt sich _____.,automatisch,Die Tür schließt sich automatisch.,The door closes automatically.,La porte se ferme automatiquement.,automatisch = automatically,automatisch = automatiquement,,
33,Die Daten müssen _____ eingegeben werden.,manuell,Die Daten müssen manuell eingegeben werden.,The data must be entered manually.,Les données doivent être saisies manuellement.,manuell = manually,manuell = manuellement,,
33,Er hat die Einstellungen _____ angepasst.,manuell,Er hat die Einstellungen manuell angepasst.,He manually adjusted the settings.,Il a ajusté les paramètres manuellement.,manuell = manually,manuell = manuellement,,
33,Die Maschine wird _____ gesteuert.,manuell,Die Maschine wird manuell gesteuert.,The machine is controlled manually.,La machine est contrôlée manuellement.,manuell = manually,manuell = manuellement,,
33,Er wird sich _____ über das Geschenk freuen.,sicherlich,Er wird sich sicherlich über das Geschenk freuen.,He will certainly be happy about the gift.,Il sera certainement heureux du cadeau.,"sicherlich = certainly, surely","sicherlich = certainement, sûrement",,
33,"Das ist _____ die beste Entscheidung, die du treffen kannst.",sicherlich,"Das ist sicherlich die beste Entscheidung, die du treffen kannst.",That is certainly the best decision you can make.,C’est certainement la meilleure décision que vous puissiez prendre.,"sicherlich = certainly, surely","sicherlich = certainement, sûrement",,
33,"Es wird _____ eine Weile dauern, bis wir eine Lösung finden.",sicherlich,"Es wird sicherlich eine Weile dauern, bis wir eine Lösung finden.",It will surely take a while until we find a solution.,Il faudra sûrement un certain temps avant que nous trouvions une solution.,"sicherlich = certainly, surely","sicherlich = certainement, sûrement",,
33,Er möchte _____ in Deutschland leben und arbeiten.,dauerhaft,Er möchte dauerhaft in Deutschland leben und arbeiten.,He wants to live and work in Germany permanently.,Il souhaite vivre et travailler en Allemagne de façon permanente.,"dauerhaft = permanently, in the long term","dauerhaft = en permanence, à long terme",,
33,"Die Maschine funktioniert nur dann zuverlässig, wenn sie _____ gewartet wird.",dauerhaft,"Die Maschine funktioniert nur dann zuverlässig, wenn sie dauerhaft gewartet wird.",The machine only functions reliably if it is maintained continuously.,La machine ne fonctionne de manière fiable que si elle est entretenue en permanence.,"dauerhaft = permanently, in the long term","dauerhaft = en permanence, à long terme",,
33,"Um erfolgreich zu sein, muss man _____ an seinen Zielen arbeiten.",dauerhaft,"Um erfolgreich zu sein, muss man dauerhaft an seinen Zielen arbeiten.","To be successful, you have to work on your goals consistently.","Pour réussir, il faut travailler à ses objectifs en permanence.","dauerhaft = permanently, in the long term","dauerhaft = en permanence, à long terme",,
33,"Ich esse _____ vegetarische Gerichte, aber manchmal auch Fisch.",hauptsächlich,"Ich esse hauptsächlich vegetarische Gerichte, aber manchmal auch Fisch.","I mainly eat vegetarian dishes, but sometimes also fish.","Je mange principalement des plats végétariens, mais parfois aussi du poisson.","hauptsächlich = primarily, mainly",hauptsächlich = principalement,,
33,Das Unternehmen konzentriert sich _____ auf den internationalen Markt.,hauptsächlich,Das Unternehmen konzentriert sich hauptsächlich auf den internationalen Markt.,The company focuses primarily on the international market.,L'entreprise se concentre principalement sur le marché international.,"hauptsächlich = primarily, mainly",hauptsächlich = principalement,,
33,"Er arbeitet _____ im Homeoffice, aber geht gelegentlich ins Büro.",hauptsächlich,"Er arbeitet hauptsächlich im Homeoffice, aber geht gelegentlich ins Büro.",He mainly works from home but occasionally goes to the office.,Il travaille principalement à domicile mais se rend occasionnellement au bureau.,"hauptsächlich = primarily, mainly",hauptsächlich = principalement,,
33,Ein Erwachsener schläft _____ sieben Stunden pro Nacht.,durchschnittlich,Ein Erwachsener schläft durchschnittlich sieben Stunden pro Nacht.,An adult sleeps an average of seven hours per night.,Un adulte dort en moyenne sept heures par nuit.,durchschnittlich = on average,durchschnittlich = en moyenne,,
33,Das Wetter ist hier _____ wärmer als in meiner Heimatstadt.,durchschnittlich,Das Wetter ist hier durchschnittlich wärmer als in meiner Heimatstadt.,The weather here is on average warmer than in my hometown.,Le climat ici est en moyenne plus chaud que dans ma ville natale.,durchschnittlich = on average,durchschnittlich = en moyenne,,
33,Er arbeitet _____ 40 Stunden pro Woche.,durchschnittlich,Er arbeitet durchschnittlich 40 Stunden pro Woche.,He works an average of 40 hours per week.,Il travaille en moyenne 40 heures par semaine.,durchschnittlich = on average,durchschnittlich = en moyenne,,
33,"Wenn wir die aktuellen Trends berücksichtigen, müssen wir _____ mit deutlich höheren Kosten rechnen.",langfristig,"Wenn wir die aktuellen Trends berücksichtigen, müssen wir langfristig mit deutlich höheren Kosten rechnen.","If we take the current trends into account, we must expect significantly higher costs in the long run.","Si l’on tient compte des tendances actuelles, il faut s’attendre à des coûts nettement plus élevés à long terme.",langfristig = over the long term,langfristig = sur le long terme,,
33,"Die Strategie wirkt kurzfristig attraktiv, erweist sich aber _____ als riskant.",langfristig,"Die Strategie wirkt kurzfristig attraktiv, erweist sich aber langfristig als riskant.",The strategy seems attractive in the short term but proves risky in the long run.,La stratégie paraît attrayante à court terme mais s’avère risquée à long terme.,langfristig = over the long term,langfristig = sur le long terme,,
33,"_____ wird nur ein Ansatz erfolgreich sein, der ökologische und wirtschaftliche Interessen miteinander verbindet.",Langfristig,"Langfristig wird nur ein Ansatz erfolgreich sein, der ökologische und wirtschaftliche Interessen miteinander verbindet.","In the long run, only an approach that combines ecological and economic interests will succeed.","À long terme, seule une approche conciliant intérêts écologiques et économiques sera viable.",langfristig = over the long term,langfristig = sur le long terme,,
33,"Die Entscheidung wirkt _____ nachvollziehbar, führt aber langfristig zu erheblichen strukturellen Problemen.",kurzfristig,"Die Entscheidung wirkt kurzfristig nachvollziehbar, führt aber langfristig zu erheblichen strukturellen Problemen.",The decision seems understandable in the short term but leads to significant structural problems in the long run.,La décision paraît compréhensible à court terme mais entraîne à long terme d’importants problèmes structurels.,kurzfristig = over the short term,kurzfristig = sur le court terme,,
33,"_____ konnten wir die Engpässe lösen, doch eine nachhaltige Strategie fehlt weiterhin.",Kurzfristig,"Kurzfristig konnten wir die Engpässe lösen, doch eine nachhaltige Strategie fehlt weiterhin.","In the short term we were able to resolve the bottlenecks, but a sustainable strategy is still lacking.","À court terme, nous avons pu résoudre les goulets d’étranglement, mais il manque toujours une stratégie durable.",kurzfristig = over the short term,kurzfristig = sur le court terme,,
33,"Obwohl die Maßnahme _____ Wirkung zeigt, bleibt unklar, ob sie sich mittel- oder langfristig bewährt.",kurzfristig,"Obwohl die Maßnahme kurzfristig Wirkung zeigt, bleibt unklar, ob sie sich mittel- oder langfristig bewährt.","Although the measure works in the short term, it remains unclear whether it will prove effective in the medium or long term.","Bien que la mesure soit efficace à court terme, on ignore si elle sera pertinente à moyen ou long terme.",kurzfristig = over the short term,kurzfristig = sur le court terme,,
33,Trotz des starken Verkehrs kam der Zug _____ am Bahnhof an.,pünktlich,Trotz des starken Verkehrs kam der Zug pünktlich am Bahnhof an.,"Despite the heavy traffic, the train arrived at the station on time.","Malgré la circulation dense, le train est arrivé à la gare à l'heure.","pünktlich = on time, within the deadline","pünktlich = à l'heure, à temps",,
33,"Wenn du _____ erscheinen möchtest, solltest du etwas früher losfahren.",pünktlich,"Wenn du pünktlich erscheinen möchtest, solltest du etwas früher losfahren.","If you want to arrive on time, you should leave a little earlier.","Si tu veux arriver à l'heure, tu devrais partir un peu plus tôt.","pünktlich = on time, within the deadline","pünktlich = à l'heure, à temps",,
33,"Die Mitarbeiter müssen ihre Berichte _____ abgeben, damit das Projekt weiterlaufen kann.",pünktlich,"Die Mitarbeiter müssen ihre Berichte pünktlich abgeben, damit das Projekt weiterlaufen kann.",The employees must submit their reports on time so that the project can continue.,Les employés doivent remettre leurs rapports à temps afin que le projet puisse continuer.,"pünktlich = on time, within the deadline","pünktlich = à l'heure, à temps",,
33,"Er kann _____ essen und lesen, ohne Probleme zu haben.",gleichzeitig,"Er kann gleichzeitig essen und lesen, ohne Probleme zu haben.",He can eat and read at the same time without any problems.,Il peut manger et lire en même temps sans aucun problème.,"gleichzeitig = simultaneously, at the same time","gleichzeitig = simultanément, en même temps",,
33,"Die Firma arbeitet _____ an mehreren Projekten, um Zeit zu sparen.",gleichzeitig,"Die Firma arbeitet gleichzeitig an mehreren Projekten, um Zeit zu sparen.",The company is working on several projects simultaneously to save time.,L'entreprise travaille sur plusieurs projets simultanément pour gagner du temps.,"gleichzeitig = simultaneously, at the same time","gleichzeitig = simultanément, en même temps",,
33,"Es ist schwierig, _____ zu telefonieren und Notizen zu machen.",gleichzeitig,"Es ist schwierig, gleichzeitig zu telefonieren und Notizen zu machen.",It is difficult to talk on the phone and take notes at the same time.,Il est difficile de parler au téléphone et de prendre des notes en même temps.,"gleichzeitig = simultaneously, at the same time","gleichzeitig = simultanément, en même temps",,
33,Studierende können die Fachzeitschriften über die Universitätsbibliothek _____ herunterladen.,kostenlos,Studierende können die Fachzeitschriften über die Universitätsbibliothek kostenlos herunterladen.,Students can download the academic journals free of charge through the university library.,Les étudiants peuvent télécharger gratuitement les revues scientifiques via la bibliothèque universitaire.,"kostenlos = for free, free of charge",kostenlos = gratuitement,,
33,"Das Unternehmen bietet seinen Kunden eine einmonatige Testversion _____ an, bevor sie sich für ein Abonnement entscheiden.",kostenlos,"Das Unternehmen bietet seinen Kunden eine einmonatige Testversion kostenlos an, bevor sie sich für ein Abonnement entscheiden.",The company offers its customers a one-month trial free of charge before they decide on a subscription.,L'entreprise propose à ses clients un essai d'un mois gratuitement avant qu'ils ne décident de souscrire un abonnement.,"kostenlos = for free, free of charge",kostenlos = gratuitement,,
33,"Wer sich bis Ende des Monats anmeldet, kann an dem Workshop _____ teilnehmen.",kostenlos,"Wer sich bis Ende des Monats anmeldet, kann an dem Workshop kostenlos teilnehmen.",Anyone who registers by the end of the month can attend the workshop free of charge.,Toute personne qui s'inscrit avant la fin du mois peut participer gratuitement à l'atelier.,"kostenlos = for free, free of charge",kostenlos = gratuitement,,
33,Ich muss _____ einen Termin beim Zahnarzt machen.,dringend,Ich muss dringend einen Termin beim Zahnarzt machen.,I urgently need to make a dentist appointment.,J'ai un besoin urgent de prendre rendez-vous chez le dentiste.,dringend = urgently,"dringend = d'urgence, de toute urgence",,
33,Sie sucht _____ eine Wohnung in der Nähe ihres neuen Arbeitsplatzes.,dringend,Sie sucht dringend eine Wohnung in der Nähe ihres neuen Arbeitsplatzes.,She is urgently looking for an apartment near her new workplace.,Elle recherche d'urgence un appartement à proximité de son nouveau lieu de travail.,dringend = urgently,"dringend = d'urgence, de toute urgence",,
33,"Wir müssen _____ mit ihm sprechen, bevor er abreist.",dringend,"Wir müssen dringend mit ihm sprechen, bevor er abreist.",We urgently need to talk to him before he leaves.,Nous devons lui parler d’urgence avant qu’il ne parte.,dringend = urgently,"dringend = d'urgence, de toute urgence",,
34,,angenehm,,pleasantly,agréablement,angenehm = pleasantly,angenehm = agréablement,,
34,,illegal,,illegally,illégalement,illegal = illegally,illegal = illégalement,rechtlich,
34,,offiziell,,officially,officiellement,offiziell = officially,offiziell = officiellement,,
34,,rechtlich,,legally,légalement,rechtlich = legally,rechtlich = légalement,illegal,
34,,fließend,,"fluently, smoothly","couramment, en douceur","fließend = fluently, smoothly","fließend = couramment, en douceur",,
34,,mündlich,,orally,oralement,mündlich = orally,mündlich = oralement,schriftlich,
34,,spontan,,spontaneously,spontanément,spontan = spontaneously,spontan = spontanément,,
34,,beruflich,,"professionally, in a professional context","professionnellement, dans le contexte professionnel","beruflich = professionally, in a professional context","beruflich = professionnellement, dans le contexte professionnel",,
34,,schriftlich,,"in written form, in writing","sous forme écrite, par écrit","schriftlich = in written form, in writing","schriftlich = sous forme écrite, par écrit",mündlich,
34,,umgangssprachlich,,colloquially,familièrement,umgangssprachlich = colloquially,umgangssprachlich = familièrement,formal,
34,,formal,,formally,formellement,formal = formally,formal = formellement,umgangssprachlich,
34,,buchstäblich,,literally,littéralement,buchstäblich = literally,buchstäblich = littéralement,,
34,,ständig,,"constantly, continuously","constamment, continuellement","ständig = constantly, continuously","ständig = constamment, continuellement",,
34,,geduldig,,patiently,patiemment,geduldig = patiently,geduldig = patiemment,,
34,,vorsichtig,,carefully,"prudemment, avec soin, avec précaution",vorsichtig = carefully,"vorsichtig = prudemment, avec soin, avec précaution",,
35,Er sprach _____ ruhig und klar.,angenehm,Er sprach angenehm ruhig und klar.,He spoke pleasantly calmly and clearly.,Il parlait de manière agréablement calme et claire.,angenehm = pleasantly,angenehm = agréablement,,
35,Die Diskussion verlief _____ sachlich.,angenehm,Die Diskussion verlief angenehm sachlich.,The discussion proceeded pleasantly objectively.,La discussion s’est déroulée de manière agréablement objective.,angenehm = pleasantly,angenehm = agréablement,,
35,Sie reagierte _____ gelassen auf die Kritik.,angenehm,Sie reagierte angenehm gelassen auf die Kritik.,She reacted pleasantly calmly to the criticism.,Elle a réagi de manière agréablement détendue à la critique.,angenehm = pleasantly,angenehm = agréablement,,
35,Die Ergebnisse wurden _____ bekannt gegeben.,offiziell,Die Ergebnisse wurden offiziell bekannt gegeben.,The results were officially announced.,Les résultats ont été officiellement annoncés.,offiziell = officially,offiziell = officiellement,,
35,Er wurde _____ zum Leiter des Projekts ernannt.,offiziell,Er wurde offiziell zum Leiter des Projekts ernannt.,He was officially appointed project leader.,Il a été officiellement nommé chef de projet.,offiziell = officially,offiziell = officiellement,,
35,Das Unternehmen wurde _____ gegründet.,offiziell,Das Unternehmen wurde offiziell gegründet.,The company was officially founded.,L’entreprise a été officiellement fondée.,offiziell = officially,offiziell = officiellement,,
35,Er hat die Software _____ heruntergeladen.,illegal,Er hat die Software illegal heruntergeladen.,He downloaded the software illegally.,Il a téléchargé le logiciel illégalement.,illegal = illegally,illegal = illégalement,,
35,Die Waren wurden _____ eingeführt.,illegal,Die Waren wurden illegal eingeführt.,The goods were imported illegally.,Les marchandises ont été importées illégalement.,illegal = illegally,illegal = illégalement,,
35,Sie arbeitete _____ ohne gültige Genehmigung.,illegal,Sie arbeitete illegal ohne gültige Genehmigung.,She worked illegally without a valid permit.,Elle travaillait illégalement sans autorisation valable.,illegal = illegally,illegal = illégalement,,
35,Die Vereinbarung ist _____ bindend und muss eingehalten werden.,rechtlich,Die Vereinbarung ist rechtlich bindend und muss eingehalten werden.,The agreement is legally binding and must be followed.,Cet accord est juridiquement contraignant et doit être respecté.,rechtlich = legally,rechtlich = légalement,,
35,"Das Vorgehen ist _____ erlaubt, aber moralisch umstritten.",rechtlich,"Das Vorgehen ist rechtlich erlaubt, aber moralisch umstritten.",The procedure is legally allowed but morally controversial.,La procédure est autorisée légalement mais moralement controversée.,rechtlich = legally,rechtlich = légalement,,
35,"Er handelt _____ korrekt, auch wenn es unpopulär ist.",rechtlich,"Er handelt rechtlich korrekt, auch wenn es unpopulär ist.","He acts legally correctly, even if it’s unpopular.","Il agit en toute légalité, même si c'est impopulaire.",rechtlich = legally,rechtlich = légalement,,
35,Dieses Wort wird _____ oft in einem anderen Sinn verwendet.,umgangssprachlich,Dieses Wort wird umgangssprachlich oft in einem anderen Sinn verwendet.,This word is often used in a different sense in colloquial speech.,Ce mot est souvent utilisé dans un sens différent dans le langage courant.,umgangssprachlich = colloquially,umgangssprachlich = familièrement,,
35,_____ sagt man einfach „Tschüss“ statt „Auf Wiedersehen“.,Umgangssprachlich,Umgangssprachlich sagt man einfach „Tschüss“ statt „Auf Wiedersehen“.,"Colloquially, people just say ""Tschüss"" instead of ""Auf Wiedersehen.""","Familièrement, les gens disent simplement « Tschüss » au lieu de « Auf Wiedersehen ».",umgangssprachlich = colloquially,umgangssprachlich = familièrement,,
35,Die Redewendung wird _____ in vielen Regionen genutzt.,umgangssprachlich,Die Redewendung wird umgangssprachlich in vielen Regionen genutzt.,The expression is used colloquially in many regions.,Cette expression est utilisée familièrement dans de nombreuses régions.,umgangssprachlich = colloquially,umgangssprachlich = familièrement,,
35,"Er spricht _____ drei Sprachen, darunter Deutsch und Spanisch.",fließend,"Er spricht fließend drei Sprachen, darunter Deutsch und Spanisch.","He speaks three languages fluently, including German and Spanish.","Il parle couramment trois langues, dont l'allemand et l'espagnol.","fließend = fluently, smoothly","fließend = couramment, en douceur",,
35,Nach vielen Jahren Übung kann sie _____ Klavier spielen.,fließend,Nach vielen Jahren Übung kann sie fließend Klavier spielen.,"After many years of practice, she can play the piano fluently.","Après de nombreuses années de pratique, elle joue du piano avec aisance.","fließend = fluently, smoothly","fließend = couramment, en douceur",,
35,Die Präsentation verlief _____ und ohne Unterbrechungen.,fließend,Die Präsentation verlief fließend und ohne Unterbrechungen.,The presentation went smoothly and without interruptions.,La présentation s'est déroulée sans accroc et sans interruption.,"fließend = fluently, smoothly","fließend = couramment, en douceur",,
35,Die Prüfung besteht aus einem schriftlichen und einem _____ zu absolvierenden Teil.,mündlich,Die Prüfung besteht aus einem schriftlichen und einem mündlich zu absolvierenden Teil.,The exam consists of a written part and one to be taken orally.,L'examen comporte une partie écrite et une partie orale.,mündlich = orally,mündlich = oralement,,
35,"Wir haben das _____ vereinbart, ein Vertrag war nicht notwendig.",mündlich,"Wir haben das mündlich vereinbart, ein Vertrag war nicht notwendig.",We agreed on it orally; a contract wasn’t necessary.,Nous nous sommes mis d'accord oralement ; un contrat n'était pas nécessaire.,mündlich = orally,mündlich = oralement,,
35,Die Ergebnisse werden nächste Woche _____ präsentiert.,mündlich,Die Ergebnisse werden nächste Woche mündlich präsentiert.,The results will be presented orally next week.,Les résultats seront présentés oralement la semaine prochaine.,mündlich = orally,mündlich = oralement,,
35,"Wir haben uns _____ entschieden, ans Meer zu fahren.",spontan,"Wir haben uns spontan entschieden, ans Meer zu fahren.",We spontaneously decided to go to the sea.,Nous avons décidé spontanément d'aller à la mer.,spontan = spontaneously,spontan = spontanément,,
35,Er reagierte _____ auf die Frage und überraschte alle mit seiner Antwort.,spontan,Er reagierte spontan auf die Frage und überraschte alle mit seiner Antwort.,He responded spontaneously to the question and surprised everyone with his answer.,Il a répondu spontanément à la question et a surpris tout le monde par sa réponse.,spontan = spontaneously,spontan = spontanément,,
35,_____ fällt mir dazu keine Lösung ein.,Spontan,Spontan fällt mir dazu keine Lösung ein.,I can't think of a solution off the top of my head.,Je n'ai pas de solution qui me vienne à l'esprit sur le coup.,spontan = spontaneously,spontan = spontanément,,
35,Ich bin _____ oft im Ausland unterwegs.,beruflich,Ich bin beruflich oft im Ausland unterwegs.,I often travel abroad for work.,Je voyage souvent à l'étranger pour le travail.,"beruflich = professionally, in a professional context","beruflich = professionnellement, dans le contexte professionnel",,
35,_____ hat sie sich in den letzten Jahren stark weiterentwickelt.,Beruflich,Beruflich hat sie sich in den letzten Jahren stark weiterentwickelt.,She has developed a lot professionally in recent years.,Elle a beaucoup évolué professionnellement ces dernières années.,"beruflich = professionally, in a professional context","beruflich = professionnellement, dans le contexte professionnel",,
35,Wir haben uns _____ kennengelernt und später angefreundet.,beruflich,Wir haben uns beruflich kennengelernt und später angefreundet.,We met through work and became friends later.,Nous nous sommes rencontrés au travail et sommes devenus amis par la suite.,"beruflich = professionally, in a professional context","beruflich = professionnellement, dans le contexte professionnel",,
35,Bitte reichen Sie Ihre Bewerbung _____ ein.,schriftlich,Bitte reichen Sie Ihre Bewerbung schriftlich ein.,Please submit your application in writing.,Veuillez soumettre votre candidature par écrit.,"schriftlich = in written form, in writing","schriftlich = sous forme écrite, par écrit",,
35,Die Vereinbarung wurde _____ festgehalten.,schriftlich,Die Vereinbarung wurde schriftlich festgehalten.,The agreement was recorded in writing.,L'accord a été consigné par écrit.,"schriftlich = in written form, in writing","schriftlich = sous forme écrite, par écrit",,
35,Ich habe die Kündigung _____ bestätigt.,schriftlich,Ich habe die Kündigung schriftlich bestätigt.,I confirmed the termination in writing.,J'ai confirmé la résiliation par écrit.,"schriftlich = in written form, in writing","schriftlich = sous forme écrite, par écrit",,
35,Er ist _____ in letzter Minute angekommen.,buchstäblich,Er ist buchstäblich in letzter Minute angekommen.,He literally arrived at the last minute.,Il est littéralement arrivé à la dernière minute.,buchstäblich = literally,buchstäblich = littéralement,,
35,"Das war _____ das Schlimmste, was passieren konnte.",buchstäblich,"Das war buchstäblich das Schlimmste, was passieren konnte.",That was literally the worst thing that could happen.,C'était littéralement la pire chose qui pouvait arriver.,buchstäblich = literally,buchstäblich = littéralement,,
35,"Sie hat _____ alles gegeben, um ihr Ziel zu erreichen.",buchstäblich,"Sie hat buchstäblich alles gegeben, um ihr Ziel zu erreichen.",She literally gave everything to reach her goal.,Elle a littéralement tout donné pour atteindre son objectif.,buchstäblich = literally,buchstäblich = littéralement,,
35,"Obwohl der Antrag _____ korrekt war, entsprach er inhaltlich nicht den Anforderungen der Kommission.",formal,"Obwohl der Antrag formal korrekt war, entsprach er inhaltlich nicht den Anforderungen der Kommission.","Although the application was formally correct, it did not meet the commission’s substantive requirements.","Bien que la demande ait été formellement correcte, elle ne répondait pas aux exigences de la commission.",formal = formally,formal = formellement,,
35,"_____ betrachtet hätte der Vertrag gültig sein müssen, doch aufgrund eines Verfahrensfehlers wurde er aufgehoben.",Formal,"Formal betrachtet hätte der Vertrag gültig sein müssen, doch aufgrund eines Verfahrensfehlers wurde er aufgehoben.","From a formal point of view, the contract should have been valid, but due to a procedural error it was annulled.","D’un point de vue formel, le contrat aurait dû être valide, mais à cause d’une erreur de procédure il a été annulé.",formal = formally,formal = formellement,,
35,"Die Studie erfüllt _____ alle Kriterien, enthält jedoch methodische Lücken, die ihre Aussagekraft mindern.",formal,"Die Studie erfüllt formal alle Kriterien, enthält jedoch methodische Lücken, die ihre Aussagekraft mindern.","The study formally meets all criteria, but contains methodological gaps that weaken its significance.","L’étude remplit formellement tous les critères, mais elle contient des lacunes méthodologiques qui en réduisent la portée.",formal = formally,formal = formellement,,
35,Er ist _____ unterwegs und hat kaum Zeit für sich selbst.,ständig,Er ist ständig unterwegs und hat kaum Zeit für sich selbst.,He is constantly on the move and barely has time for himself.,Il est constamment en déplacement et n'a pratiquement pas de temps pour lui-même.,"ständig = constantly, continuously","ständig = constamment, continuellement",,
35,"Sie musste _____ ihre Pläne ändern, um flexibel zu bleiben.",ständig,"Sie musste ständig ihre Pläne ändern, um flexibel zu bleiben.",She constantly had to change her plans to stay flexible.,Elle devait constamment modifier ses plans pour rester flexible.,"ständig = constantly, continuously","ständig = constamment, continuellement",,
35,"Das Handy klingelt _____, das ist wirklich nervig.",ständig,"Das Handy klingelt ständig, das ist wirklich nervig.","The phone rings constantly, it's really annoying.","Le téléphone sonne sans arrêt, c'est vraiment agaçant.","ständig = constantly, continuously","ständig = constamment, continuellement",,
35,Er erklärte das Problem _____.,geduldig,Er erklärte das Problem geduldig.,He explained the problem patiently.,Il a expliqué le problème patiemment.,geduldig = patiently,geduldig = patiemment,,
35,Sie wartete _____ auf eine Antwort.,geduldig,Sie wartete geduldig auf eine Antwort.,She waited patiently for an answer.,Elle a attendu patiemment une réponse.,geduldig = patiently,geduldig = patiemment,,
35,Der Lehrer hörte den Schülern _____ zu.,geduldig,Der Lehrer hörte den Schülern geduldig zu.,The teacher listened to the students patiently.,Le professeur a écouté les élèves patiemment.,geduldig = patiently,geduldig = patiemment,,
35,"Sei _____, wenn du diese alte Brücke überquerst, sie ist nicht sehr stabil.",vorsichtig,"Sei vorsichtig, wenn du diese alte Brücke überquerst, sie ist nicht sehr stabil.",Be careful when crossing this old bridge; it is not very stable.,"Soyez prudent en traversant ce vieux pont, il n'est pas très stable.",vorsichtig = carefully,"vorsichtig = prudemment, avec soin, avec précaution",,
35,"Er öffnete _____ das Paket, um nichts zu beschädigen.",vorsichtig,"Er öffnete vorsichtig das Paket, um nichts zu beschädigen.",He carefully opened the package to avoid damaging anything.,Il a ouvert le paquet avec précaution pour éviter d'endommager quoi que ce soit.,vorsichtig = carefully,"vorsichtig = prudemment, avec soin, avec précaution",,
35,Man sollte _____ mit persönlichen Daten im Internet umgehen.,vorsichtig,Man sollte vorsichtig mit persönlichen Daten im Internet umgehen.,One should be cautious with personal data on the internet.,Il faut être prudent avec les données personnelles sur Internet.,vorsichtig = carefully,"vorsichtig = prudemment, avec soin, avec précaution",,
36,,auswendig,,by heart,par coeur,auswendig = by heart,auswendig = par coeur,,
36,,unterwegs,,"on the way, on the go","en route, en déplacement","unterwegs = on the way, on the go","unterwegs = en route, en déplacement",,
36,,anderswo,,"elsewhere, somewhere else",ailleurs,"anderswo = elsewhere, somewhere else",anderswo = ailleurs,,
36,,erst,,only ... so far (for actions in progress),"seulement ... jusqu'à présent, que ... jusqu'à présent (pour des actions en cours)",erst = only ... so far (for actions in progress),"erst = seulement ... jusqu'à présent, que ... jusqu'à présent (pour des actions en cours)",,
36,,innen,,on the inside (of an object),à l'intérieur (d'un objet),innen = on the inside (of an object),innen = à l'intérieur (d'un objet),,
36,,außen,,on the outside (of an object),à l'extérieur (d'un objet),außen = on the outside (of an object),außen = à l'extérieur (d'un objet),,
36,,soeben,,"just now, just","juste, à l'instant, venir de + infinitif","soeben = just now, just","soeben = juste, à l'instant, venir de + infinitif",,
36,,auch nicht,,"neither, not ... either",non plus,"auch nicht = neither, not ... either",auch nicht = non plus,,
37,"Für die Prüfung musste ich das Gedicht _____ lernen, obwohl es ziemlich lang war.",auswendig,"Für die Prüfung musste ich das Gedicht auswendig lernen, obwohl es ziemlich lang war.","For the exam, I had to learn the poem by heart, even though it was quite long.","Pour l'examen, j'ai dû apprendre le poème par cœur, même s'il était assez long.",auswendig = by heart,auswendig = par coeur,,
37,"Sie kennt die Telefonnummer ihrer Eltern noch _____, obwohl sie sie kaum noch anruft.",auswendig,"Sie kennt die Telefonnummer ihrer Eltern noch auswendig, obwohl sie sie kaum noch anruft.","She still knows her parents' phone number by heart, even though she hardly calls them anymore.","Elle connaît encore le numéro de téléphone de ses parents par cœur, même si elle les appelle rarement.",auswendig = by heart,auswendig = par coeur,,
37,"Der Schauspieler konnte seinen Text bereits _____, bevor die Proben begonnen hatten.",auswendig,"Der Schauspieler konnte seinen Text bereits auswendig, bevor die Proben begonnen hatten.",The actor already knew his lines by heart before the rehearsals had begun.,L'acteur connaissait déjà son texte par cœur avant le début des répétitions.,auswendig = by heart,auswendig = par coeur,,
37,"Man muss nicht jede Regel _____ können, sondern wissen, wie man sie anwendet.",auswendig,"Man muss nicht jede Regel auswendig können, sondern wissen, wie man sie anwendet.",You don't have to know every rule by heart; you have to know how to apply it.,"Il n'est pas nécessaire de connaître chaque règle par cœur, mais de savoir comment l'appliquer.",auswendig = by heart,auswendig = par coeur,,
37,Nach einigen Wochen konnte sie die wichtigsten Redewendungen _____ und benutzte sie ganz selbstverständlich.,auswendig,Nach einigen Wochen konnte sie die wichtigsten Redewendungen auswendig und benutzte sie ganz selbstverständlich.,"After a few weeks, she knew the most important expressions by heart and used them quite naturally.","Après quelques semaines, elle connaissait les expressions les plus importantes par cœur et les utilisait tout naturellement.",auswendig = by heart,auswendig = par coeur,,
37,Ich bin gerade _____ und kann nicht ans Telefon gehen.,unterwegs,Ich bin gerade unterwegs und kann nicht ans Telefon gehen.,I’m currently on the way and can’t answer the phone.,Je suis en déplacement et je ne peux pas répondre au téléphone.,"unterwegs = on the way, on the go","unterwegs = en route, en déplacement",,
37,_____ habe ich viele interessante Menschen kennengelernt.,Unterwegs,Unterwegs habe ich viele interessante Menschen kennengelernt.,"While traveling, I met many interesting people.",J'ai rencontré beaucoup de personnes intéressantes pendant mon voyage.,"unterwegs = on the way, on the go","unterwegs = en route, en déplacement",,
37,Wir sind seit Stunden _____ und machen jetzt eine Pause.,unterwegs,Wir sind seit Stunden unterwegs und machen jetzt eine Pause.,We’ve been on the road for hours and are taking a break now.,Nous sommes en route depuis des heures et faisons maintenant une pause.,"unterwegs = on the way, on the go","unterwegs = en route, en déplacement",,
37,"Sie hat ihren Laptop mitgenommen, um _____ zu arbeiten.",unterwegs,"Sie hat ihren Laptop mitgenommen, um unterwegs zu arbeiten.",She took her laptop with her to work while traveling.,Elle a emporté son ordinateur portable pour pouvoir travailler pendant le voyage.,"unterwegs = on the way, on the go","unterwegs = en route, en déplacement",,
37,_____ nach München haben wir in einem schönen Restaurant gegessen.,Unterwegs,Unterwegs nach München haben wir in einem schönen Restaurant gegessen.,"On the way to Munich, we ate at a lovely restaurant.","En route vers Munich, nous avons mangé dans un bon restaurant.","unterwegs = on the way, on the go","unterwegs = en route, en déplacement",,
37,"Während hier strenge Auflagen gelten, werden ähnliche Projekte _____ deutlich großzügiger gehandhabt.",anderswo,"Während hier strenge Auflagen gelten, werden ähnliche Projekte anderswo deutlich großzügiger gehandhabt.","While strict regulations apply here, similar projects are handled much more leniently elsewhere.","Alors qu’ici des règles strictes s’appliquent, des projets similaires sont gérés beaucoup plus librement ailleurs.","anderswo = elsewhere, somewhere else",anderswo = ailleurs,,
37,"Viele Herausforderungen, die hier neu erscheinen, wurden _____ bereits erfolgreich gelöst.",anderswo,"Viele Herausforderungen, die hier neu erscheinen, wurden anderswo bereits erfolgreich gelöst.",Many challenges that seem new here have already been successfully solved elsewhere.,De nombreux défis qui semblent nouveaux ici ont déjà été résolus avec succès ailleurs.,"anderswo = elsewhere, somewhere else",anderswo = ailleurs,,
37,"Die Reform wirkt ambitioniert, doch _____ ist ein vergleichbares Niveau längst erreicht.",anderswo,"Die Reform wirkt ambitioniert, doch anderswo ist ein vergleichbares Niveau längst erreicht.","The reform seems ambitious, but elsewhere a similar level has long been achieved.","La réforme paraît ambitieuse, mais ailleurs un niveau comparable est atteint depuis longtemps.","anderswo = elsewhere, somewhere else",anderswo = ailleurs,,
37,"_____ wird stärker in Forschung investiert, was langfristig zu deutlich höheren Innovationsraten führt.",Anderswo,"Anderswo wird stärker in Forschung investiert, was langfristig zu deutlich höheren Innovationsraten führt.","Elsewhere, much more is invested in research, which in the long run leads to significantly higher innovation rates.","Ailleurs, on investit davantage dans la recherche, ce qui conduit à long terme à des taux d’innovation nettement plus élevés.","anderswo = elsewhere, somewhere else",anderswo = ailleurs,,
37,"Die öffentliche Debatte verläuft _____ oft pragmatischer, weil emotionale Argumente weniger stark dominieren.",anderswo,"Die öffentliche Debatte verläuft anderswo oft pragmatischer, weil emotionale Argumente weniger stark dominieren.","Public debate elsewhere is often more pragmatic, because emotional arguments are less dominant.","Ailleurs, le débat public est souvent plus pragmatique, car les arguments émotionnels y dominent moins.","anderswo = elsewhere, somewhere else",anderswo = ailleurs,,
37,"Ich habe _____ die Hälfte des Berichts gelesen, deshalb kann ich noch keine endgültige Meinung dazu abgeben.",erst,"Ich habe erst die Hälfte des Berichts gelesen, deshalb kann ich noch keine endgültige Meinung dazu abgeben.","I have only read half of the report so far, so I cannot give a final opinion on it yet.","Je n’ai lu que la moitié du rapport jusqu’à présent, donc je ne peux pas encore donner d’avis définitif à son sujet.",erst = only ... so far (for actions in progress),"erst = seulement ... jusqu'à présent, que ... jusqu'à présent (pour des actions en cours)",,
37,Sie ist _____ seit wenigen Monaten in der Firma und hat trotzdem schon viel Verantwortung übernommen.,erst,Sie ist erst seit wenigen Monaten in der Firma und hat trotzdem schon viel Verantwortung übernommen.,She has only been at the company for a few months so far and has nevertheless already taken on a lot of responsibility.,Elle n’est dans l’entreprise que depuis quelques mois jusqu’à présent et a pourtant déjà assumé beaucoup de responsabilités.,erst = only ... so far (for actions in progress),"erst = seulement ... jusqu'à présent, que ... jusqu'à présent (pour des actions en cours)",,
37,"Wir haben _____ drei Kapitel behandelt, aber die Prüfung umfasst den gesamten Stoff des Semesters.",erst,"Wir haben erst drei Kapitel behandelt, aber die Prüfung umfasst den gesamten Stoff des Semesters.","We have only covered three chapters so far, but the exam includes all the material from the semester.","Nous n’avons traité que trois chapitres jusqu’à présent, mais l’examen porte sur toute la matière du semestre.",erst = only ... so far (for actions in progress),"erst = seulement ... jusqu'à présent, que ... jusqu'à présent (pour des actions en cours)",,
37,Er ist _____ 25 Jahre alt und gilt bereits als einer der talentiertesten Forscher seines Fachgebiets.,erst,Er ist erst 25 Jahre alt und gilt bereits als einer der talentiertesten Forscher seines Fachgebiets.,He is only 25 years old so far and is already considered one of the most talented researchers in his field.,Il n’a que 25 ans pour l’instant et est déjà considéré comme l’un des chercheurs les plus talentueux de son domaine.,erst = only ... so far (for actions in progress),"erst = seulement ... jusqu'à présent, que ... jusqu'à présent (pour des actions en cours)",,
37,"Die Bauarbeiten haben _____ begonnen, weshalb noch nicht abzusehen ist, wann das Projekt abgeschlossen sein wird.",erst,"Die Bauarbeiten haben erst begonnen, weshalb noch nicht abzusehen ist, wann das Projekt abgeschlossen sein wird.","The construction work has only just begun, which is why it is not yet clear when the project will be completed.","Les travaux de construction viennent seulement de commencer, c’est pourquoi on ne sait pas encore quand le projet sera achevé.",erst = only ... so far (for actions in progress),"erst = seulement ... jusqu'à présent, que ... jusqu'à présent (pour des actions en cours)",,
37,"Das Gebäude wurde _____ vollständig renoviert, während die Fassade unverändert blieb.",innen,"Das Gebäude wurde innen vollständig renoviert, während die Fassade unverändert blieb.","The building was completely renovated inside, while the façade remained unchanged.","Le bâtiment a été entièrement rénové à l'intérieur, tandis que la façade est restée inchangée.",innen = on the inside (of an object),innen = à l'intérieur (d'un objet),,
37,Die Tür ist _____ mit einer zusätzlichen Sicherheitsschicht verstärkt.,innen,Die Tür ist innen mit einer zusätzlichen Sicherheitsschicht verstärkt.,The door is reinforced on the inside with an additional security layer.,La porte est renforcée à l'intérieur par une couche de sécurité supplémentaire.,innen = on the inside (of an object),innen = à l'intérieur (d'un objet),,
37,"Obwohl der Koffer außen klein aussieht, bietet er _____ erstaunlich viel Platz.",innen,"Obwohl der Koffer außen klein aussieht, bietet er innen erstaunlich viel Platz.","Although the suitcase looks small on the outside, it offers a surprising amount of space inside.","Bien que la valise paraisse petite à l'extérieur, elle offre étonnamment beaucoup de place à l'intérieur.",innen = on the inside (of an object),innen = à l'intérieur (d'un objet),,
37,"Der Schrank ist _____ mit Regalen ausgestattet, sodass der Platz optimal genutzt wird.",innen,"Der Schrank ist innen mit Regalen ausgestattet, sodass der Platz optimal genutzt wird.",The cabinet is fitted with shelves on the inside so that the space is used optimally.,"L'armoire est équipée d'étagères à l'intérieur, de sorte que l'espace est utilisé de manière optimale.",innen = on the inside (of an object),innen = à l'intérieur (d'un objet),,
37,"Die Wände wurden _____ neu gestrichen, weil die alte Farbe bereits abblätterte.",innen,"Die Wände wurden innen neu gestrichen, weil die alte Farbe bereits abblätterte.",The walls were repainted on the inside because the old paint was already peeling off.,"Les murs ont été repeints à l'intérieur, car l'ancienne peinture s'écaillait déjà.",innen = on the inside (of an object),innen = à l'intérieur (d'un objet),,
37,"Das Gebäude wurde _____ neu gestrichen, während die Innenräume unverändert blieben.",außen,"Das Gebäude wurde außen neu gestrichen, während die Innenräume unverändert blieben.","The building was repainted on the outside, while the interior rooms remained unchanged.","Le bâtiment a été repeint à l'extérieur, tandis que les pièces intérieures sont restées inchangées.",außen = on the outside (of an object),außen = à l'extérieur (d'un objet),,
37,"Die Flasche fühlt sich _____ kalt an, obwohl das Wasser darin lauwarm ist.",außen,"Die Flasche fühlt sich außen kalt an, obwohl das Wasser darin lauwarm ist.","The bottle feels cold on the outside, even though the water inside is lukewarm.","La bouteille est froide à l'extérieur, même si l'eau qu'elle contient est tiède.",außen = on the outside (of an object),außen = à l'extérieur (d'un objet),,
37,"Das Paket war _____ völlig unbeschädigt, doch der Inhalt war zerbrochen.",außen,"Das Paket war außen völlig unbeschädigt, doch der Inhalt war zerbrochen.","The package was completely undamaged on the outside, but the contents were broken.","Le colis était complètement intact à l'extérieur, mais son contenu était cassé.",außen = on the outside (of an object),außen = à l'extérieur (d'un objet),,
37,Die Jacke ist _____ wasserabweisend und innen mit weichem Fleece gefüttert.,außen,Die Jacke ist außen wasserabweisend und innen mit weichem Fleece gefüttert.,The jacket is water-repellent on the outside and lined with soft fleece on the inside.,La veste est déperlante à l'extérieur et doublée d'une polaire douce à l'intérieur.,außen = on the outside (of an object),außen = à l'extérieur (d'un objet),,
37,"Obwohl das Haus _____ modern aussieht, wurde die Inneneinrichtung seit Jahrzehnten nicht erneuert.",außen,"Obwohl das Haus außen modern aussieht, wurde die Inneneinrichtung seit Jahrzehnten nicht erneuert.","Although the house looks modern on the outside, the interior has not been renovated for decades.","Bien que la maison paraisse moderne de l'extérieur, son intérieur n'a pas été rénové depuis des décennies.",außen = on the outside (of an object),außen = à l'extérieur (d'un objet),,
37,"Die Geschäftsführung hat _____ bekannt gegeben, dass die Verhandlungen erfolgreich abgeschlossen wurden.",soeben,"Die Geschäftsführung hat soeben bekannt gegeben, dass die Verhandlungen erfolgreich abgeschlossen wurden.",The management has just announced that the negotiations have been concluded successfully.,La direction vient tout juste d'annoncer que les négociations ont été conclues avec succès.,"soeben = just now, just","soeben = juste, à l'instant, venir de + infinitif",,
37,Ich habe _____ Ihre E-Mail erhalten und werde mich noch heute darum kümmern.,soeben,Ich habe soeben Ihre E-Mail erhalten und werde mich noch heute darum kümmern.,I have just received your email and will take care of it today.,Je viens tout juste de recevoir votre e-mail et je m'en occuperai aujourd'hui.,"soeben = just now, just","soeben = juste, à l'instant, venir de + infinitif",,
37,Der Zug ist _____ abgefahren; wir müssen leider auf den nächsten warten.,soeben,Der Zug ist soeben abgefahren; wir müssen leider auf den nächsten warten.,"The train has just departed; unfortunately, we'll have to wait for the next one.",Le train vient tout juste de partir ; nous devrons malheureusement attendre le suivant.,"soeben = just now, just","soeben = juste, à l'instant, venir de + infinitif",,
37,Die neuesten Wirtschaftszahlen wurden _____ veröffentlicht und werden bereits intensiv diskutiert.,soeben,Die neuesten Wirtschaftszahlen wurden soeben veröffentlicht und werden bereits intensiv diskutiert.,The latest economic figures have just been published and are already being discussed extensively.,Les derniers chiffres économiques viennent tout juste d'être publiés et font déjà l'objet de nombreuses discussions.,"soeben = just now, just","soeben = juste, à l'instant, venir de + infinitif",,
37,Der Vorsitzende hat _____ das Ende der Sitzung angekündigt.,soeben,Der Vorsitzende hat soeben das Ende der Sitzung angekündigt.,The chairperson has just announced the end of the meeting.,Le président vient tout juste d'annoncer la fin de la réunion.,"soeben = just now, just","soeben = juste, à l'instant, venir de + infinitif",,
37,"Ich hatte keine Zeit, die Ausstellung zu besuchen, und meine Schwester konnte _____ hingehen.",auch nicht,"Ich hatte keine Zeit, die Ausstellung zu besuchen, und meine Schwester konnte auch nicht hingehen.","I didn’t have time to visit the exhibition, and my sister couldn’t go either.","Je n’ai pas eu le temps de visiter l’exposition, et ma sœur n’a pas non plus pu y aller.","auch nicht = neither, not ... either",auch nicht = non plus,,
37,"Obwohl er schon seit Jahren in Deutschland lebt, versteht er diesen Ausdruck _____.",auch nicht,"Obwohl er schon seit Jahren in Deutschland lebt, versteht er diesen Ausdruck auch nicht.","Although he has been living in Germany for years, he doesn’t understand this expression either.","Bien qu’il vive en Allemagne depuis des années, il ne comprend pas non plus cette expression.","auch nicht = neither, not ... either",auch nicht = non plus,,
37,"Wir konnten das Problem gestern nicht lösen, und heute haben wir _____ genug Zeit dafür.",auch nicht,"Wir konnten das Problem gestern nicht lösen, und heute haben wir auch nicht genug Zeit dafür.","We couldn’t solve the problem yesterday, and we don’t have enough time for it today either.","Nous n’avons pas pu résoudre le problème hier, et aujourd’hui, nous n’avons pas non plus assez de temps pour cela.","auch nicht = neither, not ... either",auch nicht = non plus,,
37,"Wenn die Regierung keine zusätzlichen Mittel bereitstellt, können die Gemeinden die Kosten _____ allein tragen.",auch nicht,"Wenn die Regierung keine zusätzlichen Mittel bereitstellt, können die Gemeinden die Kosten auch nicht allein tragen.","If the government doesn’t provide additional funding, the municipalities can’t bear the costs alone either.","Si le gouvernement ne fournit pas de moyens supplémentaires, les communes ne peuvent pas non plus supporter seules les coûts.","auch nicht = neither, not ... either",auch nicht = non plus,,
37,"Der neue Vorschlag überzeugt mich nicht, aber eine bessere Lösung fällt mir _____ ein.",auch nicht,"Der neue Vorschlag überzeugt mich nicht, aber eine bessere Lösung fällt mir auch nicht ein.","The new proposal doesn’t convince me, but I can’t think of a better solution either.","La nouvelle proposition ne me convainc pas, mais je ne trouve pas non plus de meilleure solution.","auch nicht = neither, not ... either",auch nicht = non plus,,
38,,bar,,"cash, in cash",en liquide,"bar = cash, in cash",bar = en liquide,,
38,,online,,online,en ligne,online = online,online = en ligne,,
38,,ungern,,"reluctantly, unwillingly",à contrecœur,"ungern = reluctantly, unwillingly",ungern = à contrecœur,,
38,,sogar,,even (to express that something is unexpected or emphasized),"même, y compris (pour exprimé quelque chose d'inattendu ou ou pour accentuer)",sogar = even (to express that something is unexpected or emphasized),"sogar = même, y compris (pour exprimé quelque chose d'inattendu ou ou pour accentuer)",,
38,,je,,ever,"déjà, un jour, jamais",je = ever,"je = déjà, un jour, jamais",,
38,,und umgekehrt,,"and vice-versa, and conversely","et vice-versa, et inversement","und umgekehrt = and vice-versa, and conversely","und umgekehrt = et vice-versa, et inversement",,
38,,nochmal,,"once more, once again, one more time","encore une fois, une fois de plus","nochmal = once more, once again, one more time","nochmal = encore une fois, une fois de plus",,
38,,sowieso,,"anyway, anyhow, in any case","de toute façon, dans tous les cas","sowieso = anyway, anyhow, in any case","sowieso = de toute façon, dans tous les cas",,
39,In diesem Geschäft kann man sowohl _____ als auch mit Karte bezahlen.,bar,In diesem Geschäft kann man sowohl bar als auch mit Karte bezahlen.,"In this shop, you can pay either in cash or by card.","Dans ce magasin, on peut payer en espèces ou par carte.","bar = cash, in cash",bar = en liquide,,
39,"Obwohl viele Kunden mit dem Handy bezahlen, bevorzugen manche Menschen weiterhin _____ zu zahlen.",bar,"Obwohl viele Kunden mit dem Handy bezahlen, bevorzugen manche Menschen weiterhin bar zu zahlen.","Although many customers pay with their phones, some people still prefer to pay in cash.","Bien que beaucoup de clients paient avec leur téléphone, certaines personnes préfèrent encore payer en espèces.","bar = cash, in cash",bar = en liquide,,
39,"Der Vermieter möchte, dass die Kaution _____ bezahlt wird.",bar,"Der Vermieter möchte, dass die Kaution bar bezahlt wird.",The landlord wants the deposit to be paid in cash.,Le propriétaire souhaite que la caution soit payée en espèces.,"bar = cash, in cash",bar = en liquide,,
39,"Wer den Eintritt _____ bezahlt, erhält sofort eine Quittung.",bar,"Wer den Eintritt bar bezahlt, erhält sofort eine Quittung.",Anyone who pays the entrance fee in cash receives a receipt immediately.,Toute personne qui paie le droit d'entrée en espèces reçoit immédiatement un reçu.,"bar = cash, in cash",bar = en liquide,,
39,"Aus Sicherheitsgründen wird empfohlen, auf Reisen nicht zu viel Geld _____ mitzuführen.",bar,"Aus Sicherheitsgründen wird empfohlen, auf Reisen nicht zu viel Geld bar mitzuführen.","For security reasons, it is recommended not to carry too much cash while traveling.","Pour des raisons de sécurité, il est recommandé de ne pas transporter trop d'argent liquide sur soi en voyage.","bar = cash, in cash",bar = en liquide,,
39,"Immer mehr Behördengänge lassen sich _____ erledigen, sodass man nicht mehr persönlich erscheinen muss.",online,"Immer mehr Behördengänge lassen sich online erledigen, sodass man nicht mehr persönlich erscheinen muss.","More and more administrative procedures can be completed online, so you no longer have to appear in person.","De plus en plus de démarches administratives peuvent être effectuées en ligne, de sorte qu'il n'est plus nécessaire de se déplacer.",online = online,online = en ligne,,
39,"Obwohl das Seminar _____ stattfand, konnten die Teilnehmenden in kleinen Gruppen intensiv zusammenarbeiten.",online,"Obwohl das Seminar online stattfand, konnten die Teilnehmenden in kleinen Gruppen intensiv zusammenarbeiten.","Although the seminar took place online, the participants were able to work together intensively in small groups.","Bien que le séminaire ait eu lieu en ligne, les participants ont pu travailler intensivement en petits groupes.",online = online,online = en ligne,,
39,"Viele Unternehmen bieten ihren Kunden die Möglichkeit, Verträge _____ abzuschließen.",online,"Viele Unternehmen bieten ihren Kunden die Möglichkeit, Verträge online abzuschließen.",Many companies offer their customers the possibility of concluding contracts online.,De nombreuses entreprises offrent à leurs clients la possibilité de conclure des contrats en ligne.,online = online,online = en ligne,,
39,"Bevor du etwas _____ bestellst, solltest du die Bewertungen anderer Käufer lesen.",online,"Bevor du etwas online bestellst, solltest du die Bewertungen anderer Käufer lesen.","Before you order something online, you should read the reviews of other buyers.","Avant de commander quelque chose en ligne, tu devrais lire les avis des autres acheteurs.",online = online,online = en ligne,,
39,Die Dokumente stehen bereits _____ zur Verfügung und können jederzeit heruntergeladen werden.,online,Die Dokumente stehen bereits online zur Verfügung und können jederzeit heruntergeladen werden.,The documents are already available online and can be downloaded at any time.,Les documents sont déjà disponibles en ligne et peuvent être téléchargés à tout moment.,online = online,online = en ligne,,
39,"Viele Führungskräfte geben _____ zu, dass sie den Überblick über komplexe Prozesse verloren haben.",ungern,"Viele Führungskräfte geben ungern zu, dass sie den Überblick über komplexe Prozesse verloren haben.",Many executives are reluctant to admit that they have lost oversight of complex processes.,Beaucoup de dirigeants admettent à contrecœur avoir perdu la maîtrise de processus complexes.,"ungern = reluctantly, unwillingly",ungern = à contrecœur,,
39,"Sie räumte _____ ein, dass ihre ursprüngliche Einschätzung zu optimistisch gewesen war.",ungern,"Sie räumte ungern ein, dass ihre ursprüngliche Einschätzung zu optimistisch gewesen war.",She reluctantly admitted that her initial assessment had been too optimistic.,Elle a reconnu à contrecœur que son évaluation initiale avait été trop optimiste.,"ungern = reluctantly, unwillingly",ungern = à contrecœur,,
39,"Fachabteilungen teilen _____ Daten, wenn unklar ist, wie diese später verwendet werden.",ungern,"Fachabteilungen teilen ungern Daten, wenn unklar ist, wie diese später verwendet werden.",Departments are reluctant to share data when it is unclear how it will later be used.,Les services partagent à contrecœur leurs données lorsqu’il n’est pas clair comment elles seront utilisées.,"ungern = reluctantly, unwillingly",ungern = à contrecœur,,
39,"Er sprach _____ darüber, weil die Entscheidung intern noch immer als kontrovers gilt.",ungern,"Er sprach ungern darüber, weil die Entscheidung intern noch immer als kontrovers gilt.",He was reluctant to speak about it because the decision is still considered controversial internally.,"Il en parlait à contrecœur, car la décision reste controversée en interne.","ungern = reluctantly, unwillingly",ungern = à contrecœur,,
39,"Organisationen ändern _____ etablierte Routinen, selbst wenn neue Informationen eindeutig für eine Anpassung sprechen.",ungern,"Organisationen ändern ungern etablierte Routinen, selbst wenn neue Informationen eindeutig für eine Anpassung sprechen.","Organizations are reluctant to change established routines, even when new information clearly argues for an adjustment.","Les organisations modifient à contrecœur leurs routines établies, même lorsque de nouvelles informations indiquent clairement qu’un ajustement s’impose.","ungern = reluctantly, unwillingly",ungern = à contrecœur,,
39,"Er spricht viele Sprachen, _____ Chinesisch.",sogar,"Er spricht viele Sprachen, sogar Chinesisch.","He speaks many languages, even Chinese.","Il parle plusieurs langues, même le chinois.",sogar = even (to express that something is unexpected or emphasized),"sogar = même, y compris (pour exprimé quelque chose d'inattendu ou ou pour accentuer)",,
39,"Es war so kalt, dass _____ der See zugefroren ist.",sogar,"Es war so kalt, dass sogar der See zugefroren ist.",It was so cold that even the lake froze.,Il faisait si froid que même le lac était gelé.,sogar = even (to express that something is unexpected or emphasized),"sogar = même, y compris (pour exprimé quelque chose d'inattendu ou ou pour accentuer)",,
39,"Sie hat so viel gelernt, dass sie die Prüfung _____ ohne Probleme bestanden hat.",sogar,"Sie hat so viel gelernt, dass sie die Prüfung sogar ohne Probleme bestanden hat.",She studied so much that she even passed the exam without any problems.,Elle a tellement étudié qu'elle a même réussi l'examen sans aucun problème.,sogar = even (to express that something is unexpected or emphasized),"sogar = même, y compris (pour exprimé quelque chose d'inattendu ou ou pour accentuer)",,
39,Er kam zur Party und brachte _____ zwei Freunde mit.,sogar,Er kam zur Party und brachte sogar zwei Freunde mit.,"He came to the party, and even brought two friends.",Il est venu à la fête et a même amené deux amis.,sogar = even (to express that something is unexpected or emphasized),"sogar = même, y compris (pour exprimé quelque chose d'inattendu ou ou pour accentuer)",,
39,"Das Konzert war fantastisch, es gab _____ eine Zugabe.",sogar,"Das Konzert war fantastisch, es gab sogar eine Zugabe.",The concert was fantastic; there was even an encore.,"Le concert était fantastique, il y a même eu un rappel.",sogar = even (to express that something is unexpected or emphasized),"sogar = même, y compris (pour exprimé quelque chose d'inattendu ou ou pour accentuer)",,
39,Hast du _____ eine so spannende Geschichte gehört?,je,Hast du je eine so spannende Geschichte gehört?,Have you ever heard such an exciting story?,Avez-vous déjà entendu une histoire aussi passionnante ?,je = ever,"je = déjà, un jour, jamais",,
39,"Ich frage mich, ob er _____ die Wahrheit sagen wird.",je,"Ich frage mich, ob er je die Wahrheit sagen wird.",I wonder if he will ever tell the truth.,Je me demande s'il dira un jour la vérité.,je = ever,"je = déjà, un jour, jamais",,
39,"Das ist das beste Essen, das ich _____ probiert habe.",je,"Das ist das beste Essen, das ich je probiert habe.",This is the best food I have ever tasted.,C'est le meilleur repas que j'aie jamais mangé.,je = ever,"je = déjà, un jour, jamais",,
39,"Hast du _____ daran gedacht, ins Ausland zu ziehen?",je,"Hast du je daran gedacht, ins Ausland zu ziehen?",Have you ever thought about moving abroad?,Avez-vous déjà pensé à déménager à l'étranger ?,je = ever,"je = déjà, un jour, jamais",,
39,"Er war der freundlichste Mensch, dem ich _____ begegnet bin.",je,"Er war der freundlichste Mensch, dem ich je begegnet bin.",He was the friendliest person I have ever met.,C'était la personne la plus sympathique que j'aie jamais rencontrée.,je = ever,"je = déjà, un jour, jamais",,
39,"Die neuen Regelungen beeinflussen die wirtschaftliche Entwicklung, _____ wirkt die wirtschaftliche Lage wiederum auf die Ausgestaltung der Regeln.",und umgekehrt,"Die neuen Regelungen beeinflussen die wirtschaftliche Entwicklung, und umgekehrt wirkt die wirtschaftliche Lage wiederum auf die Ausgestaltung der Regeln.","The new regulations influence economic development, and conversely the economic situation affects how the regulations are shaped.","Les nouvelles réglementations influencent le développement économique, et inversement la situation économique influe sur la manière dont les règles sont élaborées.","und umgekehrt = and vice-versa, and conversely","und umgekehrt = et vice-versa, et inversement",,
39,"Entscheidungen auf Führungsebene prägen die Kultur eines Unternehmens, _____ kann die Unternehmenskultur Führungskräfte stark beeinflussen.",und umgekehrt,"Entscheidungen auf Führungsebene prägen die Kultur eines Unternehmens, und umgekehrt kann die Unternehmenskultur Führungskräfte stark beeinflussen.","Decisions at the leadership level shape a company’s culture, and conversely the company culture can strongly influence its leaders.","Les décisions de la direction façonnent la culture d’une entreprise, et inversement cette culture peut fortement influencer les dirigeants.","und umgekehrt = and vice-versa, and conversely","und umgekehrt = et vice-versa, et inversement",,
39,"Wissenschaftliche Erkenntnisse verändern gesellschaftliche Prioritäten, _____ bestimmen gesellschaftliche Erwartungen oft die Forschungsagenda.",und umgekehrt,"Wissenschaftliche Erkenntnisse verändern gesellschaftliche Prioritäten, und umgekehrt bestimmen gesellschaftliche Erwartungen oft die Forschungsagenda.","Scientific findings change societal priorities, and conversely societal expectations often shape the research agenda.","Les découvertes scientifiques modifient les priorités sociales, et inversement les attentes de la société déterminent souvent l’agenda de la recherche.","und umgekehrt = and vice-versa, and conversely","und umgekehrt = et vice-versa, et inversement",,
39,"Die Digitalisierung treibt neue Geschäftsmodelle voran, _____ entstehen technologische Innovationen durch neue geschäftliche Anforderungen.",und umgekehrt,"Die Digitalisierung treibt neue Geschäftsmodelle voran, und umgekehrt entstehen technologische Innovationen durch neue geschäftliche Anforderungen.","Digitalization drives new business models, and conversely technological innovations emerge from new business demands.","La numérisation stimule de nouveaux modèles économiques, et inversement les innovations technologiques naissent des nouvelles exigences commerciales.","und umgekehrt = and vice-versa, and conversely","und umgekehrt = et vice-versa, et inversement",,
39,"Internationale Kooperation stärkt das Vertrauen zwischen Staaten, _____ basiert erfolgreiche Kooperation oft auf bereits bestehendem Vertrauen.",und umgekehrt,"Internationale Kooperation stärkt das Vertrauen zwischen Staaten, und umgekehrt basiert erfolgreiche Kooperation oft auf bereits bestehendem Vertrauen.","International cooperation strengthens trust between states, and conversely successful cooperation often depends on trust already in place.","La coopération internationale renforce la confiance entre les États, et inversement une coopération réussie repose souvent sur une confiance préexistante.","und umgekehrt = and vice-versa, and conversely","und umgekehrt = et vice-versa, et inversement",,
39,Könnten Sie den letzten Punkt bitte _____ erläutern? Ich habe ihn nicht ganz verstanden.,nochmal,Könnten Sie den letzten Punkt bitte nochmal erläutern? Ich habe ihn nicht ganz verstanden.,"Could you explain the last point one more time, please? I didn't quite understand it.","Pourriez-vous expliquer le dernier point une fois de plus, s'il vous plaît ? Je ne l'ai pas tout à fait compris.","nochmal = once more, once again, one more time","nochmal = encore une fois, une fois de plus",,
39,"Bevor wir den Vertrag unterschreiben, sollten wir ihn _____ sorgfältig durchlesen.",nochmal,"Bevor wir den Vertrag unterschreiben, sollten wir ihn nochmal sorgfältig durchlesen.","Before signing the contract, we should read it through one more time carefully.","Avant de signer le contrat, nous devrions le relire une dernière fois attentivement.","nochmal = once more, once again, one more time","nochmal = encore une fois, une fois de plus",,
39,"Ich möchte den Film _____ ansehen, weil mir beim ersten Mal einige Details entgangen sind.",nochmal,"Ich möchte den Film nochmal ansehen, weil mir beim ersten Mal einige Details entgangen sind.","I'd like to watch the film one more time, because I missed some details the first time.","J'aimerais revoir le film une fois de plus, car certains détails m'ont échappé la première fois.","nochmal = once more, once again, one more time","nochmal = encore une fois, une fois de plus",,
39,"Lass uns die Präsentation _____ üben, damit wir morgen sicherer auftreten.",nochmal,"Lass uns die Präsentation nochmal üben, damit wir morgen sicherer auftreten.",Let's practise the presentation one more time so that we'll feel more confident tomorrow.,Répétons la présentation une fois de plus afin d'être plus à l'aise demain.,"nochmal = once more, once again, one more time","nochmal = encore une fois, une fois de plus",,
39,"Der Techniker bat uns, das Gerät _____ neu zu starten, bevor er nach einer anderen Lösung suchte.",nochmal,"Der Techniker bat uns, das Gerät nochmal neu zu starten, bevor er nach einer anderen Lösung suchte.",The technician asked us to restart the device one more time before looking for another solution.,Le technicien nous a demandé de redémarrer l'appareil une fois de plus avant de chercher une autre solution.,"nochmal = once more, once again, one more time","nochmal = encore une fois, une fois de plus",,
39,"Du musst dir keine Sorgen machen, es wäre _____ passiert.",sowieso,"Du musst dir keine Sorgen machen, es wäre sowieso passiert.","You don't have to worry, it would have happened anyway.","Tu n'as pas à t'inquiéter, cela se serait produit de toute façon.","sowieso = anyway, anyhow, in any case","sowieso = de toute façon, dans tous les cas",,
39,"Ich gehe nicht ins Kino, ich habe den Film _____ schon gesehen.",sowieso,"Ich gehe nicht ins Kino, ich habe den Film sowieso schon gesehen.",I'm not going to the cinema; I've already seen the movie anyway.,"Je ne vais pas au cinéma, j'ai déjà vu le film.","sowieso = anyway, anyhow, in any case","sowieso = de toute façon, dans tous les cas",,
39,"Es regnet den ganzen Tag, also bleiben wir _____ zu Hause.",sowieso,"Es regnet den ganzen Tag, also bleiben wir sowieso zu Hause.","It's raining all day, so we're staying home anyway.","Il pleut toute la journée, nous restons donc à la maison.","sowieso = anyway, anyhow, in any case","sowieso = de toute façon, dans tous les cas",,
39,"Ich hätte das Angebot nicht angenommen, es war _____ nicht interessant.",sowieso,"Ich hätte das Angebot nicht angenommen, es war sowieso nicht interessant.",I wouldn't have accepted the offer; it wasn't interesting anyway.,"Je n'aurais pas accepté l'offre, elle n'était pas intéressante.","sowieso = anyway, anyhow, in any case","sowieso = de toute façon, dans tous les cas",,
39,"Ob du kommst oder nicht, wir feiern die Party _____.",sowieso,"Ob du kommst oder nicht, wir feiern die Party sowieso.","Whether you come or not, we're having the party anyway.","Que tu viennes ou non, nous organisons la fête de toute façon.","sowieso = anyway, anyhow, in any case","sowieso = de toute façon, dans tous les cas",,
40,,weiter,,"further, to continue to + infinitive, to continue + -ing","de nouveau, continuer à (+ infinitif)","weiter = further, to continue to + infinitive, to continue + -ing","weiter = de nouveau, continuer à (+ infinitif)",,
40,,lieber,,"rather, to prefer (+ -ing)","plutôt, préférer (+ infinitif)","lieber = rather, to prefer (+ -ing)","lieber = plutôt, préférer (+ infinitif)",,
40,,besser,,better,mieux,besser = better,besser = mieux,,
40,,mehr,,more,"plus, davantage",mehr = more,"mehr = plus, davantage",,
40,,weniger,,less,moins,weniger = less,weniger = moins,,
40,,früher,,"earlier, previously, back in the day","plus tôt, auparavant, autrefois","früher = earlier, previously, back in the day","früher = plus tôt, auparavant, autrefois",später,temporal - point in time
40,,später,,"later, later on",plus tard,"später = later, later on",später = plus tard,früher,temporal - point in time
40,,schneller,,faster,plus rapidement,schneller = faster,schneller = plus rapidement,,
40,,langsamer,,more slowly,plus lentement,langsamer = more slowly,langsamer = plus lentement,,
40,,öfter,,more often,plus souvent,öfter = more often,öfter = plus souvent,,
40,,seltener,,less often,moins souvent,seltener = less often,seltener = moins souvent,,
40,,höher,,higher,plus haut,höher = higher,höher = plus haut,,
40,,länger,,longer,plus longtemps,länger = longer,länger = plus longtemps,,
40,,näher,,"closer, more closely","plus près, plus proche","näher = closer, more closely","näher = plus près, plus proche",,
40,,eher,,"more likely, rather, more readily","plutôt, d'avantage","eher = more likely, rather, more readily","eher = plutôt, d'avantage",,
41,Nach einer kurzen Pause arbeiten wir _____.,weiter,Nach einer kurzen Pause arbeiten wir weiter.,"After a short break, we continue working.","Après une courte pause, nous continuons à travailler.","weiter = further, to continue to + infinitive, to continue + -ing","weiter = de nouveau, continuer à (+ infinitif)",,
41,"Er hat das Buch nicht beendet, aber er liest morgen _____.",weiter,"Er hat das Buch nicht beendet, aber er liest morgen weiter.","He hasn't finished the book, but he will continue reading tomorrow.","Il n'a pas fini le livre, mais il continuera à lire demain.","weiter = further, to continue to + infinitive, to continue + -ing","weiter = de nouveau, continuer à (+ infinitif)",,
41,"Wenn du so _____ lernst, wirst du die Prüfung bestehen.",weiter,"Wenn du so weiter lernst, wirst du die Prüfung bestehen.","If you keep studying like this, you will pass the exam.","Si vous continuez à étudier comme ça, vous réussirez l'examen.","weiter = further, to continue to + infinitive, to continue + -ing","weiter = de nouveau, continuer à (+ infinitif)",,
41,"Er bleibt _____ zu Hause, wenn es regnet.",lieber,"Er bleibt lieber zu Hause, wenn es regnet.",He prefers staying at home when it rains.,Il préfère rester à la maison quand il pleut.,"lieber = rather, to prefer (+ -ing)","lieber = plutôt, préférer (+ infinitif)",,
41,Wir fahren _____ mit dem Zug als mit dem Auto.,lieber,Wir fahren lieber mit dem Zug als mit dem Auto.,We prefer traveling by train rather than by car.,Nous préférons voyager en train plutôt qu'en voiture.,"lieber = rather, to prefer (+ -ing)","lieber = plutôt, préférer (+ infinitif)",,
41,Ich lese _____ Bücher als Filme zu schauen.,lieber,Ich lese lieber Bücher als Filme zu schauen.,I prefer reading books rather than watching movies.,Je préfère lire des livres plutôt que regarder des films.,"lieber = rather, to prefer (+ -ing)","lieber = plutôt, préférer (+ infinitif)",,
41,"Seitdem ich regelmäßig übe, kann ich mich auf Deutsch deutlich _____ ausdrücken.",besser,"Seitdem ich regelmäßig übe, kann ich mich auf Deutsch deutlich besser ausdrücken.","Since I started practising regularly, I can express myself much better in German.","Depuis que je m’exerce régulièrement, je parviens à m’exprimer beaucoup mieux en allemand.",besser = better,besser = mieux,,
41,"Wir sollten die Aufgaben _____ verteilen, damit niemand überlastet wird.",besser,"Wir sollten die Aufgaben besser verteilen, damit niemand überlastet wird.",We should distribute the tasks better so that no one becomes overworked.,Nous devrions mieux répartir les tâches afin que personne ne soit surchargé.,besser = better,besser = mieux,,
41,"Nach dem Gespräch verstand sie _____, warum ihr Kollege so reagiert hatte.",besser,"Nach dem Gespräch verstand sie besser, warum ihr Kollege so reagiert hatte.","After the conversation, she understood better why her colleague had reacted that way.","Après la conversation, elle comprenait mieux pourquoi son collègue avait réagi ainsi.",besser = better,besser = mieux,,
41,"Viele Menschen würden _____ sparen, wenn die Mieten nicht so hoch wären.",mehr,"Viele Menschen würden mehr sparen, wenn die Mieten nicht so hoch wären.",Many people would save more if rents were not so high.,Beaucoup de personnes épargneraient davantage si les loyers n’étaient pas aussi élevés.,mehr = more,"mehr = plus, davantage",,
41,"Seit er im Homeoffice arbeitet, bewegt er sich deutlich _____ als früher.",mehr,"Seit er im Homeoffice arbeitet, bewegt er sich deutlich mehr als früher.","Since he started working from home, he exercises considerably more than before.","Depuis qu’il travaille à domicile, il bouge nettement plus qu’avant.",mehr = more,"mehr = plus, davantage",,
41,"Je länger die Diskussion dauerte, desto _____ zweifelte sie an dem Vorschlag.",mehr,"Je länger die Diskussion dauerte, desto mehr zweifelte sie an dem Vorschlag.","The longer the discussion lasted, the more she doubted the proposal.","Plus la discussion durait, plus elle doutait de la proposition.",mehr = more,"mehr = plus, davantage",,
41,"Wenn wir die Abläufe automatisieren, müssen die Mitarbeitenden _____ manuell kontrollieren.",weniger,"Wenn wir die Abläufe automatisieren, müssen die Mitarbeitenden weniger manuell kontrollieren.","If we automate the processes, the employees will have to perform fewer manual checks.","Si nous automatisons les processus, les employés devront effectuer moins de contrôles manuels.",weniger = less,weniger = moins,,
41,"Seit sie näher an ihrem Arbeitsplatz wohnt, fährt sie _____ mit dem Auto.",weniger,"Seit sie näher an ihrem Arbeitsplatz wohnt, fährt sie weniger mit dem Auto.","Since she moved closer to her workplace, she drives less.","Depuis qu’elle habite plus près de son lieu de travail, elle utilise moins souvent la voiture.",weniger = less,weniger = moins,,
41,Er sollte _____ versprechen und sich stärker auf konkrete Ergebnisse konzentrieren.,weniger,Er sollte weniger versprechen und sich stärker auf konkrete Ergebnisse konzentrieren.,He should promise less and focus more strongly on concrete results.,Il devrait faire moins de promesses et se concentrer davantage sur des résultats concrets.,weniger = less,weniger = moins,,
41,"_____ gab es hier einen kleinen Laden, aber jetzt ist dort ein Supermarkt.",Früher,"Früher gab es hier einen kleinen Laden, aber jetzt ist dort ein Supermarkt.","There used to be a small shop here, but now there is a supermarket.","Il y avait autrefois un petit magasin ici, mais maintenant il y a un supermarché.","früher = earlier, previously, back in the day","früher = plus tôt, auparavant, autrefois",,
41,Meine Großeltern haben _____ ohne Internet gelebt.,früher,Meine Großeltern haben früher ohne Internet gelebt.,My grandparents used to live without the internet.,Mes grands-parents vivaient sans Internet.,"früher = earlier, previously, back in the day","früher = plus tôt, auparavant, autrefois",,
41,"_____ bin ich jeden Tag Fahrrad gefahren, aber jetzt nehme ich den Bus.",Früher,"Früher bin ich jeden Tag Fahrrad gefahren, aber jetzt nehme ich den Bus.","I used to ride my bike every day, but now I take the bus.","Avant, je faisais du vélo tous les jours, mais maintenant je prends le bus.","früher = earlier, previously, back in the day","früher = plus tôt, auparavant, autrefois",,
41,"Ich habe jetzt keine Zeit, aber ich rufe dich _____ an.",später,"Ich habe jetzt keine Zeit, aber ich rufe dich später an.","I don’t have time now, but I will call you later.","Je n’ai pas le temps maintenant, mais je t’appellerai plus tard.","später = later, later on",später = plus tard,,
41,"Sie hat die Prüfung nicht bestanden, aber sie kann sie _____ wiederholen.",später,"Sie hat die Prüfung nicht bestanden, aber sie kann sie später wiederholen.","She didn’t pass the exam, but she can retake it later.","Elle n’a pas réussi l’examen, mais elle pourra le repasser plus tard.","später = later, later on",später = plus tard,,
41,"Ich mache meine Hausaufgaben _____, jetzt habe ich keine Lust.",später,"Ich mache meine Hausaufgaben später, jetzt habe ich keine Lust.","I will do my homework later, I don’t feel like it now.","Je ferai mes devoirs plus tard, je n’en ai pas envie maintenant.","später = later, later on",später = plus tard,,
41,Dank der neuen Software können wir große Datenmengen deutlich _____ verarbeiten.,schneller,Dank der neuen Software können wir große Datenmengen deutlich schneller verarbeiten.,"Thanks to the new software, we can process large amounts of data much faster.","Grâce au nouveau logiciel, nous pouvons traiter de grandes quantités de données beaucoup plus rapidement.",schneller = faster,schneller = plus rapidement,,
41,"Wenn alle Informationen von Anfang an vorliegen, lässt sich das Problem _____ lösen.",schneller,"Wenn alle Informationen von Anfang an vorliegen, lässt sich das Problem schneller lösen.","If all the information is available from the beginning, the problem can be solved more quickly.","Si toutes les informations sont disponibles dès le début, le problème peut être résolu plus rapidement.",schneller = faster,schneller = plus rapidement,,
41,"Je _____ wir eine Entscheidung treffen, desto früher können wir mit dem Projekt beginnen.",schneller,"Je schneller wir eine Entscheidung treffen, desto früher können wir mit dem Projekt beginnen.","The faster we make a decision, the sooner we can start the project.","Plus nous prenons une décision rapidement, plus tôt nous pourrons commencer le projet.",schneller = faster,schneller = plus rapidement,,
41,"Bitte sprich etwas _____, damit auch die neuen Teilnehmer alles verstehen können.",langsamer,"Bitte sprich etwas langsamer, damit auch die neuen Teilnehmer alles verstehen können.",Please speak a little more slowly so that the new participants can understand everything.,Parle un peu plus lentement afin que les nouveaux participants puissent tout comprendre.,langsamer = more slowly,langsamer = plus lentement,,
41,Wegen des dichten Nebels fuhren die Autos deutlich _____ als gewöhnlich.,langsamer,Wegen des dichten Nebels fuhren die Autos deutlich langsamer als gewöhnlich.,"Because of the thick fog, the cars were driving much more slowly than usual.","En raison du brouillard épais, les voitures roulaient beaucoup plus lentement que d'habitude.",langsamer = more slowly,langsamer = plus lentement,,
41,"Nach der Verletzung lief sie _____, machte aber trotzdem beim Wettkampf mit.",langsamer,"Nach der Verletzung lief sie langsamer, machte aber trotzdem beim Wettkampf mit.","After the injury, she ran more slowly, but still took part in the competition.","Après sa blessure, elle courait plus lentement, mais a tout de même participé à la compétition.",langsamer = more slowly,langsamer = plus lentement,,
41,Seit seinem Umzug besucht er seine Eltern _____ als früher.,öfter,Seit seinem Umzug besucht er seine Eltern öfter als früher.,"Since moving, he visits his parents more often than before.","Depuis son déménagement, il rend visite à ses parents plus souvent qu'avant.",öfter = more often,öfter = plus souvent,,
41,"Wer _____ Fragen stellt, versteht schwierige Themen meist schneller.",öfter,"Wer öfter Fragen stellt, versteht schwierige Themen meist schneller.",Those who ask questions more often usually understand difficult topics more quickly.,Ceux qui posent des questions plus souvent comprennent généralement plus rapidement les sujets difficiles.,öfter = more often,öfter = plus souvent,,
41,"Wir sollten uns _____ persönlich treffen, anstatt nur Nachrichten auszutauschen.",öfter,"Wir sollten uns öfter persönlich treffen, anstatt nur Nachrichten auszutauschen.",We should meet in person more often instead of only exchanging messages.,Nous devrions nous rencontrer en personne plus souvent au lieu de simplement échanger des messages.,öfter = more often,öfter = plus souvent,,
41,Seit der Einführung des Homeoffice pendeln viele Angestellte _____ ins Büro.,seltener,Seit der Einführung des Homeoffice pendeln viele Angestellte seltener ins Büro.,"Since the introduction of remote work, many employees commute to the office less often.","Depuis l'introduction du télétravail, de nombreux employés se rendent moins souvent au bureau.",seltener = less often,seltener = moins souvent,,
41,Mit zunehmender Erfahrung passieren ihm _____ vermeidbare Fehler.,seltener,Mit zunehmender Erfahrung passieren ihm seltener vermeidbare Fehler.,"As he gains experience, he makes avoidable mistakes less often.","Avec l'expérience, il commet moins souvent des erreurs évitables.",seltener = less often,seltener = moins souvent,,
41,"Obwohl wir uns _____ sehen als früher, bleiben wir eng befreundet.",seltener,"Obwohl wir uns seltener sehen als früher, bleiben wir eng befreundet.","Although we see each other less often than before, we remain close friends.","Bien que nous nous voyions moins souvent qu'autrefois, nous restons de proches amis.",seltener = less often,seltener = moins souvent,,
41,Wegen der gestiegenen Nachfrage wurden die Preise deutlich _____ angesetzt als im vergangenen Jahr.,höher,Wegen der gestiegenen Nachfrage wurden die Preise deutlich höher angesetzt als im vergangenen Jahr.,"Because of increased demand, the prices were set significantly higher than last year.","En raison de la hausse de la demande, les prix ont été fixés nettement plus haut que l'année dernière.",höher = higher,höher = plus haut,,
41,Die Temperaturen könnten am Wochenende _____ steigen als ursprünglich erwartet.,höher,Die Temperaturen könnten am Wochenende höher steigen als ursprünglich erwartet.,Temperatures could rise higher this weekend than originally expected.,Les températures pourraient monter plus haut ce week-end que prévu initialement.,höher = higher,höher = plus haut,,
41,"Um das Risiko zu verringern, wurde die Mauer _____ gebaut.",höher,"Um das Risiko zu verringern, wurde die Mauer höher gebaut.","To reduce the risk, the wall was built higher.","Afin de réduire le risque, le mur a été construit plus haut.",höher = higher,höher = plus haut,,
41,Wegen einer technischen Störung mussten wir _____ warten als geplant.,länger,Wegen einer technischen Störung mussten wir länger warten als geplant.,"Because of a technical problem, we had to wait longer than planned.","En raison d'un problème technique, nous avons dû attendre plus longtemps que prévu.",länger = longer,länger = plus longtemps,,
41,"Wenn das Wetter gut bleibt, können wir _____ draußen sitzen.",länger,"Wenn das Wetter gut bleibt, können wir länger draußen sitzen.","If the weather stays nice, we can stay outside longer.","Si le beau temps continue, nous pourrons rester dehors plus longtemps.",länger = longer,länger = plus longtemps,,
41,"Sie überlegte _____, bevor sie das Angebot schließlich annahm.",länger,"Sie überlegte länger, bevor sie das Angebot schließlich annahm.",She thought for a longer time before finally accepting the offer.,Elle a réfléchi plus longtemps avant d'accepter finalement l'offre.,länger = longer,länger = plus longtemps,,
41,"Der Professor erklärte das Thema _____, nachdem mehrere Studierende Fragen gestellt hatten.",näher,"Der Professor erklärte das Thema näher, nachdem mehrere Studierende Fragen gestellt hatten.",The professor explained the topic in greater detail after several students had asked questions.,Le professeur a expliqué le sujet plus en détail après que plusieurs étudiants eurent posé des questions.,"näher = closer, more closely","näher = plus près, plus proche",,
41,"Nachdem sie umgezogen waren, wohnten sie _____ am Stadtzentrum und brauchten weniger Zeit für den Arbeitsweg.",näher,"Nachdem sie umgezogen waren, wohnten sie näher am Stadtzentrum und brauchten weniger Zeit für den Arbeitsweg.","After moving, they lived closer to the city centre and needed less time to commute.","Après avoir déménagé, ils habitaient plus près du centre-ville et mettaient moins de temps pour aller au travail.","näher = closer, more closely","näher = plus près, plus proche",,
41,"Wenn du das Gemälde _____ betrachtest, erkennst du viele kleine Details.",näher,"Wenn du das Gemälde näher betrachtest, erkennst du viele kleine Details.","If you look at the painting more closely, you'll notice many small details.","Si tu observes le tableau de plus près, tu remarqueras de nombreux petits détails.","näher = closer, more closely","näher = plus près, plus proche",,
41,"Ich denke, dass er _____ absagen wird als zuzusagen.",eher,"Ich denke, dass er eher absagen wird als zuzusagen.",I think he’s more likely to cancel than to accept.,Je pense qu’il est plus susceptible d’annuler que d’accepter.,"eher = more likely, rather, more readily","eher = plutôt, d'avantage",,
41,Dieses Modell ist _____ für erfahrene Nutzer geeignet.,eher,Dieses Modell ist eher für erfahrene Nutzer geeignet.,This model is more suitable for experienced users.,Ce modèle est plus adapté aux utilisateurs expérimentés.,"eher = more likely, rather, more readily","eher = plutôt, d'avantage",,
41,"Es war _____ Zufall als Planung, dass alles so gut lief.",eher,"Es war eher Zufall als Planung, dass alles so gut lief.",It was more coincidence than planning that everything went so well.,C’est plus une coïncidence qu’une planification que tout se soit si bien passé.,"eher = more likely, rather, more readily","eher = plutôt, d'avantage",,
42,,am besten,,best,le mieux,am besten = best,am besten = le mieux,,
42,,am liebsten,,"most gladly, preferably",le plus volontiers,"am liebsten = most gladly, preferably",am liebsten = le plus volontiers,,
42,,am meisten,,most,le plus,am meisten = most,am meisten = le plus,,
42,,am wenigsten,,least,le moins,am wenigsten = least,am wenigsten = le moins,,
42,,am öftesten,,"most often, most frequently",le plus souvent,"am öftesten = most often, most frequently",am öftesten = le plus souvent,,
42,,am schnellsten,,fastest,le plus rapidement,am schnellsten = fastest,am schnellsten = le plus rapidement,,
42,,am langsamsten,,most slowly,le plus lentement,am langsamsten = most slowly,am langsamsten = le plus lentement,,
42,,am längsten,,longest,le plus longtemps,am längsten = longest,am längsten = le plus longtemps,,
42,,am nächsten,,"nearest, closest",le plus proche,"am nächsten = nearest, closest",am nächsten = le plus proche,,
42,,am weitesten,,farthest,"le plus loin, le plus avancé",am weitesten = farthest,"am weitesten = le plus loin, le plus avancé",,
42,,am höchsten,,highest,"le plus haut, le plus élevé",am höchsten = highest,"am höchsten = le plus haut, le plus élevé",,
42,,am stärksten,,most strongly,le plus fortement,am stärksten = most strongly,am stärksten = le plus fortement,,
42,,am leichtesten,,most easily,le plus facilement,am leichtesten = most easily,am leichtesten = le plus facilement,,
42,,am ehesten,,"most likely, most readily","le plus probable, le plus susceptible","am ehesten = most likely, most readily","am ehesten = le plus probable, le plus susceptible",,
42,,am einfachsten,,most simply,le plus simplement,am einfachsten = most simply,am einfachsten = le plus simplement,,
43,"Komplexe Themen versteht man _____, wenn man sie jemand anderem erklärt.",am besten,"Komplexe Themen versteht man am besten, wenn man sie jemand anderem erklärt.",You understand complex topics best when you explain them to someone else.,On comprend le mieux les sujets complexes lorsqu'on les explique à quelqu'un d'autre.,am besten = best,am besten = le mieux,,
43,"Die Ergebnisse lassen sich _____ vergleichen, wenn alle dieselben Kriterien verwenden.",am besten,"Die Ergebnisse lassen sich am besten vergleichen, wenn alle dieselben Kriterien verwenden.",The results can best be compared when everyone uses the same criteria.,Les résultats se comparent le mieux lorsque tout le monde utilise les mêmes critères.,am besten = best,am besten = le mieux,,
43,Nach seiner Erfahrung lernt man eine Sprache _____ durch regelmäßigen Kontakt mit Muttersprachlern.,am besten,Nach seiner Erfahrung lernt man eine Sprache am besten durch regelmäßigen Kontakt mit Muttersprachlern.,"In his experience, you learn a language best through regular contact with native speakers.","D'après son expérience, on apprend le mieux une langue grâce à un contact régulier avec des locuteurs natifs.",am besten = best,am besten = le mieux,,
43,"Am Wochenende arbeite ich _____ im Garten, weil ich dort am besten abschalten kann.",am liebsten,"Am Wochenende arbeite ich am liebsten im Garten, weil ich dort am besten abschalten kann.","At the weekend, I most enjoy working in the garden because I can relax best there.","Le week-end, je préfère travailler dans le jardin, car c'est là que je me détends le mieux.","am liebsten = most gladly, preferably",am liebsten = le plus volontiers,,
43,"Sie reist _____ mit dem Zug, da sie unterwegs lesen und arbeiten kann.",am liebsten,"Sie reist am liebsten mit dem Zug, da sie unterwegs lesen und arbeiten kann.",She travel preferably by train because she can read and work on the way.,"Elle préfère voyager en train, car elle peut lire et travailler pendant le trajet.","am liebsten = most gladly, preferably",am liebsten = le plus volontiers,,
43,Nach einem langen Arbeitstag esse ich _____ etwas Leichtes.,am liebsten,Nach einem langen Arbeitstag esse ich am liebsten etwas Leichtes.,"After a long working day, I eat preferably something light.","Après une longue journée de travail, je préfère manger quelque chose de léger.","am liebsten = most gladly, preferably",am liebsten = le plus volontiers,,
43,Von allen Vorträgen hat mich der letzte _____ beeindruckt.,am meisten,Von allen Vorträgen hat mich der letzte am meisten beeindruckt.,"Of all the presentations, the last one impressed me the most.","De toutes les présentations, c'est la dernière qui m'a le plus impressionné.",am meisten = most,am meisten = le plus,,
43,"Was mich _____ überrascht hat, war seine ruhige Reaktion auf die schlechte Nachricht.",am meisten,"Was mich am meisten überrascht hat, war seine ruhige Reaktion auf die schlechte Nachricht.",What surprised me the most was his calm reaction to the bad news.,"Ce qui m'a le plus surpris, c'est sa réaction calme à la mauvaise nouvelle.",am meisten = most,am meisten = le plus,,
43,Unter Zeitdruck konzentriert sie sich _____ auf die wichtigsten Aufgaben.,am meisten,Unter Zeitdruck konzentriert sie sich am meisten auf die wichtigsten Aufgaben.,"Under time pressure, she focuses the most on the most important tasks.","Sous la pression du temps, elle se concentre le plus sur les tâches les plus importantes.",am meisten = most,am meisten = le plus,,
43,Von allen Lösungsvorschlägen überzeugt mich dieser _____.,am wenigsten,Von allen Lösungsvorschlägen überzeugt mich dieser am wenigsten.,"Of all the proposed solutions, this one convinces me the least.","Parmi toutes les solutions proposées, c'est celle-ci qui me convainc le moins.",am wenigsten = least,am wenigsten = le moins,,
43,Während der Besprechung hat sich Paul _____ beteiligt.,am wenigsten,Während der Besprechung hat sich Paul am wenigsten beteiligt.,"During the meeting, Paul participated the least.","Pendant la réunion, c'est Paul qui a le moins participé.",am wenigsten = least,am wenigsten = le moins,,
43,Im Winter verbringe ich _____ Zeit im Freien.,am wenigsten,Im Winter verbringe ich am wenigsten Zeit im Freien.,"In winter, I spend the least amount of time outdoors.","En hiver, c'est la période où je passe le moins de temps à l'extérieur.",am wenigsten = least,am wenigsten = le moins,,
43,Von unserem Team arbeitet Maria _____ im Homeoffice.,am öftesten,Von unserem Team arbeitet Maria am öftesten im Homeoffice.,Maria works from home most often on our team.,"Dans notre équipe, c'est Maria qui travaille le plus souvent à domicile.","am öftesten = most often, most frequently",am öftesten = le plus souvent,,
43,"Fehler passieren _____, wenn man unter großem Zeitdruck steht.",am öftesten,"Fehler passieren am öftesten, wenn man unter großem Zeitdruck steht.",Mistakes happen most often when you are under great time pressure.,Les erreurs se produisent le plus souvent lorsque l'on est soumis à une forte pression temporelle.,"am öftesten = most often, most frequently",am öftesten = le plus souvent,,
43,Dieses Thema wird in den Medien _____ kurz vor den Wahlen diskutiert.,am öftesten,Dieses Thema wird in den Medien am öftesten kurz vor den Wahlen diskutiert.,This topic is discussed most often in the media shortly before elections.,Ce sujet est discuté le plus souvent dans les médias juste avant les élections.,"am öftesten = most often, most frequently",am öftesten = le plus souvent,,
43,"Neue Fähigkeiten lernt man _____, wenn man sie regelmäßig anwendet.",am schnellsten,"Neue Fähigkeiten lernt man am schnellsten, wenn man sie regelmäßig anwendet.",You learn new skills fastest when you practice them regularly.,On acquiert de nouvelles compétences le plus rapidement lorsqu'on les met régulièrement en pratique.,am schnellsten = fastest,am schnellsten = le plus rapidement,,
43,Von allen Verkehrsmitteln kommt man auf dieser Strecke mit dem Zug _____ ans Ziel.,am schnellsten,Von allen Verkehrsmitteln kommt man auf dieser Strecke mit dem Zug am schnellsten ans Ziel.,"Of all means of transport, the train gets you to your destination the fastest on this route.","De tous les moyens de transport, c'est le train qui permet d'arriver le plus rapidement à destination sur ce trajet.",am schnellsten = fastest,am schnellsten = le plus rapidement,,
43,"Das Problem lässt sich _____ lösen, wenn alle Beteiligten zusammenarbeiten.",am schnellsten,"Das Problem lässt sich am schnellsten lösen, wenn alle Beteiligten zusammenarbeiten.",The problem can be solved the fastest if everyone involved works together.,Le problème peut être résolu le plus rapidement si toutes les personnes concernées collaborent.,am schnellsten = fastest,am schnellsten = le plus rapidement,,
43,"Von allen Gruppen arbeitete die letzte _____, lieferte aber die genauesten Ergebnisse.",am langsamsten,"Von allen Gruppen arbeitete die letzte am langsamsten, lieferte aber die genauesten Ergebnisse.","Of all the groups, the last one worked the most slowly but produced the most accurate results.","De tous les groupes, le dernier a travaillé le plus lentement, mais a obtenu les résultats les plus précis.",am langsamsten = most slowly,am langsamsten = le plus lentement,,
43,"Der Computer startet _____, wenn gleichzeitig viele Programme geöffnet sind.",am langsamsten,"Der Computer startet am langsamsten, wenn gleichzeitig viele Programme geöffnet sind.",The computer starts up the most slowly when many programs are open at the same time.,L'ordinateur démarre le plus lentement lorsque de nombreux programmes sont ouverts en même temps.,am langsamsten = most slowly,am langsamsten = le plus lentement,,
43,Ohne ausreichende Informationen trifft man Entscheidungen _____.,am langsamsten,Ohne ausreichende Informationen trifft man Entscheidungen am langsamsten.,"Without sufficient information, people make decisions the most slowly.","Sans informations suffisantes, on prend les décisions le plus lentement.",am langsamsten = most slowly,am langsamsten = le plus lentement,,
43,Von allen Kandidaten hat sie _____ auf ihre Rückmeldung warten müssen.,am längsten,Von allen Kandidaten hat sie am längsten auf ihre Rückmeldung warten müssen.,"Of all the candidates, she had to wait the longest for a response.","De tous les candidats, c'est elle qui a dû attendre le plus longtemps avant de recevoir une réponse.",am längsten = longest,am längsten = le plus longtemps,,
43,Im Winter bleibt die Sonne im Norden Deutschlands _____ unter dem Horizont.,am längsten,Im Winter bleibt die Sonne im Norden Deutschlands am längsten unter dem Horizont.,"In winter, the sun stays below the horizon the longest in northern Germany.","En hiver, c'est dans le nord de l'Allemagne que le soleil reste le plus longtemps sous l'horizon.",am längsten = longest,am längsten = le plus longtemps,,
43,Welches Kapitel hat dich _____ beschäftigt?,am längsten,Welches Kapitel hat dich am längsten beschäftigt?,Which chapter kept you busy the longest?,Quel chapitre t'a occupé le plus longtemps ?,am längsten = longest,am längsten = le plus longtemps,,
43,"Dem Bahnhof liegt unser Hotel _____, deshalb können wir zu Fuß dorthin gehen.",am nächsten,"Dem Bahnhof liegt unser Hotel am nächsten, deshalb können wir zu Fuß dorthin gehen.","Our hotel is the closest to the station, so we can walk there.",Notre hôtel est le plus proche de la gare ; nous pouvons donc nous y rendre à pied.,"am nächsten = nearest, closest",am nächsten = le plus proche,,
43,Seine Erklärung kam der Wahrheit _____.,am nächsten,Seine Erklärung kam der Wahrheit am nächsten.,His explanation came closest to the truth.,Son explication était la plus proche de la vérité.,"am nächsten = nearest, closest",am nächsten = le plus proche,,
43,Von allen Vorschlägen entspricht dieser _____ unseren ursprünglichen Zielen.,am nächsten,Von allen Vorschlägen entspricht dieser am nächsten unseren ursprünglichen Zielen.,"Of all the proposals, this one comes closest to our original goals.","Parmi toutes les propositions, c'est celle-ci qui correspond le plus à nos objectifs initiaux.","am nächsten = nearest, closest",am nächsten = le plus proche,,
43,"Von allen Teilnehmern ist sie _____ gereist, um an der Konferenz teilzunehmen.",am weitesten,"Von allen Teilnehmern ist sie am weitesten gereist, um an der Konferenz teilzunehmen.","Of all the participants, she travelled the farthest to attend the conference.","Parmi tous les participants, c'est elle qui a voyagé le plus loin pour assister à la conférence.",am weitesten = farthest,"am weitesten = le plus loin, le plus avancé",,
43,Die Verhandlungen sind in diesem Bereich _____ fortgeschritten.,am weitesten,Die Verhandlungen sind in diesem Bereich am weitesten fortgeschritten.,The negotiations have progressed the furthest in this area.,Les négociations sont les plus avancées dans ce domaine.,am weitesten = farthest,"am weitesten = le plus loin, le plus avancé",,
43,"Unter den vorgeschlagenen Lösungen geht dieser Ansatz _____, weil er das Problem grundlegend verändert.",am weitesten,"Unter den vorgeschlagenen Lösungen geht dieser Ansatz am weitesten, weil er das Problem grundlegend verändert.","Among the proposed solutions, this approach goes the furthest because it fundamentally changes the problem.","Parmi les solutions proposées, cette approche va le plus loin, car elle modifie fondamentalement le problème.",am weitesten = farthest,"am weitesten = le plus loin, le plus avancé",,
43,"Die Nachfrage ist _____, wenn das neue Produkt gerade auf den Markt kommt.",am höchsten,"Die Nachfrage ist am höchsten, wenn das neue Produkt gerade auf den Markt kommt.",Demand is at its highest when the new product has just been launched.,La demande est la plus forte lorsque le nouveau produit vient d'être lancé sur le marché.,am höchsten = highest,"am höchsten = le plus haut, le plus élevé",,
43,Von allen Bergen in der Region ragt dieser _____ in den Himmel.,am höchsten,Von allen Bergen in der Region ragt dieser am höchsten in den Himmel.,"Of all the mountains in the region, this one rises the highest into the sky.","De toutes les montagnes de la région, c'est celle-ci qui s'élève le plus haut dans le ciel.",am höchsten = highest,"am höchsten = le plus haut, le plus élevé",,
43,Die Temperaturen steigen normalerweise am Nachmittag _____.,am höchsten,Die Temperaturen steigen normalerweise am Nachmittag am höchsten.,Temperatures usually reach their highest point in the afternoon.,Les températures atteignent généralement leur niveau le plus élevé dans l'après-midi.,am höchsten = highest,"am höchsten = le plus haut, le plus élevé",,
43,Der Verkehr ist montags zwischen sieben und acht Uhr _____.,am stärksten,Der Verkehr ist montags zwischen sieben und acht Uhr am stärksten.,Traffic is heaviest on Mondays between seven and eight o'clock.,La circulation est la plus dense le lundi entre sept et huit heures.,am stärksten = most strongly,am stärksten = le plus fortement,,
43,Von allen Argumenten hat mich dieses _____ überzeugt.,am stärksten,Von allen Argumenten hat mich dieses am stärksten überzeugt.,"Of all the arguments, this one convinced me the most.","De tous les arguments, c'est celui-ci qui m'a convaincu le plus.",am stärksten = most strongly,am stärksten = le plus fortement,,
43,"Die Wirtschaft wächst _____, wenn Unternehmen ausreichend investieren und Innovationen fördern.",am stärksten,"Die Wirtschaft wächst am stärksten, wenn Unternehmen ausreichend investieren und Innovationen fördern.",The economy grows the most strongly when companies invest sufficiently and promote innovation.,L'économie croît le plus fortement lorsque les entreprises investissent suffisamment et encouragent l'innovation.,am stärksten = most strongly,am stärksten = le plus fortement,,
43,"Neue Wörter merkt man sich _____, wenn man sie regelmäßig in Gesprächen verwendet.",am leichtesten,"Neue Wörter merkt man sich am leichtesten, wenn man sie regelmäßig in Gesprächen verwendet.",You remember new words most easily when you use them regularly in conversations.,On retient le plus facilement de nouveaux mots lorsqu'on les utilise régulièrement dans des conversations.,am leichtesten = most easily,am leichtesten = le plus facilement,,
43,Das Problem lässt sich _____ mit einer einfachen Skizze erklären.,am leichtesten,Das Problem lässt sich am leichtesten mit einer einfachen Skizze erklären.,The problem can be explained most easily with a simple sketch.,Le problème s'explique le plus facilement à l'aide d'un simple croquis.,am leichtesten = most easily,am leichtesten = le plus facilement,,
43,Von allen Programmiersprachen habe ich Python _____ gelernt.,am leichtesten,Von allen Programmiersprachen habe ich Python am leichtesten gelernt.,"Of all the programming languages, I learned Python the most easily.","De tous les langages de programmation, c'est Python que j'ai appris le plus facilement.",am leichtesten = most easily,am leichtesten = le plus facilement,,
43,"Diese Erklärung ist _____ geeignet, die widersprüchlichen Ergebnisse der Studie zu erklären.",am ehesten,"Diese Erklärung ist am ehesten geeignet, die widersprüchlichen Ergebnisse der Studie zu erklären.",This explanation is the most suitable to explain the contradictory results of the study.,Cette explication est la plus susceptible d’expliquer les résultats contradictoires de l’étude.,"am ehesten = most likely, most readily","am ehesten = le plus probable, le plus susceptible",,
43,"Das Szenario erscheint _____ realistisch, wenn man die aktuellen wirtschaftlichen Entwicklungen berücksichtigt.",am ehesten,"Das Szenario erscheint am ehesten realistisch, wenn man die aktuellen wirtschaftlichen Entwicklungen berücksichtigt.",This scenario seems most realistic when one considers current economic developments.,Ce scénario paraît le plus réaliste si l’on tient compte des évolutions économiques actuelles.,"am ehesten = most likely, most readily","am ehesten = le plus probable, le plus susceptible",,
43,Die vorgeschlagene Lösung dürfte _____ einen tragfähigen Kompromiss ermöglichen.,am ehesten,Die vorgeschlagene Lösung dürfte am ehesten einen tragfähigen Kompromiss ermöglichen.,The proposed solution is most likely to enable a viable compromise.,La solution proposée est la plus susceptible de permettre un compromis viable.,"am ehesten = most likely, most readily","am ehesten = le plus probable, le plus susceptible",,
43,Komplexe Zusammenhänge lassen sich _____ mithilfe eines praktischen Beispiels erklären.,am einfachsten,Komplexe Zusammenhänge lassen sich am einfachsten mithilfe eines praktischen Beispiels erklären.,Complex relationships can be explained most simply with the help of a practical example.,Les relations complexes s'expliquent le plus simplement à l'aide d'un exemple concret.,am einfachsten = most simply,am einfachsten = le plus simplement,,
43,"Wenn alle Unterlagen vollständig sind, lässt sich der Antrag _____ online einreichen.",am einfachsten,"Wenn alle Unterlagen vollständig sind, lässt sich der Antrag am einfachsten online einreichen.","If all the documents are complete, the application can be submitted most simply by using the online system.","Si tous les documents sont complets, la demande peut être déposée le plus simplement en ligne.",am einfachsten = most simply,am einfachsten = le plus simplement,,
43,"Neue Mitarbeitende lernen den Arbeitsablauf _____, indem sie erfahrene Kollegen zunächst begleiten.",am einfachsten,"Neue Mitarbeitende lernen den Arbeitsablauf am einfachsten, indem sie erfahrene Kollegen zunächst begleiten.",New employees learn the workflow most simply by first shadowing experienced colleagues.,Les nouveaux employés apprennent le déroulement du travail le plus simplement en accompagnant d'abord des collègues expérimentés.,am einfachsten = most simply,am einfachsten = le plus simplement,,
44,überhaupt nicht,gar nicht,Ich habe überhaupt nicht damit gerechnet.,"not at all, not even","pas du tout, même pas","gar nicht = not at all, not even","gar nicht = pas du tout, même pas",,
44,anfänglich,anfangs,"Anfänglich war das Team unsicher, welche Strategie sinnvoll wäre.",initially,initialement,anfangs = initially,anfangs = initialement,,
44,insbesondere,besonders,"Wir haben die Risiken analysiert, insbesondere in Bezug auf die Lieferkette.","especially, particularly, above all","surtout, particulièrement","besonders = especially, particularly, above all","besonders = surtout, particulièrement",,
44,etwa,circa,Das Projekt wird etwa drei Monate dauern.,"approximately, about","environ, approximativement","circa = approximately, about","circa = environ, approximativement",,
44,zumindest,mindestens,Wir sollten zumindest die wichtigsten Punkte klären.,"at least, minimum","au moins, au minimum","mindestens = at least, minimum","mindestens = au moins, au minimum",,
44,derzeit,zurzeit,Derzeit verhandeln beide Parteien über die Bedingungen.,"currently, at present",actuellement,"zurzeit = currently, at present",zurzeit = actuellement,,
44,momentan,zurzeit,Wir arbeiten momentan an einer verbesserten Version.,"currently, at present",actuellement,"zurzeit = currently, at present",zurzeit = actuellement,,
44,noch nie,noch nicht,Ich habe noch nie so einen schönen Sonnenuntergang gesehen.,"not yet, still not","pas encore, toujours pas","noch nicht = not yet, still not","noch nicht = pas encore, toujours pas",,
44,wahrlich,wirklich,Das war wahrlich eine schwierige Entscheidung.,"really, truly",vraiment,"wirklich = really, truly",wirklich = vraiment,,
44,auf dauer,dauerhaft,"Die Belastung ist zu hoch, auf Dauer ist das nicht tragbar.","permanently, in the long term","en permanence, à long terme","dauerhaft = permanently, in the long term","dauerhaft = en permanence, à long terme",,
44,permanent,dauerhaft,"Er steht permanent unter Druck, weil die Erwartungen so hoch sind.","permanently, in the long term","en permanence, à long terme","dauerhaft = permanently, in the long term","dauerhaft = en permanence, à long terme",,
44,nun,jetzt,"Nun müssen wir entscheiden, wie wir weiter vorgehen.",now,maintenant,jetzt = now,jetzt = maintenant,,
44,oral,mündlich,"Die Vereinbarung wurde oral bestätigt, bevor sie schriftlich vorlag.",orally,oralement,mündlich = orally,mündlich = oralement,,
44,von sich selbst,spontan,"Er handelt oft von sich selbst, ohne lange zu überlegen.",spontaneously,spontanément,spontan = spontaneously,spontan = spontanément,,
44,unmittelbar,direkt,Die Entscheidung wirkte sich unmittelbar auf die Arbeitsweise des gesamten Teams aus.,directly,directement,direkt = directly,direkt = directement,,
44,mittelbar,indirekt,"Die neuen Regeln beeinflussen das Verhalten der Mitarbeiter nur mittelbar, indem sie zunächst die internen Prozesse verändern.",indirectly,indirectement,indirekt = indirectly,indirekt = indirectement,,
44,gemeinsam,zusammen,"Gemeinsam entwickelten sie eine Strategie, die nicht nur kurzfristige Erfolge versprach, sondern auch langfristige Stabilität sichern sollte.",together,ensemble,zusammen = together,zusammen = ensemble,,
44,individuell,einzeln,"Die Teilnehmer wurden individuell betreut, um auf ihre unterschiedlichen Bedürfnisse besser eingehen zu können.","individually, one by one","individuellement, un par un","einzeln = individually, one by one","einzeln = individuellement, un par un",,
44,eindeutig,deutlich,Die Daten sprechen eindeutig für diese Hypothese.,"clearly, significantly","clairement, significativement","deutlich = clearly, significantly","deutlich = clairement, significativement",,
44,legal,rechtlich,Das Unternehmen hat die Software legal erworben und genutzt.,legally,légalement,rechtlich = legally,rechtlich = légalement,,
45,,früher,später,"später = later, later on",später = plus tard,"früher = earlier, previously, back in the day","früher = plus tôt, auparavant, autrefois",,
45,,später,früher,"früher = earlier, previously, back in the day","früher = plus tôt, auparavant, autrefois","später = later, later on",später = plus tard,,
45,,vorgestern,übermorgen,übermorgen = the day after tomorrow,übermorgen = après-demain,vorgestern = the day before yesterday,vorgestern = avant-hier,übermorgen,
45,,übermorgen,vorgestern,vorgestern = the day before yesterday,vorgestern = avant-hier,übermorgen = the day after tomorrow,übermorgen = après-demain,vorgestern,
45,,anders,ähnlich,ähnlich = similarly,ähnlich = de la même manière,anders = differently,anders = différemment,,
45,,ähnlich,anders,anders = differently,anders = différemment,ähnlich = similarly,ähnlich = de la même manière,,
45,,auf jeden Fall,auf keinen Fall,"auf keinen fall = under no circumstance, definitely not","auf keinen fall = en aucun cas, certainement pas","auf jeden fall = definitely, for sure, absolutely","auf jeden fall = définitivement, à coup sûr, absolument",,
45,,auf keinen Fall,auf jeden Fall,"auf jeden fall = definitely, for sure, absolutely","auf jeden fall = définitivement, à coup sûr, absolument","auf keinen fall = under no circumstance, definitely not","auf keinen fall = en aucun cas, certainement pas",,
45,,langfristig,kurzfristig,kurzfristig = over the short term,kurzfristig = sur le court terme,langfristig = sur le long terme,langfristig = sur le long terme,,
45,,kurzfristig,langfristig,langfristig = over the long term,langfristig = sur le long terme,kurzfristig = sur le court terme,kurzfristig = sur le court terme,,
45,,schriftlich,mündlich,mündlich = orally,mündlich = oralement,"schriftlich = in written form, in writing","schriftlich = sous forme écrite, par écrit",,
45,,mündlich,schriftlich,"schriftlich = in written form, in writing","schriftlich = sous forme écrite, par écrit",mündlich = orally,mündlich = oralement,,
45,,formal,umgangssprachlich,umgangssprachlich = colloquially,umgangssprachlich = familièrement,formal = formally,formal = formellement,,
45,,umgangssprachlich,formal,formal = formally,formal = formellement,umgangssprachlich = colloquially,umgangssprachlich = familièrement,,
45,,direkt,indirekt,indirekt = indirectly,indirekt = indirectement,direkt = directement,direkt = directement,,
45,,indirekt,direkt,direkt = directly,direkt = directement,indirekt = indirectement,indirekt = indirectement,,
45,,aktiv,passiv,passiv = passively,passiv = passivement,aktiv = activement,aktiv = activement,,
45,,passiv,aktiv,aktiv = actively,aktiv = activement,passiv = passivement,passiv = passivement,,
45,,positiv,negativ,negativ = negatively,negativ = négativement,positiv = positivement,positiv = positivement,,
45,,negativ,positiv,positiv = positively,positiv = positivement,negativ = négativement,negativ = négativement,,
45,,richtig,falsch,falsch = incorrectly,"falsch = mal, incorrectement",richtig = correctement,richtig = correctement,,
45,,falsch,richtig,"richtig = correctly, properly",richtig = correctement,"falsch = mal, incorrectement","falsch = mal, incorrectement",,
45,,automatisch,manuell,manuell = manually,manuell = manuellement,automatisch = automatiquement,automatisch = automatiquement,,
45,,manuell,automatisch,automatisch = automatically,automatisch = automatiquement,manuell = manuellement,manuell = manuellement,,
45,,öffentlich,privat,"privat = privately, in private",privat = en privé,öffentlich = publiquement,öffentlich = publiquement,,
45,,privat,öffentlich,öffentlich = publicly,öffentlich = publiquement,privat = en privé,privat = en privé,,
45,,illegal,rechtlich,rechtlich = legally,rechtlich = légalement,illegal = illégalement,illegal = illégalement,,
45,,rechtlich,illegal,illegal = illegally,illegal = illégalement,rechtlich = légalement,rechtlich = légalement,,
46,,ab jetzt,,from now on,à partir de maintenant,ab jetzt = from now on,ab jetzt = à partir de maintenant,,
46,,im Voraus,,"ahead of time, in advance","à l'avance, en avance","im voraus = ahead of time, in advance","im voraus = à l'avance, en avance",,
46,,längst,,long ago,il y a longtemps,längst = long ago,längst = il y a longtemps,,
46,,vorerst,,"for now, for the time being","pour l'instant, pour le moment","vorerst = for now, for the time being","vorerst = pour l'instant, pour le moment",,
46,,vorhin,,earlier today,"tout à l'heure, plus tôt dans la journée",vorhin = earlier today,"vorhin = tout à l'heure, plus tôt dans la journée",,
46,,für immer,,forever,"pour toujours, à jamais",für immer = forever,"für immer = pour toujours, à jamais",,
46,,ganztags,,"all day, full-time",toute la journée,"ganztags = all day, full-time",ganztags = toute la journée,,
46,,halbtags,,"part-time, half days",à mi-temps,"halbtags = part-time, half days",halbtags = à mi-temps,,
47,"_____ gelten strengere Richtlinien, sodass alle Prozesse deutlich transparenter gestaltet werden müssen.",Ab jetzt,"Ab jetzt gelten strengere Richtlinien, sodass alle Prozesse deutlich transparenter gestaltet werden müssen.","From now on, stricter guidelines apply, meaning all processes must be made significantly more transparent.","À partir de maintenant, des directives plus strictes s’appliquent, ce qui exige une transparence nettement accrue des processus.",ab jetzt = from now on,ab jetzt = à partir de maintenant,,
47,"_____ wird das Team die Entwicklung engmaschiger überwachen, um Fehltrends frühzeitig zu erkennen.",Ab jetzt,"Ab jetzt wird das Team die Entwicklung engmaschiger überwachen, um Fehltrends frühzeitig zu erkennen.","From now on, the team will monitor the development more closely to detect negative trends early.","À partir de maintenant, l’équipe surveillera l’évolution de plus près afin de détecter rapidement les tendances négatives.",ab jetzt = from now on,ab jetzt = à partir de maintenant,,
47,"_____ liegt der Schwerpunkt nicht mehr auf kurzfristigen Erfolgen, sondern auf nachhaltigen Strukturen.",Ab jetzt,"Ab jetzt liegt der Schwerpunkt nicht mehr auf kurzfristigen Erfolgen, sondern auf nachhaltigen Strukturen.","From now on, the focus is no longer on short-term results but on sustainable structures.","À partir de maintenant, l’accent ne sera plus mis sur les résultats à court terme mais sur des structures durables.",ab jetzt = from now on,ab jetzt = à partir de maintenant,,
47,"_____ müssen alle Abteilungen ihre Entscheidungen detailliert dokumentieren, um spätere Konflikte zu vermeiden.",Ab jetzt,"Ab jetzt müssen alle Abteilungen ihre Entscheidungen detailliert dokumentieren, um spätere Konflikte zu vermeiden.","From now on, all departments must document their decisions in detail to avoid future conflicts.","À partir de maintenant, tous les départements devront documenter leurs décisions en détail pour éviter des conflits ultérieurs.",ab jetzt = from now on,ab jetzt = à partir de maintenant,,
47,"_____ wird jeder Fortschritt wöchentlich ausgewertet, damit Anpassungen schneller vorgenommen werden können.",Ab jetzt,"Ab jetzt wird jeder Fortschritt wöchentlich ausgewertet, damit Anpassungen schneller vorgenommen werden können.","From now on, every progress will be evaluated weekly so that adjustments can be made more quickly.","À partir de maintenant, chaque progrès sera évalué chaque semaine, afin que les ajustements puissent être faits plus rapidement.",ab jetzt = from now on,ab jetzt = à partir de maintenant,,
47,"Wir müssen _____ klären, welche Ressourcen benötigt werden, damit es später nicht zu Engpässen kommt.",im Voraus,"Wir müssen im Voraus klären, welche Ressourcen benötigt werden, damit es später nicht zu Engpässen kommt.",We need to clarify in advance which resources will be required so that bottlenecks don’t occur later.,Nous devons clarifier à l’avance quelles ressources seront nécessaires afin d’éviter des pénuries par la suite.,"im voraus = ahead of time, in advance","im voraus = à l'avance, en avance",,
47,"_____ ist schwer abzuschätzen, wie sich die Marktbedingungen entwickeln werden.",Im Voraus,"Im Voraus ist schwer abzuschätzen, wie sich die Marktbedingungen entwickeln werden.",It is difficult to predict in advance how market conditions will evolve.,Il est difficile d’estimer à l’avance comment les conditions du marché évolueront.,"im voraus = ahead of time, in advance","im voraus = à l'avance, en avance",,
47,"Die Teilnehmenden wurden gebeten, _____ Fragen einzureichen, damit die Diskussion strukturierter verläuft.",im Voraus,"Die Teilnehmenden wurden gebeten, im Voraus Fragen einzureichen, damit die Diskussion strukturierter verläuft.",Participants were asked to submit questions in advance so the discussion would be more structured.,Les participants ont été invités à soumettre leurs questions à l’avance pour rendre la discussion plus structurée.,"im voraus = ahead of time, in advance","im voraus = à l'avance, en avance",,
47,"_____ war nicht erkennbar, welche Konsequenzen diese Entscheidung nach sich ziehen würde.",Im Voraus,"Im Voraus war nicht erkennbar, welche Konsequenzen diese Entscheidung nach sich ziehen würde.",It was not foreseeable in advance what consequences this decision would entail.,Il n’était pas possible de prévoir à l’avance quelles conséquences cette décision entraînerait.,"im voraus = ahead of time, in advance","im voraus = à l'avance, en avance",,
47,"Die Organisatoren baten darum, sich _____ anzumelden, um die Planung zu erleichtern.",im Voraus,"Die Organisatoren baten darum, sich im Voraus anzumelden, um die Planung zu erleichtern.",The organizers asked everyone to register in advance to make planning easier.,Les organisateurs ont demandé de s’inscrire à l’avance afin de faciliter la planification.,"im voraus = ahead of time, in advance","im voraus = à l'avance, en avance",,
47,Ich habe die Aufgabe _____ erledigt.,längst,Ich habe die Aufgabe längst erledigt.,I finished the task long ago.,J'ai terminé cette tâche il y a longtemps.,längst = long ago,längst = il y a longtemps,,
47,Er hätte _____ zu Hause sein sollen.,längst,Er hätte längst zu Hause sein sollen.,He should have been home long ago.,Il aurait dû être rentré chez lui depuis longtemps.,längst = long ago,längst = il y a longtemps,,
47,Das Problem hätte _____ gelöst werden müssen.,längst,Das Problem hätte längst gelöst werden müssen.,The problem should have been solved long ago.,Ce problème aurait dû être résolu depuis longtemps.,längst = long ago,längst = il y a longtemps,,
47,"Sie hat _____ verstanden, dass es keine einfache Lösung gibt.",längst,"Sie hat längst verstanden, dass es keine einfache Lösung gibt.",She has long understood that there is no easy solution.,Elle a compris depuis longtemps qu'il n'existe pas de solution facile.,längst = long ago,längst = il y a longtemps,,
47,Wir hätten _____ eine Antwort auf unsere E-Mail bekommen sollen.,längst,Wir hätten längst eine Antwort auf unsere E-Mail bekommen sollen.,We should have received a reply to our email long ago.,Nous aurions dû recevoir une réponse à notre courriel depuis longtemps.,längst = long ago,längst = il y a longtemps,,
47,"Das Projekt wird _____ ausgesetzt, bis zusätzliche finanzielle Mittel bereitstehen.",vorerst,"Das Projekt wird vorerst ausgesetzt, bis zusätzliche finanzielle Mittel bereitstehen.",The project is suspended for now until additional funding becomes available.,"Le projet est suspendu pour l’instant, jusqu’à ce que des financements supplémentaires soient disponibles.","vorerst = for now, for the time being","vorerst = pour l'instant, pour le moment",,
47,"_____ bleibt unklar, wie sich die neuen Regelungen auf die bestehenden Prozesse auswirken werden.",Vorerst,"Vorerst bleibt unklar, wie sich die neuen Regelungen auf die bestehenden Prozesse auswirken werden.","For the time being, it remains unclear how the new regulations will affect existing processes.","Pour l’instant, il reste incertain comment les nouvelles réglementations affecteront les processus existants.","vorerst = for now, for the time being","vorerst = pour l'instant, pour le moment",,
47,"Die Leitung entschied sich _____ gegen weitere Maßnahmen, um die Entwicklungen zunächst zu beobachten.",vorerst,"Die Leitung entschied sich vorerst gegen weitere Maßnahmen, um die Entwicklungen zunächst zu beobachten.",Management decided against further measures for now in order to observe developments first.,"La direction a décidé pour l’instant de ne pas prendre de nouvelles mesures, afin d’observer d’abord l’évolution.","vorerst = for now, for the time being","vorerst = pour l'instant, pour le moment",,
47,"Die Ergebnisse sind _____ nur vorläufig, bis die detaillierte Analyse abgeschlossen ist.",vorerst,"Die Ergebnisse sind vorerst nur vorläufig, bis die detaillierte Analyse abgeschlossen ist.",The results are only preliminary for now until the detailed analysis is completed.,"Les résultats ne sont pour le moment que provisoires, en attendant l’analyse détaillée.","vorerst = for now, for the time being","vorerst = pour l'instant, pour le moment",,
47,"Die Abteilung arbeitet _____ mit einer Übergangslösung, bis eine dauerhafte Struktur eingeführt werden kann.",vorerst,"Die Abteilung arbeitet vorerst mit einer Übergangslösung, bis eine dauerhafte Struktur eingeführt werden kann.",The department is working with a temporary solution for now until a permanent structure can be implemented.,"Le service fonctionne pour l’instant avec une solution transitoire, jusqu’à ce qu’une structure permanente puisse être mise en place.","vorerst = for now, for the time being","vorerst = pour l'instant, pour le moment",,
47,"_____ wurde ein Vorschlag gemacht, der die Diskussion in eine völlig neue Richtung lenkte.",Vorhin,"Vorhin wurde ein Vorschlag gemacht, der die Diskussion in eine völlig neue Richtung lenkte.","Earlier today, a proposal was made that steered the discussion in a completely new direction.","Tout à l'heure, une proposition a été faite qui a orienté la discussion dans une toute nouvelle direction.",vorhin = earlier today,"vorhin = tout à l'heure, plus tôt dans la journée",,
47,"_____ schien die Einigung noch in weiter Ferne, doch inzwischen zeichnet sich ein Kompromiss ab.",Vorhin,"Vorhin schien die Einigung noch in weiter Ferne, doch inzwischen zeichnet sich ein Kompromiss ab.","Earlier today, agreement seemed a long way off, but now a compromise is emerging.","Tout à l'heure, l'accord semblait encore loin, mais entre-temps, un compromis se profile.",vorhin = earlier today,"vorhin = tout à l'heure, plus tôt dans la journée",,
47,"_____ hatte er die Bedeutung des Problems unterschätzt, was ihm inzwischen deutlich geworden ist.",Vorhin,"Vorhin hatte er die Bedeutung des Problems unterschätzt, was ihm inzwischen deutlich geworden ist.","Earlier today, he had underestimated the significance of the problem, but he has since realized its importance.","Tout à l'heure, il avait sous-estimé l'importance du problème, mais il s'en rend compte maintenant.",vorhin = earlier today,"vorhin = tout à l'heure, plus tôt dans la journée",,
47,"_____ wurde die Entscheidung noch kritisch hinterfragt, während sie nun zunehmend akzeptiert wird.",Vorhin,"Vorhin wurde die Entscheidung noch kritisch hinterfragt, während sie nun zunehmend akzeptiert wird.","Earlier today, the decision was still being critically questioned, but now it is increasingly being accepted.","Tout à l'heure, la décision était encore remise en question, mais elle est désormais de plus en plus acceptée.",vorhin = earlier today,"vorhin = tout à l'heure, plus tôt dans la journée",,
47,"_____ hat sie eine Bemerkung gemacht, deren Tragweite sich erst jetzt vollständig zeigt.",Vorhin,"Vorhin hat sie eine Bemerkung gemacht, deren Tragweite sich erst jetzt vollständig zeigt.","Earlier today, she made a comment whose significance is only now becoming fully apparent.","Tout à l'heure, elle a fait une remarque dont on ne mesure pleinement la portée que maintenant.",vorhin = earlier today,"vorhin = tout à l'heure, plus tôt dans la journée",,
47,Mit dieser Entscheidung hat er sich _____ aus dem Kreis der Vertrauenspersonen ausgeschlossen.,für immer,Mit dieser Entscheidung hat er sich für immer aus dem Kreis der Vertrauenspersonen ausgeschlossen.,"With this decision, he excluded himself forever from the circle of trusted people.","Par cette décision, il s’est exclu pour toujours du cercle des personnes de confiance.",für immer = forever,"für immer = pour toujours, à jamais",,
47,Die Erfahrung hat ihre Sicht auf Verantwortung _____ verändert.,für immer,Die Erfahrung hat ihre Sicht auf Verantwortung für immer verändert.,The experience changed her view of responsibility forever.,Cette expérience a modifié à jamais sa perception de la responsabilité.,für immer = forever,"für immer = pour toujours, à jamais",,
47,"Was einmal öffentlich gemacht wurde, bleibt im digitalen Zeitalter _____ abrufbar.",für immer,"Was einmal öffentlich gemacht wurde, bleibt im digitalen Zeitalter für immer abrufbar.",What has once been made public remains accessible forever in the digital age.,Ce qui a été rendu public une fois reste accessible pour toujours à l’ère numérique.,für immer = forever,"für immer = pour toujours, à jamais",,
47,"Er verließ das Land im Bewusstsein, dass er es _____ hinter sich ließ.",für immer,"Er verließ das Land im Bewusstsein, dass er es für immer hinter sich ließ.",He left the country aware that he was leaving it behind forever.,Il a quitté le pays en sachant qu’il le laissait derrière lui pour toujours.,für immer = forever,"für immer = pour toujours, à jamais",,
47,Durch diesen Verrat ist das fragile Gleichgewicht zwischen den Parteien _____ zerstört worden.,für immer,Durch diesen Verrat ist das fragile Gleichgewicht zwischen den Parteien für immer zerstört worden.,"Through this betrayal, the fragile balance between the parties was destroyed forever.","Par cette trahison, l’équilibre fragile entre les parties a été détruit à jamais.",für immer = forever,"für immer = pour toujours, à jamais",,
47,"Seit Beginn des neuen Projekts arbeitet das Team _____, um den engen Zeitplan einzuhalten.",ganztags,"Seit Beginn des neuen Projekts arbeitet das Team ganztags, um den engen Zeitplan einzuhalten.","Since the start of the new project, the team has been working full-time (all day) to meet the tight schedule.","Depuis le début du nouveau projet, l'équipe travaille à temps plein afin de respecter le calendrier serré.","ganztags = all day, full-time",ganztags = toute la journée,,
47,Während der Sommerferien wird das Betreuungsangebot _____ angeboten.,ganztags,Während der Sommerferien wird das Betreuungsangebot ganztags angeboten.,"During the summer holidays, childcare is available all day.","Pendant les vacances d'été, le service de garde est proposé toute la journée.","ganztags = all day, full-time",ganztags = toute la journée,,
47,Nach Abschluss ihres Studiums möchte sie wieder _____ arbeiten.,ganztags,Nach Abschluss ihres Studiums möchte sie wieder ganztags arbeiten.,"After finishing her studies, she wants to work full-time again.","Après avoir terminé ses études, elle souhaite retravailler à temps plein.","ganztags = all day, full-time",ganztags = toute la journée,,
47,Die Konferenz findet _____ statt und umfasst mehrere Vorträge sowie Workshops.,ganztags,Die Konferenz findet ganztags statt und umfasst mehrere Vorträge sowie Workshops.,The conference takes place all day and includes several lectures and workshops.,La conférence se déroule toute la journée et comprend plusieurs conférences ainsi que des ateliers.,"ganztags = all day, full-time",ganztags = toute la journée,,
47,"Obwohl er zuvor halbtags beschäftigt war, arbeitet er inzwischen _____ im Unternehmen.",ganztags,"Obwohl er zuvor halbtags beschäftigt war, arbeitet er inzwischen ganztags im Unternehmen.","Although he previously worked half days, he now works full-time at the company.","Bien qu'il ait auparavant travaillé à mi-temps, il travaille désormais à temps plein dans l'entreprise.","ganztags = all day, full-time",ganztags = toute la journée,,
47,"Nach der Geburt ihres Kindes arbeitet sie _____, um mehr Zeit mit ihrer Familie verbringen zu können.",halbtags,"Nach der Geburt ihres Kindes arbeitet sie halbtags, um mehr Zeit mit ihrer Familie verbringen zu können.","After the birth of her child, she works part-time (half days) so that she can spend more time with her family.","Après la naissance de son enfant, elle travaille à mi-temps afin de pouvoir passer plus de temps avec sa famille.","halbtags = part-time, half days",halbtags = à mi-temps,,
47,"Viele Studierende arbeiten während des Semesters _____, um ihr Studium zu finanzieren.",halbtags,"Viele Studierende arbeiten während des Semesters halbtags, um ihr Studium zu finanzieren.",Many students work half days during the semester to finance their studies.,De nombreux étudiants travaillent à mi-temps pendant le semestre afin de financer leurs études.,"halbtags = part-time, half days",halbtags = à mi-temps,,
47,"Obwohl er inzwischen _____ beschäftigt ist, übernimmt er weiterhin anspruchsvolle Projekte.",halbtags,"Obwohl er inzwischen halbtags beschäftigt ist, übernimmt er weiterhin anspruchsvolle Projekte.","Although he now works half days, he still takes on demanding projects.","Bien qu'il travaille désormais à mi-temps, il continue d'assumer des projets exigeants.","halbtags = part-time, half days",halbtags = à mi-temps,,
47,"Das Unternehmen sucht jemanden, der zunächst _____ arbeitet und später eine Vollzeitstelle übernehmen kann.",halbtags,"Das Unternehmen sucht jemanden, der zunächst halbtags arbeitet und später eine Vollzeitstelle übernehmen kann.",The company is looking for someone who will initially work half days and later take on a full-time position.,L'entreprise recherche une personne qui travaillera d'abord à mi-temps avant d'occuper un poste à temps plein.,"halbtags = part-time, half days",halbtags = à mi-temps,,
47,"Sie entschied sich bewusst dafür, _____ zu arbeiten, um nebenbei eine Weiterbildung zu absolvieren.",halbtags,"Sie entschied sich bewusst dafür, halbtags zu arbeiten, um nebenbei eine Weiterbildung zu absolvieren.",She deliberately chose to work half days in order to complete further training alongside her job.,Elle a volontairement choisi de travailler à mi-temps afin de suivre une formation complémentaire en parallèle.,"halbtags = part-time, half days",halbtags = à mi-temps,,
48,,mittendrin,,"right in the middle, in the middle of it",juste au milieu,"mittendrin = right in the middle, in the middle of it",mittendrin = juste au milieu,,
48,,nebenan,,next door,à côté,nebenan = next door,nebenan = à côté,,
48,,quer,,"across, crosswise",à travers,"quer = across, crosswise",quer = à travers,,
48,,rundum,,all around,tout autour,rundum = all around,rundum = tout autour,,
48,,beiseite,,aside,"à l'écart, à part",beiseite = aside,"beiseite = à l'écart, à part",,
48,,vielerorts,,in many places,"en de nombreux endroits, à plusieurs endroits",vielerorts = in many places,"vielerorts = en de nombreux endroits, à plusieurs endroits",,
48,,hierzulande,,"in this country, in this part of the world","dans ce pays, dans cette partie du monde","hierzulande = in this country, in this part of the world","hierzulande = dans ce pays, dans cette partie du monde",,
48,,vor Ort,,on site,sur place,vor ort = on site,vor ort = sur place,,
49,"_____ stellte das Team fest, dass eine entscheidende Variable im Modell völlig falsch berechnet worden war.",Mittendrin,"Mittendrin stellte das Team fest, dass eine entscheidende Variable im Modell völlig falsch berechnet worden war.","In the middle of it, the team realized that a crucial variable in the model had been calculated completely incorrectly.","En plein milieu, l’équipe s’est rendu compte qu’une variable essentielle du modèle avait été entièrement mal calculée.","mittendrin = right in the middle, in the middle of it",mittendrin = juste au milieu,,
49,"Die Diskussion war bereits hitzig, und _____ wurde ein neuer Bericht veröffentlicht, der alles veränderte.",mittendrin,"Die Diskussion war bereits hitzig, und mittendrin wurde ein neuer Bericht veröffentlicht, der alles veränderte.","The discussion was already heated, and right in the middle of it a new report was published that changed everything.","Le débat était déjà animé, et en plein milieu un nouveau rapport a été publié, ce qui a tout changé.","mittendrin = right in the middle, in the middle of it",mittendrin = juste au milieu,,
49,"Er war _____, eine Lösung zu präsentieren, als plötzlich die Technik versagte.",mittendrin,"Er war mittendrin, eine Lösung zu präsentieren, als plötzlich die Technik versagte.",He was in the middle of presenting a solution when the technology suddenly failed.,Il était en plein milieu de sa présentation d’une solution lorsque la technologie a brusquement cessé de fonctionner.,"mittendrin = right in the middle, in the middle of it",mittendrin = juste au milieu,,
49,"_____ wurde klar, dass die ursprüngliche Strategie nicht ausreichen würde, um die Ziele zu erreichen.",Mittendrin,"Mittendrin wurde klar, dass die ursprüngliche Strategie nicht ausreichen würde, um die Ziele zu erreichen.","In the midst of it, it became clear that the original strategy would not be sufficient to achieve the goals.","En plein milieu, il est devenu clair que la stratégie initiale ne suffirait pas pour atteindre les objectifs.","mittendrin = right in the middle, in the middle of it",mittendrin = juste au milieu,,
49,"Das Projekt schien gut zu laufen, doch _____ traten unerwartete rechtliche Probleme auf.",mittendrin,"Das Projekt schien gut zu laufen, doch mittendrin traten unerwartete rechtliche Probleme auf.","The project seemed to be running smoothly, but halfway through unexpected legal issues emerged.","Le projet semblait bien avancer, mais en plein milieu des problèmes juridiques inattendus sont apparus.","mittendrin = right in the middle, in the middle of it",mittendrin = juste au milieu,,
49,"Im Konferenzraum _____ wurde gleichzeitig über eine Strategie beraten, die erhebliche Auswirkungen auf unser Projekt haben könnte.",nebenan,"Im Konferenzraum nebenan wurde gleichzeitig über eine Strategie beraten, die erhebliche Auswirkungen auf unser Projekt haben könnte.","In the room next door, a strategy was being discussed that could have significant implications for our project.","Dans la salle d’à côté, on discutait d’une stratégie qui pourrait avoir des conséquences importantes pour notre projet.",nebenan = next door,nebenan = à côté,,
49,"Die Expertin aus dem Büro _____ wurde hinzugezogen, weil ihre Einschätzung für die Entscheidung entscheidend war.",nebenan,"Die Expertin aus dem Büro nebenan wurde hinzugezogen, weil ihre Einschätzung für die Entscheidung entscheidend war.",The expert from the office next door was consulted because her assessment was crucial for the decision.,"L’experte du bureau voisin a été sollicitée, car son analyse était déterminante pour la décision.",nebenan = next door,nebenan = à côté,,
49,"_____ entstand zur gleichen Zeit ein neues Forschungszentrum, das wichtige Synergien ermöglichen soll.",Nebenan,"Nebenan entstand zur gleichen Zeit ein neues Forschungszentrum, das wichtige Synergien ermöglichen soll.","At the same time, a new research center was being built next door, intended to create important synergies.","À côté, un nouveau centre de recherche était en construction, censé créer d’importantes synergies.",nebenan = next door,nebenan = à côté,,
49,"Während wir an unserer Präsentation arbeiteten, fand _____ ein intensives Vorbereitungstreffen für die Verhandlungen statt.",nebenan,"Während wir an unserer Präsentation arbeiteten, fand nebenan ein intensives Vorbereitungstreffen für die Verhandlungen statt.","While we were working on our presentation, an intense preparation meeting for the negotiations was taking place next door.","Pendant que nous travaillions sur notre présentation, une réunion de préparation intense pour les négociations se tenait dans la pièce voisine.",nebenan = next door,nebenan = à côté,,
49,"Im Gebäude _____ wurde ein Verfahren getestet, das unsere gesamte Arbeitsweise grundlegend verändern könnte.",nebenan,"Im Gebäude nebenan wurde ein Verfahren getestet, das unsere gesamte Arbeitsweise grundlegend verändern könnte.","In the building next door, a procedure was being tested that could fundamentally change our entire way of working.","Dans le bâtiment d’à côté, on testait une procédure qui pourrait transformer en profondeur notre manière de travailler.",nebenan = next door,nebenan = à côté,,
49,"Er musste sich _____ durch verschiedene Datenbanken arbeiten, um die widersprüchlichen Informationen abzugleichen.",quer,"Er musste sich quer durch verschiedene Datenbanken arbeiten, um die widersprüchlichen Informationen abzugleichen.",He had to work across several databases to reconcile the conflicting information.,Il a dû travailler en travers de plusieurs bases de données pour recouper les informations contradictoires.,"quer = across, crosswise",quer = à travers,,
49,"Die Kritik zog sich _____ durch alle Abteilungen, weil die Entscheidung weitreichende Folgen hatte.",quer,"Die Kritik zog sich quer durch alle Abteilungen, weil die Entscheidung weitreichende Folgen hatte.",The criticism ran across all departments because the decision had far-reaching consequences.,"Les critiques traversaient tous les départements, car la décision avait des conséquences importantes.","quer = across, crosswise",quer = à travers,,
49,"Die Forschenden arbeiteten _____ zu den klassischen Disziplinen, um ein völlig neues Modell zu entwickeln.",quer,"Die Forschenden arbeiteten quer zu den klassischen Disziplinen, um ein völlig neues Modell zu entwickeln.",The researchers worked across traditional disciplines to develop a completely new model.,Les chercheurs ont travaillé en travers des disciplines classiques pour développer un modèle entièrement nouveau.,"quer = across, crosswise",quer = à travers,,
49,"_____ durch die Diskussion zog sich die Frage, wie man die langfristigen Risiken realistisch einschätzen könne.",Quer,"Quer durch die Diskussion zog sich die Frage, wie man die langfristigen Risiken realistisch einschätzen könne.",Running through the entire discussion was the question of how to realistically assess the long-term risks.,Une question traversait toute la discussion : comment évaluer de manière réaliste les risques à long terme ?,"quer = across, crosswise",quer = à travers,,
49,"Die Probleme zogen sich _____ durch die Struktur des Projekts, was eine tiefgreifende Neuorganisation notwendig machte.",quer,"Die Probleme zogen sich quer durch die Struktur des Projekts, was eine tiefgreifende Neuorganisation notwendig machte.","The problems ran across the entire structure of the project, making a thorough reorganisation necessary.","Les problèmes traversaient toute la structure du projet, ce qui a rendu une réorganisation en profondeur nécessaire.","quer = across, crosswise",quer = à travers,,
49,"Die neue Lösung wurde _____ überarbeitet, damit sie den gestiegenen technischen Anforderungen gerecht wird.",rundum,"Die neue Lösung wurde rundum überarbeitet, damit sie den gestiegenen technischen Anforderungen gerecht wird.",The new solution was completely revised to meet the increased technical requirements.,La nouvelle solution a été entièrement révisée afin de répondre aux exigences techniques accrues.,rundum = all around,rundum = tout autour,,
49,"_____ zufrieden war niemand, da wesentliche Punkte weiterhin ungeklärt blieben.",Rundum,"Rundum zufrieden war niemand, da wesentliche Punkte weiterhin ungeklärt blieben.","No one was completely satisfied, since essential points remained unresolved.","Personne n’était pleinement satisfait, car des points essentiels restaient non résolus.",rundum = all around,rundum = tout autour,,
49,"Das Konzept wurde _____ positiv aufgenommen, weil es sowohl flexibel als auch langfristig tragfähig ist.",rundum,"Das Konzept wurde rundum positiv aufgenommen, weil es sowohl flexibel als auch langfristig tragfähig ist.",The concept was received positively across the board because it is both flexible and sustainable in the long run.,"Le concept a été accueilli favorablement de toutes parts, car il est à la fois flexible et durable.",rundum = all around,rundum = tout autour,,
49,"_____ herrschte Einigkeit darüber, dass ohne strukturelle Reformen kein Fortschritt möglich wäre.",Rundum,"Rundum herrschte Einigkeit darüber, dass ohne strukturelle Reformen kein Fortschritt möglich wäre.",There was unanimous agreement all around that no progress would be possible without structural reforms.,Il y avait un consensus général sur le fait qu’aucun progrès ne serait possible sans réformes structurelles.,rundum = all around,rundum = tout autour,,
49,"Die Veranstaltung bot ein _____ stimmiges Programm, das inhaltlich wie organisatorisch überzeugte.",rundum,"Die Veranstaltung bot ein rundum stimmiges Programm, das inhaltlich wie organisatorisch überzeugte.",The event offered a fully coherent program that was convincing both in content and organization.,"L’événement proposait un programme parfaitement cohérent, convaincant tant sur le plan du contenu que de l’organisation.",rundum = all around,rundum = tout autour,,
49,"Er nahm die Kollegin kurz _____, um ihr die sensiblen Informationen vertraulich zu erklären.",beiseite,"Er nahm die Kollegin kurz beiseite, um ihr die sensiblen Informationen vertraulich zu erklären.",He pulled the colleague aside briefly to explain the sensitive information confidentially.,Il a pris sa collègue à part un moment pour lui expliquer les informations sensibles en toute confidentialité.,beiseite = aside,"beiseite = à l'écart, à part",,
49,"Die Leitung legte die internen Konflikte nicht einfach _____, sondern arbeitete systematisch an einer Lösung.",beiseite,"Die Leitung legte die internen Konflikte nicht einfach beiseite, sondern arbeitete systematisch an einer Lösung.",Management did not simply set the internal conflicts aside but worked systematically toward a solution.,"La direction n’a pas simplement mis les conflits internes de côté, mais a travaillé de façon systématique à une solution.",beiseite = aside,"beiseite = à l'écart, à part",,
49,"Die Expertin schob alle persönlichen Vorbehalte _____, um die Lage objektiv beurteilen zu können.",beiseite,"Die Expertin schob alle persönlichen Vorbehalte beiseite, um die Lage objektiv beurteilen zu können.",The expert put all personal reservations aside in order to assess the situation objectively.,L’experte a mis de côté toutes ses réserves personnelles pour pouvoir évaluer la situation objectivement.,beiseite = aside,"beiseite = à l'écart, à part",,
49,"_____ gesagt: Die Datenlage ist deutlich fragiler, als es der offizielle Bericht vermuten lässt.",Beiseite,"Beiseite gesagt: Die Datenlage ist deutlich fragiler, als es der offizielle Bericht vermuten lässt.",Aside said: the data situation is much more fragile than the official report suggests.,Entre nous soit dit : les données sont bien plus fragiles que ne le laisse entendre le rapport officiel.,beiseite = aside,"beiseite = à l'écart, à part",,
49,"Trotz des Drucks schob das Team die kurzfristigen Bedenken _____, um sich auf die strategischen Ziele zu konzentrieren.",beiseite,"Trotz des Drucks schob das Team die kurzfristigen Bedenken beiseite, um sich auf die strategischen Ziele zu konzentrieren.","Despite the pressure, the team pushed short-term concerns aside to focus on the strategic goals.","Malgré la pression, l’équipe a mis de côté les préoccupations à court terme pour se concentrer sur les objectifs stratégiques.",beiseite = aside,"beiseite = à l'écart, à part",,
49,"_____ wird darüber diskutiert, wie man die bestehenden Strukturen modernisieren kann, ohne ihre Kernfunktionen zu gefährden.",Vielerorts,"Vielerorts wird darüber diskutiert, wie man die bestehenden Strukturen modernisieren kann, ohne ihre Kernfunktionen zu gefährden.","In many places, there is debate about how to modernize existing structures without jeopardizing their core functions.","En de nombreux endroits, on discute de la manière de moderniser les structures existantes sans en compromettre les fonctions essentielles.",vielerorts = in many places,"vielerorts = en de nombreux endroits, à plusieurs endroits",,
49,"_____ zeigen sich ähnliche Herausforderungen, was auf tiefere, systemische Ursachen hindeutet.",Vielerorts,"Vielerorts zeigen sich ähnliche Herausforderungen, was auf tiefere, systemische Ursachen hindeutet.","Similar challenges are appearing in many places, indicating deeper systemic causes.","Dans de nombreux endroits, on observe des défis similaires, ce qui indique des causes systémiques plus profondes.",vielerorts = in many places,"vielerorts = en de nombreux endroits, à plusieurs endroits",,
49,"Die Reformen stießen _____ auf Widerstand, weil sie langfristige Veränderungen verlangten.",vielerorts,"Die Reformen stießen vielerorts auf Widerstand, weil sie langfristige Veränderungen verlangten.",The reforms met resistance in many places because they required long-term changes.,"Les réformes ont rencontré de la résistance en de nombreux endroits, car elles exigeaient des changements à long terme.",vielerorts = in many places,"vielerorts = en de nombreux endroits, à plusieurs endroits",,
49,"_____ wurden neue Initiativen gestartet, um die Zusammenarbeit zwischen Forschung und Praxis zu stärken.",Vielerorts,"Vielerorts wurden neue Initiativen gestartet, um die Zusammenarbeit zwischen Forschung und Praxis zu stärken.",New initiatives have been launched in many places to strengthen cooperation between research and practice.,De nombreuses initiatives ont été lancées pour renforcer la coopération entre la recherche et la pratique.,vielerorts = in many places,"vielerorts = en de nombreux endroits, à plusieurs endroits",,
49,"_____ hat sich gezeigt, dass Transparenz ein wesentlicher Faktor für das Vertrauen der Öffentlichkeit ist.",Vielerorts,"Vielerorts hat sich gezeigt, dass Transparenz ein wesentlicher Faktor für das Vertrauen der Öffentlichkeit ist.",In many places it has become clear that transparency is a key factor for public trust.,"En de nombreux endroits, il est apparu que la transparence est un facteur essentiel pour la confiance du public.",vielerorts = in many places,"vielerorts = en de nombreux endroits, à plusieurs endroits",,
49,"_____ wird intensiv darüber diskutiert, wie man die Digitalisierung sozialverträglich gestalten kann.",Hierzulande,"Hierzulande wird intensiv darüber diskutiert, wie man die Digitalisierung sozialverträglich gestalten kann.","In this country, there is intense debate about how to shape digitalization in a socially responsible way.","Dans ce pays, on débat intensément de la manière de rendre la numérisation socialement acceptable.","hierzulande = in this country, in this part of the world","hierzulande = dans ce pays, dans cette partie du monde",,
49,"Viele Entwicklungen, die international längst etabliert sind, werden _____ noch mit großer Vorsicht betrachtet.",hierzulande,"Viele Entwicklungen, die international längst etabliert sind, werden hierzulande noch mit großer Vorsicht betrachtet.",Many developments that are long established internationally are still viewed with great caution here.,"De nombreuses évolutions, déjà bien établies ailleurs, sont encore abordées avec prudence ici.","hierzulande = in this country, in this part of the world","hierzulande = dans ce pays, dans cette partie du monde",,
49,"_____ legt man großen Wert auf gründliche Verfahren, auch wenn sie mehr Zeit in Anspruch nehmen.",Hierzulande,"Hierzulande legt man großen Wert auf gründliche Verfahren, auch wenn sie mehr Zeit in Anspruch nehmen.","In this country, great importance is placed on thorough procedures, even if they take more time.","Dans ce pays, on accorde beaucoup d’importance aux procédures minutieuses, même si elles prennent plus de temps.","hierzulande = in this country, in this part of the world","hierzulande = dans ce pays, dans cette partie du monde",,
49,"Obwohl nachhaltige Lösungen weltweit an Bedeutung gewinnen, zögern _____ noch immer viele Branchen mit konsequenten Maßnahmen.",hierzulande,"Obwohl nachhaltige Lösungen weltweit an Bedeutung gewinnen, zögern hierzulande noch immer viele Branchen mit konsequenten Maßnahmen.","Although sustainable solutions are gaining importance worldwide, many sectors here still hesitate to take consistent action.","Bien que les solutions durables gagnent en importance dans le monde, de nombreux secteurs hésitent encore ici à agir de manière cohérente.","hierzulande = in this country, in this part of the world","hierzulande = dans ce pays, dans cette partie du monde",,
49,"_____ zeigt sich zunehmend, dass Transparenz und nachvollziehbare Entscheidungen entscheidend für das Vertrauen der Öffentlichkeit sind.",Hierzulande,"Hierzulande zeigt sich zunehmend, dass Transparenz und nachvollziehbare Entscheidungen entscheidend für das Vertrauen der Öffentlichkeit sind.",It is increasingly clear in this country that transparency and well-reasoned decisions are crucial for public trust.,"Ici, il devient de plus en plus évident que la transparence et des décisions compréhensibles sont essentielles pour la confiance du public.","hierzulande = in this country, in this part of the world","hierzulande = dans ce pays, dans cette partie du monde",,
49,"Die Experten analysierten die Situation _____, um sich ein realistisches Bild der Lage zu verschaffen.",vor Ort,"Die Experten analysierten die Situation vor Ort, um sich ein realistisches Bild der Lage zu verschaffen.",The experts analyzed the situation on site to gain a realistic picture of the situation.,Les experts ont analysé la situation sur place afin de se faire une idée réaliste de la situation.,vor ort = on site,vor ort = sur place,,
49,"_____ zeigte sich, dass die Umsetzung der Maßnahmen deutlich komplexer war als ursprünglich angenommen.",Vor Ort,"Vor Ort zeigte sich, dass die Umsetzung der Maßnahmen deutlich komplexer war als ursprünglich angenommen.","On site, it became clear that implementing the measures was significantly more complex than originally assumed.","Sur place, il est apparu que la mise en œuvre des mesures était nettement plus complexe que prévu.",vor ort = on site,vor ort = sur place,,
49,"Die Entscheidung wurde nicht im Büro getroffen, sondern _____ in enger Abstimmung mit den Beteiligten.",vor Ort,"Die Entscheidung wurde nicht im Büro getroffen, sondern vor Ort in enger Abstimmung mit den Beteiligten.",The decision was not made in the office but on site in close coordination with those involved.,"La décision n’a pas été prise au bureau, mais sur place en étroite concertation avec les parties concernées.",vor ort = on site,vor ort = sur place,,
49,"Die Probleme ließen sich nur _____ vollständig erfassen, da Berichte und Daten das Ausmaß nicht ausreichend widerspiegelten.",vor Ort,"Die Probleme ließen sich nur vor Ort vollständig erfassen, da Berichte und Daten das Ausmaß nicht ausreichend widerspiegelten.","The problems could only be fully understood on site, as reports and data did not sufficiently reflect their extent.","Les problèmes ne pouvaient être pleinement compris que sur place, car les rapports et les données n’en reflétaient pas suffisamment l’ampleur.",vor ort = on site,vor ort = sur place,,
49,"_____ wurde deutlich, dass technische Lösungen allein nicht ausreichen würden, um die strukturellen Defizite zu beheben.",Vor Ort,"Vor Ort wurde deutlich, dass technische Lösungen allein nicht ausreichen würden, um die strukturellen Defizite zu beheben.","On site, it became clear that technical solutions alone would not be sufficient to address the structural deficits.","Sur place, il est devenu clair que les solutions techniques seules ne suffiraient pas à corriger les déficits structurels.",vor ort = on site,vor ort = sur place,,
50,,jeweils,,"respectively, each","respectivement, chacun","jeweils = respectively, each","jeweils = respectivement, chacun",,
50,,nicht einmal,,not even,même pas,nicht einmal = not even,nicht einmal = même pas,,
50,,allzu,,"all too, excessively",bien trop,"allzu = all too, excessively",allzu = bien trop,,
50,,durchweg,,"consistently, throughout","globalement, dans l'ensemble","durchweg = consistently, throughout","durchweg = globalement, dans l'ensemble",,
50,,geradezu,,"downright, virtually, simply","tout simplement, carrément","geradezu = downright, virtually, simply","geradezu = tout simplement, carrément",,
50,,möglichst,,"as ... as possible, if possible","autant ... que possible, si possible","möglichst = as ... as possible, if possible","möglichst = autant ... que possible, si possible",,
50,,bestens,,"perfectly, ideally",parfaitement,"bestens = perfectly, ideally",bestens = parfaitement,,
50,,im Gegenzug,,"in return, in exchange","en échange, en contrepartie","im gegenzug = in return, in exchange","im gegenzug = en échange, en contrepartie",,
50,,standardmäßig,,by default,par défault,standardmäßig = by default,standardmäßig = par défault,,
51,Die Teilnehmer erhalten _____ ein Zertifikat nach Abschluss des Kurses.,jeweils,Die Teilnehmer erhalten jeweils ein Zertifikat nach Abschluss des Kurses.,The participants each receive a certificate after completing the course.,Chaque participant reçoit un certificat à l'issue de la formation.,"jeweils = respectively, each","jeweils = respectivement, chacun",,
51,"Es gibt drei Gruppen, und _____ eine Gruppe arbeitet an einem anderen Projekt.",jeweils,"Es gibt drei Gruppen, und jeweils eine Gruppe arbeitet an einem anderen Projekt.","There are three groups, and each group works on a different project.","Il y a trois groupes, et chaque groupe travaille sur un projet différent.","jeweils = respectively, each","jeweils = respectivement, chacun",,
51,Die Prüfungen finden _____ am Montag und Mittwoch statt.,jeweils,Die Prüfungen finden jeweils am Montag und Mittwoch statt.,"The exams take place on Monday and Wednesday, respectively.",Les examens auront lieu respectivement lundi et mercredi.,"jeweils = respectively, each","jeweils = respectivement, chacun",,
51,Jeder Kunde kann _____ nur ein Produkt kostenlos testen.,jeweils,Jeder Kunde kann jeweils nur ein Produkt kostenlos testen.,Each customer can test only one product for free.,Chaque client ne peut tester qu'un seul produit gratuitement.,"jeweils = respectively, each","jeweils = respectivement, chacun",,
51,Die Züge fahren _____ alle 30 Minuten vom Hauptbahnhof ab.,jeweils,Die Züge fahren jeweils alle 30 Minuten vom Hauptbahnhof ab.,The trains depart from the main station every 30 minutes.,Les trains partent de la gare principale toutes les 30 minutes.,"jeweils = respectively, each","jeweils = respectivement, chacun",,
51,"Er hat die Präsentation _____ vorbereitet, obwohl er seit Wochen davon wusste.",nicht einmal,"Er hat die Präsentation nicht einmal vorbereitet, obwohl er seit Wochen davon wusste.","He didn’t even prepare the presentation, although he had known about it for weeks.","Il n’a même pas préparé la présentation, alors qu’il était au courant depuis des semaines.",nicht einmal = not even,nicht einmal = même pas,,
51,"Sie konnte sich _____ entschuldigen, nachdem klar war, dass sie im Unrecht war.",nicht einmal,"Sie konnte sich nicht einmal entschuldigen, nachdem klar war, dass sie im Unrecht war.",She couldn’t even apologize once it was clear she was in the wrong.,Elle n’a même pas pu s’excuser une fois qu’il était clair qu’elle avait tort.,nicht einmal = not even,nicht einmal = même pas,,
51,"Wir hatten _____ genug Zeit, um die wichtigsten Punkte zu besprechen.",nicht einmal,"Wir hatten nicht einmal genug Zeit, um die wichtigsten Punkte zu besprechen.",We didn’t even have enough time to discuss the main points.,Nous n’avions même pas assez de temps pour discuter des points essentiels.,nicht einmal = not even,nicht einmal = même pas,,
51,"Der Vertrag wurde _____ gelesen, bevor er unterschrieben wurde.",nicht einmal,"Der Vertrag wurde nicht einmal gelesen, bevor er unterschrieben wurde.",The contract wasn’t even read before it was signed.,Le contrat n’a même pas été lu avant d’être signé.,nicht einmal = not even,nicht einmal = même pas,,
51,"Er hat _____ versucht zu verstehen, warum die Entscheidung getroffen wurde.",nicht einmal,"Er hat nicht einmal versucht zu verstehen, warum die Entscheidung getroffen wurde.",He didn’t even try to understand why the decision was made.,Il n’a même pas essayé de comprendre pourquoi la décision a été prise.,nicht einmal = not even,nicht einmal = même pas,,
51,"Die Ergebnisse der Studie waren _____ positiv, auch wenn einzelne Aspekte kritisch diskutiert wurden.",durchweg,"Die Ergebnisse der Studie waren durchweg positiv, auch wenn einzelne Aspekte kritisch diskutiert wurden.","The results of the study were consistently positive, even though some aspects were discussed critically.","Les résultats de l’étude ont été globalement positifs, même si certains aspects ont été discutés de manière critique.","durchweg = consistently, throughout","durchweg = globalement, dans l'ensemble",,
51,"Das Feedback der Kunden fiel _____ negativ aus, was eine grundlegende Überarbeitung des Konzepts erforderlich machte.",durchweg,"Das Feedback der Kunden fiel durchweg negativ aus, was eine grundlegende Überarbeitung des Konzepts erforderlich machte.","Customer feedback was consistently negative, which made a fundamental revision of the concept necessary.","Les retours des clients ont été globalement négatifs, ce qui a rendu nécessaire une révision fondamentale du concept.","durchweg = consistently, throughout","durchweg = globalement, dans l'ensemble",,
51,"Die Argumentation war _____ schlüssig, ließ jedoch wichtige Gegenpositionen außer Acht.",durchweg,"Die Argumentation war durchweg schlüssig, ließ jedoch wichtige Gegenpositionen außer Acht.",The argumentation was consistently coherent but ignored important opposing positions.,"L’argumentation était globalement cohérente, mais elle ignorait des positions opposées importantes.","durchweg = consistently, throughout","durchweg = globalement, dans l'ensemble",,
51,"Die Umsetzung der Maßnahmen verlief _____ effizient, obwohl die Rahmenbedingungen schwierig waren.",durchweg,"Die Umsetzung der Maßnahmen verlief durchweg effizient, obwohl die Rahmenbedingungen schwierig waren.","The implementation of the measures was consistently efficient, although the conditions were difficult.","La mise en œuvre des mesures s’est déroulée de manière efficace dans l’ensemble, bien que les conditions aient été difficiles.","durchweg = consistently, throughout","durchweg = globalement, dans l'ensemble",,
51,Die Berichterstattung war _____ einseitig und trug zur Polarisierung der öffentlichen Meinung bei.,durchweg,Die Berichterstattung war durchweg einseitig und trug zur Polarisierung der öffentlichen Meinung bei.,The reporting was consistently one-sided and contributed to the polarization of public opinion.,La couverture médiatique a été globalement unilatérale et a contribué à la polarisation de l’opinion publique.,"durchweg = consistently, throughout","durchweg = globalement, dans l'ensemble",,
51,Die Geschwindigkeit der Veränderungen ist _____ beeindruckend.,geradezu,Die Geschwindigkeit der Veränderungen ist geradezu beeindruckend.,The speed of the changes is downright impressive.,La rapidité des changements est tout simplement impressionnante.,"geradezu = downright, virtually, simply","geradezu = tout simplement, carrément",,
51,Seine Reaktion war _____ provokativ und verschärfte die ohnehin angespannte Situation.,geradezu,Seine Reaktion war geradezu provokativ und verschärfte die ohnehin angespannte Situation.,His reaction was downright provocative and exacerbated the already tense situation.,Sa réaction était carrément provocatrice et a aggravé une situation déjà tendue.,"geradezu = downright, virtually, simply","geradezu = tout simplement, carrément",,
51,Die Komplexität des Problems ist _____ überwältigend.,geradezu,Die Komplexität des Problems ist geradezu überwältigend.,The complexity of the problem is downright overwhelming.,La complexité du problème est tout simplement écrasante.,"geradezu = downright, virtually, simply","geradezu = tout simplement, carrément",,
51,"Das Ergebnis war _____ paradox, da die Maßnahme das Gegenteil des Beabsichtigten bewirkte.",geradezu,"Das Ergebnis war geradezu paradox, da die Maßnahme das Gegenteil des Beabsichtigten bewirkte.","The result was downright paradoxical, as the measure produced the opposite of what was intended.","Le résultat était carrément paradoxal, car la mesure a produit l’effet inverse de celui recherché.","geradezu = downright, virtually, simply","geradezu = tout simplement, carrément",,
51,"Seine Analyse war _____ brillant, auch wenn sie nicht alle Aspekte berücksichtigte.",geradezu,"Seine Analyse war geradezu brillant, auch wenn sie nicht alle Aspekte berücksichtigte.","His analysis was downright brilliant, even if it did not cover all aspects.","Son analyse était tout simplement brillante, même si elle ne prenait pas en compte tous les aspects.","geradezu = downright, virtually, simply","geradezu = tout simplement, carrément",,
51,"Du solltest _____ früh ankommen, um einen guten Platz zu bekommen.",möglichst,"Du solltest möglichst früh ankommen, um einen guten Platz zu bekommen.",You should arrive as early as possible to get a good seat.,Il est conseillé d'arriver le plus tôt possible pour avoir une bonne place.,"möglichst = as ... as possible, if possible","möglichst = autant ... que possible, si possible",,
51,Wir wollen die Aufgabe _____ schnell erledigen.,möglichst,Wir wollen die Aufgabe möglichst schnell erledigen.,We want to complete the task as quickly as possible.,Nous voulons terminer la tâche le plus rapidement possible.,"möglichst = as ... as possible, if possible","möglichst = autant ... que possible, si possible",,
51,"Versuche, den Text _____ genau zu übersetzen.",möglichst,"Versuche, den Text möglichst genau zu übersetzen.",Try to translate the text as accurately as possible.,Essayez de traduire le texte aussi précisément que possible.,"möglichst = as ... as possible, if possible","möglichst = autant ... que possible, si possible",,
51,Er möchte _____ wenig Geld für das Auto ausgeben.,möglichst,Er möchte möglichst wenig Geld für das Auto ausgeben.,He wants to spend as little money as possible on the car.,Il veut dépenser le moins d’argent possible pour la voiture.,"möglichst = as ... as possible, if possible","möglichst = autant ... que possible, si possible",,
51,_____ viele Teilnehmer sollten an der Umfrage teilnehmen.,Möglichst,Möglichst viele Teilnehmer sollten an der Umfrage teilnehmen.,As many participants as possible should take part in the survey.,Le plus grand nombre possible de participants doivent prendre part à l’enquête.,"möglichst = as ... as possible, if possible","möglichst = autant ... que possible, si possible",,
51,"_____ oft werden komplexe Probleme auf einfache Schlagworte reduziert, wodurch ihre eigentliche Tiefe verloren geht.",Allzu,"Allzu oft werden komplexe Probleme auf einfache Schlagworte reduziert, wodurch ihre eigentliche Tiefe verloren geht.","All too often, complex problems are reduced to simple slogans, which causes their true depth to be lost.","Trop souvent, des problèmes complexes sont réduits à de simples slogans, ce qui fait perdre leur véritable profondeur.","allzu = all too, excessively",allzu = bien trop,,
51,"Er war _____ bereit, die Verantwortung abzugeben, anstatt sich den Konsequenzen zu stellen.",allzu,"Er war allzu bereit, die Verantwortung abzugeben, anstatt sich den Konsequenzen zu stellen.",He was all too ready to relinquish responsibility instead of facing the consequences.,Il était bien trop prêt à se décharger de la responsabilité au lieu d’affronter les conséquences.,"allzu = all too, excessively",allzu = bien trop,,
51,_____ leicht übersieht man die langfristigen Folgen kurzfristiger Entscheidungen.,Allzu,Allzu leicht übersieht man die langfristigen Folgen kurzfristiger Entscheidungen.,"All too easily, one overlooks the long-term consequences of short-term decisions.",On néglige bien trop facilement les conséquences à long terme des décisions à court terme.,"allzu = all too, excessively",allzu = bien trop,,
51,"Die Debatte wurde _____ schnell emotional, sodass sachliche Argumente kaum noch Gehör fanden.",allzu,"Die Debatte wurde allzu schnell emotional, sodass sachliche Argumente kaum noch Gehör fanden.","The debate became emotional all too quickly, so that factual arguments hardly found any hearing.","Le débat est devenu bien trop rapidement émotionnel, si bien que les arguments rationnels ont à peine été entendus.","allzu = all too, excessively",allzu = bien trop,,
51,"Er vertraute _____ sehr auf statistische Modelle, ohne deren Grenzen ausreichend zu berücksichtigen.",allzu,"Er vertraute allzu sehr auf statistische Modelle, ohne deren Grenzen ausreichend zu berücksichtigen.",He relied all too heavily on statistical models without sufficiently taking their limitations into account.,Il s’est bien trop appuyé sur des modèles statistiques sans en considérer suffisamment les limites.,"allzu = all too, excessively",allzu = bien trop,,
51,Das Team ist _____ auf die bevorstehenden Herausforderungen vorbereitet.,bestens,Das Team ist bestens auf die bevorstehenden Herausforderungen vorbereitet.,The team is perfectly well prepared for the upcoming challenges.,L’équipe est parfaitement préparée aux défis à venir.,"bestens = perfectly, ideally",bestens = parfaitement,,
51,Er ist _____ mit den internen Abläufen vertraut und kann sofort Verantwortung übernehmen.,bestens,Er ist bestens mit den internen Abläufen vertraut und kann sofort Verantwortung übernehmen.,He is thoroughly familiar with the internal processes and can take responsibility immediately.,Il connaît parfaitement les processus internes et peut assumer des responsabilités immédiatement.,"bestens = perfectly, ideally",bestens = parfaitement,,
51,Die neuen Mitarbeiter wurden _____ in die Unternehmenskultur integriert.,bestens,Die neuen Mitarbeiter wurden bestens in die Unternehmenskultur integriert.,The new employees were very well integrated into the corporate culture.,Les nouveaux employés ont été très bien intégrés à la culture d’entreprise.,"bestens = perfectly, ideally",bestens = parfaitement,,
51,"Sie ist _____ darüber informiert, welche Risiken mit der Entscheidung verbunden sind.",bestens,"Sie ist bestens darüber informiert, welche Risiken mit der Entscheidung verbunden sind.",She is extremely well informed about the risks associated with the decision.,Elle est parfaitement informée des risques liés à la décision.,"bestens = perfectly, ideally",bestens = parfaitement,,
51,Das Konzept eignet sich _____ für eine langfristige strategische Ausrichtung.,bestens,Das Konzept eignet sich bestens für eine langfristige strategische Ausrichtung.,The concept is perfectly suited for a long-term strategic orientation.,Le concept se prête parfaitement à une orientation stratégique à long terme.,"bestens = perfectly, ideally",bestens = parfaitement,,
51,Das Unternehmen investierte in moderne Maschinen und erhielt _____ eine deutliche Produktivitätssteigerung.,im Gegenzug,Das Unternehmen investierte in moderne Maschinen und erhielt im Gegenzug eine deutliche Produktivitätssteigerung.,"The company invested in modern machinery and, in return, received a significant increase in productivity.","L'entreprise a investi dans des machines modernes et a obtenu, en contrepartie, une nette augmentation de sa productivité.","im gegenzug = in return, in exchange","im gegenzug = en échange, en contrepartie",,
51,"Er erklärte sich bereit, am Wochenende zu arbeiten, und durfte _____ einige zusätzliche Urlaubstage nehmen.",im Gegenzug,"Er erklärte sich bereit, am Wochenende zu arbeiten, und durfte im Gegenzug einige zusätzliche Urlaubstage nehmen.","He agreed to work at the weekend and, in return, was allowed to take a few additional vacation days.","Il a accepté de travailler le week-end et a pu, en contrepartie, prendre quelques jours de congé supplémentaires.","im gegenzug = in return, in exchange","im gegenzug = en échange, en contrepartie",,
51,"Die Universität gewährte ihr ein Stipendium; _____ verpflichtete sie sich, als Tutorin zu arbeiten.",im Gegenzug,"Die Universität gewährte ihr ein Stipendium; im Gegenzug verpflichtete sie sich, als Tutorin zu arbeiten.","The university granted her a scholarship; in return, she committed herself to working as a tutor.","L'université lui a accordé une bourse ; en contrepartie, elle s'est engagée à travailler comme tutrice.","im gegenzug = in return, in exchange","im gegenzug = en échange, en contrepartie",,
51,"Der Vermieter verzichtete auf die Mieterhöhung und erwartete _____, dass die Wohnung sorgfältig gepflegt würde.",im Gegenzug,"Der Vermieter verzichtete auf die Mieterhöhung und erwartete im Gegenzug, dass die Wohnung sorgfältig gepflegt würde.","The landlord waived the rent increase and, in return, expected the apartment to be looked after carefully.","Le propriétaire a renoncé à augmenter le loyer et attendait, en contrepartie, que l'appartement soit entretenu avec soin.","im gegenzug = in return, in exchange","im gegenzug = en échange, en contrepartie",,
51,Die beiden Unternehmen tauschten ihr technisches Wissen aus und erhielten _____ Zugang zu neuen Märkten.,im Gegenzug,Die beiden Unternehmen tauschten ihr technisches Wissen aus und erhielten im Gegenzug Zugang zu neuen Märkten.,"The two companies exchanged their technical expertise and, in return, gained access to new markets.","Les deux entreprises ont échangé leur savoir-faire technique et ont obtenu, en contrepartie, l'accès à de nouveaux marchés.","im gegenzug = in return, in exchange","im gegenzug = en échange, en contrepartie",,
51,Neue Benutzerkonten erhalten _____ nur eingeschränkte Zugriffsrechte.,standardmäßig,Neue Benutzerkonten erhalten standardmäßig nur eingeschränkte Zugriffsrechte.,New user accounts by default receive only limited access rights.,Les nouveaux comptes utilisateurs reçoivent par défaut uniquement des droits d'accès limités.,standardmäßig = by default,standardmäßig = par défault,,
51,Die Software speichert alle Dokumente _____ im PDF-Format.,standardmäßig,Die Software speichert alle Dokumente standardmäßig im PDF-Format.,The software by default saves all documents in PDF format.,Le logiciel enregistre par défaut tous les documents au format PDF.,standardmäßig = by default,standardmäßig = par défault,,
51,"_____ werden Benachrichtigungen per E-Mail versendet, können jedoch in den Einstellungen deaktiviert werden.",Standardmäßig,"Standardmäßig werden Benachrichtigungen per E-Mail versendet, können jedoch in den Einstellungen deaktiviert werden.","By default, notifications are sent by email, but they can be disabled in the settings.","Par défaut, les notifications sont envoyées par e-mail, mais elles peuvent être désactivées dans les paramètres.",standardmäßig = by default,standardmäßig = par défault,,
51,Das System aktiviert _____ die Zwei-Faktor-Authentifizierung für alle neuen Mitarbeitenden.,standardmäßig,Das System aktiviert standardmäßig die Zwei-Faktor-Authentifizierung für alle neuen Mitarbeitenden.,The system automatically by default enables two-factor authentication for all new employees.,Le système active par défaut l'authentification à deux facteurs pour tous les nouveaux employés.,standardmäßig = by default,standardmäßig = par défault,,
51,"Wenn keine Sprache ausgewählt wird, verwendet die Anwendung _____ Deutsch.",standardmäßig,"Wenn keine Sprache ausgewählt wird, verwendet die Anwendung standardmäßig Deutsch.","If no language is selected, the application by default uses German.","Si aucune langue n'est sélectionnée, l'application utilise par défaut l'allemand.",standardmäßig = by default,standardmäßig = par défault,,
52,,vorübergehend,,temporarily,temporairement,vorübergehend = temporarily,vorübergehend = temporairement,,
52,,erfolgreich,,successfully,avec succès,erfolgreich = successfully,erfolgreich = avec succès,,
52,,unabhängig,,independently,indépendamment,unabhängig = independently,unabhängig = indépendamment,,
52,,äußerst,,extremely,extrêmement,äußerst = extremely,äußerst = extrêmement,,
52,,übermäßig,,"excessively, overly","excessivement, trop","übermäßig = excessively, overly","übermäßig = excessivement, trop",,
52,,ursprünglich,,originally,à l'origine,ursprünglich = originally,ursprünglich = à l'origine,,
52,,objektiv,,objectively,objectivement,objektiv = objectively,objektiv = objectivement,,
52,,subjektiv,,subjectively,subjectivement,subjektiv = subjectively,subjektiv = subjectivement,,
52,,plötzlich,,"suddenly, all of a sudden","soudainement, tout à coup","plötzlich = suddenly, all of a sudden","plötzlich = soudainement, tout à coup",,
52,,ausschließlich,,exclusively,exclusivement,ausschließlich = exclusively,ausschließlich = exclusivement,,
52,,versehentlich,,"accidentally, inadvertently","accidentellement, par inadvertance","versehentlich = accidentally, inadvertently","versehentlich = accidentellement, par inadvertance",,
52,,freiwillig,,voluntarily,volontairement,freiwillig = voluntarily,freiwillig = volontairement,,
52,,vollständig,,"completely, fully",complètement,"vollständig = completely, fully",vollständig = complètement,,
52,,absichtlich,,"deliberately, intentionaly",délibérément,"absichtlich = deliberately, intentionaly",absichtlich = délibérément,,
52,,ausführlich,,"in detail, extensively","en détail, largement","ausführlich = in detail, extensively","ausführlich = en détail, largement",,
53,Die Filiale ist _____ geschlossen wegen Renovierungsarbeiten.,vorübergehend,Die Filiale ist vorübergehend geschlossen wegen Renovierungsarbeiten.,The branch is temporarily closed due to renovation work.,La succursale est temporairement fermée en raison de travaux de rénovation.,vorübergehend = temporarily,vorübergehend = temporairement,,
53,_____ arbeitet sie in einer anderen Abteilung.,Vorübergehend,Vorübergehend arbeitet sie in einer anderen Abteilung.,She is working in another department temporarily.,Elle travaille temporairement dans un autre service.,vorübergehend = temporarily,vorübergehend = temporairement,,
53,Der Zugang ist _____ nicht möglich.,vorübergehend,Der Zugang ist vorübergehend nicht möglich.,Access is temporarily unavailable.,L'accès est temporairement indisponible.,vorübergehend = temporarily,vorübergehend = temporairement,,
53,Das Unternehmen expandierte _____ in neue Märkte.,erfolgreich,Das Unternehmen expandierte erfolgreich in neue Märkte.,The company successfully expanded into new markets.,L’entreprise s’est développée avec succès sur de nouveaux marchés.,erfolgreich = successfully,erfolgreich = avec succès,,
53,Sie hat das Projekt _____ abgeschlossen.,erfolgreich,Sie hat das Projekt erfolgreich abgeschlossen.,She successfully completed the project.,Elle a mené le projet à bien avec succès.,erfolgreich = successfully,erfolgreich = avec succès,,
53,Das Team arbeitete _____ an der Umsetzung der Strategie.,erfolgreich,Das Team arbeitete erfolgreich an der Umsetzung der Strategie.,The team successfully worked on implementing the strategy.,L’équipe a travaillé avec succès à la mise en œuvre de la stratégie.,erfolgreich = successfully,erfolgreich = avec succès,,
53,Er arbeitet _____ von äußeren Einflüssen.,unabhängig,Er arbeitet unabhängig von äußeren Einflüssen.,He works independently of external influences.,Il travaille indépendamment des influences extérieures.,unabhängig = independently,unabhängig = indépendamment,,
53,Die Experten bewerten die Ergebnisse _____ voneinander.,unabhängig,Die Experten bewerten die Ergebnisse unabhängig voneinander.,The experts evaluate the results independently of each other.,Les experts évaluent les résultats indépendamment les uns des autres.,unabhängig = independently,unabhängig = indépendamment,,
53,Die Studie wurde _____ finanziert.,unabhängig,Die Studie wurde unabhängig finanziert.,The study was financed independently.,L’étude a été financée de manière indépendante.,unabhängig = independently,unabhängig = indépendamment,,
53,Das Hotel war _____ komfortabel und gut ausgestattet.,äußerst,Das Hotel war äußerst komfortabel und gut ausgestattet.,The hotel was extremely comfortable and well-equipped.,L'hôtel était extrêmement confortable et bien équipé.,äußerst = extremely,äußerst = extrêmement,,
53,Er ist ein _____ talentierter Musiker.,äußerst,Er ist ein äußerst talentierter Musiker.,He is an extremely talented musician.,C'est un musicien extrêmement talentueux.,äußerst = extremely,äußerst = extrêmement,,
53,Die Situation ist _____ kompliziert und erfordert eine schnelle Lösung.,äußerst,Die Situation ist äußerst kompliziert und erfordert eine schnelle Lösung.,The situation is extremely complicated and requires a quick solution.,La situation est extrêmement compliquée et nécessite une solution rapide.,äußerst = extremely,äußerst = extrêmement,,
53,Er trinkt _____ viel Kaffee und schläft deshalb schlecht.,übermäßig,Er trinkt übermäßig viel Kaffee und schläft deshalb schlecht.,He drinks an excessive amount of coffee and therefore sleeps poorly.,"Il boit une quantité excessive de café et, par conséquent, dort mal.","übermäßig = excessively, overly","übermäßig = excessivement, trop",,
53,"Das Essen war _____ salzig, sodass ich es kaum essen konnte.",übermäßig,"Das Essen war übermäßig salzig, sodass ich es kaum essen konnte.","The food was overly salty, so I could barely eat it.","La nourriture était beaucoup trop salée, je n'ai donc presque pas pu la manger.","übermäßig = excessively, overly","übermäßig = excessivement, trop",,
53,Sie macht sich _____ viele Sorgen über Kleinigkeiten.,übermäßig,Sie macht sich übermäßig viele Sorgen über Kleinigkeiten.,She worries excessively about small things.,Elle s'inquiète excessivement pour des broutilles.,"übermäßig = excessively, overly","übermäßig = excessivement, trop",,
53,"Ich komme _____ aus Berlin, lebe aber jetzt in Hamburg.",ursprünglich,"Ich komme ursprünglich aus Berlin, lebe aber jetzt in Hamburg.",I am originally from Berlin but now live in Hamburg.,Je suis originaire de Berlin mais je vis maintenant à Hambourg.,ursprünglich = originally,ursprünglich = à l'origine,,
53,"Das Gebäude war _____ eine Fabrik, bevor es renoviert wurde.",ursprünglich,"Das Gebäude war ursprünglich eine Fabrik, bevor es renoviert wurde.",The building was originally a factory before it was renovated.,Le bâtiment était à l'origine une usine avant d'être rénové.,ursprünglich = originally,ursprünglich = à l'origine,,
53,"_____ wollte er Medizin studieren, entschied sich aber für Jura.",Ursprünglich,"Ursprünglich wollte er Medizin studieren, entschied sich aber für Jura.","Originally, he wanted to study medicine but decided on law.","A l'origine, il voulait étudier la médecine mais il a opté pour le droit.",ursprünglich = originally,ursprünglich = à l'origine,,
53,_____ gesehen hat das Unternehmen in diesem Jahr weniger Gewinn gemacht.,Objektiv,Objektiv gesehen hat das Unternehmen in diesem Jahr weniger Gewinn gemacht.,"Objectively speaking, the company made less profit this year.","Objectivement parlant, l'entreprise a réalisé moins de bénéfices cette année.",objektiv = objectively,objektiv = objectivement,,
53,"Es ist schwer, in solchen Fällen _____ zu bleiben.",objektiv,"Es ist schwer, in solchen Fällen objektiv zu bleiben.",It’s hard to remain objective in such cases.,Il est difficile de rester objectif dans de tels cas.,objektiv = objectively,objektiv = objectivement,,
53,"Die Studie wurde _____ ausgewertet, ohne persönliche Meinungen einfließen zu lassen.",objektiv,"Die Studie wurde objektiv ausgewertet, ohne persönliche Meinungen einfließen zu lassen.","The study was evaluated objectively, without letting personal opinions affect it.","L'étude a été évaluée objectivement, sans que des opinions personnelles ne l'influencent.",objektiv = objectively,objektiv = objectivement,,
53,"_____ empfinde ich den Film als zu langatmig, obwohl er gute Kritiken bekommen hat.",Subjektiv,"Subjektiv empfinde ich den Film als zu langatmig, obwohl er gute Kritiken bekommen hat.","Subjectively, I find the film too tedious, even though it got good reviews.","Subjectivement, je trouve le film trop ennuyeux, même s'il a reçu de bonnes critiques.",subjektiv = subjectively,subjektiv = subjectivement,,
53,Man sollte bei der Beurteilung solcher Themen nicht nur _____ argumentieren.,subjektiv,Man sollte bei der Beurteilung solcher Themen nicht nur subjektiv argumentieren.,One shouldn't argue purely subjectively when evaluating such topics.,Il ne faut pas argumenter de manière purement subjective lorsqu'on aborde de tels sujets.,subjektiv = subjectively,subjektiv = subjectivement,,
53,Die Einschätzung des Risikos wurde teilweise _____ vorgenommen.,subjektiv,Die Einschätzung des Risikos wurde teilweise subjektiv vorgenommen.,The risk assessment was carried out subjectively in part.,L'évaluation des risques a été réalisée en partie de manière subjective.,subjektiv = subjectively,subjektiv = subjectivement,,
53,"Es wurde _____ dunkel, als die Sonne hinter den Wolken verschwand.",plötzlich,"Es wurde plötzlich dunkel, als die Sonne hinter den Wolken verschwand.",It suddenly became dark when the sun disappeared behind the clouds.,Il fit soudainement sombre lorsque le soleil disparut derrière les nuages.,"plötzlich = suddenly, all of a sudden","plötzlich = soudainement, tout à coup",,
53,"_____ begann es stark zu regnen, und wir mussten Schutz suchen.",Plötzlich,"Plötzlich begann es stark zu regnen, und wir mussten Schutz suchen.","Suddenly, it started to rain heavily, and we had to find shelter.","Soudain, il s’est mis à pleuvoir abondamment et nous avons dû trouver un abri.","plötzlich = suddenly, all of a sudden","plötzlich = soudainement, tout à coup",,
53,Er fühlte sich _____ schlecht und musste nach Hause gehen.,plötzlich,Er fühlte sich plötzlich schlecht und musste nach Hause gehen.,He suddenly felt unwell and had to go home.,Il s’est soudainement senti mal et a dû rentrer chez lui.,"plötzlich = suddenly, all of a sudden","plötzlich = soudainement, tout à coup",,
53,Dieses Angebot gilt _____ für neue Kunden.,ausschließlich,Dieses Angebot gilt ausschließlich für neue Kunden.,This offer is exclusively for new customers.,Cette offre est exclusivement réservée aux nouveaux clients.,ausschließlich = exclusively,ausschließlich = exclusivement,,
53,Er ernährt sich _____ von biologischen Lebensmitteln.,ausschließlich,Er ernährt sich ausschließlich von biologischen Lebensmitteln.,He eats exclusively organic food.,Il mange exclusivement des aliments biologiques.,ausschließlich = exclusively,ausschließlich = exclusivement,,
53,Die Parkplätze sind _____ für Mitarbeiter reserviert.,ausschließlich,Die Parkplätze sind ausschließlich für Mitarbeiter reserviert.,The parking spaces are reserved exclusively for employees.,Les places de parking sont réservées exclusivement aux salariés.,ausschließlich = exclusively,ausschließlich = exclusivement,,
53,"Er hat sich _____ gemeldet, um beim Projekt mitzuhelfen.",freiwillig,"Er hat sich freiwillig gemeldet, um beim Projekt mitzuhelfen.",He volunteered to help with the project.,Il s'est porté volontaire pour aider au projet.,freiwillig = voluntarily,freiwillig = volontairement,,
53,Niemand wurde gezwungen – alle haben _____ teilgenommen.,freiwillig,Niemand wurde gezwungen – alle haben freiwillig teilgenommen.,No one was forced – everyone participated voluntarily.,Personne n'a été forcé – la participation de chacun était volontaire.,freiwillig = voluntarily,freiwillig = volontairement,,
53,Sie arbeitet _____ in einem sozialen Projekt im Ausland.,freiwillig,Sie arbeitet freiwillig in einem sozialen Projekt im Ausland.,She works voluntarily on a social project abroad.,Elle travaille bénévolement sur un projet social à l'étranger.,freiwillig = voluntarily,freiwillig = volontairement,,
53,Ich habe _____ die falsche Datei gelöscht.,versehentlich,Ich habe versehentlich die falsche Datei gelöscht.,I accidentally deleted the wrong file.,J'ai supprimé le mauvais fichier par erreur.,"versehentlich = accidentally, inadvertently","versehentlich = accidentellement, par inadvertance",,
53,Sie hat _____ einen wichtigen Termin verpasst.,versehentlich,Sie hat versehentlich einen wichtigen Termin verpasst.,She accidentally missed an important appointment.,Elle a manqué un rendez-vous important par inadvertance.,"versehentlich = accidentally, inadvertently","versehentlich = accidentellement, par inadvertance",,
53,Der Mitarbeiter hat _____ vertrauliche Informationen weitergegeben.,versehentlich,Der Mitarbeiter hat versehentlich vertrauliche Informationen weitergegeben.,The employee accidentally passed on confidential information.,L'employé a transmis accidentellement des informations confidentielles.,"versehentlich = accidentally, inadvertently","versehentlich = accidentellement, par inadvertance",,
53,Die Aufgabe wurde _____ und fehlerfrei erledigt.,vollständig,Die Aufgabe wurde vollständig und fehlerfrei erledigt.,The task was completed fully and without errors.,La tâche a été entièrement accomplie et sans erreur.,"vollständig = completely, fully",vollständig = complètement,,
53,Ich habe den Bericht _____ gelesen und verstehe nun alles besser.,vollständig,Ich habe den Bericht vollständig gelesen und verstehe nun alles besser.,I read the report completely and now understand everything better.,J'ai lu le rapport en entier et je comprends maintenant tout mieux.,"vollständig = completely, fully",vollständig = complètement,,
53,Die Daten wurden _____ gelöscht und können nicht wiederhergestellt werden.,vollständig,Die Daten wurden vollständig gelöscht und können nicht wiederhergestellt werden.,The data was completely deleted and cannot be recovered.,Les données ont été définitivement effacées et ne peuvent être récupérées.,"vollständig = completely, fully",vollständig = complètement,,
53,"Er hat die Informationen _____ zurückgehalten, um Zeit zu gewinnen.",absichtlich,"Er hat die Informationen absichtlich zurückgehalten, um Zeit zu gewinnen.",He deliberately withheld the information to gain time.,Il a délibérément retenu les informations pour gagner du temps.,"absichtlich = deliberately, intentionaly",absichtlich = délibérément,,
53,"Die Daten wurden _____ manipuliert, um ein günstigeres Ergebnis zu erzielen.",absichtlich,"Die Daten wurden absichtlich manipuliert, um ein günstigeres Ergebnis zu erzielen.",The data were deliberately manipulated to achieve a more favorable result.,Les données ont été délibérément manipulées pour obtenir un résultat plus favorable.,"absichtlich = deliberately, intentionaly",absichtlich = délibérément,,
53,"Sie stellte die Frage _____ provokativ, um eine lebhafte Diskussion auszulösen.",absichtlich,"Sie stellte die Frage absichtlich provokativ, um eine lebhafte Diskussion auszulösen.",She deliberately phrased the question provocatively to trigger a lively discussion.,Elle a formulé la question de manière délibérément provocatrice afin de susciter un débat animé.,"absichtlich = deliberately, intentionaly",absichtlich = délibérément,,
53,"Der Professor erklärte das komplexe Thema _____, sodass alle es verstanden.",ausführlich,"Der Professor erklärte das komplexe Thema ausführlich, sodass alle es verstanden.","The professor explained the complex topic in detail, so everyone understood it.","Le professeur a expliqué le sujet complexe en détail, ce qui a permis à tout le monde de le comprendre.","ausführlich = in detail, extensively","ausführlich = en détail, largement",,
53,Sie hat ihre Meinung _____ in dem Bericht dargelegt.,ausführlich,Sie hat ihre Meinung ausführlich in dem Bericht dargelegt.,She presented her opinion in detail in the report.,Elle a présenté son opinion en détail dans le rapport.,"ausführlich = in detail, extensively","ausführlich = en détail, largement",,
53,"Wir haben das Problem _____ diskutiert, bevor wir eine Entscheidung trafen.",ausführlich,"Wir haben das Problem ausführlich diskutiert, bevor wir eine Entscheidung trafen.",We discussed the problem in detail before making a decision.,Nous avons discuté du problème en détail avant de prendre une décision.,"ausführlich = in detail, extensively","ausführlich = en détail, largement",,
54,,miteinander,,"with each other, jointly","les uns avec les autres, conjointement","miteinander = with each other, jointly","miteinander = les uns avec les autres, conjointement",,
54,,nebeneinander,,side by side,côte à côte,nebeneinander = side by side,nebeneinander = côte à côte,,
54,,aneinander,,"at each other, conflictingly","l'un à l'autre, de manière conflictuelle","aneinander = at each other, conflictingly","aneinander = l'un à l'autre, de manière conflictuelle",,
54,,aufeinander,,"on each other, on top of each other, on one another",les uns sur les autres,"aufeinander = on each other, on top of each other, on one another",aufeinander = les uns sur les autres,,
54,,auseinander,,"apart, asunder","à part, les uns des autres, en morceaux","auseinander = apart, asunder","auseinander = à part, les uns des autres, en morceaux",,
54,,durcheinander,,"in a confused manner, in a contradictory manner, in a mess","d'une manière contradictoire, d'une manière confuse","durcheinander = in a confused manner, in a contradictory manner, in a mess","durcheinander = d'une manière contradictoire, d'une manière confuse",,
54,,gegeneinander,,"against each other, against one another",les uns contre les autres,"gegeneinander = against each other, against one another",gegeneinander = les uns contre les autres,,
54,,hintereinander,,"one after the other, in a row","les uns derrière les autres, d'affilée","hintereinander = one after the other, in a row","hintereinander = les uns derrière les autres, d'affilée",,
54,,ineinander,,"into each other, in one another","l'un dans l'autre, étroitement","ineinander = into each other, in one another","ineinander = l'un dans l'autre, étroitement",,
54,,nacheinander,,successively,"les uns après les autres, successivement",nacheinander = successively,"nacheinander = les uns après les autres, successivement",,
54,,untereinander,,among themselves,entre eux,untereinander = among themselves,untereinander = entre eux,,
54,,voneinander,,"from each other, from one another","l'un de l'autre, les uns des autres","voneinander = from each other, from one another","voneinander = l'un de l'autre, les uns des autres",,
54,,zueinander,,"to each other, to one another, toward each other","l'un vers l'autre, les uns vers les autres","zueinander = to each other, to one another, toward each other","zueinander = l'un vers l'autre, les uns vers les autres",,
55,"Wir sollten offener _____ kommunizieren, um Missverständnisse zu vermeiden.",miteinander,"Wir sollten offener miteinander kommunizieren, um Missverständnisse zu vermeiden.",We should communicate more openly with each other to avoid misunderstandings.,Nous devrions communiquer plus ouvertement les uns avec les autres pour éviter les malentendus.,"miteinander = with each other, jointly","miteinander = les uns avec les autres, conjointement",,
55,Sie arbeiten schon seit Jahren gut _____ zusammen.,miteinander,Sie arbeiten schon seit Jahren gut miteinander zusammen.,They have been working well together for years.,Ils travaillent bien ensemble depuis des années.,"miteinander = with each other, jointly","miteinander = les uns avec les autres, conjointement",,
55,Nach dem Streit wollten sie nicht mehr _____ reden.,miteinander,Nach dem Streit wollten sie nicht mehr miteinander reden.,"After the argument, they didn’t want to talk to each other anymore.","Après la dispute, ils ne voulaient plus se parler.","miteinander = with each other, jointly","miteinander = les uns avec les autres, conjointement",,
55,Die beiden Konzepte können problemlos _____ existieren.,nebeneinander,Die beiden Konzepte können problemlos nebeneinander existieren.,The two concepts can easily exist side by side.,Les deux concepts peuvent facilement exister côte à côte.,nebeneinander = side by side,nebeneinander = côte à côte,,
55,In diesem Viertel leben Menschen unterschiedlicher Kulturen friedlich _____.,nebeneinander,In diesem Viertel leben Menschen unterschiedlicher Kulturen friedlich nebeneinander.,"In this neighborhood, people from different cultures live peacefully side by side.","Dans ce quartier, des gens de cultures différentes vivent paisiblement côte à côte.",nebeneinander = side by side,nebeneinander = côte à côte,,
55,Die Bücher stehen ordentlich _____ im Regal.,nebeneinander,Die Bücher stehen ordentlich nebeneinander im Regal.,The books are neatly lined up next to each other on the shelf.,Les livres sont soigneusement alignés les uns à côté des autres sur l’étagère.,nebeneinander = side by side,nebeneinander = côte à côte,,
55,"Die beiden Theorien stoßen in entscheidenden Punkten _____, was eine Synthese bislang verhindert hat.",aneinander,"Die beiden Theorien stoßen in entscheidenden Punkten aneinander, was eine Synthese bislang verhindert hat.","The two theories clash in crucial aspects, which has so far prevented a synthesis.","Les deux théories s’opposent sur des aspects cruciaux, ce qui a jusqu’à présent empêché une synthèse.","aneinander = at each other, conflictingly","aneinander = l'un à l'autre, de manière conflictuelle",,
55,"Während der langen Diskussion gerieten die Kollegen immer wieder _____, weil ihre Argumentationsweisen unvereinbar waren.",aneinander,"Während der langen Diskussion gerieten die Kollegen immer wieder aneinander, weil ihre Argumentationsweisen unvereinbar waren.","During the long discussion, the colleagues repeatedly came into conflict with each other because their ways of arguing were incompatible.","Au cours de la longue discussion, les collègues sont entrés à plusieurs reprises en conflit les uns avec les autres parce que leurs façons d’argumenter étaient incompatibles.","aneinander = at each other, conflictingly","aneinander = l'un à l'autre, de manière conflictuelle",,
55,"Die alten Gebäude lehnen dicht _____, sodass man kaum einen Spalt zwischen den Fassaden erkennt.",aneinander,"Die alten Gebäude lehnen dicht aneinander, sodass man kaum einen Spalt zwischen den Fassaden erkennt.","The old buildings lean closely against one another, so that you can hardly see a gap between the façades.","Les vieux bâtiments sont adossés les uns aux autres, de sorte qu'il est difficile de distinguer un espace entre les façades.","aneinander = at each other, conflictingly","aneinander = l'un à l'autre, de manière conflictuelle",,
55,"In der hitzigen Debatte schrien die Teilnehmer wild _____ ein, ohne einander wirklich zuzuhören.",aufeinander,"In der hitzigen Debatte schrien die Teilnehmer wild aufeinander ein, ohne einander wirklich zuzuhören.","In the heated debate, the participants shouted at one another wildly, without truly listening.","Au cours du débat houleux, les participants se sont criés dessus sans vraiment s'écouter.","aufeinander = on each other, on top of each other, on one another",aufeinander = les uns sur les autres,,
55,"Die vielen Schichten von Farbe wurden über Jahre hinweg _____ aufgetragen, was die Restaurierung erheblich erschwert.",aufeinander,"Die vielen Schichten von Farbe wurden über Jahre hinweg aufeinander aufgetragen, was die Restaurierung erheblich erschwert.","The many layers of paint were applied on top of each other over the years, which makes restoration considerably more difficult.","Les nombreuses couches de peinture ont été appliquées les unes sur les autres au fil des ans, ce qui rend la restauration considérablement plus difficile.","aufeinander = on each other, on top of each other, on one another",aufeinander = les uns sur les autres,,
55,Die Katastrophen scheinen sich in dieser Region regelrecht _____ zu stapeln.,aufeinander,Die Katastrophen scheinen sich in dieser Region regelrecht aufeinander zu stapeln.,The disasters in this region seem to pile up one on top of another.,Les catastrophes dans cette région semblent s’accumuler les unes sur les autres.,"aufeinander = on each other, on top of each other, on one another",aufeinander = les uns sur les autres,,
55,"Die beiden Freunde drifteten im Laufe der Jahre immer weiter _____, bis sie schließlich keinen Kontakt mehr hatten.",auseinander,"Die beiden Freunde drifteten im Laufe der Jahre immer weiter auseinander, bis sie schließlich keinen Kontakt mehr hatten.","Over the years, the two friends drifted further and further apart until they eventually lost all contact.","Au fil des années, les deux amis se sont de plus en plus éloignés jusqu'à perdre tout contact.","auseinander = apart, asunder","auseinander = à part, les uns des autres, en morceaux",,
55,"Nach dem Streit gingen sie wortlos _____, beide überzeugt davon, im Recht zu sein.",auseinander,"Nach dem Streit gingen sie wortlos auseinander, beide überzeugt davon, im Recht zu sein.","After the argument, they went their separate ways in silence, each convinced of being right.","Après la dispute, ils se séparèrent en silence, chacun convaincu d'avoir raison.","auseinander = apart, asunder","auseinander = à part, les uns des autres, en morceaux",,
55,"Die komplizierten Einzelteile der Maschine müssen vorsichtig _____ gebaut werden, um Schäden zu vermeiden.",auseinander,"Die komplizierten Einzelteile der Maschine müssen vorsichtig auseinander gebaut werden, um Schäden zu vermeiden.",The complicated components of the machine must be carefully taken apart to avoid damage.,Les composants complexes de la machine doivent être soigneusement démontés pour éviter tout dommage.,"auseinander = apart, asunder","auseinander = à part, les uns des autres, en morceaux",,
55,Nach dem plötzlichen Stromausfall geriet der gesamte Ablauf der Konferenz völlig _____.,durcheinander,Nach dem plötzlichen Stromausfall geriet der gesamte Ablauf der Konferenz völlig durcheinander.,"After the sudden power outage, the entire schedule of the conference was thrown into disarray.","Après la panne de courant soudaine, tout le programme de la conférence a été bouleversé.","durcheinander = in a confused manner, in a contradictory manner, in a mess","durcheinander = d'une manière contradictoire, d'une manière confuse",,
55,Die widersprüchlichen Informationen in den Medien bringen viele Menschen _____.,durcheinander,Die widersprüchlichen Informationen in den Medien bringen viele Menschen durcheinander.,The contradictory information in the media confuses many people.,Les informations contradictoires dans les médias déroutent beaucoup de gens.,"durcheinander = in a confused manner, in a contradictory manner, in a mess","durcheinander = d'une manière contradictoire, d'une manière confuse",,
55,"Als die Kinder wild _____ liefen, war es unmöglich, den Überblick zu behalten.",durcheinander,"Als die Kinder wild durcheinander liefen, war es unmöglich, den Überblick zu behalten.","When the children ran around in confusion, it was impossible to keep track.","Quand les enfants couraient partout, confus, il était impossible de les suivre.","durcheinander = in a confused manner, in a contradictory manner, in a mess","durcheinander = d'une manière contradictoire, d'une manière confuse",,
55,"In der hitzigen Debatte argumentierten die beiden Professoren leidenschaftlich _____, ohne eine gemeinsame Basis zu finden.",gegeneinander,"In der hitzigen Debatte argumentierten die beiden Professoren leidenschaftlich gegeneinander, ohne eine gemeinsame Basis zu finden.","In the heated debate, the two professors argued passionately against each other without finding common ground.","Au cours d'un débat houleux, les deux professeurs se sont disputés avec passion sans trouver de terrain d'entente.","gegeneinander = against each other, against one another",gegeneinander = les uns contre les autres,,
55,"Die Unternehmen kämpfen seit Jahren erbittert _____, um Marktanteile zu gewinnen.",gegeneinander,"Die Unternehmen kämpfen seit Jahren erbittert gegeneinander, um Marktanteile zu gewinnen.",The companies have been fiercely competing against each other for years to gain market share.,Les entreprises se livrent depuis des années une concurrence acharnée pour gagner des parts de marché.,"gegeneinander = against each other, against one another",gegeneinander = les uns contre les autres,,
55,"Die Interessen der verschiedenen Abteilungen arbeiten oft _____, statt auf ein gemeinsames Ziel hinzuarbeiten.",gegeneinander,"Die Interessen der verschiedenen Abteilungen arbeiten oft gegeneinander, statt auf ein gemeinsames Ziel hinzuarbeiten.",The interests of the different departments often work against each other instead of pursuing a common goal.,Les intérêts des différents départements s’opposent souvent les uns aux autres au lieu de poursuivre un objectif commun.,"gegeneinander = against each other, against one another",gegeneinander = les uns contre les autres,,
55,"Er hielt drei Vorträge _____, ohne dabei an Ausdruckskraft zu verlieren.",hintereinander,"Er hielt drei Vorträge hintereinander, ohne dabei an Ausdruckskraft zu verlieren.",He gave three lectures in a row without losing any expressiveness.,Il a donné trois conférences d’affilée sans perdre aucune expressivité.,"hintereinander = one after the other, in a row","hintereinander = les uns derrière les autres, d'affilée",,
55,"Die Fahrzeuge standen kilometerlang _____, weil ein Unfall die Autobahn blockierte.",hintereinander,"Die Fahrzeuge standen kilometerlang hintereinander, weil ein Unfall die Autobahn blockierte.","The vehicles stood in a line for kilometers, as an accident had blocked the highway.","Les véhicules étaient alignés sur des kilomètres, car un accident avait bloqué l'autoroute.","hintereinander = one after the other, in a row","hintereinander = les uns derrière les autres, d'affilée",,
55,"Die Tänzer bewegten sich präzise _____, sodass ein beeindruckendes Muster entstand.",hintereinander,"Die Tänzer bewegten sich präzise hintereinander, sodass ein beeindruckendes Muster entstand.","The dancers moved precisely one behind the other, creating an impressive pattern.","Les danseurs se déplaçaient précisément l’un derrière l’autre, créant un motif impressionnant.","hintereinander = one after the other, in a row","hintereinander = les uns derrière les autres, d'affilée",,
55,"Die beiden Themenbereiche greifen so eng _____, dass eine getrennte Betrachtung kaum sinnvoll ist.",ineinander,"Die beiden Themenbereiche greifen so eng ineinander, dass eine getrennte Betrachtung kaum sinnvoll ist.",The two subject areas interlock so closely that a separate analysis hardly makes sense.,Les deux domaines sont si étroitement liés qu’une analyse séparée n’a guère de sens.,"ineinander = into each other, in one another","ineinander = l'un dans l'autre, étroitement",,
55,"Beim Tanz blickten sie einander tief in die Augen, als würden ihre Seelen _____ verschmelzen.",ineinander,"Beim Tanz blickten sie einander tief in die Augen, als würden ihre Seelen ineinander verschmelzen.","While dancing, they looked deeply into each other’s eyes, as if their souls were merging into one another.","En dansant, ils se regardaient profondément dans les yeux, comme si leurs âmes fusionnaient l’une avec l’autre.","ineinander = into each other, in one another","ineinander = l'un dans l'autre, étroitement",,
55,Die Argumentationsketten der beiden Autoren greifen geschickt _____ und ergeben ein schlüssiges Gesamtbild.,ineinander,Die Argumentationsketten der beiden Autoren greifen geschickt ineinander und ergeben ein schlüssiges Gesamtbild.,"The chains of argument from both authors cleverly interlock, forming a coherent overall picture.","Les chaînes d’argumentation des deux auteurs s’entremêlent habilement, formant une image globale cohérente.","ineinander = into each other, in one another","ineinander = l'un dans l'autre, étroitement",,
55,"Die Zeugen wurden _____ befragt, um Widersprüche in ihren Aussagen zu vermeiden.",nacheinander,"Die Zeugen wurden nacheinander befragt, um Widersprüche in ihren Aussagen zu vermeiden.",The witnesses were questioned one after another to avoid contradictions in their statements.,Les témoins ont été interrogés les uns après les autres pour éviter des contradictions dans leurs déclarations.,nacheinander = successively,"nacheinander = les uns après les autres, successivement",,
55,"Mehrere Minister traten _____ zurück, was die Regierungskrise verschärfte.",nacheinander,"Mehrere Minister traten nacheinander zurück, was die Regierungskrise verschärfte.","Several ministers resigned one after another, which intensified the government crisis.","Plusieurs ministres ont démissionné les uns après les autres, ce qui a intensifié la crise gouvernementale.",nacheinander = successively,"nacheinander = les uns après les autres, successivement",,
55,"Die Gäste betraten _____ den Saal, wodurch sich die Spannung allmählich steigerte.",nacheinander,"Die Gäste betraten nacheinander den Saal, wodurch sich die Spannung allmählich steigerte.","The guests entered the hall one after another, gradually heightening the tension.","Les invités sont entrés dans la salle les uns après les autres, augmentant progressivement la tension.",nacheinander = successively,"nacheinander = les uns après les autres, successivement",,
55,"Die Aufgaben wurden gerecht _____ aufgeteilt, sodass niemand überlastet war.",untereinander,"Die Aufgaben wurden gerecht untereinander aufgeteilt, sodass niemand überlastet war.",The tasks were fairly divided among them so that no one was overburdened.,Les tâches étaient réparties équitablement entre eux afin que personne ne soit surchargé.,untereinander = among themselves,untereinander = entre eux,,
55,"Auch wenn sie _____ Konkurrenten sind, treten sie nach außen hin geschlossen auf.",untereinander,"Auch wenn sie untereinander Konkurrenten sind, treten sie nach außen hin geschlossen auf.","Even though they are competitors among themselves, they present a united front to the outside world.","Même s’ils sont concurrents entre eux, ils présentent un front uni au monde extérieur.",untereinander = among themselves,untereinander = entre eux,,
55,"Die unterschiedlichen Meinungen führten zu Spannungen _____, die das Projekt erheblich belasteten.",untereinander,"Die unterschiedlichen Meinungen führten zu Spannungen untereinander, die das Projekt erheblich belasteten.","The differing opinions led to tensions among them, which put a significant strain on the project.","Les opinions divergentes ont engendré des tensions entre eux, ce qui a mis à rude épreuve le projet.",untereinander = among themselves,untereinander = entre eux,,
55,"Die beiden Wissenschaftler haben viel _____ gelernt, obwohl sie aus völlig unterschiedlichen Disziplinen stammen.",voneinander,"Die beiden Wissenschaftler haben viel voneinander gelernt, obwohl sie aus völlig unterschiedlichen Disziplinen stammen.","The two scientists learned a great deal from each other, even though they come from completely different disciplines.","Les deux scientifiques ont beaucoup appris l’un de l’autre, même s’ils viennent de disciplines complètement différentes.","voneinander = from each other, from one another","voneinander = l'un de l'autre, les uns des autres",,
55,"Die Zwillinge unterschieden sich deutlich _____, sowohl im Charakter als auch in ihren Interessen.",voneinander,"Die Zwillinge unterschieden sich deutlich voneinander, sowohl im Charakter als auch in ihren Interessen.","The twins differed significantly from each other, both in character and in their interests.","Les jumeaux différaient considérablement l’un de l’autre, tant par leur caractère que par leurs intérêts.","voneinander = from each other, from one another","voneinander = l'un de l'autre, les uns des autres",,
55,"Es fiel ihnen schwer, sich nach so vielen gemeinsamen Jahren _____ zu trennen.",voneinander,"Es fiel ihnen schwer, sich nach so vielen gemeinsamen Jahren voneinander zu trennen.","After so many years together, they found it difficult to separate from one another.","Après tant d’années ensemble, ils ont eu du mal à se séparer l’un de l’autre.","voneinander = from each other, from one another","voneinander = l'un de l'autre, les uns des autres",,
55,Die unterschiedlichen Kulturen wuchsen im Laufe der Zeit immer stärker _____.,zueinander,Die unterschiedlichen Kulturen wuchsen im Laufe der Zeit immer stärker zueinander.,"Over time, the different cultures grew closer to one another.","Au fil du temps, les différentes cultures se sont rapprochées les unes des autres.","zueinander = to each other, to one another, toward each other","zueinander = l'un vers l'autre, les uns vers les autres",,
55,"In der Diskussion bewegten sich die gegensätzlichen Positionen allmählich _____, bis ein Kompromiss möglich wurde.",zueinander,"In der Diskussion bewegten sich die gegensätzlichen Positionen allmählich zueinander, bis ein Kompromiss möglich wurde.","In the discussion, the opposing positions gradually moved toward each other until a compromise became possible.","Au cours de la discussion, les positions opposées se sont progressivement rapprochées jusqu’à ce qu’un compromis soit possible.","zueinander = to each other, to one another, toward each other","zueinander = l'un vers l'autre, les uns vers les autres",,
55,Trotz der Konflikte konnten die beiden Staaten schließlich einen Weg _____ finden.,zueinander,Trotz der Konflikte konnten die beiden Staaten schließlich einen Weg zueinander finden.,"Despite the conflicts, the two states eventually managed to find a way toward each other.","Malgré les conflits, les deux États ont finalement réussi à trouver un chemin vers l’autre.","zueinander = to each other, to one another, toward each other","zueinander = l'un vers l'autre, les uns vers les autres",,
56,,damals,,"at that time, back then","à cette époque-là, à l'époque","damals = at that time, back then","damals = à cette époque-là, à l'époque",,
56,,diesmal,,this time,cette fois,diesmal = this time,diesmal = cette fois,,
56,,mehrmals,,"several times, repeatedly","plusieurs fois, à plusieurs reprises","mehrmals = several times, repeatedly","mehrmals = plusieurs fois, à plusieurs reprises",,
56,,erstmals,,for the first time,pour la première fois,erstmals = for the first time,erstmals = pour la première fois,,
56,,ehemals,,"formerly, previously",autrefois,"ehemals = formerly, previously",ehemals = autrefois,,
56,,abermals,,once again,"à nouveau, une fois de plus",abermals = once again,"abermals = à nouveau, une fois de plus",,
56,,letztmals,,"for the last time, last time",pour la dernière fois,"letztmals = for the last time, last time",letztmals = pour la dernière fois,,
56,,gegebenenfalls,,"if applicable, if necessary, if needed","si applicable, si nécessaire, si nécessaire","gegebenenfalls = if applicable, if necessary, if needed","gegebenenfalls = si applicable, si nécessaire, si nécessaire",,
56,,jedenfalls,,"in any case, at least","en tout cas, au moins","jedenfalls = in any case, at least","jedenfalls = en tout cas, au moins",,
56,,allenfalls,,"at most, if anything, if at all",tout au plus,"allenfalls = at most, if anything, if at all",allenfalls = tout au plus,,
56,,keinesfalls,,"under no circumstances, by no means",en aucun cas,"keinesfalls = under no circumstances, by no means",keinesfalls = en aucun cas,,
56,,bestenfalls,,"at best, in the best case scenario",au mieux,"bestenfalls = at best, in the best case scenario",bestenfalls = au mieux,,
56,,schlimmstenfalls,,"at worst, in the worst-case scenario",au pire,"schlimmstenfalls = at worst, in the worst-case scenario",schlimmstenfalls = au pire,,
56,,notfalls,,"if necessary, if need be","au besoin, si nécessaire","notfalls = if necessary, if need be","notfalls = au besoin, si nécessaire",,
57,"_____ hatte ich noch kein Handy, wir mussten immer telefonzellen benutzen.",Damals,"Damals hatte ich noch kein Handy, wir mussten immer telefonzellen benutzen.","Back then, I didn’t have a mobile phone, we always had to use phone booths.","À l’époque, je n’avais pas de téléphone portable, nous devions toujours utiliser des cabines téléphoniques.","damals = at that time, back then","damals = à cette époque-là, à l'époque",,
57,"Meine Grosseltern haben mir erzählt, dass das Leben _____ schwieriger war.",damals,"Meine Grosseltern haben mir erzählt, dass das Leben damals schwieriger war.",My grandparents told me that life was more difficult back then.,Mes grands-parents m’ont dit que la vie était plus difficile à l’époque.,"damals = at that time, back then","damals = à cette époque-là, à l'époque",,
57,"_____ wohnte ich in einer kleinen Stadt, jetzt lebe ich in Berlin.",Damals,"Damals wohnte ich in einer kleinen Stadt, jetzt lebe ich in Berlin.","Back then, I lived in a small town, now I live in Berlin.","À l'époque, je vivais dans une petite ville, maintenant je vis à Berlin.","damals = at that time, back then","damals = à cette époque-là, à l'époque",,
57,"Ich habe letztes Mal verloren, aber _____ gewinne ich!",diesmal,"Ich habe letztes Mal verloren, aber diesmal gewinne ich!","Last time I lost, but this time I will win!","La dernière fois j'ai perdu, mais cette fois je vais gagner !",diesmal = this time,diesmal = cette fois,,
57,_____ fahren wir mit dem Zug und nicht mit dem Auto.,Diesmal,Diesmal fahren wir mit dem Zug und nicht mit dem Auto.,This time we are taking the train and not the car.,"Cette fois-ci, nous prenons le train et non la voiture.",diesmal = this time,diesmal = cette fois,,
57,"Er hat die Prüfung letztes Jahr nicht bestanden, aber _____ hat er sich besser vorbereitet.",diesmal,"Er hat die Prüfung letztes Jahr nicht bestanden, aber diesmal hat er sich besser vorbereitet.","He didn’t pass the exam last year, but this time he prepared better.","Il n’a pas réussi l’examen l’année dernière, mais cette fois-ci, il s’est mieux préparé.",diesmal = this time,diesmal = cette fois,,
57,"Ich habe ihn _____ angerufen, aber er hat nicht geantwortet.",mehrmals,"Ich habe ihn mehrmals angerufen, aber er hat nicht geantwortet.","I called him several times, but he didn’t answer.","Je l’ai appelé plusieurs fois, mais il n’a pas répondu.","mehrmals = several times, repeatedly","mehrmals = plusieurs fois, à plusieurs reprises",,
57,"_____ am Tag trinke ich Wasser, um genug Flüssigkeit zu haben.",Mehrmals,"Mehrmals am Tag trinke ich Wasser, um genug Flüssigkeit zu haben.","Several times a day, I drink water to stay hydrated.","Plusieurs fois par jour, je bois de l’eau pour rester hydraté.","mehrmals = several times, repeatedly","mehrmals = plusieurs fois, à plusieurs reprises",,
57,Er war schon _____ in Berlin und kennt die Stadt gut.,mehrmals,Er war schon mehrmals in Berlin und kennt die Stadt gut.,He has been to Berlin several times and knows the city well.,Il est allé plusieurs fois à Berlin et connaît bien la ville.,"mehrmals = several times, repeatedly","mehrmals = plusieurs fois, à plusieurs reprises",,
57,Er hat sich _____ für einen Marathon angemeldet.,erstmals,Er hat sich erstmals für einen Marathon angemeldet.,He has signed up for a marathon for the first time.,Il s'est inscrit pour la première fois à un marathon.,erstmals = for the first time,erstmals = pour la première fois,,
57,Das Unternehmen präsentiert seine neue Technologie _____ auf der Messe.,erstmals,Das Unternehmen präsentiert seine neue Technologie erstmals auf der Messe.,The company is presenting its new technology for the first time at the trade fair.,L'entreprise présente pour la première fois sa nouvelle technologie au salon.,erstmals = for the first time,erstmals = pour la première fois,,
57,Sie reist _____ alleine ins Ausland.,erstmals,Sie reist erstmals alleine ins Ausland.,She is traveling abroad alone for the first time.,Elle voyage seule à l'étranger pour la première fois.,erstmals = for the first time,erstmals = pour la première fois,,
57,"Die _____ führende Forschungsgruppe verlor an Bedeutung, nachdem mehrere Schlüsselpersonen das Institut verlassen hatten.",ehemals,"Die ehemals führende Forschungsgruppe verlor an Bedeutung, nachdem mehrere Schlüsselpersonen das Institut verlassen hatten.",The formerly leading research group lost significance after several key figures left the institute.,L’équipe de recherche autrefois dominante a perdu de son importance après le départ de plusieurs personnes clés.,"ehemals = formerly, previously",ehemals = autrefois,,
57,"Das Gelände, _____ ein Industriezentrum, wird heute für innovative Technologieprojekte genutzt.",ehemals,"Das Gelände, ehemals ein Industriezentrum, wird heute für innovative Technologieprojekte genutzt.","The site, formerly an industrial hub, is now used for innovative technology projects.","Le site, autrefois un centre industriel, est aujourd’hui utilisé pour des projets technologiques innovants.","ehemals = formerly, previously",ehemals = autrefois,,
57,"Die Organisation war _____ streng hierarchisch aufgebaut, arbeitet jedoch inzwischen mit flexibleren Strukturen.",ehemals,"Die Organisation war ehemals streng hierarchisch aufgebaut, arbeitet jedoch inzwischen mit flexibleren Strukturen.",The organization was formerly strictly hierarchical but now operates with more flexible structures.,"L’organisation, autrefois très hiérarchisée, fonctionne désormais avec des structures plus flexibles.","ehemals = formerly, previously",ehemals = autrefois,,
57,"Die Verhandlungen scheiterten _____, weil keine der Parteien bereit war, bei den zentralen Punkten nachzugeben.",abermals,"Die Verhandlungen scheiterten abermals, weil keine der Parteien bereit war, bei den zentralen Punkten nachzugeben.",The negotiations failed once again because neither party was willing to concede on the key points.,"Les négociations ont échoué une fois de plus, car aucune des parties n’était prête à céder sur les points essentiels.",abermals = once again,"abermals = à nouveau, une fois de plus",,
57,"Die Expertin wies _____ darauf hin, dass ohne zusätzliche Daten keine fundierte Entscheidung möglich sei.",abermals,"Die Expertin wies abermals darauf hin, dass ohne zusätzliche Daten keine fundierte Entscheidung möglich sei.",The expert pointed out once again that no well-founded decision could be made without additional data.,L’experte a rappelé une fois de plus qu’aucune décision étayée n’était possible sans données supplémentaires.,abermals = once again,"abermals = à nouveau, une fois de plus",,
57,"Der Ausschuss forderte _____ eine Überarbeitung des Berichts, da mehrere Fragen offen geblieben waren.",abermals,"Der Ausschuss forderte abermals eine Überarbeitung des Berichts, da mehrere Fragen offen geblieben waren.",The committee once again requested a revision of the report because several questions remained unanswered.,"Le comité a de nouveau demandé une révision du rapport, car plusieurs questions restaient sans réponse.",abermals = once again,"abermals = à nouveau, une fois de plus",,
57,Die Ausstellung ist nur noch bis Sonntag geöffnet und kann _____ an diesem Wochenende besucht werden.,letztmals,Die Ausstellung ist nur noch bis Sonntag geöffnet und kann letztmals an diesem Wochenende besucht werden.,The exhibition is only open until Sunday and can be visited for the last time this weekend.,L'exposition n'est ouverte que jusqu'à dimanche et peut être visitée pour la dernière fois ce week-end.,"letztmals = for the last time, last time",letztmals = pour la dernière fois,,
57,"Der scheidende Präsident äußerte sich _____ vor der Presse, bevor er sein Amt niederlegte.",letztmals,"Der scheidende Präsident äußerte sich letztmals vor der Presse, bevor er sein Amt niederlegte.",The outgoing president addressed the press for the last time before leaving office.,Le président sortant s'est exprimé pour la dernière fois devant la presse avant de quitter ses fonctions.,"letztmals = for the last time, last time",letztmals = pour la dernière fois,,
57,"Das historische Gebäude wurde _____ umfassend renoviert, bevor es unter Denkmalschutz gestellt wurde.",letztmals,"Das historische Gebäude wurde letztmals umfassend renoviert, bevor es unter Denkmalschutz gestellt wurde.",The historic building was renovated comprehensively for the last time before it was granted protected status.,Le bâtiment historique a été entièrement rénové pour la dernière fois avant d'être classé monument historique.,"letztmals = for the last time, last time",letztmals = pour la dernière fois,,
57,"Es hat geregnet, aber wir hatten _____ eine gute Zeit.",jedenfalls,"Es hat geregnet, aber wir hatten jedenfalls eine gute Zeit.","It rained, but we had a good time in any case.","Il a plu, mais nous avons quand même passé un bon moment.","jedenfalls = in any case, at least","jedenfalls = en tout cas, au moins",,
57,"Er hat sich nicht gemeldet, _____ habe ich nichts von ihm gehört.",jedenfalls,"Er hat sich nicht gemeldet, jedenfalls habe ich nichts von ihm gehört.","He hasn’t contacted me, at any rate, I haven’t heard from him.","Il ne m'a pas contacté, en tout cas je n'ai pas eu de ses nouvelles.","jedenfalls = in any case, at least","jedenfalls = en tout cas, au moins",,
57,"Ich bin mir nicht sicher, ob das die beste Lösung ist, aber es ist _____ eine Möglichkeit.",jedenfalls,"Ich bin mir nicht sicher, ob das die beste Lösung ist, aber es ist jedenfalls eine Möglichkeit.","I’m not sure if this is the best solution, but it’s a possibility at least.","Je ne sais pas si c'est la meilleure solution, mais c'est au moins une possibilité.","jedenfalls = in any case, at least","jedenfalls = en tout cas, au moins",,
57,Wir sollten _____ einen Experten hinzuziehen.,gegebenenfalls,Wir sollten gegebenenfalls einen Experten hinzuziehen.,"We should, if necessary, consult an expert.","Nous devrions, si nécessaire, consulter un expert.","gegebenenfalls = if applicable, if necessary, if needed","gegebenenfalls = si applicable, si nécessaire, si nécessaire",,
57,_____ muss der Vertrag angepasst werden.,Gegebenenfalls,Gegebenenfalls muss der Vertrag angepasst werden.,The contract may need to be adjusted if necessary.,Le contrat pourrait devoir être ajusté si nécessaire.,"gegebenenfalls = if applicable, if necessary, if needed","gegebenenfalls = si applicable, si nécessaire, si nécessaire",,
57,Bitte bringen Sie _____ alle relevanten Unterlagen mit.,gegebenenfalls,Bitte bringen Sie gegebenenfalls alle relevanten Unterlagen mit.,"Please bring all relevant documents, if applicable.","Veuillez apporter tous les documents pertinents, le cas échéant.","gegebenenfalls = if applicable, if necessary, if needed","gegebenenfalls = si applicable, si nécessaire, si nécessaire",,
57,"Die vorgeschlagene Maßnahme bietet _____ eine kurzfristige Entlastung, löst das grundlegende Problem jedoch nicht.",allenfalls,"Die vorgeschlagene Maßnahme bietet allenfalls eine kurzfristige Entlastung, löst das grundlegende Problem jedoch nicht.","The proposed measure offers at most short-term relief, but does not solve the underlying problem.","La mesure proposée n’offre tout au plus qu’un soulagement temporaire, sans résoudre le problème de fond.","allenfalls = at most, if anything, if at all",allenfalls = tout au plus,,
57,"Die Daten geben _____ einen groben Hinweis, eine präzise Schlussfolgerung lässt sich daraus nicht ziehen.",allenfalls,"Die Daten geben allenfalls einen groben Hinweis, eine präzise Schlussfolgerung lässt sich daraus nicht ziehen.",The data provide at most a rough indication; no precise conclusion can be drawn from them.,Les données donnent tout au plus une indication approximative ; aucune conclusion précise n’en découle.,"allenfalls = at most, if anything, if at all",allenfalls = tout au plus,,
57,"Der Vorteil ist _____ marginal, weshalb ein umfassender Umbau kaum zu rechtfertigen wäre.",allenfalls,"Der Vorteil ist allenfalls marginal, weshalb ein umfassender Umbau kaum zu rechtfertigen wäre.","The advantage is at most marginal, which makes a comprehensive restructuring difficult to justify.","L’avantage est tout au plus marginal, ce qui rend une restructuration complète difficile à justifier.","allenfalls = at most, if anything, if at all",allenfalls = tout au plus,,
57,"Die Ergebnisse dürfen _____ als endgültig betrachtet werden, solange die Überprüfung noch läuft.",keinesfalls,"Die Ergebnisse dürfen keinesfalls als endgültig betrachtet werden, solange die Überprüfung noch läuft.",The results must by no means be considered final as long as the review is still ongoing.,Les résultats ne doivent en aucun cas être considérés comme définitifs tant que la vérification est en cours.,"keinesfalls = under no circumstances, by no means",keinesfalls = en aucun cas,,
57,"_____ sollte man kurzfristige Erfolge überbewerten, da sie oft keine Aussage über die langfristige Stabilität zulassen.",Keinesfalls,"Keinesfalls sollte man kurzfristige Erfolge überbewerten, da sie oft keine Aussage über die langfristige Stabilität zulassen.","One should by no means overestimate short-term successes, as they often say little about long-term stability.","Il ne faut en aucun cas surestimer les succès à court terme, car ils ne permettent souvent pas d’évaluer la stabilité à long terme.","keinesfalls = under no circumstances, by no means",keinesfalls = en aucun cas,,
57,Die Entscheidung darf _____ ohne gründliche Abwägung der Risiken getroffen werden.,keinesfalls,Die Entscheidung darf keinesfalls ohne gründliche Abwägung der Risiken getroffen werden.,The decision must under no circumstances be made without a thorough assessment of the risks.,La décision ne doit en aucun cas être prise sans une évaluation approfondie des risques.,"keinesfalls = under no circumstances, by no means",keinesfalls = en aucun cas,,
57,"_____ wird sich die wirtschaftliche Lage in den kommenden Monaten stabilisieren, doch mit einem schnellen Aufschwung rechnet kaum jemand.",Bestenfalls,"Bestenfalls wird sich die wirtschaftliche Lage in den kommenden Monaten stabilisieren, doch mit einem schnellen Aufschwung rechnet kaum jemand.","At best, the economic situation will stabilize over the coming months, but hardly anyone expects a rapid recovery.","Au mieux, la situation économique se stabilisera dans les prochains mois, mais presque personne ne s'attend à une reprise rapide.","bestenfalls = at best, in the best case scenario",bestenfalls = au mieux,,
57,"Der Bericht liefert _____ Indizien, jedoch keine eindeutigen Beweise für die aufgestellte These.",bestenfalls,"Der Bericht liefert bestenfalls Indizien, jedoch keine eindeutigen Beweise für die aufgestellte These.","The report provides at best indications, but no conclusive evidence for the proposed hypothesis.","Le rapport fournit au mieux des indices, mais aucune preuve concluante de l'hypothèse avancée.","bestenfalls = at best, in the best case scenario",bestenfalls = au mieux,,
57,Selbst unter idealen Bedingungen könnte das Projekt _____ bis Ende des Jahres abgeschlossen werden.,bestenfalls,Selbst unter idealen Bedingungen könnte das Projekt bestenfalls bis Ende des Jahres abgeschlossen werden.,"Even under ideal conditions, the project could at best be completed by the end of the year.","Même dans des conditions idéales, le projet pourrait au mieux être achevé d'ici la fin de l'année.","bestenfalls = at best, in the best case scenario",bestenfalls = au mieux,,
57,_____ muss das Unternehmen die Einführung des Produkts um mehrere Monate verschieben.,Schlimmstenfalls,Schlimmstenfalls muss das Unternehmen die Einführung des Produkts um mehrere Monate verschieben.,"In the worst case, the company will have to postpone the product launch by several months.","Dans le pire des cas, l'entreprise devra reporter le lancement du produit de plusieurs mois.","schlimmstenfalls = at worst, in the worst-case scenario",schlimmstenfalls = au pire,,
57,"Wenn die Verhandlungen scheitern, drohen _____ erhebliche finanzielle Verluste für beide Seiten.",schlimmstenfalls,"Wenn die Verhandlungen scheitern, drohen schlimmstenfalls erhebliche finanzielle Verluste für beide Seiten.","If the negotiations fail, in the worst case both sides could face substantial financial losses.","Si les négociations échouent, dans le pire des cas, les deux parties risquent de subir d'importantes pertes financières.","schlimmstenfalls = at worst, in the worst-case scenario",schlimmstenfalls = au pire,,
57,"Der Arzt erklärte, dass der Eingriff wahrscheinlich problemlos verlaufen werde, _____ sei jedoch eine zweite Operation erforderlich.",schlimmstenfalls,"Der Arzt erklärte, dass der Eingriff wahrscheinlich problemlos verlaufen werde, schlimmstenfalls sei jedoch eine zweite Operation erforderlich.","The doctor explained that the procedure would probably go smoothly, but in the worst case a second operation might be necessary.","Le médecin a expliqué que l'intervention se déroulerait probablement sans problème, mais que dans le pire des cas, une seconde opération pourrait être nécessaire.","schlimmstenfalls = at worst, in the worst-case scenario",schlimmstenfalls = au pire,,
57,"Wenn wir den letzten Zug verpassen, können wir _____ ein Taxi nehmen.",notfalls,"Wenn wir den letzten Zug verpassen, können wir notfalls ein Taxi nehmen.","If we miss the last train, we can if necessary take a taxi.","Si nous manquons le dernier train, nous pourrons au besoin prendre un taxi.","notfalls = if necessary, if need be","notfalls = au besoin, si nécessaire",,
57,Du musst die Aufgabe heute nicht vollständig erledigen; _____ kannst du sie morgen zu Ende bringen.,notfalls,Du musst die Aufgabe heute nicht vollständig erledigen; notfalls kannst du sie morgen zu Ende bringen.,"You don't have to finish the task today; if need be, you can complete it tomorrow.","Tu n'es pas obligé de terminer la tâche aujourd'hui ; au besoin, tu pourras la finir demain.","notfalls = if necessary, if need be","notfalls = au besoin, si nécessaire",,
57,"Sollte der Computer während der Präsentation ausfallen, können wir _____ auf die ausgedruckten Unterlagen zurückgreifen.",notfalls,"Sollte der Computer während der Präsentation ausfallen, können wir notfalls auf die ausgedruckten Unterlagen zurückgreifen.","Should the computer fail during the presentation, we can as a last resort use the printed handouts.","Si l'ordinateur tombe en panne pendant la présentation, nous pourrons en dernier recours utiliser les documents imprimés.","notfalls = if necessary, if need be","notfalls = au besoin, si nécessaire",,
58,,rückwärts,,"backward, retrospectively","en arrière, retrospectivement","rückwärts = backward, retrospectively","rückwärts = en arrière, retrospectivement",,
58,,vorwärts,,"forward, onward","en avant, vers l'avant","vorwärts = forward, onward","vorwärts = en avant, vers l'avant",,
58,,aufwärts,,upwards,vers le haut,aufwärts = upwards,aufwärts = vers le haut,,
58,,abwärts,,downwards,vers le bas,abwärts = downwards,abwärts = vers le bas,,
58,,auswärts,,"outwards, away","vers l'extérieur, loin","auswärts = outwards, away","auswärts = vers l'extérieur, loin",,
58,,einwärts,,inwards,vers l'intérieur,einwärts = inwards,einwärts = vers l'intérieur,,
58,,seitwärts,,sideways,sur le côté,seitwärts = sideways,seitwärts = sur le côté,,
59,"Er musste den gesamten Prozess _____ durchgehen, um den ursprünglichen Fehler zu identifizieren.",rückwärts,"Er musste den gesamten Prozess rückwärts durchgehen, um den ursprünglichen Fehler zu identifizieren.",He had to go through the entire process backwards to identify the original mistake.,Il a dû revoir tout le processus à rebours pour identifier l’erreur d’origine.,"rückwärts = backward, retrospectively","rückwärts = en arrière, retrospectivement",,
59,"Die Analyse zeigte, dass sich die Zahlen _____ entwickelten und auf eine strukturelle Krise hindeuteten.",rückwärts,"Die Analyse zeigte, dass sich die Zahlen rückwärts entwickelten und auf eine strukturelle Krise hindeuteten.","The analysis showed that the figures were moving backward, indicating a structural crisis.","L’analyse a montré que les chiffres évoluaient à reculons, signe d’une crise structurelle.","rückwärts = backward, retrospectively","rückwärts = en arrière, retrospectivement",,
59,"Sie bemerkte _____ gedacht, dass ihre Annahmen schon zu Beginn unhaltbar gewesen waren.",rückwärts,"Sie bemerkte rückwärts gedacht, dass ihre Annahmen schon zu Beginn unhaltbar gewesen waren.","Thinking backwards, she realized that her assumptions had been untenable from the start.","En y repensant à rebours, elle a compris que ses hypothèses étaient intenables dès le début.","rückwärts = backward, retrospectively","rückwärts = en arrière, retrospectivement",,
59,"Der Fortschritt schien _____ zu sein, da wichtige Reformen blockiert wurden.",rückwärts,"Der Fortschritt schien rückwärts zu sein, da wichtige Reformen blockiert wurden.",The progress seemed to move backward because key reforms were blocked.,"Les avancées semblaient régresser, car des réformes essentielles étaient bloquées.","rückwärts = backward, retrospectively","rückwärts = en arrière, retrospectivement",,
59,_____ betrachtet erscheint die Entscheidung überraschend logisch.,Rückwärts,Rückwärts betrachtet erscheint die Entscheidung überraschend logisch.,"Seen in retrospect, the decision appears surprisingly logical.","Rétrospectivement, la décision semble étonnamment logique.","rückwärts = backward, retrospectively","rückwärts = en arrière, retrospectivement",,
59,"Trotz der Rückschläge drängte das Team entschlossen _____, um die Ziele noch rechtzeitig zu erreichen.",vorwärts,"Trotz der Rückschläge drängte das Team entschlossen vorwärts, um die Ziele noch rechtzeitig zu erreichen.","Despite the setbacks, the team pushed forward with determination to reach the goals on time.","Malgré les revers, l’équipe a avancé avec détermination pour atteindre les objectifs à temps.","vorwärts = forward, onward","vorwärts = en avant, vers l'avant",,
59,"Die Verhandlungen kamen erst _____, als beide Seiten bereit waren, ihre Positionen flexibel anzupassen.",vorwärts,"Die Verhandlungen kamen erst vorwärts, als beide Seiten bereit waren, ihre Positionen flexibel anzupassen.",The negotiations only moved forward once both sides were willing to adjust their positions flexibly.,Les négociations n’ont progressé que lorsque les deux parties ont accepté d’adapter leurs positions avec souplesse.,"vorwärts = forward, onward","vorwärts = en avant, vers l'avant",,
59,_____ gedacht könnte die Reform langfristig zu effizienteren Strukturen führen.,Vorwärts,Vorwärts gedacht könnte die Reform langfristig zu effizienteren Strukturen führen.,"Thinking forward, the reform could lead to more efficient structures in the long term.","En pensant à l’avenir, la réforme pourrait mener à des structures plus efficaces à long terme.","vorwärts = forward, onward","vorwärts = en avant, vers l'avant",,
59,"Das Projekt kam nur schleppend _____, weil wichtige Informationen fehlten.",vorwärts,"Das Projekt kam nur schleppend vorwärts, weil wichtige Informationen fehlten.",The project moved forward only slowly because essential information was missing.,Le projet n’avançait que lentement parce qu’il manquait des informations essentielles.,"vorwärts = forward, onward","vorwärts = en avant, vers l'avant",,
59,Sie blickte entschlossen _____ und ließ die schwierigen Monate bewusst hinter sich.,vorwärts,Sie blickte entschlossen vorwärts und ließ die schwierigen Monate bewusst hinter sich.,She looked forward with determination and deliberately left the difficult months behind her.,Elle regarda résolument vers l’avant et laissa derrière elle les mois difficiles.,"vorwärts = forward, onward","vorwärts = en avant, vers l'avant",,
59,"Die Wirtschaft bewegt sich seit einigen Monaten wieder deutlich _____, auch wenn die Lage weiterhin fragil bleibt.",aufwärts,"Die Wirtschaft bewegt sich seit einigen Monaten wieder deutlich aufwärts, auch wenn die Lage weiterhin fragil bleibt.","The economy has been moving upward again for several months, even though the situation remains fragile.","L’économie repart clairement à la hausse depuis quelques mois, même si la situation reste fragile.",aufwärts = upwards,aufwärts = vers le haut,,
59,"Die Stimmung im Team ging spürbar _____, nachdem erste positive Ergebnisse sichtbar wurden.",aufwärts,"Die Stimmung im Team ging spürbar aufwärts, nachdem erste positive Ergebnisse sichtbar wurden.",Team morale improved noticeably once the first positive results became visible.,L’ambiance dans l’équipe est nettement remontée lorsque les premiers résultats positifs sont apparus.,aufwärts = upwards,aufwärts = vers le haut,,
59,"_____ ging es erst, als das Unternehmen konsequent in Innovation und Weiterbildung investierte.",Aufwärts,"Aufwärts ging es erst, als das Unternehmen konsequent in Innovation und Weiterbildung investierte.",Things only started to improve when the company consistently invested in innovation and training.,La situation n’a commencé à s’améliorer que lorsque l’entreprise a investi de manière constante dans l’innovation et la formation.,aufwärts = upwards,aufwärts = vers le haut,,
59,"Die Kurve zeigt klar _____, doch Experten warnen davor, den Trend vorschnell zu überbewerten.",aufwärts,"Die Kurve zeigt klar aufwärts, doch Experten warnen davor, den Trend vorschnell zu überbewerten.","The curve is clearly trending upward, but experts warn against overestimating the trend too quickly.","La courbe est clairement orientée à la hausse, mais les experts mettent en garde contre une surestimation trop rapide de cette tendance.",aufwärts = upwards,aufwärts = vers le haut,,
59,"Die Diskussion nahm erst _____ Fahrt auf, als neue Daten präsentiert wurden.",aufwärts,"Die Diskussion nahm erst aufwärts Fahrt auf, als neue Daten präsentiert wurden.",The discussion only picked up momentum once new data were presented.,Le débat n’a pris de l’élan que lorsque de nouvelles données ont été présentées.,aufwärts = upwards,aufwärts = vers le haut,,
59,"Die Prognosen zeigen seit Wochen klar _____, was auf eine deutliche Abschwächung der Nachfrage hindeutet.",abwärts,"Die Prognosen zeigen seit Wochen klar abwärts, was auf eine deutliche Abschwächung der Nachfrage hindeutet.","The forecasts have been trending downward for weeks, indicating a clear weakening of demand.","Les prévisions sont orientées à la baisse depuis des semaines, ce qui indique un net affaiblissement de la demande.",abwärts = downwards,abwärts = vers le bas,,
59,Nach dem Skandal ging das Vertrauen der Öffentlichkeit rapide _____.,abwärts,Nach dem Skandal ging das Vertrauen der Öffentlichkeit rapide abwärts.,"After the scandal, public trust declined rapidly.","Après le scandale, la confiance du public a chuté rapidement.",abwärts = downwards,abwärts = vers le bas,,
59,"Die Stimmung im Unternehmen bewegte sich spürbar _____, als die ersten Entlassungen angekündigt wurden.",abwärts,"Die Stimmung im Unternehmen bewegte sich spürbar abwärts, als die ersten Entlassungen angekündigt wurden.",Morale in the company moved noticeably downward when the first layoffs were announced.,L’ambiance dans l’entreprise a nettement baissé lorsque les premiers licenciements ont été annoncés.,abwärts = downwards,abwärts = vers le bas,,
59,"_____ ging es vor allem deshalb, weil die Verantwortlichen zu lange an überholten Strukturen festhielten.",Abwärts,"Abwärts ging es vor allem deshalb, weil die Verantwortlichen zu lange an überholten Strukturen festhielten.",Things went downhill mainly because those in charge clung to outdated structures for too long.,La situation s’est détériorée surtout parce que les responsables sont restés trop longtemps attachés à des structures dépassées.,abwärts = downwards,abwärts = vers le bas,,
59,"Die Entwicklung zeigte _____, obwohl mehrere Maßnahmen ergriffen wurden, um gegenzusteuern.",abwärts,"Die Entwicklung zeigte abwärts, obwohl mehrere Maßnahmen ergriffen wurden, um gegenzusteuern.",The trend continued downward despite several measures taken to counteract it.,L’évolution restait orientée à la baisse malgré plusieurs mesures mises en place pour y remédier.,abwärts = downwards,abwärts = vers le bas,,
59,"Da sie beruflich oft _____ unterwegs ist, muss sie ihre Projekte äußerst präzise planen.",auswärts,"Da sie beruflich oft auswärts unterwegs ist, muss sie ihre Projekte äußerst präzise planen.","Since she is often away on business, she has to plan her projects with great precision.","Comme elle est souvent en déplacement professionnel à l’extérieur, elle doit planifier ses projets avec une grande précision.","auswärts = outwards, away","auswärts = vers l'extérieur, loin",,
59,"Viele Beschäftigte arbeiten inzwischen regelmäßig _____, was neue Anforderungen an die Kommunikation stellt.",auswärts,"Viele Beschäftigte arbeiten inzwischen regelmäßig auswärts, was neue Anforderungen an die Kommunikation stellt.","Many employees now work regularly away from their usual workplace, which creates new demands for communication.","De nombreux employés travaillent désormais régulièrement à l’extérieur, ce qui impose de nouvelles exigences en matière de communication.","auswärts = outwards, away","auswärts = vers l'extérieur, loin",,
59,"Die Mannschaft spielte zuletzt häufiger _____, was ihre Belastung deutlich erhöhte.",auswärts,"Die Mannschaft spielte zuletzt häufiger auswärts, was ihre Belastung deutlich erhöhte.","The team has recently played more often away from home, which significantly increased their workload.","L’équipe a joué plus souvent à l’extérieur dernièrement, ce qui a nettement augmenté sa charge de travail.","auswärts = outwards, away","auswärts = vers l'extérieur, loin",,
59,"_____ zu leben brachte ihm wertvolle Erfahrungen, zwang ihn jedoch auch, seine Gewohnheiten grundlegend zu überdenken.",Auswärts,"Auswärts zu leben brachte ihm wertvolle Erfahrungen, zwang ihn jedoch auch, seine Gewohnheiten grundlegend zu überdenken.","Living away from home gave him valuable experience, but also forced him to fundamentally rethink his habits.","Vivre à l’extérieur lui a apporté une expérience précieuse, mais l’a aussi obligé à repenser profondément ses habitudes.","auswärts = outwards, away","auswärts = vers l'extérieur, loin",,
59,"Sie verbrachte mehrere Monate _____, um an einem internationalen Projekt mitzuwirken.",auswärts,"Sie verbrachte mehrere Monate auswärts, um an einem internationalen Projekt mitzuwirken.",She spent several months away from home to take part in an international project.,Elle a passé plusieurs mois à l’extérieur pour participer à un projet international.,"auswärts = outwards, away","auswärts = vers l'extérieur, loin",,
59,"Die Strömung bewegte sich plötzlich _____, was auf eine Veränderung des Drucksystems hindeutete.",einwärts,"Die Strömung bewegte sich plötzlich einwärts, was auf eine Veränderung des Drucksystems hindeutete.","The current suddenly moved inward, indicating a change in the pressure system.","Le courant s’est soudain déplacé vers l’intérieur, ce qui indiquait un changement du système de pression.",einwärts = inwards,einwärts = vers l'intérieur,,
59,"Als die Temperatur sank, zogen sich die Materialien _____ zusammen und veränderten die Struktur des gesamten Bauteils.",einwärts,"Als die Temperatur sank, zogen sich die Materialien einwärts zusammen und veränderten die Struktur des gesamten Bauteils.","As the temperature dropped, the materials contracted inward and altered the structure of the entire component.","Lorsque la température a chuté, les matériaux se sont contractés vers l’intérieur, modifiant la structure de l’ensemble du composant.",einwärts = inwards,einwärts = vers l'intérieur,,
59,"Der Wind drückte die Tür _____, sodass sie nur mit Mühe geschlossen werden konnte.",einwärts,"Der Wind drückte die Tür einwärts, sodass sie nur mit Mühe geschlossen werden konnte.","The wind pushed the door inward, so it could barely be closed.","Le vent poussait la porte vers l’intérieur, de sorte qu’elle ne pouvait être fermée qu’avec difficulté.",einwärts = inwards,einwärts = vers l'intérieur,,
59,Die Bewegungen der Tänzer wirkten _____ gerichtet und erzeugten eine fast meditative Atmosphäre.,einwärts,Die Bewegungen der Tänzer wirkten einwärts gerichtet und erzeugten eine fast meditative Atmosphäre.,"The dancers’ movements seemed directed inward, creating an almost meditative atmosphere.","Les mouvements des danseurs semblaient orientés vers l’intérieur, créant une atmosphère presque méditative.",einwärts = inwards,einwärts = vers l'intérieur,,
59,"Als der Tunnel enger wurde, neigten sich die Wände allmählich _____, was den Durchgang zunehmend erschwerte.",einwärts,"Als der Tunnel enger wurde, neigten sich die Wände allmählich einwärts, was den Durchgang zunehmend erschwerte.","As the tunnel narrowed, the walls gradually leaned inward, making passage increasingly difficult.","Lorsque le tunnel s’est rétréci, les parois se sont inclinées progressivement vers l’intérieur, rendant le passage de plus en plus difficile.",einwärts = inwards,einwärts = vers l'intérieur,,
59,"Die Diskussion bewegte sich zunehmend _____, weil niemand bereit war, einen klaren Standpunkt einzunehmen.",seitwärts,"Die Diskussion bewegte sich zunehmend seitwärts, weil niemand bereit war, einen klaren Standpunkt einzunehmen.",The discussion increasingly drifted sideways because no one was willing to take a clear position.,"La discussion déviait de plus en plus sur le côté, car personne n’était prêt à adopter une position claire.",seitwärts = sideways,seitwärts = sur le côté,,
59,"Die Kurse entwickelten sich _____, was auf eine Phase der Unsicherheit im Markt hindeutet.",seitwärts,"Die Kurse entwickelten sich seitwärts, was auf eine Phase der Unsicherheit im Markt hindeutet.","Prices moved sideways, indicating a phase of uncertainty in the market.","Les cours évoluaient latéralement, signe d’une période d’incertitude sur le marché.",seitwärts = sideways,seitwärts = sur le côté,,
59,"Er wich _____ aus, um der herannahenden Person nicht in den Weg zu geraten.",seitwärts,"Er wich seitwärts aus, um der herannahenden Person nicht in den Weg zu geraten.",He stepped sideways to avoid getting in the way of the approaching person.,Il s’est décalé sur le côté pour ne pas gêner la personne qui arrivait.,seitwärts = sideways,seitwärts = sur le côté,,
59,_____ gedacht eröffnet die neue Regelung mehrere alternative Interpretationsmöglichkeiten.,Seitwärts,Seitwärts gedacht eröffnet die neue Regelung mehrere alternative Interpretationsmöglichkeiten.,"Thought of from a lateral perspective, the new regulation opens several alternative interpretations.","En y réfléchissant de manière latérale, la nouvelle réglementation ouvre plusieurs possibilités d’interprétation.",seitwärts = sideways,seitwärts = sur le côté,,
59,"Die Bewegungen der Tänzer gingen fließend _____ über, was der Choreografie eine elegante Dynamik verlieh.",seitwärts,"Die Bewegungen der Tänzer gingen fließend seitwärts über, was der Choreografie eine elegante Dynamik verlieh.","The dancers’ movements transitioned smoothly sideways, giving the choreography an elegant dynamic.","Les mouvements des danseurs se déplaçaient harmonieusement sur le côté, donnant à la chorégraphie une dynamique élégante.",seitwärts = sideways,seitwärts = sur le côté,,
60,,täglich,,"daily, every day","quotidiennement, tous les jours","täglich = daily, every day","täglich = quotidiennement, tous les jours",,
60,,wöchentlich,,"weekly, every week","chaque semaine, hebdomadairement","wöchentlich = weekly, every week","wöchentlich = chaque semaine, hebdomadairement",,
60,,monatlich,,"monthly, every month","chaque mois, mensuellement","monatlich = monthly, every month","monatlich = chaque mois, mensuellement",,
60,,jährlich,,"yearly, every year","chaque année, annuellement","jährlich = yearly, every year","jährlich = chaque année, annuellement",,
60,,stündlich,,"hourly, on an hourly basis",toutes les heures,"stündlich = hourly, on an hourly basis",stündlich = toutes les heures,,
60,,gründlich,,thoroughly,soigneusement,gründlich = thoroughly,gründlich = soigneusement,,
60,,grundsätzlich,,"in principle, fundamentally","en principe, fondamentalement","grundsätzlich = in principle, fundamentally","grundsätzlich = en principe, fondamentalement",,
60,,zutiefst,,"deeply, profoundly",profondément,"zutiefst = deeply, profoundly",zutiefst = profondément,,
60,,vorwiegend,,predominantly,principalement,vorwiegend = predominantly,vorwiegend = principalement,,
60,,offensichtlich,,obviously,évidemment,offensichtlich = obviously,offensichtlich = évidemment,,
60,,anscheinend,,"apparently, seemingly",apparemment,"anscheinend = apparently, seemingly",anscheinend = apparemment,,
60,,ausreichend,,sufficiently,suffisamment,ausreichend = sufficiently,ausreichend = suffisamment,,
60,,weltweit,,worldwide,dans le monde entier,weltweit = worldwide,weltweit = dans le monde entier,,
60,,vergeblich,,"for nothing, in vain",en vain,"vergeblich = for nothing, in vain",vergeblich = en vain,,
60,,kurz,,"briefly, in short",brièvement,"kurz = briefly, in short",kurz = brièvement,,
61,Ich trinke _____ eine Tasse Kaffee.,täglich,Ich trinke täglich eine Tasse Kaffee.,I drink a cup of coffee daily.,Je bois une tasse de café par jour.,"täglich = daily, every day","täglich = quotidiennement, tous les jours",,
61,Er fährt _____ mit dem Fahrrad zur Arbeit.,täglich,Er fährt täglich mit dem Fahrrad zur Arbeit.,He rides his bike to work every day.,Il va au travail en vélo tous les jours.,"täglich = daily, every day","täglich = quotidiennement, tous les jours",,
61,Wir bekommen _____ viele E-Mails.,täglich,Wir bekommen täglich viele E-Mails.,We receive many emails daily.,Nous recevons quotidiennement de nombreux courriels.,"täglich = daily, every day","täglich = quotidiennement, tous les jours",,
61,Ich besuche meine Großeltern _____.,wöchentlich,Ich besuche meine Großeltern wöchentlich.,I visit my grandparents weekly.,Je rends visite à mes grands-parents chaque semaine.,"wöchentlich = weekly, every week","wöchentlich = chaque semaine, hebdomadairement",,
61,Er geht _____ zum Fußballtraining.,wöchentlich,Er geht wöchentlich zum Fußballtraining.,He goes to football training weekly.,Il va à l'entraînement de football chaque semaine.,"wöchentlich = weekly, every week","wöchentlich = chaque semaine, hebdomadairement",,
61,Wir haben _____ ein Team-Meeting.,wöchentlich,Wir haben wöchentlich ein Team-Meeting.,We have a team meeting every week.,Nous avons une réunion d'équipe chaque semaine.,"wöchentlich = weekly, every week","wöchentlich = chaque semaine, hebdomadairement",,
61,Ich zahle meine Miete _____.,monatlich,Ich zahle meine Miete monatlich.,I pay my rent monthly.,Je paie mon loyer mensuellement.,"monatlich = monthly, every month","monatlich = chaque mois, mensuellement",,
61,Er bekommt sein Gehalt _____ auf sein Konto überwiesen.,monatlich,Er bekommt sein Gehalt monatlich auf sein Konto überwiesen.,He receives his salary monthly in his bank account.,Il reçoit son salaire mensuellement sur son compte bancaire.,"monatlich = monthly, every month","monatlich = chaque mois, mensuellement",,
61,Wir treffen uns _____ mit unseren Freunden zum Essen.,monatlich,Wir treffen uns monatlich mit unseren Freunden zum Essen.,We meet monthly with our friends for dinner.,Nous nous réunissons une fois par mois avec nos amis pour dîner.,"monatlich = monthly, every month","monatlich = chaque mois, mensuellement",,
61,Ich mache _____ eine Gesundheitsuntersuchung.,jährlich,Ich mache jährlich eine Gesundheitsuntersuchung.,I have a health check-up annually.,Je fais un bilan de santé annuel.,"jährlich = yearly, every year","jährlich = chaque année, annuellement",,
61,Er fährt _____ in den Urlaub nach Spanien.,jährlich,Er fährt jährlich in den Urlaub nach Spanien.,He goes on vacation to Spain every year.,Il part en vacances en Espagne chaque année.,"jährlich = yearly, every year","jährlich = chaque année, annuellement",,
61,Wir feiern _____ unser Firmenjubiläum.,jährlich,Wir feiern jährlich unser Firmenjubiläum.,We celebrate our company anniversary every year.,Nous célébrons chaque année l’anniversaire de notre entreprise.,"jährlich = yearly, every year","jährlich = chaque année, annuellement",,
61,Die Nachrichten werden _____ aktualisiert.,stündlich,Die Nachrichten werden stündlich aktualisiert.,The news is updated hourly.,Les informations sont mises à jour toutes les heures.,"stündlich = hourly, on an hourly basis",stündlich = toutes les heures,,
61,Der Zug fährt _____ nach Zürich.,stündlich,Der Zug fährt stündlich nach Zürich.,The train runs hourly to Zurich.,Le train part toutes les heures pour Zurich.,"stündlich = hourly, on an hourly basis",stündlich = toutes les heures,,
61,Die Situation ändert sich _____.,stündlich,Die Situation ändert sich stündlich.,The situation changes hourly.,La situation change d’heure en heure.,"stündlich = hourly, on an hourly basis",stündlich = toutes les heures,,
61,"Bevor wir eine Entscheidung treffen, sollten wir alle Optionen _____ analysieren.",gründlich,"Bevor wir eine Entscheidung treffen, sollten wir alle Optionen gründlich analysieren.","Before making a decision, we should thoroughly analyze all options.","Avant de prendre une décision, nous devons analyser en profondeur toutes les options.",gründlich = thoroughly,gründlich = soigneusement,,
61,"Er hat den Vertrag _____ gelesen, bevor er unterschrieben hat.",gründlich,"Er hat den Vertrag gründlich gelesen, bevor er unterschrieben hat.",He read the contract thoroughly before signing it.,Il a lu attentivement le contrat avant de le signer.,gründlich = thoroughly,gründlich = soigneusement,,
61,Die Wohnung wurde vor dem Einzug _____ renoviert.,gründlich,Die Wohnung wurde vor dem Einzug gründlich renoviert.,The apartment was thoroughly renovated before moving in.,L'appartement a été entièrement rénové avant mon emménagement.,gründlich = thoroughly,gründlich = soigneusement,,
61,"_____ unterstütze ich die Idee, aber wir müssen noch Details klären.",Grundsätzlich,"Grundsätzlich unterstütze ich die Idee, aber wir müssen noch Details klären.","In principle, I support the idea, but we still need to sort out details.",,"grundsätzlich = in principle, fundamentally","grundsätzlich = en principe, fondamentalement",,
61,Er ist _____ gegen eine Erhöhung der Steuern.,grundsätzlich,Er ist grundsätzlich gegen eine Erhöhung der Steuern.,He is fundamentally opposed to a tax increase.,,"grundsätzlich = in principle, fundamentally","grundsätzlich = en principe, fondamentalement",,
61,"_____ kann jeder mitmachen, der sich anmeldet.",Grundsätzlich,"Grundsätzlich kann jeder mitmachen, der sich anmeldet.","In principle, anyone who signs up can participate.",,"grundsätzlich = in principle, fundamentally","grundsätzlich = en principe, fondamentalement",,
61,Die Entscheidung hat ihn _____ verunsichert.,zutiefst,Die Entscheidung hat ihn zutiefst verunsichert.,The decision deeply unsettled him.,La décision l’a profondément déstabilisé.,"zutiefst = deeply, profoundly",zutiefst = profondément,,
61,"Sie war _____ davon überzeugt, dass die Reform notwendig war.",zutiefst,"Sie war zutiefst davon überzeugt, dass die Reform notwendig war.",She was deeply convinced that the reform was necessary.,Elle était profondément convaincue que la réforme était nécessaire.,"zutiefst = deeply, profoundly",zutiefst = profondément,,
61,"Die Kritik traf das Team _____, obwohl sie sachlich formuliert war.",zutiefst,"Die Kritik traf das Team zutiefst, obwohl sie sachlich formuliert war.","The criticism deeply affected the team, although it was formulated objectively.","La critique a profondément touché l’équipe, bien qu’elle fût formulée de manière objective.","zutiefst = deeply, profoundly",zutiefst = profondément,,
61,"_____ hatte niemand den Bericht gründlich gelesen, sonst wären die Fehler aufgefallen.",Offensichtlich,"Offensichtlich hatte niemand den Bericht gründlich gelesen, sonst wären die Fehler aufgefallen.","Obviously, no one had read the report thoroughly, or the errors would have been noticed.","De toute évidence, personne n'avait lu le rapport attentivement, sinon les erreurs auraient été remarquées.",offensichtlich = obviously,offensichtlich = évidemment,,
61,"Sie war _____ nicht an der Wahrheit interessiert, sondern nur an der Bestätigung ihrer Meinung.",offensichtlich,"Sie war offensichtlich nicht an der Wahrheit interessiert, sondern nur an der Bestätigung ihrer Meinung.","She was obviously not interested in the truth, but only in confirming her opinion.","De toute évidence, la vérité ne l'intéressait pas, elle cherchait seulement à confirmer son opinion.",offensichtlich = obviously,offensichtlich = évidemment,,
61,"Der Termin wurde _____ vergessen, da niemand erschienen ist.",offensichtlich,"Der Termin wurde offensichtlich vergessen, da niemand erschienen ist.","The appointment was obviously forgotten, since no one showed up.","Le rendez-vous avait manifestement été oublié, puisque personne ne s'est présenté.",offensichtlich = obviously,offensichtlich = évidemment,,
61,Die Teilnehmer kamen _____ aus dem akademischen Bereich.,vorwiegend,Die Teilnehmer kamen vorwiegend aus dem akademischen Bereich.,The participants came predominantly from the academic field.,Les participants provenaient majoritairement du monde universitaire.,vorwiegend = predominantly,vorwiegend = principalement,,
61,In dieser Region wird _____ Wein angebaut.,vorwiegend,In dieser Region wird vorwiegend Wein angebaut.,Wine is predominantly cultivated in this region.,La vigne est la principale culture de cette région.,vorwiegend = predominantly,vorwiegend = principalement,,
61,Die Diskussion drehte sich _____ um finanzielle Fragen.,vorwiegend,Die Diskussion drehte sich vorwiegend um finanzielle Fragen.,The discussion focused predominantly on financial issues.,La discussion a porté principalement sur des questions financières.,vorwiegend = predominantly,vorwiegend = principalement,,
61,"_____ hat das Unternehmen die Risiken der Reform unterschätzt, was sich nun deutlich bemerkbar macht.",Anscheinend,"Anscheinend hat das Unternehmen die Risiken der Reform unterschätzt, was sich nun deutlich bemerkbar macht.","Apparently, the company underestimated the risks of the reform, which is now becoming clearly noticeable.","Apparemment, l’entreprise a sous-estimé les risques de la réforme, ce qui se manifeste désormais clairement.","anscheinend = apparently, seemingly",anscheinend = apparemment,,
61,"_____ war die Entscheidung weniger rational motiviert, als man zunächst angenommen hatte.",Anscheinend,"Anscheinend war die Entscheidung weniger rational motiviert, als man zunächst angenommen hatte.","Apparently, the decision was less rationally motivated than initially assumed.","Apparemment, la décision était moins motivée par la raison qu’on ne l’avait d’abord supposé.","anscheinend = apparently, seemingly",anscheinend = apparemment,,
61,"_____ gelingt es der Politik nicht, einen tragfähigen Konsens zu erzielen.",Anscheinend,"Anscheinend gelingt es der Politik nicht, einen tragfähigen Konsens zu erzielen.","Apparently, politics is not managing to achieve a viable consensus.","Apparemment, la politique n’arrive pas à parvenir à un consensus viable.","anscheinend = apparently, seemingly",anscheinend = apparemment,,
61,"Die Risiken wurden nicht _____ berücksichtigt, was die Stabilität des Projekts gefährdete.",ausreichend,"Die Risiken wurden nicht ausreichend berücksichtigt, was die Stabilität des Projekts gefährdete.","The risks were not sufficiently considered, which jeopardized the stability of the project.","Les risques n’ont pas été suffisamment pris en compte, ce qui a mis en danger la stabilité du projet.",ausreichend = sufficiently,ausreichend = suffisamment,,
61,"Die Daten wurden _____ analysiert, um fundierte Schlussfolgerungen ziehen zu können.",ausreichend,"Die Daten wurden ausreichend analysiert, um fundierte Schlussfolgerungen ziehen zu können.",The data were sufficiently analyzed to draw well-founded conclusions.,Les données ont été analysées de manière suffisante pour tirer des conclusions fondées.,ausreichend = sufficiently,ausreichend = suffisamment,,
61,Ohne _____ geprüfte Annahmen lassen sich langfristige Strategien kaum entwickeln.,ausreichend,Ohne ausreichend geprüfte Annahmen lassen sich langfristige Strategien kaum entwickeln.,"Without sufficiently tested assumptions, long-term strategies can hardly be developed.","Sans hypothèses suffisamment vérifiées, il est difficile d’élaborer des stratégies à long terme.",ausreichend = sufficiently,ausreichend = suffisamment,,
61,Das Unternehmen beschäftigt _____ mehr als 20.000 Mitarbeiter und eröffnet jedes Jahr neue Standorte.,weltweit,Das Unternehmen beschäftigt weltweit mehr als 20.000 Mitarbeiter und eröffnet jedes Jahr neue Standorte.,"The company employs more than 20,000 people worldwide and opens new locations every year.",L'entreprise emploie plus de 20 000 personnes dans le monde et ouvre chaque année de nouveaux sites.,weltweit = worldwide,weltweit = dans le monde entier,,
61,"Wissenschaftler arbeiten _____ zusammen, um neue Behandlungsmethoden gegen seltene Krankheiten zu entwickeln.",weltweit,"Wissenschaftler arbeiten weltweit zusammen, um neue Behandlungsmethoden gegen seltene Krankheiten zu entwickeln.",Scientists work together worldwide to develop new treatments for rare diseases.,Des scientifiques collaborent dans le monde entier pour développer de nouveaux traitements contre les maladies rares.,weltweit = worldwide,weltweit = dans le monde entier,,
61,Die Nachricht verbreitete sich _____ innerhalb weniger Stunden über soziale Medien.,weltweit,Die Nachricht verbreitete sich weltweit innerhalb weniger Stunden über soziale Medien.,The news spread worldwide within a few hours through social media.,La nouvelle s'est répandue dans le monde entier en quelques heures grâce aux réseaux sociaux.,weltweit = worldwide,weltweit = dans le monde entier,,
61,"Alle Bemühungen waren _____, da die Entscheidung bereits im Vorfeld feststand.",vergeblich,"Alle Bemühungen waren vergeblich, da die Entscheidung bereits im Vorfeld feststand.","All efforts were in vain, since the decision had already been made in advance.","Tous les efforts ont été vains, car la décision était déjà prise à l’avance.","vergeblich = for nothing, in vain",vergeblich = en vain,,
61,"Er wartete _____ auf eine Antwort, die nie kam.",vergeblich,"Er wartete vergeblich auf eine Antwort, die nie kam.",He waited in vain for an answer that never came.,Il a attendu en vain une réponse qui n’est jamais venue.,"vergeblich = for nothing, in vain",vergeblich = en vain,,
61,"Die Warnungen waren _____, weil niemand bereit war, die Risiken ernst zu nehmen.",vergeblich,"Die Warnungen waren vergeblich, weil niemand bereit war, die Risiken ernst zu nehmen.",The warnings were in vain because nobody was willing to take the risks seriously.,"Les avertissements ont été vains, car personne n’était prêt à prendre les risques au sérieux.","vergeblich = for nothing, in vain",vergeblich = en vain,,
61,"Könnten Sie _____ zusammenfassen, welche Ergebnisse bisher erzielt wurden?",kurz,"Könnten Sie kurz zusammenfassen, welche Ergebnisse bisher erzielt wurden?",Could you briefly summarize the results achieved so far?,Pourriez-vous résumer brièvement les résultats obtenus jusqu'à présent ?,"kurz = briefly, in short",kurz = brièvement,,
61,"Die beiden Kollegen sprachen _____ miteinander, bevor die Sitzung begann.",kurz,"Die beiden Kollegen sprachen kurz miteinander, bevor die Sitzung begann.",The two colleagues spoke briefly before the meeting began.,Les deux collègues ont parlé brièvement avant le début de la réunion.,"kurz = briefly, in short",kurz = brièvement,,
61,"Der Geschäftsführer hielt _____ inne, bevor er die entscheidende Frage beantwortete.",kurz,"Der Geschäftsführer hielt kurz inne, bevor er die entscheidende Frage beantwortete.",The managing director paused briefly before answering the crucial question.,Le directeur général s'est arrêté brièvement avant de répondre à la question décisive.,"kurz = briefly, in short",kurz = brièvement,,
62,,von früh bis spät,,"the whole day, from morning to night, from dawn to dusk","toute la journée, du matin au soir, de l'aube au crépuscule","von früh bis spät = the whole day, from morning to night, from dawn to dusk","von früh bis spät = toute la journée, du matin au soir, de l'aube au crépuscule",,
62,,von Tag zu Tag,,day by day,jour après jour,von tag zu tag = day by day,von tag zu tag = jour après jour,,
62,,bei weitem,,by far,de loin,bei weitem = by far,bei weitem = de loin,,
62,,an sich,,"per se, in and of itself, in itself","en soi, en soi, en soi","an sich = per se, in and of itself, in itself","an sich = en soi, en soi, en soi",,
62,,ab und zu,,"now and then, occasionally","de temps en temps, occasionnellement","ab und zu = now and then, occasionally","ab und zu = de temps en temps, occasionnellement",,
62,,unter anderem,,among other things,entre autres choses,unter anderem = among other things,unter anderem = entre autres choses,,
62,,nach allem,,"by all accounts, according to all","de l'avis général, selon tous","nach allem = by all accounts, according to all","nach allem = de l'avis général, selon tous",,
62,,auf und ab,,up and down,de haut en bas,auf und ab = up and down,auf und ab = de haut en bas,,
62,,hin und her,,"back and forth, to and fro","d'avant en arrière, d'un bout à l'autre","hin und her = back and forth, to and fro","hin und her = d'avant en arrière, d'un bout à l'autre",,
62,,nach und nach,,"bit by bit, little by little, gradually","petit à petit, peu à peu","nach und nach = bit by bit, little by little, gradually","nach und nach = petit à petit, peu à peu",,
63,"Er arbeitet _____, um sich seinen Traum vom eigenen Café zu erfüllen.",von früh bis spät,"Er arbeitet von früh bis spät, um sich seinen Traum vom eigenen Café zu erfüllen.",He works from early till late to fulfill his dream of owning a café.,Il travaille du matin au soir pour réaliser son rêve d'ouvrir un café.,"von früh bis spät = the whole day, from morning to night, from dawn to dusk","von früh bis spät = toute la journée, du matin au soir, de l'aube au crépuscule",,
63,_____ herrschte auf dem Festival eine ausgelassene Stimmung.,Von früh bis spät,Von früh bis spät herrschte auf dem Festival eine ausgelassene Stimmung.,"From morning till night, the atmosphere at the festival was exuberant.","Du matin au soir, l'ambiance au festival était exubérante.","von früh bis spät = the whole day, from morning to night, from dawn to dusk","von früh bis spät = toute la journée, du matin au soir, de l'aube au crépuscule",,
63,Die Touristen strömten _____ durch die Altstadt.,von früh bis spät,Die Touristen strömten von früh bis spät durch die Altstadt.,Tourists streamed through the old town all day long.,Les touristes ont afflué dans la vieille ville toute la journée.,"von früh bis spät = the whole day, from morning to night, from dawn to dusk","von früh bis spät = toute la journée, du matin au soir, de l'aube au crépuscule",,
63,"_____ war sie damit beschäftigt, die Veranstaltung zu organisieren.",Von früh bis spät,"Von früh bis spät war sie damit beschäftigt, die Veranstaltung zu organisieren.",She was busy organizing the event from dawn to dusk.,Elle s'est affairée à organiser l'événement du lever au coucher du soleil.,"von früh bis spät = the whole day, from morning to night, from dawn to dusk","von früh bis spät = toute la journée, du matin au soir, de l'aube au crépuscule",,
63,"Die Kinder spielten _____ draußen, völlig vertieft in ihre Spiele.",von früh bis spät,"Die Kinder spielten von früh bis spät draußen, völlig vertieft in ihre Spiele.","The children played outside from early to late, completely absorbed.","Les enfants jouaient dehors du matin au soir, complètement absorbés par leurs jeux.","von früh bis spät = the whole day, from morning to night, from dawn to dusk","von früh bis spät = toute la journée, du matin au soir, de l'aube au crépuscule",,
63,Die Lage in der Region verschlechtert sich _____.,von Tag zu Tag,Die Lage in der Region verschlechtert sich von Tag zu Tag.,The situation in the region is worsening day by day.,La situation dans la région s'aggrave de jour en jour.,von tag zu tag = day by day,von tag zu tag = jour après jour,,
63,_____ wurde er ruhiger und nachdenklicher.,Von Tag zu Tag,Von Tag zu Tag wurde er ruhiger und nachdenklicher.,"Day by day, he became quieter and more reflective.","Jour après jour, il devenait plus calme et plus réfléchi.",von tag zu tag = day by day,von tag zu tag = jour après jour,,
63,Ihre Genesung macht _____ Fortschritte.,von Tag zu Tag,Ihre Genesung macht von Tag zu Tag Fortschritte.,Her recovery is progressing day by day.,Son rétablissement progresse de jour en jour.,von tag zu tag = day by day,von tag zu tag = jour après jour,,
63,Die Spannung im Büro nahm _____ spürbar zu.,von Tag zu Tag,Die Spannung im Büro nahm von Tag zu Tag spürbar zu.,The tension in the office increased noticeably with each passing day.,La tension au bureau augmentait sensiblement de jour en jour.,von tag zu tag = day by day,von tag zu tag = jour après jour,,
63,"_____ fiel es ihm schwerer, die Fassade aufrechtzuerhalten.",Von Tag zu Tag,"Von Tag zu Tag fiel es ihm schwerer, die Fassade aufrechtzuerhalten.","With each passing day, it became harder for him to keep up the facade.","Jour après jour, il lui devenait de plus en plus difficile de maintenir les apparences.",von tag zu tag = day by day,von tag zu tag = jour après jour,,
63,"_____, was man hört, war das Konzert ein großer Erfolg.",Nach allem,"Nach allem, was man hört, war das Konzert ein großer Erfolg.","By all accounts, the concert was a big success.","De l'avis général, le concert a été un grand succès.","nach allem = by all accounts, according to all","nach allem = de l'avis général, selon tous",,
63,"_____, was gesagt wurde, ist er ein zuverlässiger Kollege.",Nach allem,"Nach allem, was gesagt wurde, ist er ein zuverlässiger Kollege.","By all accounts, he is a reliable colleague.","De l'avis général, c'est un collègue fiable.","nach allem = by all accounts, according to all","nach allem = de l'avis général, selon tous",,
63,"_____, was bisher berichtet wurde, ist der Plan sinnvoll.",Nach allem,"Nach allem, was bisher berichtet wurde, ist der Plan sinnvoll.","According to everything that has been reported so far, the plan makes sense.","D'après tout ce qui a été rapporté jusqu'à présent, le plan est logique.","nach allem = by all accounts, according to all","nach allem = de l'avis général, selon tous",,
63,"_____, was man liest, ist dieses Buch sehr empfehlenswert.",Nach allem,"Nach allem, was man liest, ist dieses Buch sehr empfehlenswert.","From what I read, this book is highly recommended.","D'après ce que j'ai lu, ce livre est fortement recommandé.","nach allem = by all accounts, according to all","nach allem = de l'avis général, selon tous",,
63,"_____, was mir erzählt wurde, ist das eine schwierige Aufgabe.",Nach allem,"Nach allem, was mir erzählt wurde, ist das eine schwierige Aufgabe.","From everything I've been told, this is a difficult task.","D'après tout ce qu'on m'a dit, c'est une tâche difficile.","nach allem = by all accounts, according to all","nach allem = de l'avis général, selon tous",,
63,"Das war _____ nicht die beste Entscheidung, die sie je getroffen hat.",bei weitem,"Das war bei weitem nicht die beste Entscheidung, die sie je getroffen hat.",That was by far not the best decision she has ever made.,Ce n'était de loin pas la meilleure décision qu'elle ait jamais prise.,bei weitem = by far,bei weitem = de loin,,
63,Er ist _____ der erfahrenste Mitarbeiter im ganzen Team.,bei weitem,Er ist bei weitem der erfahrenste Mitarbeiter im ganzen Team.,He is by far the most experienced employee in the entire team.,Il est de loin l'employé le plus expérimenté de toute l'équipe.,bei weitem = by far,bei weitem = de loin,,
63,Die neue Lösung ist _____ effizienter als die alte Methode.,bei weitem,Die neue Lösung ist bei weitem effizienter als die alte Methode.,The new solution is by far more efficient than the old method.,La nouvelle solution est de loin plus efficace que l'ancienne méthode.,bei weitem = by far,bei weitem = de loin,,
63,Dieses Projekt ist _____ anspruchsvoller als alle vorherigen.,bei weitem,Dieses Projekt ist bei weitem anspruchsvoller als alle vorherigen.,This project is by far more demanding than all the previous ones.,Ce projet est de loin plus exigeant que tous les précédents.,bei weitem = by far,bei weitem = de loin,,
63,Ihre Leistung war _____ überzeugender als die der anderen Kandidaten.,bei weitem,Ihre Leistung war bei weitem überzeugender als die der anderen Kandidaten.,Her performance was by far more convincing than that of the other candidates.,Sa prestation était de loin plus convaincante que celle des autres candidats.,bei weitem = by far,bei weitem = de loin,,
63,Bei der Konferenz wurden _____ neue Forschungsergebnisse vorgestellt.,unter anderem,Bei der Konferenz wurden unter anderem neue Forschungsergebnisse vorgestellt.,"At the conference, new research findings were presented, among other things.","Lors de cette conférence, de nouveaux résultats de recherche ont notamment été présentés.",unter anderem = among other things,unter anderem = entre autres choses,,
63,Sie spricht _____ fließend Spanisch und Italienisch.,unter anderem,Sie spricht unter anderem fließend Spanisch und Italienisch.,"She speaks, among other things, fluent Spanish and Italian.","Elle parle couramment, entre autres, l'espagnol et l'italien.",unter anderem = among other things,unter anderem = entre autres choses,,
63,Das Unternehmen investiert _____ in erneuerbare Energien.,unter anderem,Das Unternehmen investiert unter anderem in erneuerbare Energien.,"The company is investing, among other things, in renewable energy.",L'entreprise investit notamment dans les énergies renouvelables.,unter anderem = among other things,unter anderem = entre autres choses,,
63,Der Skandal betrifft _____ auch hochrangige Politiker.,unter anderem,Der Skandal betrifft unter anderem auch hochrangige Politiker.,"The scandal involves, among other things, high-ranking politicians.","Ce scandale implique, entre autres, des personnalités politiques de haut rang.",unter anderem = among other things,unter anderem = entre autres choses,,
63,Die Ausstellung zeigt _____ Werke von Picasso und Kandinsky.,unter anderem,Die Ausstellung zeigt unter anderem Werke von Picasso und Kandinsky.,"The exhibition features, among other things, works by Picasso and Kandinsky.","L'exposition présente, entre autres, des œuvres de Picasso et de Kandinsky.",unter anderem = among other things,unter anderem = entre autres choses,,
63,"Die Idee _____ ist gut, aber die Umsetzung war mangelhaft.",an sich,"Die Idee an sich ist gut, aber die Umsetzung war mangelhaft.","The idea per se is good, but the execution was poor.","L'idée en soi est bonne, mais l'exécution était médiocre.","an sich = per se, in and of itself, in itself","an sich = en soi, en soi, en soi",,
63,"Das Angebot klingt _____ attraktiv, hat aber versteckte Kosten.",an sich,"Das Angebot klingt an sich attraktiv, hat aber versteckte Kosten.","The offer sounds appealing in and of itself, but it has hidden costs.","L'offre semble attrayante en soi, mais elle comporte des coûts cachés.","an sich = per se, in and of itself, in itself","an sich = en soi, en soi, en soi",,
63,"_____ ist Kritik hilfreich, solange sie konstruktiv formuliert wird.",An sich,"An sich ist Kritik hilfreich, solange sie konstruktiv formuliert wird.","In and of itself, criticism is helpful, as long as it's constructive.","En soi, la critique est utile, pourvu qu'elle soit constructive.","an sich = per se, in and of itself, in itself","an sich = en soi, en soi, en soi",,
63,"Der Plan ist _____ nicht schlecht, er braucht nur noch Feinschliff.",an sich,"Der Plan ist an sich nicht schlecht, er braucht nur noch Feinschliff.","The plan isn’t bad per se, it just needs some fine-tuning.","Le plan n'est pas mauvais en soi, il a juste besoin de quelques ajustements.","an sich = per se, in and of itself, in itself","an sich = en soi, en soi, en soi",,
63,"Der Film war _____ nicht langweilig, aber viel zu lang.",an sich,"Der Film war an sich nicht langweilig, aber viel zu lang.","The film wasn't boring per se, but it was far too long.","Le film n'était pas ennuyeux en soi, mais il était beaucoup trop long.","an sich = per se, in and of itself, in itself","an sich = en soi, en soi, en soi",,
63,"Ich gehe _____ ins Theater, wenn eine interessante Aufführung läuft.",ab und zu,"Ich gehe ab und zu ins Theater, wenn eine interessante Aufführung läuft.",I go to the theater now and then when there is an interesting performance.,"Je vais au théâtre de temps en temps, lorsqu'il y a une représentation intéressante.","ab und zu = now and then, occasionally","ab und zu = de temps en temps, occasionnellement",,
63,"_____ gönne ich mir ein Stück Schokolade, auch wenn ich auf meine Ernährung achte.",Ab und zu,"Ab und zu gönne ich mir ein Stück Schokolade, auch wenn ich auf meine Ernährung achte.","Now and then, I treat myself to a piece of chocolate, even though I watch my diet.","De temps en temps, je m'offre un morceau de chocolat, même si je fais attention à mon régime.","ab und zu = now and then, occasionally","ab und zu = de temps en temps, occasionnellement",,
63,"Er arbeitet viel, aber _____ nimmt er sich eine Auszeit, um zu reisen.",ab und zu,"Er arbeitet viel, aber ab und zu nimmt er sich eine Auszeit, um zu reisen.","He works a lot, but now and then he takes a break to travel.","Il travaille beaucoup, mais de temps en temps il prend une pause pour voyager.","ab und zu = now and then, occasionally","ab und zu = de temps en temps, occasionnellement",,
63,"_____ treffen wir uns mit alten Schulfreunden, um Erinnerungen auszutauschen.",Ab und zu,"Ab und zu treffen wir uns mit alten Schulfreunden, um Erinnerungen auszutauschen.","Now and then, we meet up with old school friends to share memories.","De temps en temps, nous retrouvons d'anciens camarades de classe pour partager des souvenirs.","ab und zu = now and then, occasionally","ab und zu = de temps en temps, occasionnellement",,
63,"Es ist wichtig, _____ eine Pause zu machen, um neue Energie zu tanken.",ab und zu,"Es ist wichtig, ab und zu eine Pause zu machen, um neue Energie zu tanken.",It’s important to take a break now and then to recharge your energy.,Il est important de faire une pause de temps en temps pour recharger ses batteries.,"ab und zu = now and then, occasionally","ab und zu = de temps en temps, occasionnellement",,
63,Die Wellen bewegten sich ruhig _____ und wiegten das Boot sanft.,auf und ab,Die Wellen bewegten sich ruhig auf und ab und wiegten das Boot sanft.,"The waves moved gently up and down, rocking the boat softly.","Les vagues montaient et descendaient doucement, berçant légèrement le bateau.",auf und ab = up and down,auf und ab = de haut en bas,,
63,"Der Fahrstuhl fuhr den ganzen Tag _____, ohne Pause.",auf und ab,"Der Fahrstuhl fuhr den ganzen Tag auf und ab, ohne Pause.",The elevator went up and down all day without stopping.,L'ascenseur montait et descendait toute la journée sans s'arrêter.,auf und ab = up and down,auf und ab = de haut en bas,,
63,"Der Ball sprang mehrmals _____, bevor er zur Ruhe kam.",auf und ab,"Der Ball sprang mehrmals auf und ab, bevor er zur Ruhe kam.",The ball bounced up and down several times before coming to rest.,La balle a rebondi plusieurs fois avant de s'immobiliser.,auf und ab = up and down,auf und ab = de haut en bas,,
63,"Sie hüpfte voller Freude _____, als sie die Nachricht hörte.",auf und ab,"Sie hüpfte voller Freude auf und ab, als sie die Nachricht hörte.",She jumped up and down with joy when she heard the news.,Elle a sauté de joie en apprenant la nouvelle.,auf und ab = up and down,auf und ab = de haut en bas,,
63,"Der Puls des Lichts flackerte _____, als ob es atmen würde.",auf und ab,"Der Puls des Lichts flackerte auf und ab, als ob es atmen würde.","The light flickered up and down, as if it were breathing.","La lumière vacillait de haut en bas, comme si elle respirait.",auf und ab = up and down,auf und ab = de haut en bas,,
63,"Er ging nervös _____, während er auf das Ergebnis wartete.",hin und her,"Er ging nervös hin und her, während er auf das Ergebnis wartete.",He paced back and forth nervously while waiting for the result.,Il faisait les cent pas nerveusement en attendant le résultat.,"hin und her = back and forth, to and fro","hin und her = d'avant en arrière, d'un bout à l'autre",,
63,Die Pendeluhr schwang gleichmäßig _____.,hin und her,Die Pendeluhr schwang gleichmäßig hin und her.,The pendulum clock swung evenly back and forth.,L'horloge à pendule oscillait régulièrement d'avant en arrière.,"hin und her = back and forth, to and fro","hin und her = d'avant en arrière, d'un bout à l'autre",,
63,"Der Hund rannte unermüdlich _____, um den Ball zu holen.",hin und her,"Der Hund rannte unermüdlich hin und her, um den Ball zu holen.",The dog ran back and forth tirelessly to fetch the ball.,Le chien courait sans relâche d'un bout à l'autre pour rapporter la balle.,"hin und her = back and forth, to and fro","hin und her = d'avant en arrière, d'un bout à l'autre",,
63,Die Blätter wurden vom Wind _____ geweht.,hin und her,Die Blätter wurden vom Wind hin und her geweht.,The leaves were blown back and forth by the wind.,Les feuilles étaient ballottées par le vent.,"hin und her = back and forth, to and fro","hin und her = d'avant en arrière, d'un bout à l'autre",,
63,"Auf dem Bildschirm bewegte sich eine Linie _____, als Teil des Tests.",hin und her,"Auf dem Bildschirm bewegte sich eine Linie hin und her, als Teil des Tests.",A line moved back and forth on the screen as part of the test.,Une ligne se déplaçait d'avant en arrière sur l'écran dans le cadre du test.,"hin und her = back and forth, to and fro","hin und her = d'avant en arrière, d'un bout à l'autre",,
63,"_____ erkannte das Team, dass die bisherigen Annahmen nicht mehr tragfähig waren.",Nach und nach,"Nach und nach erkannte das Team, dass die bisherigen Annahmen nicht mehr tragfähig waren.","Gradually, the team realized that the previous assumptions were no longer viable.","Peu à peu, l’équipe a compris que les hypothèses précédentes n’étaient plus tenables.","nach und nach = bit by bit, little by little, gradually","nach und nach = petit à petit, peu à peu",,
63,"Die Spannung löste sich _____, als die Ergebnisse vollständig erklärt wurden.",nach und nach,"Die Spannung löste sich nach und nach, als die Ergebnisse vollständig erklärt wurden.",The tension gradually eased as the results were fully explained.,La tension s’est peu à peu dissipée lorsque les résultats ont été entièrement expliqués.,"nach und nach = bit by bit, little by little, gradually","nach und nach = petit à petit, peu à peu",,
63,"_____ setzte sich die Erkenntnis durch, dass eine grundlegende Reform unvermeidlich war.",Nach und nach,"Nach und nach setzte sich die Erkenntnis durch, dass eine grundlegende Reform unvermeidlich war.","Little by little, the realization took hold that a fundamental reform was unavoidable.","Peu à peu, l’idée qu’une réforme fondamentale était inévitable s’est imposée.","nach und nach = bit by bit, little by little, gradually","nach und nach = petit à petit, peu à peu",,
63,"Die Atmosphäre im Projekt verbesserte sich _____, nachdem neue Kommunikationsstrukturen eingeführt worden waren.",nach und nach,"Die Atmosphäre im Projekt verbesserte sich nach und nach, nachdem neue Kommunikationsstrukturen eingeführt worden waren.",The atmosphere in the project gradually improved after new communication structures were introduced.,L’ambiance du projet s’est peu à peu améliorée après l’introduction de nouvelles structures de communication.,"nach und nach = bit by bit, little by little, gradually","nach und nach = petit à petit, peu à peu",,
63,"_____ wurde deutlich, dass die Entwicklung viel tiefgreifender war, als zunächst angenommen.",Nach und nach,"Nach und nach wurde deutlich, dass die Entwicklung viel tiefgreifender war, als zunächst angenommen.",It gradually became clear that the development was far more far-reaching than initially assumed.,Il est devenu peu à peu évident que l’évolution était bien plus profonde qu’on ne l’avait d’abord pensé.,"nach und nach = bit by bit, little by little, gradually","nach und nach = petit à petit, peu à peu",,
64,absolut,auf jeden Fall,"Die Argumente waren absolut überzeugend, sodass kaum Zweifel blieben.","definitely, for sure, absolutely","définitivement, à coup sûr, absolument","auf jeden fall = definitely, for sure, absolutely","auf jeden fall = définitivement, à coup sûr, absolument",,
64,durchaus,auf jeden Fall,"Die Lösung erscheint durchaus realistisch, wenn man die aktuellen Daten berücksichtigt.","definitely, for sure, absolutely","définitivement, à coup sûr, absolument","auf jeden fall = definitely, for sure, absolutely","auf jeden fall = définitivement, à coup sûr, absolument",,
64,unbedingt,auf jeden Fall,"Wir sollten unbedingt prüfen, ob alle Voraussetzungen erfüllt sind.","definitely, for sure, absolutely","définitivement, à coup sûr, absolument","auf jeden fall = definitely, for sure, absolutely","auf jeden fall = définitivement, à coup sûr, absolument",,
64,ungefähr,circa,Die Kosten liegen ungefähr auf dem Niveau des Vorjahres.,"approximately, about","environ, approximativement","circa = approximately, about","circa = environ, approximativement",,
64,einst,einmal,"Einst galt das Gebäude als modern, doch heute wirkt es veraltet.","once, one time",une fois,"einmal = once, one time",einmal = une fois,,
64,beinahe,fast,"Sie war beinahe zu spät, konnte sich aber gerade noch vorstellen.",almost,presque,fast = almost,fast = presque,,
64,nahezu,fast,"Die Werte haben sich nahezu verdoppelt, was viele überrascht hat.",almost,presque,fast = almost,fast = presque,,
64,quasi,fast,"Der Plan war quasi fertig, nur wenige Details fehlten noch.",almost,presque,fast = almost,fast = presque,,
64,zugleich,gleichzeitig,"Das neue System ist effizienter, zugleich bietet es mehr Flexibilität.","simultaneously, at the same time","simultanément, en même temps","gleichzeitig = simultaneously, at the same time","gleichzeitig = simultanément, en même temps",,
64,angenehmerweise,glücklicherweise,Angenehmerweise konnten wir alle Probleme schneller lösen als erwartet.,fortunately,heureusement,glücklicherweise = fortunately,glücklicherweise = heureusement,,
64,erfreulicherweise,glücklicherweise,Erfreulicherweise zeigte die Umfrage ein deutlich positiveres Bild als befürchtet.,fortunately,heureusement,glücklicherweise = fortunately,glücklicherweise = heureusement,,
64,vornehmlich,hauptsächlich,Vornehmlich konzentriert sich die Studie auf strukturelle Veränderungen im Markt.,"primarily, mainly",principalement,"hauptsächlich = primarily, mainly",hauptsächlich = principalement,,
64,heut,heute,Heut wird das Konzept erstmals der Öffentlichkeit präsentiert.,today,aujourd'hui,heute = today,heute = aujourd'hui,,
64,stets,immer,"Stets bemüht er sich, die Erwartungen seiner Kunden zu übertreffen.",always,toujours,immer = always,immer = toujours,,
64,knapp,kaum,Knapp ein Drittel der Befragten sprach sich für die Änderung aus.,"hardly, barely",à peine,"kaum = hardly, barely",kaum = à peine,,
64,größtenteils,meistens,Größtenteils wurden die gesteckten Ziele erfolgreich umgesetzt.,"mostly, usually","principalement, habituellement","meistens = mostly, usually","meistens = principalement, habituellement",,
64,zumeist,meistens,Zumeist lassen sich die Schwierigkeiten auf organisatorische Gründe zurückführen.,"mostly, usually","principalement, habituellement","meistens = mostly, usually","meistens = principalement, habituellement",,
64,freilich,natürlich,"Freilich bleibt abzuwarten, ob die Prognosen tatsächlich eintreffen.","naturally, of course","naturellement, bien sûr","natürlich = naturally, of course","natürlich = naturellement, bien sûr",,
64,niemals,nie,"Niemals hätte ich gedacht, dass das Projekt so große Aufmerksamkeit bekommt.",never,jamais,nie = never,nie = jamais,,
64,gegenwärtig,zurzeit,Gegenwärtig scheint die Debatte weniger von sachlichen Argumenten als von kurzfristigen politischen Interessen geprägt zu sein.,"currently, at present",actuellement,"zurzeit = currently, at present",zurzeit = actuellement,,
65,und so weiter und so fort,und so weiter,"Er sprach von Effizienz, Innovation, Verantwortung, Nachhaltigkeit und so weiter und so fort, ohne jedoch konkret zu erklären, wie diese Ziele tatsächlich erreicht werden sollten.","and so on, and so forth, etc.","et ainsi de suite, etc.","und so weiter = and so on, and so forth, etc.","und so weiter = et ainsi de suite, etc.",,
65,weitaus,weit,"Die Auswirkungen der Reform erwiesen sich als weitaus komplexer, als man zunächst angenommen hatte.","far, far more","de loin, bien plus","weit = far, far more","weit = de loin, bien plus",,
65,nimmer,nie,"Er wird nimmer verstehen, warum diese Entscheidung getroffen wurde.",never,jamais,nie = never,nie = jamais,,
65,nach wie vor,noch,"Die Nachfrage steigt nach wie vor, trotz aller Prognosen.","still, another",encore,"noch = still, another",noch = encore,,
65,bloß,nur,"Das war bloß ein Missverständnis, nichts weiter.","only, merely","seulement, que","nur = only, merely","nur = seulement, que",,
65,lediglich,nur,"Wir haben lediglich versucht, Klarheit zu schaffen.","only, merely","seulement, que","nur = only, merely","nur = seulement, que",,
65,oftmals,oft,Oftmals sieht man die Risiken erst im Nachhinein.,"often, frequently","souvent, fréquemment","oft = often, frequently","oft = souvent, fréquemment",,
65,geschwindig,schnell,Die Märkte reagierten geschwindig auf die neuen Informationen.,"quickly, rapidly","vite, rapidement","schnell = quickly, rapidly","schnell = vite, rapidement",,
65,sogleich,sofort,Sie informierte uns sogleich über die Änderungen.,"immediately, right away","immédiatement, tout de suite","sofort = immediately, right away","sofort = immédiatement, tout de suite",,
65,eventuell,vielleicht,Eventuell müssen wir den Zeitplan anpassen.,maybe,peut-être,vielleicht = maybe,vielleicht = peut-être,,
65,möglicherweise,vielleicht,Möglicherweise wurde der Bericht noch nicht aktualisiert.,maybe,peut-être,vielleicht = maybe,vielleicht = peut-être,,
65,wohl,vielleicht,"Er wird wohl später dazukommen, wenn alles vorbereitet ist.",maybe,peut-être,vielleicht = maybe,vielleicht = peut-être,,
65,womöglich,vielleicht,Womöglich gab es ein Problem bei der Übertragung.,maybe,peut-être,vielleicht = maybe,vielleicht = peut-être,,
65,vermutlich,wahrscheinlich,Die Einführung wird vermutlich einige Wochen dauern.,"probably, likely","probablement, vraisemblablement","wahrscheinlich = probably, likely","wahrscheinlich = probablement, vraisemblablement",,
65,jüngst,vor kurzem,Die Ergebnisse wurden jüngst veröffentlicht.,recently,récemment,vor kurzem = recently,vor kurzem = récemment,,
65,unlängst,vor kurzem,Unlängst hat das Unternehmen seine Strategie neu definiert.,recently,récemment,vor kurzem = recently,vor kurzem = récemment,,
65,wiederum,wieder,"Er erklärte die Situation ausführlich, wiederum mit neuen Beispielen.","again, another time, back","encore, à nouveau","wieder = again, another time, back","wieder = encore, à nouveau",,
65,daheim,zuhause,Nach langer Reise fühlt man sich endlich wieder daheim angekommen.,"at home, home","à la maison, chez soi","zuhause = at home, home","zuhause = à la maison, chez soi",,
65,nunmehr,ab jetzt,Die Zuständigkeiten sind nunmehr klar definiert.,from now on,à partir de maintenant,ab jetzt = from now on,ab jetzt = à partir de maintenant,,
66,,eines Tages,,one day,un jour,eines tages = one day,eines tages = un jour,,
66,,es war einmal,,once upon a time,il était une fois,es war einmal = once upon a time,es war einmal = il était une fois,,
66,,seit jeher,,since time immemorial,depuis toujours,seit jeher = since time immemorial,seit jeher = depuis toujours,,
66,,von vornherein,,from the outset,depuis le début,von vornherein = from the outset,von vornherein = depuis le début,,
66,,heuer,,this year,cette année,heuer = this year,heuer = cette année,,
66,,im Nachhinein,,"in retrospect, retrospectively, in hindsight","après coup, retrospectivement","im nachhinein = in retrospect, retrospectively, in hindsight","im nachhinein = après coup, retrospectivement",,
66,,tagsüber,,during the day,pendant la journée,tagsüber = during the day,tagsüber = pendant la journée,,
66,,fortan,,"from then on, henceforth","désormais, dès lors, à partir de ce moment-là","fortan = from then on, henceforth","fortan = désormais, dès lors, à partir de ce moment-là",,
67,"_____ wurde ihm klar, dass die jahrelang ignorierten Warnsignale unweigerlich zu einer Krise führen mussten.",Eines Tages,"Eines Tages wurde ihm klar, dass die jahrelang ignorierten Warnsignale unweigerlich zu einer Krise führen mussten.",One day it became clear to him that the warning signs ignored for years would inevitably lead to a crisis.,"Un jour, il a compris que les signaux d’alerte ignorés pendant des années conduiraient inévitablement à une crise.",eines tages = one day,eines tages = un jour,,
67,"_____ beschloss sie, ihre Karriere grundlegend zu verändern, weil die bisherigen Strukturen sie nicht mehr erfüllten.",Eines Tages,"Eines Tages beschloss sie, ihre Karriere grundlegend zu verändern, weil die bisherigen Strukturen sie nicht mehr erfüllten.",One day she decided to radically change her career because the existing structures no longer fulfilled her.,"Un jour, elle a décidé de changer radicalement de carrière, car les structures en place ne la satisfaisaient plus.",eines tages = one day,eines tages = un jour,,
67,"_____ könnte die Technologie so weit sein, dass komplexe Entscheidungen vollständig automatisiert getroffen werden.",Eines Tages,"Eines Tages könnte die Technologie so weit sein, dass komplexe Entscheidungen vollständig automatisiert getroffen werden.",One day technology may be advanced enough for complex decisions to be made fully automatically.,"Un jour, la technologie pourrait être suffisamment avancée pour que des décisions complexes soient entièrement automatisées.",eines tages = one day,eines tages = un jour,,
67,"_____ wird man vermutlich erkennen, dass die heutige Diskussion nur der Anfang viel größerer Veränderungen war.",Eines Tages,"Eines Tages wird man vermutlich erkennen, dass die heutige Diskussion nur der Anfang viel größerer Veränderungen war.",One day people will probably realize that today’s debate was only the beginning of much larger changes.,"Un jour, on se rendra sans doute compte que le débat actuel n’était que le début de changements bien plus vastes.",eines tages = one day,eines tages = un jour,,
67,"_____ stellte sich heraus, dass die unscheinbare Entdeckung entscheidend für das gesamte Forschungsprojekt war.",Eines Tages,"Eines Tages stellte sich heraus, dass die unscheinbare Entdeckung entscheidend für das gesamte Forschungsprojekt war.",One day it turned out that the seemingly insignificant discovery was crucial for the entire research project.,"Un jour, il s’est avéré que la découverte apparemment insignifiante était essentielle pour tout le projet de recherche.",eines tages = one day,eines tages = un jour,,
67,"_____ ein Forschungsprojekt, das kaum Beachtung fand, bis ein unerwarteter Durchbruch alles veränderte.",Es war einmal,"Es war einmal ein Forschungsprojekt, das kaum Beachtung fand, bis ein unerwarteter Durchbruch alles veränderte.","Once upon a time, there was a research project that received little attention until an unexpected breakthrough changed everything.","Il était une fois un projet de recherche qui passait inaperçu, jusqu’à ce qu’une découverte inattendue change tout.",es war einmal = once upon a time,es war einmal = il était une fois,,
67,"_____ eine Institution, die für Stabilität stand, bis interne Konflikte ihre Grundlagen erschütterten.",Es war einmal,"Es war einmal eine Institution, die für Stabilität stand, bis interne Konflikte ihre Grundlagen erschütterten.","Once upon a time, there was an institution known for stability, until internal conflicts shook its foundations.","Il était une fois une institution réputée pour sa stabilité, jusqu’à ce que des conflits internes en ébranlent les fondements.",es war einmal = once upon a time,es war einmal = il était une fois,,
67,"_____ ein Ansatz, der als unfehlbar galt, doch neue Daten zeigten seine Grenzen schonungslos auf.",Es war einmal,"Es war einmal ein Ansatz, der als unfehlbar galt, doch neue Daten zeigten seine Grenzen schonungslos auf.","Once upon a time, there was an approach considered infallible, but new data exposed its limits without mercy.","Il était une fois une méthode que l’on croyait infaillible, mais de nouvelles données en ont révélé les limites sans ménagement.",es war einmal = once upon a time,es war einmal = il était une fois,,
67,"_____ ein Team, das völlig unterschätzt wurde, bis seine Arbeit internationale Anerkennung erhielt.",Es war einmal,"Es war einmal ein Team, das völlig unterschätzt wurde, bis seine Arbeit internationale Anerkennung erhielt.","Once upon a time, there was a team that was completely underestimated until its work gained international recognition.","Il était une fois une équipe totalement sous-estimée, jusqu’à ce que son travail obtienne une reconnaissance internationale.",es war einmal = once upon a time,es war einmal = il était une fois,,
67,"_____ eine Theorie, die jahrzehntelang dominierte, bevor sie durch präzisere Modelle abgelöst wurde.",Es war einmal,"Es war einmal eine Theorie, die jahrzehntelang dominierte, bevor sie durch präzisere Modelle abgelöst wurde.","Once upon a time, there was a theory that dominated for decades before being replaced by more precise models.",Il était une fois une théorie qui domina pendant des décennies avant d’être remplacée par des modèles plus précis.,es war einmal = once upon a time,es war einmal = il était une fois,,
67,"Das Unternehmen hat sich _____ dem Grundsatz verpflichtet, langfristig statt kurzfristig zu denken.",seit jeher,"Das Unternehmen hat sich seit jeher dem Grundsatz verpflichtet, langfristig statt kurzfristig zu denken.",The company has been committed to the principle of long-term thinking since time immemorial.,"Depuis toujours, l’entreprise s’est engagée à privilégier une vision à long terme plutôt qu’à court terme.",seit jeher = since time immemorial,seit jeher = depuis toujours,,
67,Wissenschaftliche Debatten waren _____ von unterschiedlichen Weltanschauungen geprägt.,seit jeher,Wissenschaftliche Debatten waren seit jeher von unterschiedlichen Weltanschauungen geprägt.,Scientific debates have always been shaped by different worldviews.,Les débats scientifiques ont depuis toujours été influencés par des visions du monde diverses.,seit jeher = since time immemorial,seit jeher = depuis toujours,,
67,"Die Region war _____ ein kultureller Knotenpunkt, an dem sich verschiedene Traditionen begegneten.",seit jeher,"Die Region war seit jeher ein kultureller Knotenpunkt, an dem sich verschiedene Traditionen begegneten.",The region has long been a cultural hub where different traditions intersect.,La région a depuis toujours été un carrefour culturel où se rencontrent diverses traditions.,seit jeher = since time immemorial,seit jeher = depuis toujours,,
67,"_____ galt es als schwierig, komplexe Systeme verlässlich zu prognostizieren.",Seit jeher,"Seit jeher galt es als schwierig, komplexe Systeme verlässlich zu prognostizieren.",It has always been considered difficult to reliably predict complex systems.,"Depuis toujours, il est considéré difficile de prévoir de manière fiable des systèmes complexes.",seit jeher = since time immemorial,seit jeher = depuis toujours,,
67,Der Ort war _____ für seine herausragenden Handwerkskünste bekannt.,seit jeher,Der Ort war seit jeher für seine herausragenden Handwerkskünste bekannt.,The place has long been known for its exceptional craftsmanship.,L’endroit est depuis toujours réputé pour la qualité exceptionnelle de son artisanat.,seit jeher = since time immemorial,seit jeher = depuis toujours,,
67,"Die Leitung wusste _____, dass das Projekt ohne zusätzliche Ressourcen kaum realisierbar wäre.",von vornherein,"Die Leitung wusste von vornherein, dass das Projekt ohne zusätzliche Ressourcen kaum realisierbar wäre.",Management knew from the outset that the project would hardly be feasible without additional resources.,La direction savait dès le départ que le projet serait difficilement réalisable sans ressources supplémentaires.,von vornherein = from the outset,von vornherein = depuis le début,,
67,"_____ war klar, dass die Reform nur funktionieren konnte, wenn alle Beteiligten konsequent mitziehen würden.",Von vornherein,"Von vornherein war klar, dass die Reform nur funktionieren konnte, wenn alle Beteiligten konsequent mitziehen würden.",It was clear from the outset that the reform could only work if all parties cooperated consistently.,"Dès le début, il était clair que la réforme ne pouvait fonctionner que si toutes les parties coopéraient de manière cohérente.",von vornherein = from the outset,von vornherein = depuis le début,,
67,"Die Analyse zeigte, dass einige Annahmen _____ unrealistisch gewesen waren.",von vornherein,"Die Analyse zeigte, dass einige Annahmen von vornherein unrealistisch gewesen waren.",The analysis showed that some assumptions had been unrealistic from the outset.,L’analyse a montré que certaines hypothèses étaient irréalistes dès le départ.,von vornherein = from the outset,von vornherein = depuis le début,,
67,"_____ entschied sich das Team für einen transparenten Ansatz, um spätere Konflikte zu vermeiden.",Von vornherein,"Von vornherein entschied sich das Team für einen transparenten Ansatz, um spätere Konflikte zu vermeiden.",The team chose a transparent approach from the outset to avoid future conflicts.,L’équipe a opté dès le départ pour une approche transparente afin d’éviter de futurs conflits.,von vornherein = from the outset,von vornherein = depuis le début,,
67,"Die Idee war _____ zum Scheitern verurteilt, weil zentrale Risiken ignoriert wurden.",von vornherein,"Die Idee war von vornherein zum Scheitern verurteilt, weil zentrale Risiken ignoriert wurden.",The idea was doomed to fail from the outset because key risks were ignored.,"L’idée était vouée à l’échec dès le début, car des risques essentiels ont été ignorés.",von vornherein = from the outset,von vornherein = depuis le début,,
67,"_____ steht das Unternehmen vor der Herausforderung, seine Wachstumsstrategie an ein deutlich unsichereres Marktumfeld anzupassen.",Heuer,"Heuer steht das Unternehmen vor der Herausforderung, seine Wachstumsstrategie an ein deutlich unsichereres Marktumfeld anzupassen.","This year, the company faces the challenge of adapting its growth strategy to a significantly more uncertain market environment.","Cette année, l’entreprise est confrontée au défi d’adapter sa stratégie de croissance à un environnement de marché nettement plus incertain.",heuer = this year,heuer = cette année,,
67,"_____ hat sich gezeigt, dass technologische Innovation allein nicht ausreicht, um nachhaltigen Erfolg zu sichern.",Heuer,"Heuer hat sich gezeigt, dass technologische Innovation allein nicht ausreicht, um nachhaltigen Erfolg zu sichern.","This year, it has become clear that technological innovation alone is not enough to ensure sustainable success.","Cette année, il est apparu que l’innovation technologique seule ne suffit pas à garantir un succès durable.",heuer = this year,heuer = cette année,,
67,_____ verlief die Zusammenarbeit zwischen den Abteilungen deutlich effizienter als in den Vorjahren.,Heuer,Heuer verlief die Zusammenarbeit zwischen den Abteilungen deutlich effizienter als in den Vorjahren.,"This year, cooperation between the departments was significantly more efficient than in previous years.","Cette année, la coopération entre les départements a été nettement plus efficace que les années précédentes.",heuer = this year,heuer = cette année,,
67,_____ wird die Organisation erstmals mit den langfristigen Folgen der Reform konfrontiert.,Heuer,Heuer wird die Organisation erstmals mit den langfristigen Folgen der Reform konfrontiert.,"This year, the organization is confronted for the first time with the long-term consequences of the reform.","Cette année, l’organisation est confrontée pour la première fois aux conséquences à long terme de la réforme.",heuer = this year,heuer = cette année,,
67,"_____ musste die Regierung einräumen, dass die bisherigen Maßnahmen ihre Wirkung nur begrenzt entfaltet haben.",Heuer,"Heuer musste die Regierung einräumen, dass die bisherigen Maßnahmen ihre Wirkung nur begrenzt entfaltet haben.","This year, the government had to admit that the measures taken so far have had only limited effect.","Cette année, le gouvernement a dû admettre que les mesures prises jusqu’ici n’ont eu qu’un effet limité.",heuer = this year,heuer = cette année,,
67,_____ betrachtet war die Entscheidung weniger mutig als vielmehr unausweichlich.,Im Nachhinein,Im Nachhinein betrachtet war die Entscheidung weniger mutig als vielmehr unausweichlich.,"In hindsight, the decision was less bold than inevitable.","Avec le recul, la décision était moins audacieuse qu’inévitable.","im nachhinein = in retrospect, retrospectively, in hindsight","im nachhinein = après coup, retrospectivement",,
67,"_____ zeigte sich, dass die Warnsignale deutlich unterschätzt worden waren.",Im Nachhinein,"Im Nachhinein zeigte sich, dass die Warnsignale deutlich unterschätzt worden waren.","In hindsight, it became clear that the warning signs had been significantly underestimated.","Avec le recul, il est apparu que les signaux d’alerte avaient été largement sous-estimés.","im nachhinein = in retrospect, retrospectively, in hindsight","im nachhinein = après coup, retrospectivement",,
67,_____ wirkt die damalige Euphorie fast naiv.,Im Nachhinein,Im Nachhinein wirkt die damalige Euphorie fast naiv.,"In hindsight, the enthusiasm of that time seems almost naïve.","Avec le recul, l’enthousiasme de l’époque paraît presque naïf.","im nachhinein = in retrospect, retrospectively, in hindsight","im nachhinein = après coup, retrospectivement",,
67,"_____ ließ sich erkennen, dass der Konflikt weniger sachliche als persönliche Ursachen hatte.",Im Nachhinein,"Im Nachhinein ließ sich erkennen, dass der Konflikt weniger sachliche als persönliche Ursachen hatte.","In hindsight, it could be recognized that the conflict had less factual than personal causes.","Avec le recul, on a pu constater que le conflit avait des causes moins factuelles que personnelles.","im nachhinein = in retrospect, retrospectively, in hindsight","im nachhinein = après coup, retrospectivement",,
67,_____ hätte man die Risiken präziser analysieren müssen.,Im Nachhinein,Im Nachhinein hätte man die Risiken präziser analysieren müssen.,"In hindsight, one should have analyzed the risks more precisely.","Avec le recul, il aurait fallu analyser les risques plus précisément.","im nachhinein = in retrospect, retrospectively, in hindsight","im nachhinein = après coup, retrospectivement",,
67,"_____ arbeitet sie an komplexen Projekten, während sie sich abends mit theoretischen Fragen beschäftigt.",Tagsüber,"Tagsüber arbeitet sie an komplexen Projekten, während sie sich abends mit theoretischen Fragen beschäftigt.","During the day, she works on complex projects, while in the evenings she deals with theoretical questions.","Pendant la journée, elle travaille sur des projets complexes, tandis que le soir elle s’occupe de questions théoriques.",tagsüber = during the day,tagsüber = pendant la journée,,
67,"_____ wirkt das Gebäude unscheinbar, doch nachts entfaltet es eine beeindruckende Atmosphäre.",Tagsüber,"Tagsüber wirkt das Gebäude unscheinbar, doch nachts entfaltet es eine beeindruckende Atmosphäre.","During the day, the building seems inconspicuous, but at night it reveals an impressive atmosphere.","Pendant la journée, le bâtiment paraît discret, mais la nuit il dégage une atmosphère impressionnante.",tagsüber = during the day,tagsüber = pendant la journée,,
67,"_____ bleibt das Team unter starkem Zeitdruck, während es nachts strategische Entscheidungen vorbereitet.",Tagsüber,"Tagsüber bleibt das Team unter starkem Zeitdruck, während es nachts strategische Entscheidungen vorbereitet.","During the day, the team remains under strong time pressure, while at night it prepares strategic decisions.","Pendant la journée, l’équipe subit une forte pression temporelle, tandis que la nuit elle prépare des décisions stratégiques.",tagsüber = during the day,tagsüber = pendant la journée,,
67,"_____ sind die Auswirkungen der Reform kaum sichtbar, doch langfristig verändern sie die Struktur des Systems.",Tagsüber,"Tagsüber sind die Auswirkungen der Reform kaum sichtbar, doch langfristig verändern sie die Struktur des Systems.","During the day / in the short term, the effects of the reform are hardly visible, but in the long term they change the structure of the system.","Pendant la journée / à court terme, les effets de la réforme sont à peine visibles, mais à long terme ils modifient la structure du système.",tagsüber = during the day,tagsüber = pendant la journée,,
67,"_____ wird das Problem oft verdrängt, während es in ruhigen Momenten umso deutlicher ins Bewusstsein tritt.",Tagsüber,"Tagsüber wird das Problem oft verdrängt, während es in ruhigen Momenten umso deutlicher ins Bewusstsein tritt.","During the day, the problem is often repressed, while in quiet moments it becomes all the more apparent.","Pendant la journée, le problème est souvent refoulé, tandis que dans les moments de calme il devient d’autant plus évident.",tagsüber = during the day,tagsüber = pendant la journée,,
67,Nach der Umstrukturierung galt _____ eine einheitliche Regelung für alle Abteilungen.,fortan,Nach der Umstrukturierung galt fortan eine einheitliche Regelung für alle Abteilungen.,"After the restructuring, a uniform policy applied to all departments from then on.","Après la restructuration, une règle uniforme s'est appliquée à tous les départements à partir de ce moment-là.","fortan = from then on, henceforth","fortan = désormais, dès lors, à partir de ce moment-là",,
67,"Das Unternehmen beschloss, _____ ausschließlich erneuerbare Energien zu nutzen.",fortan,"Das Unternehmen beschloss, fortan ausschließlich erneuerbare Energien zu nutzen.",The company decided to use only renewable energy henceforth.,L'entreprise a décidé de n'utiliser désormais que des énergies renouvelables.,"fortan = from then on, henceforth","fortan = désormais, dès lors, à partir de ce moment-là",,
67,"Nachdem der Vertrag unterzeichnet worden war, arbeiteten beide Partner _____ eng zusammen.",fortan,"Nachdem der Vertrag unterzeichnet worden war, arbeiteten beide Partner fortan eng zusammen.","After the contract had been signed, the two partners worked closely together from then on.","Après la signature du contrat, les deux partenaires ont dès lors travaillé en étroite collaboration.","fortan = from then on, henceforth","fortan = désormais, dès lors, à partir de ce moment-là",,
67,Die Stiftung änderte ihre Satzung und vergab _____ ihre Fördermittel nach neuen Kriterien.,fortan,Die Stiftung änderte ihre Satzung und vergab fortan ihre Fördermittel nach neuen Kriterien.,The foundation amended its statutes and thereafter awarded its grants according to new criteria.,La fondation a modifié ses statuts et a désormais attribué ses subventions selon de nouveaux critères.,"fortan = from then on, henceforth","fortan = désormais, dès lors, à partir de ce moment-là",,
67,Der Wissenschaftler widmete sich _____ ausschließlich der Klimaforschung.,fortan,Der Wissenschaftler widmete sich fortan ausschließlich der Klimaforschung.,"From then on, the scientist devoted himself exclusively to climate research.","À partir de ce moment-là, le scientifique s'est consacré exclusivement à la recherche sur le climat.","fortan = from then on, henceforth","fortan = désormais, dès lors, à partir de ce moment-là",,
68,,hierhin,,"to here, indicating a specific location","jusqu'ici, indiquant un emplacement spécifique","hierhin = to here, indicating a specific location","hierhin = jusqu'ici, indiquant un emplacement spécifique",dahin,
68,,hierher,,"toward here, toward the speaker","vers ici, vers l'orateur","hierher = toward here, toward the speaker","hierher = vers ici, vers l'orateur",daher,
68,,dahin,,"to there, indicating movement toward a specific place","là, indiquant un mouvement vers un endroit précis","dahin = to there, indicating movement toward a specific place","dahin = là, indiquant un mouvement vers un endroit précis",hierhin,
68,,daher,,"from there, indicating movement away from a specific place","à partir de là, indiquant un mouvement loin d'un endroit spécifique","daher = from there, indicating movement away from a specific place","daher = à partir de là, indiquant un mouvement loin d'un endroit spécifique",hierher,
68,,herum,,around,"tout autour, autour de soi",herum = around,"herum = tout autour, autour de soi",,
68,,herein,,"inside, toward the speaker","à l'intérieur, vers l'orateur","herein = inside, toward the speaker","herein = à l'intérieur, vers l'orateur",heraus,
68,,heraus,,"out, toward the speaker","vers l'extérieur, vers l'orateur","heraus = out, toward the speaker","heraus = vers l'extérieur, vers l'orateur",herein,
68,,herauf,,"up, toward the speaker","vers le haut, vers l'orateur","herauf = up, toward the speaker","herauf = vers le haut, vers l'orateur",herunter,
68,,herunter,,"down, toward the speaker","vers le bas, vers l'orateur","herunter = down, toward the speaker","herunter = vers le bas, vers l'orateur",herauf,
68,,hervor,,"forth, from the back to the front, toward the speaker","en avant, de l'arrière vers l'avant, vers l'orateur","hervor = forth, from the back to the front, toward the speaker","hervor = en avant, de l'arrière vers l'avant, vers l'orateur",,
68,,hinein,,"into, away from the speaker","dans, loin de l'orateur","hinein = into, away from the speaker","hinein = dans, loin de l'orateur",hinaus,
68,,hinaus,,"out, away from the speaker","dehors, loin de l'orateur","hinaus = out, away from the speaker","hinaus = dehors, loin de l'orateur",hinein,
68,,hinauf,,"up, away from the speaker","en haut, loin de l'orateur","hinauf = up, away from the speaker","hinauf = en haut, loin de l'orateur",hinunter,
68,,hinunter,,"down, away from the speaker","vers le bas, loin de l'orateur","hinunter = down, away from the speaker","hinunter = vers le bas, loin de l'orateur",hinauf,
69,"Bringen Sie bitte die Pakete _____, direkt neben die Tür.",hierhin,"Bringen Sie bitte die Pakete hierhin, direkt neben die Tür.","Please bring the packages here, directly next to the door.","Veuillez apporter les colis ici, directement à côté de la porte.","hierhin = to here, indicating a specific location","hierhin = jusqu'ici, indiquant un emplacement spécifique",,
69,Warum hast du dein Gepäck _____ gelegt und nicht in dein Zimmer?,hierhin,Warum hast du dein Gepäck hierhin gelegt und nicht in dein Zimmer?,Why did you put your luggage here and not in your room?,Pourquoi as-tu mis tes bagages ici et pas dans ta chambre ?,"hierhin = to here, indicating a specific location","hierhin = jusqu'ici, indiquant un emplacement spécifique",,
69,Kannst du den Stuhl _____ stellen? Ich brauche ihn am Tisch.,hierhin,Kannst du den Stuhl hierhin stellen? Ich brauche ihn am Tisch.,Can you place the chair here? I need it at the table.,Peux-tu placer la chaise ici ? J'en ai besoin à la table.,"hierhin = to here, indicating a specific location","hierhin = jusqu'ici, indiquant un emplacement spécifique",,
69,"Komm bitte _____, ich muss dir etwas Wichtiges zeigen.",hierher,"Komm bitte hierher, ich muss dir etwas Wichtiges zeigen.","Please come here, I need to show you something important.","S'il te plaît, viens ici, je dois te montrer quelque chose d'important.","hierher = toward here, toward the speaker","hierher = vers ici, vers l'orateur",,
69,Warum bist du _____ gezogen und nicht in eine andere Stadt?,hierher,Warum bist du hierher gezogen und nicht in eine andere Stadt?,Why did you move here and not to another city?,Pourquoi avez-vous déménagé ici et pas dans une autre ville ?,"hierher = toward here, toward the speaker","hierher = vers ici, vers l'orateur",,
69,"Er kam extra _____, nur um mich zu sehen.",hierher,"Er kam extra hierher, nur um mich zu sehen.",He came all the way here just to see me.,Il est venu jusqu'ici juste pour me voir.,"hierher = toward here, toward the speaker","hierher = vers ici, vers l'orateur",,
69,"Ich bin gerade aus Italien zurückgekommen, und _____ habe ich dieses Souvenir mitgebracht.",daher,"Ich bin gerade aus Italien zurückgekommen, und daher habe ich dieses Souvenir mitgebracht.","I just came back from Italy, and I brought this souvenir from there.",Je reviens tout juste d'Italie et j'ai ramené ce souvenir de là-bas.,"daher = from there, indicating movement away from a specific place","daher = à partir de là, indiquant un mouvement loin d'un endroit spécifique",,
69,"Der Zug kommt direkt aus Hamburg, also kommt er _____.",daher,"Der Zug kommt direkt aus Hamburg, also kommt er daher.","The train is coming directly from Hamburg, so it is coming from there.","Le train vient directement de Hambourg, donc il vient de là.","daher = from there, indicating movement away from a specific place","daher = à partir de là, indiquant un mouvement loin d'un endroit spécifique",,
69,"Sie erzählte mir von einem wunderschönen Strand, und sie hatte die Idee, _____ zu ziehen.",daher,"Sie erzählte mir von einem wunderschönen Strand, und sie hatte die Idee, daher zu ziehen.","She told me about a beautiful beach, and she had the idea of moving from there.",Elle m'a parlé d'une belle plage et elle a eu l'idée de déménager de là.,"daher = from there, indicating movement away from a specific place","daher = à partir de là, indiquant un mouvement loin d'un endroit spécifique",,
69,"Wir fahren nächstes Wochenende an die Küste, willst du _____ mitkommen?",dahin,"Wir fahren nächstes Wochenende an die Küste, willst du dahin mitkommen?","We are going to the coast next weekend, do you want to come there with us?","Nous allons à la côte le week-end prochain, tu veux venir là-bas avec nous ?","dahin = to there, indicating movement toward a specific place","dahin = là, indiquant un mouvement vers un endroit précis",,
69,Er hat seine Tasche ins Auto gelegt und ist dann _____ gefahren.,dahin,Er hat seine Tasche ins Auto gelegt und ist dann dahin gefahren.,He put his bag in the car and then drove there.,Il a mis son sac dans la voiture et s'est rendu là-bas.,"dahin = to there, indicating movement toward a specific place","dahin = là, indiquant un mouvement vers un endroit précis",,
69,"Ich wollte schon immer nach Japan reisen, aber ich habe es noch nie _____ geschafft.",dahin,"Ich wollte schon immer nach Japan reisen, aber ich habe es noch nie dahin geschafft.","I have always wanted to travel to Japan, but I have never made it there.","J’ai toujours voulu voyager au Japon, mais je n’y suis jamais allé.","dahin = to there, indicating movement toward a specific place","dahin = là, indiquant un mouvement vers un endroit précis",,
69,Die Kinder toben vergnügt im Garten _____.,herum,Die Kinder toben vergnügt im Garten herum.,The children are running around happily in the garden.,Les enfants courent joyeusement dans le jardin.,herum = around,"herum = tout autour, autour de soi",,
69,Er schaut sich nervös im Raum _____.,herum,Er schaut sich nervös im Raum herum.,He’s looking around nervously in the room.,Il regarde nerveusement autour de lui dans la pièce.,herum = around,"herum = tout autour, autour de soi",,
69,Der Lärm um ihn _____ wächst immer stärker an.,herum,Der Lärm um ihn herum wächst immer stärker an.,The noise around him is growing louder and louder.,Le bruit autour de lui devient de plus en plus fort.,herum = around,"herum = tout autour, autour de soi",,
69,"Der Bergsteiger schaute vorsichtig in die tiefe Höhle _____, weil er nicht wusste, was ihn erwartete.",hinein,"Der Bergsteiger schaute vorsichtig in die tiefe Höhle hinein, weil er nicht wusste, was ihn erwartete.",The mountaineer carefully looked into the deep cave because he didn’t know what awaited him.,L’alpiniste regarda attentivement dans la grotte profonde car il ne savait pas ce qui l’attendait.,"hinein = into, away from the speaker","hinein = dans, loin de l'orateur",,
69,"Die Lehrerin bat die Schüler, ihre Arbeiten in die Mappe _____ zu legen, bevor sie das Klassenzimmer verließen.",hinein,"Die Lehrerin bat die Schüler, ihre Arbeiten in die Mappe hinein zu legen, bevor sie das Klassenzimmer verließen.",The teacher asked the students to place their work into the folder before leaving the classroom.,L'enseignant a demandé aux élèves de placer leur travail dans le dossier avant de quitter la classe.,"hinein = into, away from the speaker","hinein = dans, loin de l'orateur",,
69,"Er warf den Ball über den Zaun und direkt in den Garten _____, ohne zu wissen, dass dort ein Hund war.",hinein,"Er warf den Ball über den Zaun und direkt in den Garten hinein, ohne zu wissen, dass dort ein Hund war.","He threw the ball over the fence and directly into the garden, not knowing that a dog was there.","Il a lancé la balle par-dessus la clôture et directement dans le jardin, sans savoir qu'un chien était là.","hinein = into, away from the speaker","hinein = dans, loin de l'orateur",,
69,"Er rief der Katze zu, vom Baum _____zukommen.",herunter,"Er rief der Katze zu, vom Baum herunterzukommen.",He called to the cat to come down from the tree.,Il a appelé le chat pour qu'il descende de l'arbre.,"herunter = down, toward the speaker","herunter = vers le bas, vers l'orateur",,
69,"Er zog vorsichtig die alte Leiter _____, um sie zu reparieren.",herunter,"Er zog vorsichtig die alte Leiter herunter, um sie zu reparieren.",He carefully pulled the old ladder down to repair it.,Il a soigneusement retiré la vieille échelle pour la réparer.,"herunter = down, toward the speaker","herunter = vers le bas, vers l'orateur",,
69,Der Regen tropfte langsam vom Dach _____.,herunter,Der Regen tropfte langsam vom Dach herunter.,The rain slowly dripped down from the roof.,La pluie tombait lentement du toit.,"herunter = down, toward the speaker","herunter = vers le bas, vers l'orateur",,
69,"Er rief dem Hund zu, aus der Garage _____zukommen.",heraus,"Er rief dem Hund zu, aus der Garage herauszukommen.",He called out to the dog to come out of the garage.,Il a appelé le chien pour qu'il sorte du garage.,"heraus = out, toward the speaker","heraus = vers l'extérieur, vers l'orateur",,
69,"Die Kinder kamen laut lachend aus dem Haus _____, um im Garten zu spielen.",heraus,"Die Kinder kamen laut lachend aus dem Haus heraus, um im Garten zu spielen.",The children came out of the house laughing loudly to play in the garden.,Les enfants sont sortis de la maison en riant fort pour jouer dans le jardin.,"heraus = out, toward the speaker","heraus = vers l'extérieur, vers l'orateur",,
69,Nach langem Nachdenken kam sie endlich mit einer Lösung _____.,heraus,Nach langem Nachdenken kam sie endlich mit einer Lösung heraus.,"After thinking for a long time, she finally came up with a solution.","Après avoir longuement réfléchi, elle a finalement trouvé une solution.","heraus = out, toward the speaker","heraus = vers l'extérieur, vers l'orateur",,
69,"Die Wanderer stiegen den steilen Pfad _____, um die atemberaubende Aussicht vom Gipfel zu genießen.",hinauf,"Die Wanderer stiegen den steilen Pfad hinauf, um die atemberaubende Aussicht vom Gipfel zu genießen.",The hikers climbed up the steep path to enjoy the breathtaking view from the summit.,Les randonneurs ont gravi le sentier escarpé pour profiter de la vue imprenable depuis le sommet.,"hinauf = up, away from the speaker","hinauf = en haut, loin de l'orateur",,
69,"Er warf den Ball die Treppe _____, sodass sein Freund ihn oben fangen konnte.",hinauf,"Er warf den Ball die Treppe hinauf, sodass sein Freund ihn oben fangen konnte.",He threw the ball up the stairs so that his friend could catch it at the top.,Il a lancé la balle en haut des escaliers pour que son ami puisse l'attraper en haut.,"hinauf = up, away from the speaker","hinauf = en haut, loin de l'orateur",,
69,"Sie fuhr mit dem Fahrrad den Hügel _____, obwohl es sehr anstrengend war.",hinauf,"Sie fuhr mit dem Fahrrad den Hügel hinauf, obwohl es sehr anstrengend war.","She rode her bike up the hill, even though it was very exhausting.","Elle a monté la colline à vélo, même si c'était très épuisant.","hinauf = up, away from the speaker","hinauf = en haut, loin de l'orateur",,
69,"Er rief seinem Freund zu, die Treppe _____zukommen.",herauf,"Er rief seinem Freund zu, die Treppe heraufzukommen.",He called to his friend to come up the stairs.,Il a appelé son ami pour qu'il monte les escaliers.,"herauf = up, toward the speaker","herauf = vers le haut, vers l'orateur",,
69,Sie ist von München _____ nach Hamburg gezogen.,herauf,Sie ist von München herauf nach Hamburg gezogen.,She moved from Munich up to Hamburg.,Elle a déménagé de Munich à Hambourg.,"herauf = up, toward the speaker","herauf = vers le haut, vers l'orateur",,
69,Der Weg den Berg _____ war steil und steinig.,herauf,Der Weg den Berg herauf war steil und steinig.,The way up here to the mountain was steep and rocky.,Le chemin jusqu'à la montagne était raide et rocailleux.,"herauf = up, toward the speaker","herauf = vers le haut, vers l'orateur",,
69,"Er lehnte sich weit aus dem Fenster _____, um die vorbeiziehenden Wolken besser zu sehen.",hinaus,"Er lehnte sich weit aus dem Fenster hinaus, um die vorbeiziehenden Wolken besser zu sehen.",He leaned far out of the window to see the passing clouds better.,Il se pencha loin par la fenêtre pour mieux voir les nuages ​​qui passaient.,"hinaus = out, away from the speaker","hinaus = dehors, loin de l'orateur",,
69,Die Demonstranten liefen aus dem Stadtzentrum _____ in Richtung des Regierungsgebäudes.,hinaus,Die Demonstranten liefen aus dem Stadtzentrum hinaus in Richtung des Regierungsgebäudes.,The protesters walked out of the city center towards the government building.,Les manifestants ont quitté le centre-ville en direction du bâtiment gouvernemental.,"hinaus = out, away from the speaker","hinaus = dehors, loin de l'orateur",,
69,Der Fluss fließt aus den Bergen _____ und mündet schließlich ins Meer.,hinaus,Der Fluss fließt aus den Bergen hinaus und mündet schließlich ins Meer.,The river flows out of the mountains and eventually empties into the sea.,La rivière coule des montagnes et se jette finalement dans la mer.,"hinaus = out, away from the speaker","hinaus = dehors, loin de l'orateur",,
69,"Die Wanderer gingen den steilen Pfad _____, um zum Fluss zu gelangen.",hinunter,"Die Wanderer gingen den steilen Pfad hinunter, um zum Fluss zu gelangen.",The hikers walked down the steep path to reach the river.,Les randonneurs ont parcouru le sentier escarpé pour atteindre la rivière.,"hinunter = down, away from the speaker","hinunter = vers le bas, loin de l'orateur",,
69,"Er ließ den Ball die Treppe _____ rollen, bis er am Ende stoppte.",hinunter,"Er ließ den Ball die Treppe hinunter rollen, bis er am Ende stoppte.",He let the ball roll down the stairs until it stopped at the bottom.,Il laissa la balle rouler dans les escaliers jusqu'à ce qu'elle s'arrête en bas.,"hinunter = down, away from the speaker","hinunter = vers le bas, loin de l'orateur",,
69,"Sie fuhr mit dem Fahrrad den Berg _____, während der Wind ihr ins Gesicht blies.",hinunter,"Sie fuhr mit dem Fahrrad den Berg hinunter, während der Wind ihr ins Gesicht blies.",She rode her bike down the mountain while the wind blew into her face.,Elle descendait la montagne à vélo tandis que le vent lui soufflait au visage.,"hinunter = down, away from the speaker","hinunter = vers le bas, loin de l'orateur",,
69,"Bitte treten Sie _____, das Meeting beginnt gleich.",herein,"Bitte treten Sie herein, das Meeting beginnt gleich.","Please step inside, the meeting is about to begin.","Veuillez entrer, la réunion est sur le point de commencer.","herein = inside, toward the speaker","herein = à l'intérieur, vers l'orateur",,
69,"Er rief laut: 'Kommt _____!', als es draußen anfing zu regnen.",herein,"Er rief laut: 'Kommt herein!', als es draußen anfing zu regnen.",He shouted loudly: 'Come in!' when it started to rain outside.,Il a crié fort : « Entrez ! » quand il a commencé à pleuvoir dehors.,"herein = inside, toward the speaker","herein = à l'intérieur, vers l'orateur",,
69,"Die Katze schlich vorsichtig _____, nachdem sie die Tür geöffnet hatte.",herein,"Die Katze schlich vorsichtig herein, nachdem sie die Tür geöffnet hatte.",The cat cautiously crept inside after the door was opened.,Le chat s'est prudemment glissé à l'intérieur après l'ouverture de la porte.,"herein = inside, toward the speaker","herein = à l'intérieur, vers l'orateur",,
69,Er lehnte sich zurück und streckte demonstrativ das Kinn _____.,hervor,Er lehnte sich zurück und streckte demonstrativ das Kinn hervor.,He leaned back and deliberately stuck his chin out.,Il se pencha en arrière et sortit délibérément son menton.,"hervor = forth, from the back to the front, toward the speaker","hervor = en avant, de l'arrière vers l'avant, vers l'orateur",,
69,Aus der alten Kommode ragte eine vergilbte Schublade leicht _____.,hervor,Aus der alten Kommode ragte eine vergilbte Schublade leicht hervor.,A yellowed drawer slightly jutted out of the old dresser.,Un tiroir jauni dépassait légèrement de la vieille commode.,"hervor = forth, from the back to the front, toward the speaker","hervor = en avant, de l'arrière vers l'avant, vers l'orateur",,
69,Unter dem Teppich kam eine Ecke des Holzbodens _____.,hervor,Unter dem Teppich kam eine Ecke des Holzbodens hervor.,A corner of the wooden floor peeked out from under the carpet.,Un coin du plancher en bois dépassait de sous le tapis.,"hervor = forth, from the back to the front, toward the speaker","hervor = en avant, de l'arrière vers l'avant, vers l'orateur",,
70,,ausnahmsweise,,"exceptionally, for once",exceptionnellement,"ausnahmsweise = exceptionally, for once",ausnahmsweise = exceptionnellement,,
70,,teilweise,,"partially, partly","partiellement, en partie","teilweise = partially, partly","teilweise = partiellement, en partie",,
70,,ansatzweise,,to a limited extent,de manière partielle,ansatzweise = to a limited extent,ansatzweise = de manière partielle,,
70,,idealerweise,,ideally,idéalement,idealerweise = ideally,idealerweise = idéalement,,
70,,vergleichsweise,,"relatively, comparatively",relativement,"vergleichsweise = relatively, comparatively",vergleichsweise = relativement,,
70,,paradoxerweise,,paradoxically,paradoxalement,paradoxerweise = paradoxically,paradoxerweise = paradoxalement,,
70,,zwangsweise,,"inevitably, compulsorily",inévitablement,"zwangsweise = inevitably, compulsorily",zwangsweise = inévitablement,,
70,,erstaunlicherweise,,"surprisingly, astonishingly enough ",étonnamment,"erstaunlicherweise = surprisingly, astonishingly enough ",erstaunlicherweise = étonnamment,,
70,,komischerweise,,"strangely, strangely enough ",étrangement,"komischerweise = strangely, strangely enough ",komischerweise = étrangement,,
70,,interessanterweise,,interestingly,"de manière intéressante, il est intéressant de noter que",interessanterweise = interestingly,"interessanterweise = de manière intéressante, il est intéressant de noter que",,
70,,typischerweise,,typically,typiquement,typischerweise = typically,typischerweise = typiquement,,
70,,einigermaßen,,"somewhat, more or less, fairly","un peu, plus ou moins","einigermaßen = somewhat, more or less, fairly","einigermaßen = un peu, plus ou moins",,
70,,folgendermaßen,,as follows,comme suit,folgendermaßen = as follows,folgendermaßen = comme suit,,
70,,gleichermaßen,,"equally, alike","de la même manière, à la fois","gleichermaßen = equally, alike","gleichermaßen = de la même manière, à la fois",,
70,,logischerweise,,logically,logiquement,logischerweise = logically,logischerweise = logiquement,,
71,Das Seminar war nur _____ interessant.,teilweise,Das Seminar war nur teilweise interessant.,The seminar was only partially interesting.,Le séminaire n'était intéressant que partiellement.,"teilweise = partially, partly","teilweise = partiellement, en partie",,
71,Ich stimme deiner Meinung nur _____ zu.,teilweise,Ich stimme deiner Meinung nur teilweise zu.,I only partially agree with your opinion.,Je ne partage que partiellement votre opinion.,"teilweise = partially, partly","teilweise = partiellement, en partie",,
71,Die Straße ist wegen Bauarbeiten _____ gesperrt.,teilweise,Die Straße ist wegen Bauarbeiten teilweise gesperrt.,The road is partially closed due to construction work.,La route est partiellement fermée en raison de travaux de construction.,"teilweise = partially, partly","teilweise = partiellement, en partie",,
71,"_____ wurde die Frist verlängert, weil mehrere zentrale Informationen erst spät eingereicht wurden.",Ausnahmsweise,"Ausnahmsweise wurde die Frist verlängert, weil mehrere zentrale Informationen erst spät eingereicht wurden.","As an exception, the deadline was extended because several key pieces of information were submitted late.","À titre exceptionnel, le délai a été prolongé parce que plusieurs informations essentielles ont été soumises tardivement.","ausnahmsweise = exceptionally, for once",ausnahmsweise = exceptionnellement,,
71,"Die Sitzung fand _____ am Abend statt, um allen Beteiligten die Teilnahme zu ermöglichen.",ausnahmsweise,"Die Sitzung fand ausnahmsweise am Abend statt, um allen Beteiligten die Teilnahme zu ermöglichen.","The meeting took place in the evening for once, to allow all participants to attend.","La réunion a eu lieu exceptionnellement le soir, afin de permettre la participation de tous.","ausnahmsweise = exceptionally, for once",ausnahmsweise = exceptionnellement,,
71,"_____ stimmte das Gremium einem vereinfachten Verfahren zu, um den Prozess zu beschleunigen.",Ausnahmsweise,"Ausnahmsweise stimmte das Gremium einem vereinfachten Verfahren zu, um den Prozess zu beschleunigen.","Exceptionally, the committee agreed to a simplified procedure to speed up the process.","Exceptionnellement, le comité a accepté une procédure simplifiée pour accélérer le processus.","ausnahmsweise = exceptionally, for once",ausnahmsweise = exceptionnellement,,
71,Die Reform konnte die strukturellen Probleme nur _____ lösen.,ansatzweise,Die Reform konnte die strukturellen Probleme nur ansatzweise lösen.,The reform was only able to address the structural problems to a limited extent.,La réforme n’a pu résoudre les problèmes structurels que de manière partielle.,ansatzweise = to a limited extent,ansatzweise = de manière partielle,,
71,Seine Erklärung machte die komplexen Zusammenhänge nur _____ verständlich.,ansatzweise,Seine Erklärung machte die komplexen Zusammenhänge nur ansatzweise verständlich.,His explanation made the complex interrelations understandable only to a limited extent.,Son explication n’a rendu les liens complexes compréhensibles que de manière partielle.,ansatzweise = to a limited extent,ansatzweise = de manière partielle,,
71,Die Studie erfasst die Auswirkungen der Digitalisierung lediglich _____.,ansatzweise,Die Studie erfasst die Auswirkungen der Digitalisierung lediglich ansatzweise.,The study captures the effects of digitalization only in a rudimentary way.,L’étude ne saisit les effets de la numérisation que de manière partielle.,ansatzweise = to a limited extent,ansatzweise = de manière partielle,,
71,_____ sollten wirtschaftliche Effizienz und soziale Verantwortung miteinander in Einklang gebracht werden.,Idealerweise,Idealerweise sollten wirtschaftliche Effizienz und soziale Verantwortung miteinander in Einklang gebracht werden.,"Ideally, economic efficiency and social responsibility should be brought into balance with each other.","Idéalement, l’efficacité économique et la responsabilité sociale devraient être conciliées.",idealerweise = ideally,idealerweise = idéalement,,
71,_____ wird die Reform von einer breiten gesellschaftlichen Debatte begleitet.,Idealerweise,Idealerweise wird die Reform von einer breiten gesellschaftlichen Debatte begleitet.,"Ideally, the reform is accompanied by a broad social debate.","Idéalement, la réforme est accompagnée d’un large débat sociétal.",idealerweise = ideally,idealerweise = idéalement,,
71,_____ hätten die Risiken bereits in der Planungsphase berücksichtigt werden müssen.,Idealerweise,Idealerweise hätten die Risiken bereits in der Planungsphase berücksichtigt werden müssen.,"Ideally, the risks should have been considered already in the planning phase.","Idéalement, les risques auraient dû être pris en compte dès la phase de planification.",idealerweise = ideally,idealerweise = idéalement,,
71,"_____ geringe Kosten ermöglichten es dem Unternehmen, die Reform ohne größere Einschnitte umzusetzen.",Vergleichsweise,"Vergleichsweise geringe Kosten ermöglichten es dem Unternehmen, die Reform ohne größere Einschnitte umzusetzen.",Relatively low costs enabled the company to implement the reform without major cutbacks.,Des coûts relativement faibles ont permis à l’entreprise de mettre en œuvre la réforme sans réductions majeures.,"vergleichsweise = relatively, comparatively",vergleichsweise = relativement,,
71,"Die Lösung erwies sich als _____ einfach, obwohl das Problem zunächst sehr komplex erschien.",vergleichsweise,"Die Lösung erwies sich als vergleichsweise einfach, obwohl das Problem zunächst sehr komplex erschien.","The solution turned out to be relatively simple, although the problem initially seemed very complex.","La solution s’est révélée relativement simple, bien que le problème paraisse au départ très complexe.","vergleichsweise = relatively, comparatively",vergleichsweise = relativement,,
71,_____ schnell konnte eine Einigung erzielt werden.,Vergleichsweise,Vergleichsweise schnell konnte eine Einigung erzielt werden.,An agreement could be reached relatively quickly.,Un accord a pu être trouvé relativement rapidement.,"vergleichsweise = relatively, comparatively",vergleichsweise = relativement,,
71,_____ führte die Vereinfachung der Regeln zu einer höheren administrativen Belastung.,Paradoxerweise,Paradoxerweise führte die Vereinfachung der Regeln zu einer höheren administrativen Belastung.,"Paradoxically, simplifying the rules led to a higher administrative burden.","Paradoxalement, la simplification des règles a conduit à une charge administrative plus élevée.",paradoxerweise = paradoxically,paradoxerweise = paradoxalement,,
71,"_____ nahm die Produktivität ab, obwohl neue Technologien eingeführt wurden.",Paradoxerweise,"Paradoxerweise nahm die Produktivität ab, obwohl neue Technologien eingeführt wurden.","Paradoxically, productivity decreased although new technologies were introduced.","Paradoxalement, la productivité a diminué bien que de nouvelles technologies aient été introduites.",paradoxerweise = paradoxically,paradoxerweise = paradoxalement,,
71,"_____ stärkte die Krise das Vertrauen innerhalb des Teams, statt es zu schwächen.",Paradoxerweise,"Paradoxerweise stärkte die Krise das Vertrauen innerhalb des Teams, statt es zu schwächen.","Paradoxically, the crisis strengthened trust within the team instead of weakening it.","Paradoxalement, la crise a renforcé la confiance au sein de l’équipe au lieu de l’affaiblir.",paradoxerweise = paradoxically,paradoxerweise = paradoxalement,,
71,Die Reform führte _____ zu tiefgreifenden Veränderungen in der Organisationsstruktur.,zwangsweise,Die Reform führte zwangsweise zu tiefgreifenden Veränderungen in der Organisationsstruktur.,The reform inevitably led to profound changes in the organizational structure.,La réforme a conduit inévitablement à de profondes transformations de la structure organisationnelle.,"zwangsweise = inevitably, compulsorily",zwangsweise = inévitablement,,
71,Durch die neuen Vorschriften wurden Unternehmen _____ zu höheren Investitionen gezwungen.,zwangsweise,Durch die neuen Vorschriften wurden Unternehmen zwangsweise zu höheren Investitionen gezwungen.,"Due to the new regulations, companies were inevitably forced to make higher investments.","En raison des nouvelles réglementations, les entreprises ont été contraintes d’investir davantage.","zwangsweise = inevitably, compulsorily",zwangsweise = inévitablement,,
71,Der drastische Sparkurs führte _____ zu einem Abbau von Arbeitsplätzen.,zwangsweise,Der drastische Sparkurs führte zwangsweise zu einem Abbau von Arbeitsplätzen.,The drastic austerity policy inevitably led to job cuts.,La politique d’austérité drastique a conduit inévitablement à des suppressions d’emplois.,"zwangsweise = inevitably, compulsorily",zwangsweise = inévitablement,,
71,"_____ blieb die Wirtschaft stabil, obwohl mehrere Schlüsselbranchen massive Einbrüche verzeichneten.",Erstaunlicherweise,"Erstaunlicherweise blieb die Wirtschaft stabil, obwohl mehrere Schlüsselbranchen massive Einbrüche verzeichneten.","Surprisingly, the economy remained stable although several key industries experienced massive downturns.","Étonnamment, l’économie est restée stable, bien que plusieurs secteurs clés aient connu de fortes baisses.","erstaunlicherweise = surprisingly, astonishingly enough ",erstaunlicherweise = étonnamment,,
71,"_____ fand der Vorschlag breite Zustimmung, obwohl er zunächst als unrealistisch galt.",Erstaunlicherweise,"Erstaunlicherweise fand der Vorschlag breite Zustimmung, obwohl er zunächst als unrealistisch galt.","Surprisingly, the proposal found broad approval although it was initially considered unrealistic.","Étonnamment, la proposition a trouvé un large soutien, bien qu’elle ait d’abord été jugée irréaliste.","erstaunlicherweise = surprisingly, astonishingly enough ",erstaunlicherweise = étonnamment,,
71,_____ reagierte das Team äußerst gelassen auf die plötzlichen Veränderungen.,Erstaunlicherweise,Erstaunlicherweise reagierte das Team äußerst gelassen auf die plötzlichen Veränderungen.,"Surprisingly, the team reacted extremely calmly to the sudden changes.","Étonnamment, l’équipe a réagi avec un grand calme face aux changements soudains.","erstaunlicherweise = surprisingly, astonishingly enough ",erstaunlicherweise = étonnamment,,
71,"_____ funktionierte das System besser, nachdem man es vereinfacht hatte.",Komischerweise,"Komischerweise funktionierte das System besser, nachdem man es vereinfacht hatte.","Strangely enough, the system worked better after it had been simplified.","Étrangement, le système fonctionnait mieux après avoir été simplifié.","komischerweise = strangely, strangely enough ",komischerweise = étrangement,,
71,"_____ erinnerte er sich genau an unwichtige Details, aber nicht an das Wesentliche.",Komischerweise,"Komischerweise erinnerte er sich genau an unwichtige Details, aber nicht an das Wesentliche.","Strangely, he remembered trivial details precisely but not the essential things.","Étrangement, il se souvenait précisément de détails insignifiants, mais pas de l’essentiel.","komischerweise = strangely, strangely enough ",komischerweise = étrangement,,
71,_____ nahm niemand die offensichtlichen Warnsignale ernst.,Komischerweise,Komischerweise nahm niemand die offensichtlichen Warnsignale ernst.,"Strangely enough, nobody took the obvious warning signs seriously.","Étrangement, personne n’a pris au sérieux les signaux d’alerte évidents.","komischerweise = strangely, strangely enough ",komischerweise = étrangement,,
71,_____ hat er sich für ein völlig anderes Studium entschieden als geplant.,Interessanterweise,Interessanterweise hat er sich für ein völlig anderes Studium entschieden als geplant.,"Interestingly, he chose a completely different field of study than planned.",Il est intéressant de noter qu’il a choisi un domaine d’études complètement différent de celui prévu.,interessanterweise = interestingly,"interessanterweise = de manière intéressante, il est intéressant de noter que",,
71,"Die Umfrage zeigt _____, dass viele Menschen lieber von zu Hause aus arbeiten.",interessanterweise,"Die Umfrage zeigt interessanterweise, dass viele Menschen lieber von zu Hause aus arbeiten.","Interestingly, the survey shows that many people prefer working from home.",Il est intéressant de noter que l’enquête montre que de nombreuses personnes préfèrent travailler à domicile.,interessanterweise = interestingly,"interessanterweise = de manière intéressante, il est intéressant de noter que",,
71,"_____ spricht sie fünf Sprachen, obwohl sie nie im Ausland gelebt hat.",Interessanterweise,"Interessanterweise spricht sie fünf Sprachen, obwohl sie nie im Ausland gelebt hat.","Interestingly, she speaks five languages despite never having lived abroad.",Il est intéressant de noter qu’elle parle cinq langues bien qu’elle n’ait jamais vécu à l’étranger.,interessanterweise = interestingly,"interessanterweise = de manière intéressante, il est intéressant de noter que",,
71,"_____ entstehen politische Umbrüche nicht durch einzelne Ereignisse, sondern durch langfristige strukturelle Spannungen.",Typischerweise,"Typischerweise entstehen politische Umbrüche nicht durch einzelne Ereignisse, sondern durch langfristige strukturelle Spannungen.","Typically, political upheavals do not arise from single events but from long-term structural tensions.","Typiquement, les bouleversements politiques ne naissent pas d’événements isolés, mais de tensions structurelles de long terme.",typischerweise = typically,typischerweise = typiquement,,
71,In wissenschaftlichen Debatten wird _____ zwischen Korrelation und Kausalität klar unterschieden.,typischerweise,In wissenschaftlichen Debatten wird typischerweise zwischen Korrelation und Kausalität klar unterschieden.,"In scientific debates, a clear distinction is typically made between correlation and causality.","Dans les débats scientifiques, on distingue typiquement la corrélation de la causalité.",typischerweise = typically,typischerweise = typiquement,,
71,_____ unterschätzt man den Einfluss informeller Netzwerke auf formale Entscheidungsprozesse.,Typischerweise,Typischerweise unterschätzt man den Einfluss informeller Netzwerke auf formale Entscheidungsprozesse.,"Typically, people underestimate the influence of informal networks on formal decision-making processes.","Typiquement, on sous-estime l’influence des réseaux informels sur les processus décisionnels formels.",typischerweise = typically,typischerweise = typiquement,,
71,"Der Vortrag war _____ interessant, aber nicht besonders spannend.",einigermaßen,"Der Vortrag war einigermaßen interessant, aber nicht besonders spannend.","The lecture was somewhat interesting, but not particularly exciting.","La conférence était assez intéressante, mais pas particulièrement passionnante.","einigermaßen = somewhat, more or less, fairly","einigermaßen = un peu, plus ou moins",,
71,"Ich fühle mich heute _____ fit, obwohl ich wenig geschlafen habe.",einigermaßen,"Ich fühle mich heute einigermaßen fit, obwohl ich wenig geschlafen habe.","I feel reasonably fit today, even though I slept little.","Je me sens assez en forme aujourd'hui, même si j'ai peu dormi.","einigermaßen = somewhat, more or less, fairly","einigermaßen = un peu, plus ou moins",,
71,Das Problem ist jetzt _____ unter Kontrolle.,einigermaßen,Das Problem ist jetzt einigermaßen unter Kontrolle.,The problem is now more or less under control.,Le problème est désormais assez bien maîtrisé.,"einigermaßen = somewhat, more or less, fairly","einigermaßen = un peu, plus ou moins",,
71,"Die Situation lässt sich _____ zusammenfassen: Die Chancen überwiegen die Risiken, doch Unsicherheiten bleiben bestehen.",folgendermaßen,"Die Situation lässt sich folgendermaßen zusammenfassen: Die Chancen überwiegen die Risiken, doch Unsicherheiten bleiben bestehen.","The situation can be summarized as follows: the opportunities outweigh the risks, but uncertainties remain.","La situation peut être résumée comme suit : les opportunités l’emportent sur les risques, mais des incertitudes subsistent.",folgendermaßen = as follows,folgendermaßen = comme suit,,
71,"Er erklärte den Ablauf _____: Zunächst erfolgt die Analyse, anschließend die Umsetzung der Maßnahmen.",folgendermaßen,"Er erklärte den Ablauf folgendermaßen: Zunächst erfolgt die Analyse, anschließend die Umsetzung der Maßnahmen.","He explained the procedure as follows: first the analysis takes place, followed by the implementation of the measures.","Il a expliqué le déroulement comme suit : d’abord l’analyse, puis la mise en œuvre des mesures.",folgendermaßen = as follows,folgendermaßen = comme suit,,
71,"Die Argumentation ist _____ aufgebaut: Einleitend wird das Problem skizziert, danach werden mögliche Lösungen diskutiert.",folgendermaßen,"Die Argumentation ist folgendermaßen aufgebaut: Einleitend wird das Problem skizziert, danach werden mögliche Lösungen diskutiert.","The argumentation is structured as follows: first the problem is outlined, then possible solutions are discussed.","L’argumentation est construite comme suit : d’abord le problème est présenté, puis les solutions possibles sont discutées.",folgendermaßen = as follows,folgendermaßen = comme suit,,
71,Die Reform betrifft Unternehmen und Verbraucher _____ und erfordert Anpassungen auf beiden Seiten.,gleichermaßen,Die Reform betrifft Unternehmen und Verbraucher gleichermaßen und erfordert Anpassungen auf beiden Seiten.,The reform affects companies and consumers alike and requires adjustments on both sides.,La réforme concerne les entreprises et les consommateurs de la même manière et exige des adaptations des deux côtés.,"gleichermaßen = equally, alike","gleichermaßen = de la même manière, à la fois",,
71,Technologische Innovationen bieten Chancen und Risiken _____.,gleichermaßen,Technologische Innovationen bieten Chancen und Risiken gleichermaßen.,Technological innovations offer opportunities and risks alike.,Les innovations technologiques offrent des opportunités et des risques de la même manière.,"gleichermaßen = equally, alike","gleichermaßen = de la même manière, à la fois",,
71,Die Entscheidung wurde von Experten und Öffentlichkeit _____ kritisch bewertet.,gleichermaßen,Die Entscheidung wurde von Experten und Öffentlichkeit gleichermaßen kritisch bewertet.,The decision was critically assessed by experts and the public alike.,La décision a été évaluée de manière critique par les experts et le public de la même manière.,"gleichermaßen = equally, alike","gleichermaßen = de la même manière, à la fois",,
71,"Wer sich nicht ausreichend vorbereitet, wird _____ größere Schwierigkeiten bei der Prüfung haben.",logischerweise,"Wer sich nicht ausreichend vorbereitet, wird logischerweise größere Schwierigkeiten bei der Prüfung haben.",Anyone who does not prepare sufficiently will logically have greater difficulties in the exam.,Quiconque ne se prépare pas suffisamment aura logiquement plus de difficultés à l'examen.,logischerweise = logically,logischerweise = logiquement,,
71,"Da die Nachfrage deutlich gestiegen ist, sind die Preise _____ ebenfalls gestiegen.",logischerweise,"Da die Nachfrage deutlich gestiegen ist, sind die Preise logischerweise ebenfalls gestiegen.","Since demand has increased significantly, prices have naturally risen as well.","Comme la demande a fortement augmenté, les prix ont logiquement augmenté eux aussi.",logischerweise = logically,logischerweise = logiquement,,
71,"Wenn alle Beteiligten dieselben Informationen erhalten, treffen sie _____ ähnliche Entscheidungen.",logischerweise,"Wenn alle Beteiligten dieselben Informationen erhalten, treffen sie logischerweise ähnliche Entscheidungen.","If everyone involved receives the same information, they will logically make similar decisions.","Si toutes les personnes concernées reçoivent les mêmes informations, elles prendront logiquement des décisions similaires.",logischerweise = logically,logischerweise = logiquement,,
72,,bekanntlich,,"as you know, as is well known, notoriously","comme vous le savez, comme chacun sait","bekanntlich = as you know, as is well known, notoriously","bekanntlich = comme vous le savez, comme chacun sait",,
72,,sozusagen,,so to speak,pour ainsi dire,sozusagen = so to speak,sozusagen = pour ainsi dire,,
72,,auf Antrag,,upon request,sur demande,auf antrag = upon request,auf antrag = sur demande,,
72,,erfahrungsgemäß,,"from experience, empirically","d'après l'expérience, empiriquement","erfahrungsgemäß = from experience, empirically","erfahrungsgemäß = d'après l'expérience, empiriquement",,
72,,ausgerechnet,,"of all people, of all times","de tous les peuples, de tous les temps","ausgerechnet = of all people, of all times","ausgerechnet = de tous les peuples, de tous les temps",,
72,,streng genommen,,strictly speaking ,à proprement parler,streng genommen = strictly speaking ,streng genommen = à proprement parler,,
72,,sicherheitshalber,,"for safety's sake, just in case",par précaution,"sicherheitshalber = for safety's sake, just in case",sicherheitshalber = par précaution,,
72,,anstandshalber,,out of courtesy,par politesse,anstandshalber = out of courtesy,anstandshalber = par politesse,,
73,"_____ ist jede Prognose mit Unsicherheiten verbunden, besonders wenn die Datenlage lückenhaft ist.",Bekanntlich,"Bekanntlich ist jede Prognose mit Unsicherheiten verbunden, besonders wenn die Datenlage lückenhaft ist.","As is well known, every forecast comes with uncertainties, especially when the data is incomplete.","Comme on le sait, toute prévision comporte des incertitudes, surtout lorsque les données sont lacunaires.","bekanntlich = as you know, as is well known, notoriously","bekanntlich = comme vous le savez, comme chacun sait",,
73,"Entscheidungen dauern hier länger, weil _____ mehrere Gremien beteiligt sind.",bekanntlich,"Entscheidungen dauern hier länger, weil bekanntlich mehrere Gremien beteiligt sind.","Decisions take longer here because, as is well known, several committees are involved.","Les décisions prennent plus de temps ici car, comme on le sait, plusieurs instances sont impliquées.","bekanntlich = as you know, as is well known, notoriously","bekanntlich = comme vous le savez, comme chacun sait",,
73,"Die Branche steht, _____, seit Jahren unter Druck, was tiefgreifende Reformen erforderlich macht.",bekanntlich,"Die Branche steht, bekanntlich, seit Jahren unter Druck, was tiefgreifende Reformen erforderlich macht.","The sector has, as is well known, been under pressure for years, which makes far-reaching reforms necessary.","Le secteur est, comme on le sait, sous pression depuis des années, ce qui rend des réformes profondes nécessaires.","bekanntlich = as you know, as is well known, notoriously","bekanntlich = comme vous le savez, comme chacun sait",,
73,_____ führen überstürzte Maßnahmen selten zu nachhaltigen Lösungen.,Bekanntlich,Bekanntlich führen überstürzte Maßnahmen selten zu nachhaltigen Lösungen.,"As is widely known, rushed measures rarely lead to sustainable solutions.","Comme on le sait, les mesures précipitées mènent rarement à des solutions durables.","bekanntlich = as you know, as is well known, notoriously","bekanntlich = comme vous le savez, comme chacun sait",,
73,"Der Standort hat _____ den Vorteil, hervorragend vernetzt zu sein, was Kooperationen erleichtert.",bekanntlich,"Der Standort hat bekanntlich den Vorteil, hervorragend vernetzt zu sein, was Kooperationen erleichtert.","The location has the well-known advantage of being extremely well connected, which facilitates cooperation.","Le site présente, comme on le sait, l’avantage d’être très bien connecté, ce qui facilite les coopérations.","bekanntlich = as you know, as is well known, notoriously","bekanntlich = comme vous le savez, comme chacun sait",,
73,"Die Reform markiert _____ einen Wendepunkt, an dem alte Strukturen endgültig aufgegeben werden müssen.",sozusagen,"Die Reform markiert sozusagen einen Wendepunkt, an dem alte Strukturen endgültig aufgegeben werden müssen.","The reform marks, so to speak, a turning point at which old structures must finally be abandoned.","La réforme marque, pour ainsi dire, un tournant où les anciennes structures doivent être définitivement abandonnées.",sozusagen = so to speak,sozusagen = pour ainsi dire,,
73,"Das Projekt befand sich _____ in einem Zwischenstadium, in dem vieles möglich, aber wenig sicher war.",sozusagen,"Das Projekt befand sich sozusagen in einem Zwischenstadium, in dem vieles möglich, aber wenig sicher war.","The project was, so to speak, in an intermediate stage where much was possible but little was certain.","Le projet se trouvait, pour ainsi dire, dans une phase intermédiaire où beaucoup était possible mais peu certain.",sozusagen = so to speak,sozusagen = pour ainsi dire,,
73,Die neue Methode fungiert _____ als Brücke zwischen theoretischen Modellen und praktischen Anwendungen.,sozusagen,Die neue Methode fungiert sozusagen als Brücke zwischen theoretischen Modellen und praktischen Anwendungen.,"The new method acts, so to speak, as a bridge between theoretical models and practical applications.","La nouvelle méthode sert, pour ainsi dire, de pont entre les modèles théoriques et leurs applications pratiques.",sozusagen = so to speak,sozusagen = pour ainsi dire,,
73,"Ihr Beitrag war _____ der fehlende Baustein, der das gesamte Konzept erst schlüssig machte.",sozusagen,"Ihr Beitrag war sozusagen der fehlende Baustein, der das gesamte Konzept erst schlüssig machte.","Her contribution was, so to speak, the missing piece that made the entire concept coherent.","Sa contribution était, pour ainsi dire, la pièce manquante qui rendait l’ensemble du concept cohérent.",sozusagen = so to speak,sozusagen = pour ainsi dire,,
73,"Die Diskussion diente _____ als Testlauf, um herauszufinden, wie tragfähig die Argumentation wirklich ist.",sozusagen,"Die Diskussion diente sozusagen als Testlauf, um herauszufinden, wie tragfähig die Argumentation wirklich ist.","The discussion served, so to speak, as a test run to determine how robust the argumentation really is.","La discussion a servi, pour ainsi dire, de test pour évaluer la solidité de l’argumentation.",sozusagen = so to speak,sozusagen = pour ainsi dire,,
73,"_____ der Kommission wurde die Abstimmung verschoben, damit die offenen Fragen zunächst geklärt werden können.",Auf Antrag,"Auf Antrag der Kommission wurde die Abstimmung verschoben, damit die offenen Fragen zunächst geklärt werden können.","At the commission’s request, the vote was postponed so that the outstanding questions can be clarified first.","À la demande de la commission, le vote a été reporté afin que les questions en suspens puissent d’abord être clarifiées.",auf antrag = upon request,auf antrag = sur demande,,
73,"Das Verfahren wurde _____ der Betroffenen erneut überprüft, weil neue Beweismittel vorlagen.",auf Antrag,"Das Verfahren wurde auf Antrag der Betroffenen erneut überprüft, weil neue Beweismittel vorlagen.",The procedure was reviewed again at the request of the affected parties because new evidence had emerged.,"La procédure a été réexaminée à la demande des personnes concernées, car de nouveaux éléments de preuve avaient été présentés.",auf antrag = upon request,auf antrag = sur demande,,
73,"_____ des Ausschusses wurde ein externer Gutachter hinzugezogen, um die Analyse zu vertiefen.",Auf Antrag,"Auf Antrag des Ausschusses wurde ein externer Gutachter hinzugezogen, um die Analyse zu vertiefen.","At the committee’s request, an external expert was brought in to deepen the analysis.","À la demande du comité, un expert externe a été sollicité pour approfondir l’analyse.",auf antrag = upon request,auf antrag = sur demande,,
73,"Die Veröffentlichung wurde _____ der Autorin vorerst zurückgestellt, um weitere Daten einzubeziehen.",auf Antrag,"Die Veröffentlichung wurde auf Antrag der Autorin vorerst zurückgestellt, um weitere Daten einzubeziehen.",The publication was temporarily deferred at the author's request to include additional data.,La publication a été provisoirement reportée à la demande de l’autrice afin d’intégrer des données supplémentaires.,auf antrag = upon request,auf antrag = sur demande,,
73,"_____ mehrerer Mitgliedstaaten wurde die Debatte erweitert, um die langfristigen Auswirkungen umfassend zu beleuchten.",Auf Antrag,"Auf Antrag mehrerer Mitgliedstaaten wurde die Debatte erweitert, um die langfristigen Auswirkungen umfassend zu beleuchten.","At the request of several member states, the debate was expanded to examine the long-term impacts in detail.","À la demande de plusieurs États membres, le débat a été élargi afin d’examiner en détail les effets à long terme.",auf antrag = upon request,auf antrag = sur demande,,
73,"_____ dauern komplexe Abstimmungsprozesse länger, als es die offiziellen Zeitpläne vermuten lassen.",Erfahrungsgemäß,"Erfahrungsgemäß dauern komplexe Abstimmungsprozesse länger, als es die offiziellen Zeitpläne vermuten lassen.","From experience, complex coordination processes take longer than official schedules suggest.","D’expérience, les processus de coordination complexes prennent plus de temps que ne le laissent penser les calendriers officiels.","erfahrungsgemäß = from experience, empirically","erfahrungsgemäß = d'après l'expérience, empiriquement",,
73,_____ führt eine frühe Einbindung aller Beteiligten zu deutlich tragfähigeren Entscheidungen.,Erfahrungsgemäß,Erfahrungsgemäß führt eine frühe Einbindung aller Beteiligten zu deutlich tragfähigeren Entscheidungen.,Experience shows that involving all stakeholders early leads to far more sustainable decisions.,L’expérience montre qu’une implication précoce de toutes les parties mène à des décisions nettement plus durables.,"erfahrungsgemäß = from experience, empirically","erfahrungsgemäß = d'après l'expérience, empiriquement",,
73,"_____ sollte man bei vorläufigen Ergebnissen vorsichtig sein, da sie sich häufig noch ändern.",Erfahrungsgemäß,"Erfahrungsgemäß sollte man bei vorläufigen Ergebnissen vorsichtig sein, da sie sich häufig noch ändern.","Based on experience, one should be cautious with preliminary results because they often change.","D’expérience, il faut se montrer prudent avec des résultats provisoires, car ils évoluent souvent.","erfahrungsgemäß = from experience, empirically","erfahrungsgemäß = d'après l'expérience, empiriquement",,
73,"_____ hilft eine klare Kommunikationsstruktur dabei, Konflikte frühzeitig zu entschärfen.",Erfahrungsgemäß,"Erfahrungsgemäß hilft eine klare Kommunikationsstruktur dabei, Konflikte frühzeitig zu entschärfen.",Experience shows that a clear communication structure helps defuse conflicts early.,"D’expérience, une structure de communication claire aide à désamorcer les conflits tôt.","erfahrungsgemäß = from experience, empirically","erfahrungsgemäß = d'après l'expérience, empiriquement",,
73,"_____ entstehen die größten Probleme dort, wo Verantwortlichkeiten nicht eindeutig definiert sind.",Erfahrungsgemäß,"Erfahrungsgemäß entstehen die größten Probleme dort, wo Verantwortlichkeiten nicht eindeutig definiert sind.",Experience shows that the biggest problems arise where responsibilities are not clearly defined.,"D’expérience, les plus grands problèmes apparaissent là où les responsabilités ne sont pas clairement définies.","erfahrungsgemäß = from experience, empirically","erfahrungsgemäß = d'après l'expérience, empiriquement",,
73,_____ heute hat er verschlafen und den wichtigen Termin verpasst.,Ausgerechnet,Ausgerechnet heute hat er verschlafen und den wichtigen Termin verpasst.,"Of all days, he overslept today and missed the important appointment.","Justement aujourd'hui, il a trop dormi et a raté son rendez-vous important.","ausgerechnet = of all people, of all times","ausgerechnet = de tous les peuples, de tous les temps",,
73,Warum muss _____ ich diese Aufgabe übernehmen?,ausgerechnet,Warum muss ausgerechnet ich diese Aufgabe übernehmen?,"Why do I have to take on this task, of all people?",Pourquoi est-ce moi qui dois justement assumer cette tâche ?,"ausgerechnet = of all people, of all times","ausgerechnet = de tous les peuples, de tous les temps",,
73,_____ in dem Moment fiel der Strom aus.,Ausgerechnet,Ausgerechnet in dem Moment fiel der Strom aus.,The power went out at that exact moment.,"Justement à ce moment-là, il y a eu une coupure de courant.","ausgerechnet = of all people, of all times","ausgerechnet = de tous les peuples, de tous les temps",,
73,Sie hat sich _____ für das teuerste Modell entschieden.,ausgerechnet,Sie hat sich ausgerechnet für das teuerste Modell entschieden.,"She chose the most expensive model, of all options.",Elle a justement choisi le modèle le plus cher.,"ausgerechnet = of all people, of all times","ausgerechnet = de tous les peuples, de tous les temps",,
73,"_____ er, der sonst immer pünktlich ist, kam zu spät.",Ausgerechnet,"Ausgerechnet er, der sonst immer pünktlich ist, kam zu spät.","He, of all people—the one who’s always on time—was late.","Justement lui, qui est toujours ponctuel, est arrivé en retard.","ausgerechnet = of all people, of all times","ausgerechnet = de tous les peuples, de tous les temps",,
73,"_____ war die Entscheidung keine Innovation, sondern lediglich eine verspätete Anpassung an bestehende Standards.",Streng genommen,"Streng genommen war die Entscheidung keine Innovation, sondern lediglich eine verspätete Anpassung an bestehende Standards.","Strictly speaking, the decision was not an innovation but merely a delayed adaptation to existing standards.","À proprement parler, la décision n’était pas une innovation, mais simplement une adaptation tardive aux normes existantes.",streng genommen = strictly speaking ,streng genommen = à proprement parler,,
73,"_____ handelt es sich nicht um einen Fehler, sondern um eine bewusste Priorisierung.",Streng genommen,"Streng genommen handelt es sich nicht um einen Fehler, sondern um eine bewusste Priorisierung.","Strictly speaking, this is not a mistake but a deliberate prioritization.","À proprement parler, il ne s’agit pas d’une erreur, mais d’une priorisation délibérée.",streng genommen = strictly speaking ,streng genommen = à proprement parler,,
73,"_____ hat das Projekt sein Ziel nicht erreicht, auch wenn die Ergebnisse positiv erscheinen.",Streng genommen,"Streng genommen hat das Projekt sein Ziel nicht erreicht, auch wenn die Ergebnisse positiv erscheinen.","Strictly speaking, the project did not achieve its goal, even if the results seem positive.","À proprement parler, le projet n’a pas atteint son objectif, même si les résultats semblent positifs.",streng genommen = strictly speaking ,streng genommen = à proprement parler,,
73,"_____ ist das Argument überzeugend, doch in der Praxis lässt es sich kaum umsetzen.",Streng genommen,"Streng genommen ist das Argument überzeugend, doch in der Praxis lässt es sich kaum umsetzen.","Strictly speaking, the argument is convincing, but in practice it can hardly be implemented.","À proprement parler, l’argument est convaincant, mais dans la pratique, il est difficile à mettre en œuvre.",streng genommen = strictly speaking ,streng genommen = à proprement parler,,
73,_____ war die Reform weniger ein Neubeginn als eine Korrektur früherer Fehlentscheidungen.,Streng genommen,Streng genommen war die Reform weniger ein Neubeginn als eine Korrektur früherer Fehlentscheidungen.,"Strictly speaking, the reform was less a new beginning than a correction of earlier wrong decisions.","À proprement parler, la réforme était moins un nouveau départ qu’une correction d’erreurs antérieures.",streng genommen = strictly speaking ,streng genommen = à proprement parler,,
73,"_____ wurden zusätzliche Tests durchgeführt, bevor das System freigegeben wurde.",Sicherheitshalber,"Sicherheitshalber wurden zusätzliche Tests durchgeführt, bevor das System freigegeben wurde.","To be on the safe side, additional tests were carried out before the system was released.","Par précaution, des tests supplémentaires ont été effectués avant la mise en service du système.","sicherheitshalber = for safety's sake, just in case",sicherheitshalber = par précaution,,
73,"Er informierte die Beteiligten _____ im Voraus, um Missverständnisse zu vermeiden.",sicherheitshalber,"Er informierte die Beteiligten sicherheitshalber im Voraus, um Missverständnisse zu vermeiden.","To be on the safe side, he informed the parties involved in advance to avoid misunderstandings.","Par précaution, il a informé les parties concernées à l’avance afin d’éviter les malentendus.","sicherheitshalber = for safety's sake, just in case",sicherheitshalber = par précaution,,
73,"_____ wurden alternative Szenarien entwickelt, falls die ursprüngliche Strategie scheitern sollte.",Sicherheitshalber,"Sicherheitshalber wurden alternative Szenarien entwickelt, falls die ursprüngliche Strategie scheitern sollte.","To be on the safe side, alternative scenarios were developed in case the original strategy should fail.","Par précaution, des scénarios alternatifs ont été élaborés au cas où la stratégie initiale échouerait.","sicherheitshalber = for safety's sake, just in case",sicherheitshalber = par précaution,,
73,Sie speicherte die Daten _____ an mehreren Orten.,sicherheitshalber,Sie speicherte die Daten sicherheitshalber an mehreren Orten.,"To be on the safe side, she stored the data in several locations.","Par précaution, elle a sauvegardé les données à plusieurs endroits.","sicherheitshalber = for safety's sake, just in case",sicherheitshalber = par précaution,,
73,_____ verzichtete das Unternehmen auf eine sofortige Umsetzung der Maßnahmen.,Sicherheitshalber,Sicherheitshalber verzichtete das Unternehmen auf eine sofortige Umsetzung der Maßnahmen.,"To be on the safe side, the company refrained from immediately implementing the measures.","Par précaution, l’entreprise a renoncé à une mise en œuvre immédiate des mesures.","sicherheitshalber = for safety's sake, just in case",sicherheitshalber = par précaution,,
73,"_____ entschuldigte er sich für die Verspätung, obwohl sie nicht in seiner Verantwortung lag.",Anstandshalber,"Anstandshalber entschuldigte er sich für die Verspätung, obwohl sie nicht in seiner Verantwortung lag.","Out of courtesy, he apologized for the delay, although it was not his responsibility.","Par politesse, il s’est excusé du retard, bien qu’il n’en fût pas responsable.",anstandshalber = out of courtesy,anstandshalber = par politesse,,
73,"Sie blieb _____ bis zum Ende der Veranstaltung, obwohl sie sich bereits entschieden hatte zu gehen.",anstandshalber,"Sie blieb anstandshalber bis zum Ende der Veranstaltung, obwohl sie sich bereits entschieden hatte zu gehen.","Out of courtesy, she stayed until the end of the event, although she had already decided to leave.","Par politesse, elle est restée jusqu’à la fin de la manifestation, bien qu’elle ait déjà décidé de partir.",anstandshalber = out of courtesy,anstandshalber = par politesse,,
73,_____ hörte er sich die Argumente der Gegenseite vollständig an.,Anstandshalber,Anstandshalber hörte er sich die Argumente der Gegenseite vollständig an.,"Out of decency/courtesy, he listened to the opposing side’s arguments in full.","Par courtoisie, il a écouté les arguments de la partie adverse jusqu’au bout.",anstandshalber = out of courtesy,anstandshalber = par politesse,,
73,"Sie nahm _____ an der Sitzung teil, obwohl ihre Anwesenheit nicht zwingend erforderlich war.",anstandshalber,"Sie nahm anstandshalber an der Sitzung teil, obwohl ihre Anwesenheit nicht zwingend erforderlich war.","Out of courtesy, she attended the meeting, although her presence was not strictly necessary.","Par politesse, elle a participé à la réunion, bien que sa présence ne fût pas strictement nécessaire.",anstandshalber = out of courtesy,anstandshalber = par politesse,,
73,_____ verzichtete das Unternehmen auf eine öffentliche Stellungnahme.,Anstandshalber,Anstandshalber verzichtete das Unternehmen auf eine öffentliche Stellungnahme.,"Out of decency, the company refrained from making a public statement.","Par décence, l’entreprise a renoncé à faire une déclaration publique.",anstandshalber = out of courtesy,anstandshalber = par politesse,,
74,von nun an,ab jetzt,"Von nun an werde ich jede Entscheidung sorgfältiger abwägen, um nicht erneut dieselben strategischen Fehler zu begehen.",from now on,à partir de maintenant,ab jetzt = from now on,ab jetzt = à partir de maintenant,,
74,bisweilen,ab und zu,"Bisweilen entstehen Konflikte, wenn die Kommunikation unklar bleibt.","now and then, occasionally","de temps en temps, occasionnellement","ab und zu = now and then, occasionally","ab und zu = de temps en temps, occasionnellement",,
74,mitunter,ab und zu,Mitunter führen kleine Versäumnisse zu großen Verzögerungen.,"now and then, occasionally","de temps en temps, occasionnellement","ab und zu = now and then, occasionally","ab und zu = de temps en temps, occasionnellement",,
74,von Zeit zu Zeit,ab und zu,Von Zeit zu Zeit überprüfen wir die wichtigsten Kennzahlen.,"now and then, occasionally","de temps en temps, occasionnellement","ab und zu = now and then, occasionally","ab und zu = de temps en temps, occasionnellement",,
74,zuweilen,ab und zu,Zuweilen entwickeln sich Projekte völlig anders als geplant.,"now and then, occasionally","de temps en temps, occasionnellement","ab und zu = now and then, occasionally","ab und zu = de temps en temps, occasionnellement",,
74,hin und wieder,ab und zu,"Hin und wieder ertappt er sich dabei, an eine Vergangenheit zurückzudenken, von der er eigentlich glaubte, sich längst innerlich gelöst zu haben.","now and then, occasionally","de temps en temps, occasionnellement","ab und zu = now and then, occasionally","ab und zu = de temps en temps, occasionnellement",,
74,vor und zurück,hin und her,"Die Diskussion ging vor und zurück, ohne zu einem Ergebnis zu kommen.","back and forth, to and fro","d'avant en arrière, d'un bout à l'autre","hin und her = back and forth, to and fro","hin und her = d'avant en arrière, d'un bout à l'autre",,
74,jemals,je,"Ich frage mich, ob er das jemals offen zugeben würde.",ever,"déjà, un jour, jamais",je = ever,"je = déjà, un jour, jamais",,
74,dorther,daher,"Dorther stammt die Verwirrung, weil die Angaben unklar waren.","from there, indicating movement away from a specific place","à partir de là, indiquant un mouvement loin d'un endroit spécifique","daher = from there, indicating movement away from a specific place","daher = à partir de là, indiquant un mouvement loin d'un endroit spécifique",,
74,dorthin,dahin,"Er reist nächsten Monat dorthin, um das Team persönlich zu treffen.","to there, indicating movement toward a specific place","là, indiquant un mouvement vers un endroit précis","dahin = to there, indicating movement toward a specific place","dahin = là, indiquant un mouvement vers un endroit précis",,
74,gesetzlich,rechtlich,Die Verantwortung ist gesetzlich eindeutig geregelt.,legally,légalement,rechtlich = legally,rechtlich = légalement,,
74,von jeher,seit jeher,Von jeher galt diese Region als kulturelles Zentrum.,since time immemorial,depuis toujours,seit jeher = since time immemorial,seit jeher = depuis toujours,,
74,ohnehin,sowieso,Wir hätten das ohnehin früher klären müssen.,"anyway, anyhow, in any case","de toute façon, dans tous les cas","sowieso = anyway, anyhow, in any case","sowieso = de toute façon, dans tous les cas",,
74,gleichsam,sozusagen,Die Situation wirkt gleichsam festgefahren.,so to speak,pour ainsi dire,sozusagen = so to speak,sozusagen = pour ainsi dire,,
74,An vielen Orten,vielerorts,An vielen Orten entstehen derzeit innovative Projekte.,in many places,"en de nombreux endroits, à plusieurs endroits",vielerorts = in many places,"vielerorts = en de nombreux endroits, à plusieurs endroits",,
74,völlig,vollständig,Die Unterlagen waren völlig unbrauchbar für die Analyse.,"completely, fully",complètement,"vollständig = completely, fully",vollständig = complètement,,
74,vorüber,vorübergehend,"Das Problem schien vorüber gelöst, doch neue Fragen tauchten auf.",temporarily,temporairement,vorübergehend = temporarily,vorübergehend = temporairement,,
74,zeitweise,vorübergehend,Das Projekt lief zeitweise ohne klare Struktur.,temporarily,temporairement,vorübergehend = temporarily,vorübergehend = temporairement,,
74,auf ewig,für immer,Durch diesen Bruch ist das Vertrauen zwischen den beiden Staaten auf ewig beschädigt worden.,forever,"pour toujours, à jamais",für immer = forever,"für immer = pour toujours, à jamais",,
74,vorab,im voraus,Wir müssen die wichtigsten Punkte vorab klären.,"ahead of time, in advance","à l'avance, en avance","im voraus = ahead of time, in advance","im voraus = à l'avance, en avance",,
75,überwiegend,vorwiegend,Die Resonanz war überwiegend positiv.,predominantly,principalement,vorwiegend = predominantly,vorwiegend = principalement,,
75,vorgängig,im voraus,"Die Beteiligten wurden vorgängig über die möglichen Konsequenzen informiert, sodass spätere Einwände kaum noch überzeugend wirkten.","ahead of time, in advance","à l'avance, en avance","im voraus = ahead of time, in advance","im voraus = à l'avance, en avance",,
75,ehrenamtlich,freiwillig,Er engagiert sich ehrenamtlich in mehreren Vereinen.,voluntarily,volontairement,freiwillig = voluntarily,freiwillig = volontairement,,
75,von sich aus,freiwillig,"Sie entschied sich von sich aus, zusätzliche Aufgaben zu übernehmen.",voluntarily,volontairement,freiwillig = voluntarily,freiwillig = volontairement,,
75,empor,aufwärts,"Die Nachfrage steigt empor, besonders im Sommer.",upwards,vers le haut,aufwärts = upwards,aufwärts = vers le haut,,
75,überaus,äußerst,Die Bedingungen waren überaus ungünstig.,extremely,extrêmement,äußerst = extremely,äußerst = extrêmement,,
75,vor langer Zeit,längst,Die Veränderungen hatten vor langer Zeit begonnen.,long ago,il y a longtemps,längst = long ago,längst = il y a longtemps,,
75,bergauf,aufwärts,Die Entwicklung geht seit Monaten bergauf.,upwards,vers le haut,aufwärts = upwards,aufwärts = vers le haut,,
75,bergab,abwärts,Seit letzter Woche geht es wirtschaftlich wieder bergab.,downwards,vers le bas,abwärts = downwards,abwärts = vers le bas,,
75,wiedermal,abermals,Er hat das wiedermal ohne Vorbereitung gemacht.,once again,"à nouveau, une fois de plus",abermals = once again,"abermals = à nouveau, une fois de plus",,
75,keineswegs,keinesfalls,"Keineswegs können wir davon ausgehen, dass das genügt.","under no circumstances, by no means",en aucun cas,"keinesfalls = under no circumstances, by no means",keinesfalls = en aucun cas,,
75,demnächst,bald,Demnächst soll das neue Konzept vorgestellt werden.,soon,bientôt,bald = soon,bald = bientôt,,
75,teils,teilweise,"Die Entwicklung verlief teils positiv, teils problematisch.","partially, partly","partiellement, en partie","teilweise = partially, partly","teilweise = partiellement, en partie",,
75,außergewöhnlich,ausnahmsweise,Die Stimmung war außergewöhnlich gelassen.,"exceptionally, for once",exceptionnellement,"ausnahmsweise = exceptionally, for once",ausnahmsweise = exceptionnellement,,
75,ab sofort,ab jetzt,"Ab sofort gelten strengere Sicherheitsvorschriften, um potenzielle Risiken frühzeitig zu minimieren.",from now on,à partir de maintenant,ab jetzt = from now on,ab jetzt = à partir de maintenant,,
75,eigens,besonders,"Er hatte eigens einen Experten eingeladen, um die komplexen Auswirkungen der Entscheidung aus erster Hand analysieren zu lassen.","especially, particularly, above all","surtout, particulièrement","besonders = especially, particularly, above all","besonders = surtout, particulièrement",,
75,üblicherweise,meistens,"Üblicherweise werden solche Entscheidungen erst nach einer umfassenden Analyse getroffen, doch in diesem Fall zwang der Zeitdruck zu einem ungewöhnlich schnellen Vorgehen.","mostly, usually","principalement, habituellement","meistens = mostly, usually","meistens = principalement, habituellement",,
75,alsbald,gleich,"Alsbald zeigte sich, dass die scheinbar einfache Lösung tiefgreifende Probleme mit sich brachte, die man zuvor unterschätzt hatte.","right away, at once, in a short moment","tout de suite, dans un instant","gleich = right away, at once, in a short moment","gleich = tout de suite, dans un instant",,
75,gelegentlich,ab und zu,"Gelegentlich äußerte er Zweifel an der Strategie, ohne jedoch deren grundlegende Ausrichtung infrage zu stellen.","now and then, occasionally","de temps en temps, occasionnellement","ab und zu = now and then, occasionally","ab und zu = de temps en temps, occasionnellement",,
76,,rund um die Uhr,,"around the clock, 24 hours a day","24 heures sur 24, sans interruption","rund um die uhr = around the clock, 24 hours a day","rund um die uhr = 24 heures sur 24, sans interruption",,
76,,neuerdings,,"lately, as of recently",depuis quelque temps,"neuerdings = lately, as of recently",neuerdings = depuis quelque temps,,
76,,zwischendurch,,"in between, from time to time",entre-temps,"zwischendurch = in between, from time to time",zwischendurch = entre-temps,,
76,,vor Ablauf,,"before expiry, before the deadline","avant expiration, avant la fin","vor ablauf = before expiry, before the deadline","vor ablauf = avant expiration, avant la fin",,
76,,heutzutage,,"nowadays, these days","de nos jours, ces derniers temps","heutzutage = nowadays, these days","heutzutage = de nos jours, ces derniers temps",,
76,,kurzerhand,,"without further ado, abruptly","sans plus attendre, abruptement","kurzerhand = without further ado, abruptly","kurzerhand = sans plus attendre, abruptement",,
76,,wie noch nie,,like never before,comme jamais auparavant,wie noch nie = like never before,wie noch nie = comme jamais auparavant,,
77,"Das Team arbeitete _____, um die technischen Probleme vor dem Starttermin zu beheben.",rund um die Uhr,"Das Team arbeitete rund um die Uhr, um die technischen Probleme vor dem Starttermin zu beheben.",The team worked around the clock to fix the technical issues before the launch date.,L’équipe a travaillé jour et nuit pour résoudre les problèmes techniques avant la date de lancement.,"rund um die uhr = around the clock, 24 hours a day","rund um die uhr = 24 heures sur 24, sans interruption",,
77,"_____ verfügbar zu sein, erhöht zwar den Service, führt aber langfristig zu erheblicher Belastung.",Rund um die Uhr,"Rund um die Uhr verfügbar zu sein, erhöht zwar den Service, führt aber langfristig zu erheblicher Belastung.","Being available around the clock does increase service, but in the long run it leads to considerable strain.","Être disponible 24h/24 améliore certes le service, mais entraîne à long terme une charge importante.","rund um die uhr = around the clock, 24 hours a day","rund um die uhr = 24 heures sur 24, sans interruption",,
77,"Die Plattform wird _____ überwacht, damit Sicherheitsrisiken sofort erkannt werden.",rund um die Uhr,"Die Plattform wird rund um die Uhr überwacht, damit Sicherheitsrisiken sofort erkannt werden.",The platform is monitored around the clock so that security risks are identified immediately.,La plateforme est surveillée en continu afin que les risques de sécurité soient détectés immédiatement.,"rund um die uhr = around the clock, 24 hours a day","rund um die uhr = 24 heures sur 24, sans interruption",,
77,"_____ Informationen zu verbreiten, hat die Erwartungshaltung der Öffentlichkeit deutlich verändert.",Rund um die Uhr,"Rund um die Uhr Informationen zu verbreiten, hat die Erwartungshaltung der Öffentlichkeit deutlich verändert.",The constant dissemination of information around the clock has significantly changed public expectations.,La diffusion d’informations en continu a profondément modifié les attentes du public.,"rund um die uhr = around the clock, 24 hours a day","rund um die uhr = 24 heures sur 24, sans interruption",,
77,"Die Notdienste sind _____ einsatzbereit, um bei kritischen Situationen schnell eingreifen zu können.",rund um die Uhr,"Die Notdienste sind rund um die Uhr einsatzbereit, um bei kritischen Situationen schnell eingreifen zu können.",Emergency services are ready around the clock to intervene quickly in critical situations.,Les services d’urgence sont opérationnels 24h/24 pour pouvoir intervenir rapidement en cas de situation critique.,"rund um die uhr = around the clock, 24 hours a day","rund um die uhr = 24 heures sur 24, sans interruption",,
77,"_____ arbeitet sie konsequent im Homeoffice, weil ihr die Büroatmosphäre nicht mehr guttut.",Neuerdings,"Neuerdings arbeitet sie konsequent im Homeoffice, weil ihr die Büroatmosphäre nicht mehr guttut.",Lately she has been working consistently from home because the office atmosphere no longer suits her.,"Depuis quelque temps, elle travaille systématiquement depuis chez elle, car l’ambiance du bureau ne lui convient plus.","neuerdings = lately, as of recently",neuerdings = depuis quelque temps,,
77,_____ verzichtet die Firma komplett auf physische Meetings und führt alles online durch.,Neuerdings,Neuerdings verzichtet die Firma komplett auf physische Meetings und führt alles online durch.,Lately the company has completely stopped holding physical meetings and conducts everything online.,"Depuis quelque temps, l’entreprise renonce totalement aux réunions physiques et fait tout en ligne.","neuerdings = lately, as of recently",neuerdings = depuis quelque temps,,
77,_____ achtet er viel mehr auf seine Ernährung und kocht fast jeden Abend selbst.,Neuerdings,Neuerdings achtet er viel mehr auf seine Ernährung und kocht fast jeden Abend selbst.,Lately he has been paying much more attention to his diet and cooks for himself almost every evening.,"Depuis quelque temps, il fait beaucoup plus attention à son alimentation et cuisine presque tous les soirs.","neuerdings = lately, as of recently",neuerdings = depuis quelque temps,,
77,_____ kommuniziert die Stadtverwaltung alle wichtigen Mitteilungen ausschließlich digital.,Neuerdings,Neuerdings kommuniziert die Stadtverwaltung alle wichtigen Mitteilungen ausschließlich digital.,Lately the city administration has been communicating all important announcements exclusively digitally.,"Depuis quelque temps, l’administration municipale communique toutes les annonces importantes uniquement de manière numérique.","neuerdings = lately, as of recently",neuerdings = depuis quelque temps,,
77,"_____ reist das Team nur noch mit dem Zug, um den ökologischen Fußabdruck zu reduzieren.",Neuerdings,"Neuerdings reist das Team nur noch mit dem Zug, um den ökologischen Fußabdruck zu reduzieren.",Lately the team travels only by train to reduce its ecological footprint.,"Depuis quelque temps, l’équipe ne voyage plus qu’en train pour réduire son empreinte écologique.","neuerdings = lately, as of recently",neuerdings = depuis quelque temps,,
77,Ich habe den ganzen Vormittag gelernt und bin _____ kurz spazieren gegangen.,zwischendurch,Ich habe den ganzen Vormittag gelernt und bin zwischendurch kurz spazieren gegangen.,I studied all morning and went for a short walk in between.,J’ai étudié toute la matinée et je suis allé me promener brièvement entre-temps.,"zwischendurch = in between, from time to time",zwischendurch = entre-temps,,
77,"Sie arbeitet konzentriert, schaut aber _____ immer wieder auf ihr Handy.",zwischendurch,"Sie arbeitet konzentriert, schaut aber zwischendurch immer wieder auf ihr Handy.",She works with focus but keeps checking her phone from time to time.,"Elle travaille avec concentration, mais regarde son téléphone de temps en temps.","zwischendurch = in between, from time to time",zwischendurch = entre-temps,,
77,Während der Reise haben wir viel geredet und _____ auch geschwiegen.,zwischendurch,Während der Reise haben wir viel geredet und zwischendurch auch geschwiegen.,During the trip we talked a lot and were silent in between.,"Pendant le voyage, nous avons beaucoup parlé et, entre-temps, nous sommes aussi restés silencieux.","zwischendurch = in between, from time to time",zwischendurch = entre-temps,,
77,Er kochte das Essen und beantwortete _____ einige E-Mails.,zwischendurch,Er kochte das Essen und beantwortete zwischendurch einige E-Mails.,He cooked the meal and answered a few emails in between.,Il préparait le repas et répondait entre-temps à quelques e-mails.,"zwischendurch = in between, from time to time",zwischendurch = entre-temps,,
77,"Der Vortrag war lang, aber durch kurze Fragen _____ blieb er interessant.",zwischendurch,"Der Vortrag war lang, aber durch kurze Fragen zwischendurch blieb er interessant.","The lecture was long, but short questions in between kept it interesting.","La conférence était longue, mais des questions intermédiaires l’ont rendue intéressante.","zwischendurch = in between, from time to time",zwischendurch = entre-temps,,
77,"Der Vertrag muss _____ der Frist verlängert werden, um rechtliche Konsequenzen zu vermeiden.",vor Ablauf,"Der Vertrag muss vor Ablauf der Frist verlängert werden, um rechtliche Konsequenzen zu vermeiden.",The contract must be extended before the deadline expires in order to avoid legal consequences.,Le contrat doit être prolongé avant l’expiration du délai afin d’éviter des conséquences juridiques.,"vor ablauf = before expiry, before the deadline","vor ablauf = avant expiration, avant la fin",,
77,_____ des Jahres sollen die wichtigsten Reformen umgesetzt worden sein.,Vor Ablauf,Vor Ablauf des Jahres sollen die wichtigsten Reformen umgesetzt worden sein.,"Before the end of the year, the most important reforms are to have been implemented.","Avant la fin de l’année, les réformes les plus importantes devraient avoir été mises en œuvre.","vor ablauf = before expiry, before the deadline","vor ablauf = avant expiration, avant la fin",,
77,Die Unterlagen müssen _____ der Bewerbungsfrist eingereicht werden.,vor Ablauf,Die Unterlagen müssen vor Ablauf der Bewerbungsfrist eingereicht werden.,The documents must be submitted before the application deadline expires.,Les documents doivent être déposés avant l’expiration du délai de candidature.,"vor ablauf = before expiry, before the deadline","vor ablauf = avant expiration, avant la fin",,
77,_____ der Verjährungsfrist wurde eine Klage eingereicht.,Vor Ablauf,Vor Ablauf der Verjährungsfrist wurde eine Klage eingereicht.,A lawsuit was filed before the limitation period expired.,Une plainte a été déposée avant l’expiration du délai de prescription.,"vor ablauf = before expiry, before the deadline","vor ablauf = avant expiration, avant la fin",,
77,Die Störung konnte _____ der Wartungsperiode behoben werden.,vor Ablauf,Die Störung konnte vor Ablauf der Wartungsperiode behoben werden.,The disruption could be resolved before the maintenance period ended.,La panne a pu être résolue avant la fin de la période de maintenance.,"vor ablauf = before expiry, before the deadline","vor ablauf = avant expiration, avant la fin",,
77,"_____ ist es für Unternehmen entscheidend, datenbasierte Strategien zu entwickeln, um wettbewerbsfähig zu bleiben.",Heutzutage,"Heutzutage ist es für Unternehmen entscheidend, datenbasierte Strategien zu entwickeln, um wettbewerbsfähig zu bleiben.","Nowadays, it is crucial for companies to develop data-driven strategies in order to remain competitive.","De nos jours, il est essentiel pour les entreprises de développer des stratégies fondées sur les données pour rester compétitives.","heutzutage = nowadays, these days","heutzutage = de nos jours, ces derniers temps",,
77,"_____ erwarten viele Menschen eine sofortige Rückmeldung, was den Druck auf Organisationen erheblich erhöht.",Heutzutage,"Heutzutage erwarten viele Menschen eine sofortige Rückmeldung, was den Druck auf Organisationen erheblich erhöht.","These days, many people expect immediate feedback, which significantly increases pressure on organizations.","De nos jours, beaucoup de gens attendent une réponse immédiate, ce qui augmente considérablement la pression sur les organisations.","heutzutage = nowadays, these days","heutzutage = de nos jours, ces derniers temps",,
77,"_____ wird verstärkt darüber diskutiert, wie künstliche Intelligenz verantwortungsvoll eingesetzt werden kann.",Heutzutage,"Heutzutage wird verstärkt darüber diskutiert, wie künstliche Intelligenz verantwortungsvoll eingesetzt werden kann.","Nowadays, there is increased debate about how artificial intelligence can be used responsibly.","De nos jours, il y a de plus en plus de débats sur la manière d’utiliser l’intelligence artificielle de façon responsable.","heutzutage = nowadays, these days","heutzutage = de nos jours, ces derniers temps",,
77,"_____ ist es kaum vorstellbar, Projekte ohne digitale Werkzeuge zu koordinieren.",Heutzutage,"Heutzutage ist es kaum vorstellbar, Projekte ohne digitale Werkzeuge zu koordinieren.","These days, it is hardly conceivable to coordinate projects without digital tools.","De nos jours, il est difficile d’imaginer coordonner des projets sans outils numériques.","heutzutage = nowadays, these days","heutzutage = de nos jours, ces derniers temps",,
77,"_____ sind berufliche Laufbahnen deutlich vielfältiger, was neue Chancen, aber auch neue Unsicherheiten mit sich bringt.",Heutzutage,"Heutzutage sind berufliche Laufbahnen deutlich vielfältiger, was neue Chancen, aber auch neue Unsicherheiten mit sich bringt.","Nowadays, career paths are far more diverse, which brings new opportunities but also new uncertainties.","De nos jours, les parcours professionnels sont bien plus diversifiés, ce qui apporte de nouvelles opportunités mais aussi de nouvelles incertitudes.","heutzutage = nowadays, these days","heutzutage = de nos jours, ces derniers temps",,
77,"_____ änderte er den Plan, ohne die langfristigen Konsequenzen vollständig zu bedenken.",Kurzerhand,"Kurzerhand änderte er den Plan, ohne die langfristigen Konsequenzen vollständig zu bedenken.","Without further ado, he changed the plan without fully considering the long-term consequences.","Sans plus attendre, il a modifié le plan sans réfléchir pleinement aux conséquences à long terme.","kurzerhand = without further ado, abruptly","kurzerhand = sans plus attendre, abruptement",,
77,"Als die Verhandlungen zu scheitern drohten, brach man sie _____ ab.",kurzerhand,"Als die Verhandlungen zu scheitern drohten, brach man sie kurzerhand ab.","When the negotiations threatened to fail, they were abruptly called off.","Lorsque les négociations menaçaient d’échouer, on y a mis fin abruptement.","kurzerhand = without further ado, abruptly","kurzerhand = sans plus attendre, abruptement",,
77,"_____ entschied das Management, das Projekt einzustellen.",Kurzerhand,"Kurzerhand entschied das Management, das Projekt einzustellen.","Without hesitation, the management decided to terminate the project.","Sans hésiter, la direction a décidé d’arrêter le projet.","kurzerhand = without further ado, abruptly","kurzerhand = sans plus attendre, abruptement",,
77,"Da keine Einigung erzielt werden konnte, wurde der Vorschlag _____ verworfen.",kurzerhand,"Da keine Einigung erzielt werden konnte, wurde der Vorschlag kurzerhand verworfen.","Since no agreement could be reached, the proposal was simply discarded.","Faute d’accord, la proposition a été simplement rejetée.","kurzerhand = without further ado, abruptly","kurzerhand = sans plus attendre, abruptement",,
77,"_____ übernahm sie die Verantwortung, obwohl die Situation alles andere als klar war.",Kurzerhand,"Kurzerhand übernahm sie die Verantwortung, obwohl die Situation alles andere als klar war.","On the spur of the moment, she took responsibility, although the situation was far from clear.","Sur un coup de tête, elle a pris la responsabilité, bien que la situation fût loin d’être claire.","kurzerhand = without further ado, abruptly","kurzerhand = sans plus attendre, abruptement",,
77,"Die Gesellschaft ist heute _____ mit der Frage konfrontiert, wie sich technologische Innovation mit ethischer Verantwortung vereinbaren lässt.",wie noch nie,"Die Gesellschaft ist heute wie noch nie mit der Frage konfrontiert, wie sich technologische Innovation mit ethischer Verantwortung vereinbaren lässt.",Society is today confronted more than ever with the question of how technological innovation can be reconciled with ethical responsibility.,La société est aujourd’hui confrontée comme jamais auparavant à la question de savoir comment concilier innovation technologique et responsabilité éthique.,wie noch nie = like never before,wie noch nie = comme jamais auparavant,,
77,"Unternehmen stehen _____ unter Druck, ihre Geschäftsmodelle an ökologische und soziale Anforderungen anzupassen.",wie noch nie,"Unternehmen stehen wie noch nie unter Druck, ihre Geschäftsmodelle an ökologische und soziale Anforderungen anzupassen.",Companies are under pressure like never before to adapt their business models to ecological and social requirements.,Les entreprises sont sous pression comme jamais auparavant pour adapter leurs modèles économiques aux exigences écologiques et sociales.,wie noch nie = like never before,wie noch nie = comme jamais auparavant,,
77,Die politische Debatte ist _____ von Polarisierung und emotionalen Reaktionen geprägt.,wie noch nie,Die politische Debatte ist wie noch nie von Polarisierung und emotionalen Reaktionen geprägt.,The political debate is characterized by polarization and emotional reactions like never before.,Le débat politique est marqué comme jamais auparavant par la polarisation et les réactions émotionnelles.,wie noch nie = like never before,wie noch nie = comme jamais auparavant,,
77,"Individuen haben heute _____ Zugang zu Informationen, müssen jedoch gleichzeitig lernen, mit deren Überfluss kritisch umzugehen.",wie noch nie,"Individuen haben heute wie noch nie Zugang zu Informationen, müssen jedoch gleichzeitig lernen, mit deren Überfluss kritisch umzugehen.","Individuals today have access to information like never before, but must also learn to deal critically with its abundance.","Les individus ont aujourd’hui accès à l’information comme jamais auparavant, mais doivent aussi apprendre à gérer de manière critique cet excès.",wie noch nie = like never before,wie noch nie = comme jamais auparavant,,
77,Die globale Wirtschaft ist _____ von komplexen Abhängigkeiten und fragilen Lieferketten geprägt.,wie noch nie,Die globale Wirtschaft ist wie noch nie von komplexen Abhängigkeiten und fragilen Lieferketten geprägt.,The global economy is characterized by complex interdependencies and fragile supply chains like never before.,L’économie mondiale est marquée comme jamais auparavant par des interdépendances complexes et des chaînes d’approvisionnement fragiles.,wie noch nie = like never before,wie noch nie = comme jamais auparavant,,
78,,zur Niederschrift,,for the record,"pour mémoire, pour votre information",zur niederschrift = for the record,"zur niederschrift = pour mémoire, pour votre information",,
78,,im Gange,,"in progress, underway",en cours,"im gange = in progress, underway",im gange = en cours,,
78,,wo auch immer,,wherever,où que,wo auch immer = wherever,wo auch immer = où que,,
78,,warum auch immer,,for whatever reason,pour quelque raison que,warum auch immer = for whatever reason,warum auch immer = pour quelque raison que,,
78,,wann auch immer,,whenever,chaque fois que,wann auch immer = whenever,wann auch immer = chaque fois que,,
78,,wie auch immer,,"however, no matter how","quel que soit, quelle que soit, quoi qu'il en soit","wie auch immer = however, no matter how","wie auch immer = quel que soit, quelle que soit, quoi qu'il en soit",,
78,,weithin,,"largely, widely, far and wide",largement,"weithin = largely, widely, far and wide",weithin = largement,,
79,"Die Zeugenaussage wurde _____ gegeben, nachdem der Vorfall detailliert geschildert worden war.",zur Niederschrift,"Die Zeugenaussage wurde zur Niederschrift gegeben, nachdem der Vorfall detailliert geschildert worden war.",The witness statement was given for the record after the incident had been described in detail.,Le témoignage a été consigné par écrit après que l’incident a été décrit en détail.,zur niederschrift = for the record,"zur niederschrift = pour mémoire, pour votre information",,
79,"Alle Einwände müssen _____ eingereicht werden, damit sie im offiziellen Verfahren berücksichtigt werden können.",zur Niederschrift,"Alle Einwände müssen zur Niederschrift eingereicht werden, damit sie im offiziellen Verfahren berücksichtigt werden können.",All objections must be submitted for the record so they can be taken into account in the official procedure.,Toutes les objections doivent être soumises par écrit afin d’être prises en compte dans la procédure officielle.,zur niederschrift = for the record,"zur niederschrift = pour mémoire, pour votre information",,
79,"Die Vorsitzende bat darum, die Entscheidung _____ festzuhalten, um spätere Missverständnisse zu vermeiden.",zur Niederschrift,"Die Vorsitzende bat darum, die Entscheidung zur Niederschrift festzuhalten, um spätere Missverständnisse zu vermeiden.",The chair asked for the decision to be recorded in writing to avoid later misunderstandings.,La présidente a demandé que la décision soit consignée par écrit afin d’éviter des malentendus ultérieurs.,zur niederschrift = for the record,"zur niederschrift = pour mémoire, pour votre information",,
79,Der Beschluss wurde einstimmig gefasst und anschließend _____ formuliert.,zur Niederschrift,Der Beschluss wurde einstimmig gefasst und anschließend zur Niederschrift formuliert.,The resolution was adopted unanimously and subsequently drafted for the record.,La résolution a été adoptée à l’unanimité puis rédigée pour être consignée par écrit.,zur niederschrift = for the record,"zur niederschrift = pour mémoire, pour votre information",,
79,"_____ erklärte der Experte, dass mehrere der ursprünglichen Annahmen wissenschaftlich nicht haltbar seien.",Zur Niederschrift,"Zur Niederschrift erklärte der Experte, dass mehrere der ursprünglichen Annahmen wissenschaftlich nicht haltbar seien.","For the record, the expert stated that several of the original assumptions were not scientifically tenable.","Pour le procès-verbal, l’expert a déclaré que plusieurs des hypothèses initiales n’étaient pas scientifiquement tenables.",zur niederschrift = for the record,"zur niederschrift = pour mémoire, pour votre information",,
79,"Die Bauarbeiten sind noch _____, deshalb bleibt die Straße bis nächste Woche gesperrt.",im Gange,"Die Bauarbeiten sind noch im Gange, deshalb bleibt die Straße bis nächste Woche gesperrt.","The construction work is still underway, so the road will remain closed until next week.","Les travaux sont toujours en cours, c'est pourquoi la route restera fermée jusqu'à la semaine prochaine.","im gange = in progress, underway",im gange = en cours,,
79,"Während die Verhandlungen noch _____ waren, wollte niemand eine offizielle Stellungnahme abgeben.",im Gange,"Während die Verhandlungen noch im Gange waren, wollte niemand eine offizielle Stellungnahme abgeben.","While the negotiations were still underway, nobody wanted to make an official statement.","Tant que les négociations étaient en cours, personne ne voulait faire de déclaration officielle.","im gange = in progress, underway",im gange = en cours,,
79,"Als der Strom ausfiel, war die Präsentation gerade _____.",im Gange,"Als der Strom ausfiel, war die Präsentation gerade im Gange.","When the power went out, the presentation was just underway.","Lorsque le courant a été coupé, la présentation était justement en cours.","im gange = in progress, underway",im gange = en cours,,
79,"Die Polizei bestätigte, dass die Ermittlungen noch _____ seien und weitere Informationen später veröffentlicht würden.",im Gange,"Die Polizei bestätigte, dass die Ermittlungen noch im Gange seien und weitere Informationen später veröffentlicht würden.",The police confirmed that the investigation was still underway and that further information would be released later.,La police a confirmé que l'enquête était toujours en cours et que d'autres informations seraient publiées plus tard.,"im gange = in progress, underway",im gange = en cours,,
79,"Trotz der Bauarbeiten, die noch _____ sind, bleibt das Museum für Besucher geöffnet.",im Gange,"Trotz der Bauarbeiten, die noch im Gange sind, bleibt das Museum für Besucher geöffnet.","Despite the construction work that is still underway, the museum remains open to visitors.","Malgré les travaux qui sont toujours en cours, le musée reste ouvert aux visiteurs.","im gange = in progress, underway",im gange = en cours,,
79,"_____ komplexe Entscheidungen getroffen werden, spielen Machtverhältnisse eine entscheidende Rolle.",Wo auch immer,"Wo auch immer komplexe Entscheidungen getroffen werden, spielen Machtverhältnisse eine entscheidende Rolle.","Wherever complex decisions are made, power relations play a decisive role.","Où que des décisions complexes soient prises, les rapports de pouvoir jouent un rôle décisif.",wo auch immer = wherever,wo auch immer = où que,,
79,"_____ technologische Innovationen entstehen, werfen sie neue ethische Fragen auf.",Wo auch immer,"Wo auch immer technologische Innovationen entstehen, werfen sie neue ethische Fragen auf.","Wherever technological innovations emerge, they raise new ethical questions.","Où que naissent des innovations technologiques, elles soulèvent de nouvelles questions éthiques.",wo auch immer = wherever,wo auch immer = où que,,
79,"_____ gesellschaftliche Veränderungen stattfinden, entstehen Spannungen zwischen Tradition und Fortschritt.",Wo auch immer,"Wo auch immer gesellschaftliche Veränderungen stattfinden, entstehen Spannungen zwischen Tradition und Fortschritt.","Wherever social changes occur, tensions arise between tradition and progress.","Où que se produisent des changements sociaux, des tensions apparaissent entre tradition et progrès.",wo auch immer = wherever,wo auch immer = où que,,
79,"_____ wirtschaftliche Interessen dominieren, geraten ökologische Aspekte leicht in den Hintergrund.",Wo auch immer,"Wo auch immer wirtschaftliche Interessen dominieren, geraten ökologische Aspekte leicht in den Hintergrund.","Wherever economic interests dominate, ecological aspects easily recede into the background.","Où que dominent les intérêts économiques, les aspects écologiques passent facilement au second plan.",wo auch immer = wherever,wo auch immer = où que,,
79,"_____ Menschen versuchen, einfache Lösungen für komplexe Probleme zu finden, stoßen sie früher oder später an ihre Grenzen.",Wo auch immer,"Wo auch immer Menschen versuchen, einfache Lösungen für komplexe Probleme zu finden, stoßen sie früher oder später an ihre Grenzen.","Wherever people try to find simple solutions to complex problems, they sooner or later reach their limits.","Où que les gens tentent de trouver des solutions simples à des problèmes complexes, ils finissent tôt ou tard par atteindre leurs limites.",wo auch immer = wherever,wo auch immer = où que,,
79,"_____ er die Entscheidung getroffen hat, ihre Folgen waren weitreichender als erwartet.",Warum auch immer,"Warum auch immer er die Entscheidung getroffen hat, ihre Folgen waren weitreichender als erwartet.","For whatever reason he made the decision, its consequences were more far-reaching than expected.","Pour quelque raison qu’il ait pris cette décision, ses conséquences ont été plus importantes que prévu.",warum auch immer = for whatever reason,warum auch immer = pour quelque raison que,,
79,"_____ das Projekt verzögert wurde, die ursprüngliche Planung ließ sich nicht mehr einhalten.",Warum auch immer,"Warum auch immer das Projekt verzögert wurde, die ursprüngliche Planung ließ sich nicht mehr einhalten.","For whatever reason the project was delayed, the original schedule could no longer be met.","Pour quelque raison que le projet ait été retardé, le calendrier initial n’a plus pu être respecté.",warum auch immer = for whatever reason,warum auch immer = pour quelque raison que,,
79,"_____ sie gezögert hat, letztlich erwies sich ihre Vorsicht als gerechtfertigt.",Warum auch immer,"Warum auch immer sie gezögert hat, letztlich erwies sich ihre Vorsicht als gerechtfertigt.","For whatever reason she hesitated, her caution ultimately proved justified.","Pour quelque raison qu’elle ait hésité, sa prudence s’est finalement révélée justifiée.",warum auch immer = for whatever reason,warum auch immer = pour quelque raison que,,
79,"_____ die Daten voneinander abweichen, eine eindeutige Interpretation ist derzeit nicht möglich.",Warum auch immer,"Warum auch immer die Daten voneinander abweichen, eine eindeutige Interpretation ist derzeit nicht möglich.","For whatever reason the data diverge, a clear interpretation is currently not possible.","Pour quelque raison que les données divergent, une interprétation claire n’est actuellement pas possible.",warum auch immer = for whatever reason,warum auch immer = pour quelque raison que,,
79,"_____ der Vorschlag abgelehnt wurde, die zugrunde liegenden Probleme bleiben bestehen.",Warum auch immer,"Warum auch immer der Vorschlag abgelehnt wurde, die zugrunde liegenden Probleme bleiben bestehen.","For whatever reason the proposal was rejected, the underlying problems remain.","Pour quelque raison que la proposition ait été rejetée, les problèmes sous-jacents persistent.",warum auch immer = for whatever reason,warum auch immer = pour quelque raison que,,
79,"_____ grundlegende Reformen eingeleitet werden, stoßen sie auf Widerstand unterschiedlicher Interessengruppen.",Wann auch immer,"Wann auch immer grundlegende Reformen eingeleitet werden, stoßen sie auf Widerstand unterschiedlicher Interessengruppen.","Whenever fundamental reforms are initiated, they encounter resistance from various interest groups.","Chaque fois que des réformes fondamentales sont engagées, elles se heurtent à la résistance de différents groupes d’intérêts.",wann auch immer = whenever,wann auch immer = chaque fois que,,
79,"_____ neue Technologien eingeführt werden, verändern sie nicht nur Arbeitsprozesse, sondern auch gesellschaftliche Strukturen.",Wann auch immer,"Wann auch immer neue Technologien eingeführt werden, verändern sie nicht nur Arbeitsprozesse, sondern auch gesellschaftliche Strukturen.","Whenever new technologies are introduced, they change not only work processes but also social structures.","Chaque fois que de nouvelles technologies sont introduites, elles modifient non seulement les processus de travail, mais aussi les structures sociales.",wann auch immer = whenever,wann auch immer = chaque fois que,,
79,"_____ komplexe Probleme vereinfacht dargestellt werden, gehen wichtige Nuancen verloren.",Wann auch immer,"Wann auch immer komplexe Probleme vereinfacht dargestellt werden, gehen wichtige Nuancen verloren.","Whenever complex problems are presented in a simplified way, important nuances are lost.","Chaque fois que des problèmes complexes sont présentés de manière simplifiée, des nuances importantes se perdent.",wann auch immer = whenever,wann auch immer = chaque fois que,,
79,"_____ politische Entscheidungen unter Zeitdruck getroffen werden, steigt das Risiko langfristiger Fehlentwicklungen.",Wann auch immer,"Wann auch immer politische Entscheidungen unter Zeitdruck getroffen werden, steigt das Risiko langfristiger Fehlentwicklungen.","Whenever political decisions are made under time pressure, the risk of long-term misdevelopments increases.","Chaque fois que des décisions politiques sont prises sous pression temporelle, le risque d’évolutions erronées à long terme augmente.",wann auch immer = whenever,wann auch immer = chaque fois que,,
79,"_____ Menschen versuchen, Verantwortung zu delegieren, geraten sie früher oder später in moralische Konflikte.",Wann auch immer,"Wann auch immer Menschen versuchen, Verantwortung zu delegieren, geraten sie früher oder später in moralische Konflikte.","Whenever people try to delegate responsibility, they sooner or later run into moral conflicts.","Chaque fois que les individus tentent de déléguer la responsabilité, ils finissent tôt ou tard par se heurter à des conflits moraux.",wann auch immer = whenever,wann auch immer = chaque fois que,,
79,"_____ man das Problem betrachtet, eine einfache Lösung ist nicht in Sicht.",Wie auch immer,"Wie auch immer man das Problem betrachtet, eine einfache Lösung ist nicht in Sicht.","However one looks at the problem, a simple solution is not in sight.","Quelle que soit la manière dont on considère le problème, aucune solution simple n’est en vue.","wie auch immer = however, no matter how","wie auch immer = quel que soit, quelle que soit, quoi qu'il en soit",,
79,"_____ die Entscheidung begründet wird, sie wird unweigerlich Kritik hervorrufen.",Wie auch immer,"Wie auch immer die Entscheidung begründet wird, sie wird unweigerlich Kritik hervorrufen.","However the decision is justified, it will inevitably provoke criticism.","Quelle que soit la justification de la décision, elle suscitera inévitablement des critiques.","wie auch immer = however, no matter how","wie auch immer = quel que soit, quelle que soit, quoi qu'il en soit",,
79,"_____ die Daten interpretiert werden, sie lassen keinen eindeutigen Schluss zu.",Wie auch immer,"Wie auch immer die Daten interpretiert werden, sie lassen keinen eindeutigen Schluss zu.","However the data are interpreted, they do not allow for a clear conclusion.","Quelle que soit l’interprétation des données, elles ne permettent pas de tirer une conclusion claire.","wie auch immer = however, no matter how","wie auch immer = quel que soit, quelle que soit, quoi qu'il en soit",,
79,"_____ die Situation entstanden ist, sie erfordert nun entschlossenes Handeln.",Wie auch immer,"Wie auch immer die Situation entstanden ist, sie erfordert nun entschlossenes Handeln.","However the situation came about, it now requires decisive action.","Quelle que soit la manière dont la situation s’est produite, elle exige désormais une action déterminée.","wie auch immer = however, no matter how","wie auch immer = quel que soit, quelle que soit, quoi qu'il en soit",,
79,"_____ man es dreht und wendet, die Reform wird tiefgreifende Veränderungen nach sich ziehen.",Wie auch immer,"Wie auch immer man es dreht und wendet, die Reform wird tiefgreifende Veränderungen nach sich ziehen.","However one looks at it, the reform will entail profound changes.","Quoi qu’il en soit, la réforme entraînera des changements profonds.","wie auch immer = however, no matter how","wie auch immer = quel que soit, quelle que soit, quoi qu'il en soit",,
79,Die Reform wurde _____ als notwendiger Schritt zur Modernisierung des Systems angesehen.,weithin,Die Reform wurde weithin als notwendiger Schritt zur Modernisierung des Systems angesehen.,The reform was widely regarded as a necessary step toward modernizing the system.,La réforme a été largement considérée comme une étape nécessaire pour moderniser le système.,"weithin = largely, widely, far and wide",weithin = largement,,
79,"Seine Analyse fand _____ Zustimmung, obwohl einzelne Experten Zweifel äußerten.",weithin,"Seine Analyse fand weithin Zustimmung, obwohl einzelne Experten Zweifel äußerten.","His analysis met with widespread approval, although some experts expressed doubts.","Son analyse a été largement approuvée, bien que certains experts aient exprimé des doutes.","weithin = largely, widely, far and wide",weithin = largement,,
79,"Das Konzept gilt _____ als innovativ, auch wenn es in der Praxis noch kaum erprobt ist.",weithin,"Das Konzept gilt weithin als innovativ, auch wenn es in der Praxis noch kaum erprobt ist.","The concept is widely considered innovative, even if it has hardly been tested in practice.","Le concept est largement considéré comme innovant, même s’il a encore été peu testé dans la pratique.","weithin = largely, widely, far and wide",weithin = largement,,
79,"Die Entscheidung wurde _____ kritisiert, da ihre sozialen Folgen unterschätzt worden waren.",weithin,"Die Entscheidung wurde weithin kritisiert, da ihre sozialen Folgen unterschätzt worden waren.",The decision was widely criticized because its social consequences had been underestimated.,"La décision a été largement critiquée, car ses conséquences sociales avaient été sous-estimées.","weithin = largely, widely, far and wide",weithin = largement,,
79,"Die Theorie ist _____ anerkannt, obwohl sie nicht alle Phänomene zufriedenstellend erklärt.",weithin,"Die Theorie ist weithin anerkannt, obwohl sie nicht alle Phänomene zufriedenstellend erklärt.","The theory is widely recognized, although it does not satisfactorily explain all phenomena.","La théorie est largement reconnue, bien qu’elle n’explique pas tous les phénomènes de manière satisfaisante.","weithin = largely, widely, far and wide",weithin = largement,,
80,,unaufhörlich,,incessantly,"sans arrêt, sans cess",unaufhörlich = incessantly,"unaufhörlich = sans arrêt, sans cess",,
80,,alltäglich,,ordinarily,au quotidien,alltäglich = ordinarily,alltäglich = au quotidien,,
80,,hart,,"hard, harshly",durement,"hart = hard, harshly",hart = durement,,
80,,gegenseitig,,mutually,mutuellement,gegenseitig = mutually,gegenseitig = mutuellement,,
80,,gewissenhaft,,"conscientiously, diligently",consciencieusement,"gewissenhaft = conscientiously, diligently",gewissenhaft = consciencieusement,,
80,,böse,,unpleasantly,"désagréablement, avec colère",böse = unpleasantly,"böse = désagréablement, avec colère",,
80,,laut,,loudly,"fort, avec un volume élevé",laut = loudly,"laut = fort, avec un volume élevé",,
80,,stolz,,proudly,"fièrement, avec fierté",stolz = proudly,"stolz = fièrement, avec fierté",,
80,,neu,,"newly, anew",à nouveau,"neu = newly, anew",neu = à nouveau,,
80,,praktisch,,practically,pratiquement,praktisch = practically,praktisch = pratiquement,,
80,,theoretisch,,theoretically,théoriquement,theoretisch = theoretically,theoretisch = théoriquement,,
80,,wiederholt,,repeatedly,à plusieurs reprises,wiederholt = repeatedly,wiederholt = à plusieurs reprises,,
80,,vorsorglich,,as a precaution,par précaution,vorsorglich = as a precaution,vorsorglich = par précaution,,
80,,höchstwahrscheinlich,,"most likely, most probably, in all likelihood",très probablement,"höchstwahrscheinlich = most likely, most probably, in all likelihood",höchstwahrscheinlich = très probablement,,
81,"Während der Konferenz klingelte sein Telefon _____, sodass er den Vortrag kaum verfolgen konnte.",unaufhörlich,"Während der Konferenz klingelte sein Telefon unaufhörlich, sodass er den Vortrag kaum verfolgen konnte.","During the conference, his phone rang unceasingly, so he could hardly follow the presentation.","Pendant la conférence, son téléphone a sonné sans arrêt, si bien qu'il pouvait à peine suivre la présentation.",unaufhörlich = incessantly,"unaufhörlich = sans arrêt, sans cess",,
81,"Seit dem Morgen regnet es _____, und die Flüsse treten langsam über die Ufer.",unaufhörlich,"Seit dem Morgen regnet es unaufhörlich, und die Flüsse treten langsam über die Ufer.","It has been raining continuously since this morning, and the rivers are slowly overflowing their banks.","Depuis ce matin, il pleut sans interruption, et les rivières commencent à déborder.",unaufhörlich = incessantly,"unaufhörlich = sans arrêt, sans cess",,
81,"Die Wissenschaft entwickelt sich _____ weiter, weshalb bestehende Theorien regelmäßig überprüft werden müssen.",unaufhörlich,"Die Wissenschaft entwickelt sich unaufhörlich weiter, weshalb bestehende Theorien regelmäßig überprüft werden müssen.","Science advances continuously, which is why existing theories must be reviewed regularly.","La science progresse sans cesse, c'est pourquoi les théories existantes doivent être régulièrement réexaminées.",unaufhörlich = incessantly,"unaufhörlich = sans arrêt, sans cess",,
81,"Digitale Technologien beeinflussen unser Leben inzwischen _____, oft ohne dass wir es bewusst wahrnehmen.",alltäglich,"Digitale Technologien beeinflussen unser Leben inzwischen alltäglich, oft ohne dass wir es bewusst wahrnehmen.","Digital technologies now influence our lives on a daily basis, often without us consciously noticing it.","Les technologies numériques influencent désormais notre vie au quotidien, souvent sans que nous en ayons conscience.",alltäglich = ordinarily,alltäglich = au quotidien,,
81,"Missverständnisse entstehen _____, wenn Menschen aus unterschiedlichen Kulturen miteinander kommunizieren.",alltäglich,"Missverständnisse entstehen alltäglich, wenn Menschen aus unterschiedlichen Kulturen miteinander kommunizieren.",Misunderstandings arise every day when people from different cultures communicate with one another.,Des malentendus surviennent au quotidien lorsque des personnes de cultures différentes communiquent entre elles.,alltäglich = ordinarily,alltäglich = au quotidien,,
81,In einer internationalen Firma wird Englisch _____ verwendet.,alltäglich,In einer internationalen Firma wird Englisch alltäglich verwendet.,"In an international company, English is used every day.","Dans une entreprise internationale, l'anglais est utilisé au quotidien.",alltäglich = ordinarily,alltäglich = au quotidien,,
81,Das Unternehmen wurde von der Wirtschaftskrise _____ getroffen und musste zahlreiche Stellen abbauen.,hart,Das Unternehmen wurde von der Wirtschaftskrise hart getroffen und musste zahlreiche Stellen abbauen.,The company was hard hit by the economic crisis and had to cut numerous jobs.,L'entreprise a été durement touchée par la crise économique et a dû supprimer de nombreux postes.,"hart = hard, harshly",hart = durement,,
81,"Der Trainer kritisierte die Mannschaft _____, weil sie ihre Chancen nicht genutzt hatte.",hart,"Der Trainer kritisierte die Mannschaft hart, weil sie ihre Chancen nicht genutzt hatte.",The coach criticized the team harshly because they had failed to take their chances.,"L'entraîneur a critiqué l'équipe sévèrement, car elle n'avait pas su profiter de ses occasions.","hart = hard, harshly",hart = durement,,
81,"Trotz der schwierigen Bedingungen arbeitete das Team _____, um den Termin einzuhalten.",hart,"Trotz der schwierigen Bedingungen arbeitete das Team hart, um den Termin einzuhalten.","Despite the difficult conditions, the team worked hard to meet the deadline.","Malgré les conditions difficiles, l'équipe a travaillé dur afin de respecter l'échéance.","hart = hard, harshly",hart = durement,,
81,Die beiden Universitäten unterstützen sich _____ bei gemeinsamen Forschungsprojekten.,gegenseitig,Die beiden Universitäten unterstützen sich gegenseitig bei gemeinsamen Forschungsprojekten.,The two universities support each other in joint research projects.,Les deux universités se soutiennent mutuellement dans leurs projets de recherche communs.,gegenseitig = mutually,gegenseitig = mutuellement,,
81,"Um Missverständnisse zu vermeiden, informierten sich die beteiligten Teams _____ über alle wichtigen Änderungen.",gegenseitig,"Um Missverständnisse zu vermeiden, informierten sich die beteiligten Teams gegenseitig über alle wichtigen Änderungen.","To avoid misunderstandings, the teams involved kept each other informed of all important changes.","Afin d'éviter les malentendus, les équipes concernées se sont informées mutuellement de tous les changements importants.",gegenseitig = mutually,gegenseitig = mutuellement,,
81,"Die Nachbarn helfen sich _____, wenn jemand im Urlaub oder krank ist.",gegenseitig,"Die Nachbarn helfen sich gegenseitig, wenn jemand im Urlaub oder krank ist.",The neighbours help each other whenever someone is on holiday or ill.,Les voisins s'entraident mutuellement lorsqu'une personne est en vacances ou malade.,gegenseitig = mutually,gegenseitig = mutuellement,,
81,"Die Buchhalterin prüfte alle Rechnungen _____, bevor sie freigegeben wurden.",gewissenhaft,"Die Buchhalterin prüfte alle Rechnungen gewissenhaft, bevor sie freigegeben wurden.",The accountant checked all the invoices conscientiously before they were approved.,La comptable a vérifié toutes les factures consciencieusement avant leur validation.,"gewissenhaft = conscientiously, diligently",gewissenhaft = consciencieusement,,
81,"Wer wissenschaftlich arbeitet, sollte seine Quellen _____ dokumentieren.",gewissenhaft,"Wer wissenschaftlich arbeitet, sollte seine Quellen gewissenhaft dokumentieren.",Anyone doing academic work should document their sources carefully and conscientiously.,Toute personne effectuant un travail scientifique devrait documenter ses sources consciencieusement.,"gewissenhaft = conscientiously, diligently",gewissenhaft = consciencieusement,,
81,Trotz des Zeitdrucks erledigte er seine Aufgaben _____ und machte kaum Fehler.,gewissenhaft,Trotz des Zeitdrucks erledigte er seine Aufgaben gewissenhaft und machte kaum Fehler.,"Despite the time pressure, he completed his tasks conscientiously and made hardly any mistakes.","Malgré la pression du temps, il a accompli ses tâches consciencieusement et n'a presque commis aucune erreur.","gewissenhaft = conscientiously, diligently",gewissenhaft = consciencieusement,,
81,Er nahm die Bemerkung _____ auf und sprach den ganzen Abend kein Wort mehr.,böse,Er nahm die Bemerkung böse auf und sprach den ganzen Abend kein Wort mehr.,He took the remark badly and did not say another word all evening.,Il a mal pris la remarque et n'a plus dit un mot de toute la soirée.,böse = unpleasantly,"böse = désagréablement, avec colère",,
81,"Sie war _____ überrascht, als sie von der plötzlichen Entscheidung erfuhr.",böse,"Sie war böse überrascht, als sie von der plötzlichen Entscheidung erfuhr.",She was unpleasantly surprised when she learned about the sudden decision.,Elle a été désagréablement surprise lorsqu'elle a appris cette décision soudaine.,böse = unpleasantly,"böse = désagréablement, avec colère",,
81,"Der Direktor reagierte _____, nachdem er von dem Vorfall erfahren hatte.",böse,"Der Direktor reagierte böse, nachdem er von dem Vorfall erfahren hatte.",The headmaster reacted angrily after learning about the incident.,Le directeur a réagi avec colère après avoir appris l'incident.,böse = unpleasantly,"böse = désagréablement, avec colère",,
81,"Der Professor sprach _____ genug, sodass ihn auch die Studierenden in der letzten Reihe verstehen konnten.",laut,"Der Professor sprach laut genug, sodass ihn auch die Studierenden in der letzten Reihe verstehen konnten.",The professor spoke loudly enough for even the students in the last row to understand him.,Le professeur parlait assez fort pour que même les étudiants du dernier rang puissent le comprendre.,laut = loudly,"laut = fort, avec un volume élevé",,
81,"Als der Feueralarm losging, rief jemand _____ nach dem Sicherheitsdienst.",laut,"Als der Feueralarm losging, rief jemand laut nach dem Sicherheitsdienst.","When the fire alarm went off, someone called loudly for the security staff.","Lorsque l'alarme incendie s'est déclenchée, quelqu'un a appelé fort le service de sécurité.",laut = loudly,"laut = fort, avec un volume élevé",,
81,"Obwohl alle anderen flüsterten, lachte er _____, sodass sich mehrere Personen nach ihm umdrehten.",laut,"Obwohl alle anderen flüsterten, lachte er laut, sodass sich mehrere Personen nach ihm umdrehten.","Although everyone else was whispering, he laughed loudly, causing several people to turn around.","Bien que tous les autres chuchotaient, il a ri fort, si bien que plusieurs personnes se sont retournées.",laut = loudly,"laut = fort, avec un volume élevé",,
81,Nach der erfolgreichen Präsentation blickte sie _____ auf das Ergebnis ihrer monatelangen Arbeit.,stolz,Nach der erfolgreichen Präsentation blickte sie stolz auf das Ergebnis ihrer monatelangen Arbeit.,"After the successful presentation, she looked proudly at the result of her months of work.","Après la réussite de la présentation, elle regarda avec fierté le résultat de plusieurs mois de travail.",stolz = proudly,"stolz = fièrement, avec fierté",,
81,Die Kinder zeigten ihren Eltern _____ ihre selbst gebauten Modelle.,stolz,Die Kinder zeigten ihren Eltern stolz ihre selbst gebauten Modelle.,The children proudly showed their parents the models they had built themselves.,Les enfants montrèrent fièrement à leurs parents les modèles qu'ils avaient construits eux-mêmes.,stolz = proudly,"stolz = fièrement, avec fierté",,
81,Er erzählte _____ von seinem ersten selbst entwickelten Programm.,stolz,Er erzählte stolz von seinem ersten selbst entwickelten Programm.,He proudly talked about the first program he had developed himself.,Il parla fièrement du premier programme qu'il avait développé lui-même.,stolz = proudly,"stolz = fièrement, avec fierté",,
81,Nach der Fusion musste das Unternehmen seine internen Abläufe _____ organisieren.,neu,Nach der Fusion musste das Unternehmen seine internen Abläufe neu organisieren.,"After the merger, the company had to reorganize its internal processes from scratch / anew.","Après la fusion, l'entreprise a dû réorganiser entièrement ses processus internes.","neu = newly, anew",neu = à nouveau,,
81,"Nachdem sich die Rahmenbedingungen geändert hatten, wurde der Vorschlag _____ bewertet.",neu,"Nachdem sich die Rahmenbedingungen geändert hatten, wurde der Vorschlag neu bewertet.","After the circumstances had changed, the proposal was evaluated anew.","Après le changement des conditions, la proposition a été réévaluée à nouveau.","neu = newly, anew",neu = à nouveau,,
81,Wegen der zusätzlichen Informationen mussten wir unsere ursprüngliche Einschätzung _____ überdenken.,neu,Wegen der zusätzlichen Informationen mussten wir unsere ursprüngliche Einschätzung neu überdenken.,"Because of the additional information, we had to reconsider our original assessment afresh.","En raison des informations supplémentaires, nous avons dû revoir entièrement notre évaluation initiale.","neu = newly, anew",neu = à nouveau,,
81,Die vorgeschlagene Lösung hat sich _____ bereits in mehreren Pilotprojekten bewährt.,praktisch,Die vorgeschlagene Lösung hat sich praktisch bereits in mehreren Pilotprojekten bewährt.,The proposed solution has practically already proven itself in several pilot projects.,La solution proposée a pratiquement déjà fait ses preuves dans plusieurs projets pilotes.,praktisch = practically,praktisch = pratiquement,,
81,"Neue Mitarbeitende lernen _____ am schnellsten, wenn sie erfahrene Kollegen begleiten.",praktisch,"Neue Mitarbeitende lernen praktisch am schnellsten, wenn sie erfahrene Kollegen begleiten.",New employees learn in practice the fastest by shadowing experienced colleagues.,Les nouveaux employés apprennent dans la pratique le plus rapidement en accompagnant des collègues expérimentés.,praktisch = practically,praktisch = pratiquement,,
81,"Die Theorie klingt überzeugend, lässt sich jedoch nicht ohne Weiteres _____ umsetzen.",praktisch,"Die Theorie klingt überzeugend, lässt sich jedoch nicht ohne Weiteres praktisch umsetzen.","The theory sounds convincing, but it cannot easily be implemented in practice.","La théorie semble convaincante, mais elle ne peut pas être mise en œuvre dans la pratique sans difficulté.",praktisch = practically,praktisch = pratiquement,,
81,"_____ könnte das Projekt schon nächste Woche beginnen, doch es fehlen noch einige Genehmigungen.",Theoretisch,"Theoretisch könnte das Projekt schon nächste Woche beginnen, doch es fehlen noch einige Genehmigungen.","Theoretically, the project could begin as early as next week, but some approvals are still missing.","Théoriquement, le projet pourrait commencer dès la semaine prochaine, mais il manque encore quelques autorisations.",theoretisch = theoretically,theoretisch = théoriquement,,
81,"Die Maschine ist _____ in der Lage, doppelt so viele Teile pro Stunde zu produzieren.",theoretisch,"Die Maschine ist theoretisch in der Lage, doppelt so viele Teile pro Stunde zu produzieren.","Theoretically, the machine is capable of producing twice as many parts per hour.","Théoriquement, la machine est capable de produire deux fois plus de pièces par heure.",theoretisch = theoretically,theoretisch = théoriquement,,
81,"_____ wäre eine Einigung möglich, sofern beide Seiten zu Kompromissen bereit wären.",Theoretisch,"Theoretisch wäre eine Einigung möglich, sofern beide Seiten zu Kompromissen bereit wären.","Theoretically, an agreement would be possible if both sides were willing to compromise.","Théoriquement, un accord serait possible si les deux parties étaient prêtes à faire des compromis.",theoretisch = theoretically,theoretisch = théoriquement,,
81,"Der Experte hat _____ darauf hingewiesen, dass die Sicherheitsvorschriften eingehalten werden müssen.",wiederholt,"Der Experte hat wiederholt darauf hingewiesen, dass die Sicherheitsvorschriften eingehalten werden müssen.",The expert has repeatedly pointed out that the safety regulations must be observed.,L'expert a à plusieurs reprises souligné que les règles de sécurité devaient être respectées.,wiederholt = repeatedly,wiederholt = à plusieurs reprises,,
81,Das Unternehmen wurde _____ für seine nachhaltige Unternehmensführung ausgezeichnet.,wiederholt,Das Unternehmen wurde wiederholt für seine nachhaltige Unternehmensführung ausgezeichnet.,The company has been repeatedly recognized for its sustainable management.,L'entreprise a été à plusieurs reprises récompensée pour sa gestion durable.,wiederholt = repeatedly,wiederholt = à plusieurs reprises,,
81,"Die Studie zeigt, dass sich dieses Muster _____ in unterschiedlichen Ländern beobachten lässt.",wiederholt,"Die Studie zeigt, dass sich dieses Muster wiederholt in unterschiedlichen Ländern beobachten lässt.",The study shows that this pattern can be observed repeatedly in different countries.,L'étude montre que ce phénomène peut être observé à plusieurs reprises dans différents pays.,wiederholt = repeatedly,wiederholt = à plusieurs reprises,,
81,Wegen der angekündigten Unwetter wurden die Veranstaltungen _____ abgesagt.,vorsorglich,Wegen der angekündigten Unwetter wurden die Veranstaltungen vorsorglich abgesagt.,"Because of the forecast storms, the events were cancelled as a precaution.","En raison des intempéries annoncées, les manifestations ont été annulées par précaution.",vorsorglich = as a precaution,vorsorglich = par précaution,,
81,"Der Arzt verschrieb ihm _____ ein Medikament, obwohl die Diagnose noch nicht feststand.",vorsorglich,"Der Arzt verschrieb ihm vorsorglich ein Medikament, obwohl die Diagnose noch nicht feststand.","The doctor prescribed him a medication as a precaution, even though the diagnosis had not yet been confirmed.","Le médecin lui a prescrit un médicament par précaution, bien que le diagnostic ne soit pas encore confirmé.",vorsorglich = as a precaution,vorsorglich = par précaution,,
81,"Die Feuerwehr sperrte die Straße _____, bis die Ursache des Gasgeruchs geklärt war.",vorsorglich,"Die Feuerwehr sperrte die Straße vorsorglich, bis die Ursache des Gasgeruchs geklärt war.",The fire brigade closed the road as a precaution until the cause of the smell of gas had been determined.,Les pompiers ont fermé la route par précaution jusqu'à ce que l'origine de l'odeur de gaz soit déterminée.,vorsorglich = as a precaution,vorsorglich = par précaution,,
81,Die Ergebnisse werden _____ erst Ende der Woche veröffentlicht.,höchstwahrscheinlich,Die Ergebnisse werden höchstwahrscheinlich erst Ende der Woche veröffentlicht.,The results will most probably be published only at the end of the week.,Les résultats seront très probablement publiés seulement à la fin de la semaine.,"höchstwahrscheinlich = most likely, most probably, in all likelihood",höchstwahrscheinlich = très probablement,,
81,"Wenn sich das Wetter nicht ändert, wird die Veranstaltung _____ im Freien stattfinden.",höchstwahrscheinlich,"Wenn sich das Wetter nicht ändert, wird die Veranstaltung höchstwahrscheinlich im Freien stattfinden.","If the weather does not change, the event will in all likelihood take place outdoors.","Si le temps ne change pas, la manifestation aura très probablement lieu en plein air.","höchstwahrscheinlich = most likely, most probably, in all likelihood",höchstwahrscheinlich = très probablement,,
81,Aufgrund der bisherigen Daten ist die Hypothese _____ zutreffend.,höchstwahrscheinlich,Aufgrund der bisherigen Daten ist die Hypothese höchstwahrscheinlich zutreffend.,"Based on the data available so far, the hypothesis is most likely correct.","Au vu des données disponibles jusqu'à présent, l'hypothèse est très probablement correcte.","höchstwahrscheinlich = most likely, most probably, in all likelihood",höchstwahrscheinlich = très probablement,,
82,,aufs Beste,,in the best possible way,de la meilleure façon possible,aufs beste = in the best possible way,aufs beste = de la meilleure façon possible,,
82,,aufs Leichteste,,in the easiest way,de la manière la plus simple,aufs leichteste = in the easiest way,aufs leichteste = de la manière la plus simple,,
82,,aufs Einfachste,,in the simplest way,"de la manière la plus facile, avec la plus grand facilité",aufs einfachste = in the simplest way,"aufs einfachste = de la manière la plus facile, avec la plus grand facilité",,
82,,aufs Genaueste,,"in the greatest detail, in the most accurate way","de la manière la plus exacte, avec la plus grande précision","aufs genaueste = in the greatest detail, in the most accurate way","aufs genaueste = de la manière la plus exacte, avec la plus grande précision",,
82,,aufs Sorgfältigste,,"most carefully, in the most careful way","de la manière la plus minutieuse, avec le plus grand soin","aufs sorgfältigste = most carefully, in the most careful way","aufs sorgfältigste = de la manière la plus minutieuse, avec le plus grand soin",,
82,,aufs Schnellste,,"as quickly as possible, in the fastest way","de la manière la plus rapide, le plus rapidement possible","aufs schnellste = as quickly as possible, in the fastest way","aufs schnellste = de la manière la plus rapide, le plus rapidement possible",,
82,,aufs Kürzeste,,"as briefly as possible, in the shortest way","de la manière la plus concise, aussi brièvement que possible","aufs kürzeste = as briefly as possible, in the shortest way","aufs kürzeste = de la manière la plus concise, aussi brièvement que possible",,
82,,aufs Klarste,,in the clearest terms,de la manière la plus claire,aufs klarste = in the clearest terms,aufs klarste = de la manière la plus claire,,
82,,aufs Deutlichste,,in the strongest terms,"de la manière la plus évidente, avec la plus grande fermeté",aufs deutlichste = in the strongest terms,"aufs deutlichste = de la manière la plus évidente, avec la plus grande fermeté",,
82,,aufs Präziseste,,"most precisely, in the most precise way","de la manière la plus précise, avec la plus grande précision","aufs präziseste = most precisely, in the most precise way","aufs präziseste = de la manière la plus précise, avec la plus grande précision",,
82,,aufs Herzlichste,,"most sincerely, in the warmest way","de la manière la plus chaleureuse, avec la plus grande cordialité","aufs herzlichste = most sincerely, in the warmest way","aufs herzlichste = de la manière la plus chaleureuse, avec la plus grande cordialité",,
82,,aufs Dringendste,,"most urgently, in the most urgent way","de la manière la plus urgente, avec la plus grande insistance","aufs dringendste = most urgently, in the most urgent way","aufs dringendste = de la manière la plus urgente, avec la plus grande insistance",,
82,,aufs Nachdrücklichste,,"in the most emphatic way, in the strongest possible terms","de la manière la plus insistante, avec la plus grande fermeté, avec la plus grande insistance","aufs nachdrücklichste = in the most emphatic way, in the strongest possible terms","aufs nachdrücklichste = de la manière la plus insistante, avec la plus grande fermeté, avec la plus grande insistance",,
83,Das Team bereitete sich _____ auf die Verhandlungen vor und prüfte jedes mögliche Szenario.,aufs Beste,Das Team bereitete sich aufs Beste auf die Verhandlungen vor und prüfte jedes mögliche Szenario.,The team prepared for the negotiations in the best possible way and examined every possible scenario.,L'équipe s'est préparée au mieux aux négociations et a examiné tous les scénarios possibles.,aufs beste = in the best possible way,aufs beste = de la meilleure façon possible,,
83,Die neuen Mitarbeitenden wurden _____ auf ihre Aufgaben vorbereitet.,aufs Beste,Die neuen Mitarbeitenden wurden aufs Beste auf ihre Aufgaben vorbereitet.,The new employees were prepared for their duties in the best possible way.,Les nouveaux employés ont été préparés au mieux à leurs nouvelles fonctions.,aufs beste = in the best possible way,aufs beste = de la meilleure façon possible,,
83,"Der Arzt versicherte dem Patienten, dass er _____ behandelt werde.",aufs Beste,"Der Arzt versicherte dem Patienten, dass er aufs Beste behandelt werde.",The doctor assured the patient that he would receive the best possible treatment.,Le médecin a assuré au patient qu'il recevrait les meilleurs soins possibles.,aufs beste = in the best possible way,aufs beste = de la meilleure façon possible,,
83,Mit der Suchfunktion lassen sich die benötigten Informationen _____ finden.,aufs Leichteste,Mit der Suchfunktion lassen sich die benötigten Informationen aufs Leichteste finden.,"With the search function, the required information can be found with the greatest ease.","Grâce à la fonction de recherche, les informations nécessaires se trouvent très facilement.",aufs leichteste = in the easiest way,aufs leichteste = de la manière la plus simple,,
83,Dank ihrer langjährigen Erfahrung konnte sie das Problem _____ lösen.,aufs Leichteste,Dank ihrer langjährigen Erfahrung konnte sie das Problem aufs Leichteste lösen.,"Thanks to her many years of experience, she was able to solve the problem with the greatest ease.","Grâce à sa longue expérience, elle a pu résoudre le problème avec la plus grande facilité.",aufs leichteste = in the easiest way,aufs leichteste = de la manière la plus simple,,
83,"Wer die Grundlagen beherrscht, kann diese Aufgabe _____ bewältigen.",aufs Leichteste,"Wer die Grundlagen beherrscht, kann diese Aufgabe aufs Leichteste bewältigen.",Anyone who has mastered the basics can complete this task with the greatest ease.,Quiconque maîtrise les bases peut accomplir cette tâche très facilement.,aufs leichteste = in the easiest way,aufs leichteste = de la manière la plus simple,,
83,"Der Professor erklärte den komplizierten Zusammenhang _____, sodass ihn auch Anfänger verstehen konnten.",aufs Einfachste,"Der Professor erklärte den komplizierten Zusammenhang aufs Einfachste, sodass ihn auch Anfänger verstehen konnten.",The professor explained the complex relationship in the simplest possible way so that even beginners could understand it.,"Le professeur a expliqué cette relation complexe de la manière la plus simple possible, si bien que même des débutants pouvaient la comprendre.",aufs einfachste = in the simplest way,"aufs einfachste = de la manière la plus facile, avec la plus grand facilité",,
83,"Die Anleitung beschreibt _____, wie das Gerät eingerichtet wird.",aufs Einfachste,"Die Anleitung beschreibt aufs Einfachste, wie das Gerät eingerichtet wird.",The manual explains in the simplest possible way how the device is set up.,Le manuel explique de la manière la plus simple possible comment configurer l'appareil.,aufs einfachste = in the simplest way,"aufs einfachste = de la manière la plus facile, avec la plus grand facilité",,
83,"Der Bericht fasst die wichtigsten Ergebnisse _____ zusammen, ohne wesentliche Informationen wegzulassen.",aufs Einfachste,"Der Bericht fasst die wichtigsten Ergebnisse aufs Einfachste zusammen, ohne wesentliche Informationen wegzulassen.",The report summarizes the key findings in the simplest possible way without omitting essential information.,"Le rapport résume les principaux résultats de la manière la plus simple possible, sans omettre d'informations essentielles.",aufs einfachste = in the simplest way,"aufs einfachste = de la manière la plus facile, avec la plus grand facilité",,
83,Vor der Veröffentlichung wurden alle Zahlen _____ überprüft.,aufs Genaueste,Vor der Veröffentlichung wurden alle Zahlen aufs Genaueste überprüft.,"Before publication, all the figures were checked in the greatest detail.","Avant la publication, tous les chiffres ont été vérifiés avec la plus grande précision.","aufs genaueste = in the greatest detail, in the most accurate way","aufs genaueste = de la manière la plus exacte, avec la plus grande précision",,
83,"Der Gutachter untersuchte den Schaden _____, bevor er seinen Bericht verfasste.",aufs Genaueste,"Der Gutachter untersuchte den Schaden aufs Genaueste, bevor er seinen Bericht verfasste.",The expert examined the damage in the greatest detail before writing his report.,L'expert a examiné les dégâts avec la plus grande précision avant de rédiger son rapport.,"aufs genaueste = in the greatest detail, in the most accurate way","aufs genaueste = de la manière la plus exacte, avec la plus grande précision",,
83,"Die Polizei rekonstruierte den Unfallhergang _____, um die Ursache zu ermitteln.",aufs Genaueste,"Die Polizei rekonstruierte den Unfallhergang aufs Genaueste, um die Ursache zu ermitteln.",The police reconstructed the sequence of the accident in the greatest detail to determine its cause.,La police a reconstitué le déroulement de l'accident avec la plus grande précision afin d'en déterminer la cause.,"aufs genaueste = in the greatest detail, in the most accurate way","aufs genaueste = de la manière la plus exacte, avec la plus grande précision",,
83,"Alle Bewerbungsunterlagen wurden _____ geprüft, bevor eine Entscheidung getroffen wurde.",aufs Sorgfältigste,"Alle Bewerbungsunterlagen wurden aufs Sorgfältigste geprüft, bevor eine Entscheidung getroffen wurde.",All the application documents were examined with the greatest care before a decision was made.,Tous les dossiers de candidature ont été examinés avec le plus grand soin avant qu'une décision ne soit prise.,"aufs sorgfältigste = most carefully, in the most careful way","aufs sorgfältigste = de la manière la plus minutieuse, avec le plus grand soin",,
83,"Die Restauratoren reinigten das Gemälde _____, um keine Schäden zu verursachen.",aufs Sorgfältigste,"Die Restauratoren reinigten das Gemälde aufs Sorgfältigste, um keine Schäden zu verursachen.",The restorers cleaned the painting with the greatest care to avoid causing any damage.,Les restaurateurs ont nettoyé le tableau avec le plus grand soin afin de ne provoquer aucun dommage.,"aufs sorgfältigste = most carefully, in the most careful way","aufs sorgfältigste = de la manière la plus minutieuse, avec le plus grand soin",,
83,Vor der Operation wurde der Patient _____ untersucht.,aufs Sorgfältigste,Vor der Operation wurde der Patient aufs Sorgfältigste untersucht.,"Before the operation, the patient was examined with the greatest care.","Avant l'opération, le patient a été examiné avec le plus grand soin.","aufs sorgfältigste = most carefully, in the most careful way","aufs sorgfältigste = de la manière la plus minutieuse, avec le plus grand soin",,
83,"Nach dem Stromausfall wurde das Problem _____ behoben, sodass der Betrieb bald wieder aufgenommen werden konnte.",aufs Schnellste,"Nach dem Stromausfall wurde das Problem aufs Schnellste behoben, sodass der Betrieb bald wieder aufgenommen werden konnte.","After the power outage, the problem was resolved as quickly as possible, allowing operations to resume shortly afterwards.","Après la panne de courant, le problème a été résolu le plus rapidement possible, ce qui a permis de reprendre rapidement les activités.","aufs schnellste = as quickly as possible, in the fastest way","aufs schnellste = de la manière la plus rapide, le plus rapidement possible",,
83,"Bitte informieren Sie uns _____, falls sich Ihre Pläne ändern sollten.",aufs Schnellste,"Bitte informieren Sie uns aufs Schnellste, falls sich Ihre Pläne ändern sollten.",Please inform us as quickly as possible if your plans should change.,Veuillez nous informer le plus rapidement possible si vos projets venaient à changer.,"aufs schnellste = as quickly as possible, in the fastest way","aufs schnellste = de la manière la plus rapide, le plus rapidement possible",,
83,Die Hilfsgüter mussten _____ in das Katastrophengebiet gebracht werden.,aufs Schnellste,Die Hilfsgüter mussten aufs Schnellste in das Katastrophengebiet gebracht werden.,The relief supplies had to be transported to the disaster area as quickly as possible.,Les secours devaient être acheminés vers la zone sinistrée le plus rapidement possible.,"aufs schnellste = as quickly as possible, in the fastest way","aufs schnellste = de la manière la plus rapide, le plus rapidement possible",,
83,"Der Vorsitzende fasste die wichtigsten Ergebnisse _____ zusammen, bevor die Sitzung beendet wurde.",aufs Kürzeste,"Der Vorsitzende fasste die wichtigsten Ergebnisse aufs Kürzeste zusammen, bevor die Sitzung beendet wurde.",The chairperson summarized the key findings as briefly as possible before the meeting ended.,Le président a résumé les principaux résultats aussi brièvement que possible avant la fin de la réunion.,"aufs kürzeste = as briefly as possible, in the shortest way","aufs kürzeste = de la manière la plus concise, aussi brièvement que possible",,
83,"Bitte erklären Sie den Sachverhalt _____, damit wir genügend Zeit für die Diskussion haben.",aufs Kürzeste,"Bitte erklären Sie den Sachverhalt aufs Kürzeste, damit wir genügend Zeit für die Diskussion haben.",Please explain the matter as briefly as possible so that we have enough time for the discussion.,Veuillez expliquer la situation aussi brièvement que possible afin que nous ayons suffisamment de temps pour la discussion.,"aufs kürzeste = as briefly as possible, in the shortest way","aufs kürzeste = de la manière la plus concise, aussi brièvement que possible",,
83,"Der Bericht wurde _____ gekürzt, ohne die wesentlichen Informationen zu verlieren.",aufs Kürzeste,"Der Bericht wurde aufs Kürzeste gekürzt, ohne die wesentlichen Informationen zu verlieren.",The report was shortened as much as possible without losing the essential information.,Le rapport a été raccourci autant que possible sans perdre les informations essentielles.,"aufs kürzeste = as briefly as possible, in the shortest way","aufs kürzeste = de la manière la plus concise, aussi brièvement que possible",,
83,"Die Vertragsbedingungen wurden _____ erläutert, sodass keine Missverständnisse entstehen konnten.",aufs Klarste,"Die Vertragsbedingungen wurden aufs Klarste erläutert, sodass keine Missverständnisse entstehen konnten.","The contract terms were explained in the clearest possible way, leaving no room for misunderstandings.","Les conditions du contrat ont été expliquées de la manière la plus claire possible, de sorte qu'aucun malentendu ne pouvait survenir.",aufs klarste = in the clearest terms,aufs klarste = de la manière la plus claire,,
83,"Der Professor machte _____ deutlich, dass Plagiate nicht akzeptiert würden.",aufs Klarste,"Der Professor machte aufs Klarste deutlich, dass Plagiate nicht akzeptiert würden.",The professor made it perfectly clear that plagiarism would not be tolerated.,Le professeur a indiqué de la manière la plus claire possible que le plagiat ne serait pas toléré.,aufs klarste = in the clearest terms,aufs klarste = de la manière la plus claire,,
83,"Die Anleitung beschreibt _____, welche Schritte vor der Installation notwendig sind.",aufs Klarste,"Die Anleitung beschreibt aufs Klarste, welche Schritte vor der Installation notwendig sind.",The manual explains in the clearest possible way which steps are necessary before installation.,Le manuel explique de la manière la plus claire possible quelles étapes sont nécessaires avant l'installation.,aufs klarste = in the clearest terms,aufs klarste = de la manière la plus claire,,
83,"Der Vorstand wies _____ darauf hin, dass die Sicherheitsvorschriften unbedingt einzuhalten seien.",aufs Deutlichste,"Der Vorstand wies aufs Deutlichste darauf hin, dass die Sicherheitsvorschriften unbedingt einzuhalten seien.",The board emphasized in the strongest possible terms that the safety regulations had to be followed.,Le conseil d'administration a souligné avec la plus grande fermeté que les règles de sécurité devaient impérativement être respectées.,aufs deutlichste = in the strongest terms,"aufs deutlichste = de la manière la plus évidente, avec la plus grande fermeté",,
83,"Die jüngsten Ereignisse haben _____ gezeigt, wie wichtig eine gute Vorbereitung ist.",aufs Deutlichste,"Die jüngsten Ereignisse haben aufs Deutlichste gezeigt, wie wichtig eine gute Vorbereitung ist.",The recent events have shown in the clearest possible way how important good preparation is.,Les événements récents ont montré de la manière la plus évidente l'importance d'une bonne préparation.,aufs deutlichste = in the strongest terms,"aufs deutlichste = de la manière la plus évidente, avec la plus grande fermeté",,
83,"Der Bericht macht _____ sichtbar, welche Folgen die Entscheidung für das Unternehmen haben wird.",aufs Deutlichste,"Der Bericht macht aufs Deutlichste sichtbar, welche Folgen die Entscheidung für das Unternehmen haben wird.",The report shows in the clearest possible way what consequences the decision will have for the company.,Le rapport montre de la manière la plus évidente quelles conséquences cette décision aura pour l'entreprise.,aufs deutlichste = in the strongest terms,"aufs deutlichste = de la manière la plus évidente, avec la plus grande fermeté",,
83,"Der Sachverständige beschrieb den Unfallhergang _____, damit keine Zweifel offenblieben.",aufs Präziseste,"Der Sachverständige beschrieb den Unfallhergang aufs Präziseste, damit keine Zweifel offenblieben.",The expert described the course of the accident as precisely as possible so that no doubts remained.,L'expert a décrit le déroulement de l'accident avec la plus grande précision afin qu'il ne subsiste aucun doute.,"aufs präziseste = most precisely, in the most precise way","aufs präziseste = de la manière la plus précise, avec la plus grande précision",,
83,"Die Messgeräte wurden _____ kalibriert, bevor die Versuche begannen.",aufs Präziseste,"Die Messgeräte wurden aufs Präziseste kalibriert, bevor die Versuche begannen.",The measuring instruments were calibrated as precisely as possible before the experiments began.,Les instruments de mesure ont été calibrés avec la plus grande précision avant le début des expériences.,"aufs präziseste = most precisely, in the most precise way","aufs präziseste = de la manière la plus précise, avec la plus grande précision",,
83,"Der Vertrag legt _____ fest, welche Pflichten jede Partei übernimmt.",aufs Präziseste,"Der Vertrag legt aufs Präziseste fest, welche Pflichten jede Partei übernimmt.",The contract specifies as precisely as possible which obligations each party assumes.,Le contrat précise avec la plus grande exactitude les obligations assumées par chaque partie.,"aufs präziseste = most precisely, in the most precise way","aufs präziseste = de la manière la plus précise, avec la plus grande précision",,
83,Ich möchte mich _____ für Ihre Unterstützung bedanken.,aufs Herzlichste,Ich möchte mich aufs Herzlichste für Ihre Unterstützung bedanken.,I would like to thank you most sincerely for your support.,Je tiens à vous remercier très sincèrement pour votre soutien.,"aufs herzlichste = most sincerely, in the warmest way","aufs herzlichste = de la manière la plus chaleureuse, avec la plus grande cordialité",,
83,Wir gratulieren Ihnen _____ zu Ihrer Beförderung.,aufs Herzlichste,Wir gratulieren Ihnen aufs Herzlichste zu Ihrer Beförderung.,We warmly congratulate you on your promotion.,Nous vous adressons nos plus sincères félicitations pour votre promotion.,"aufs herzlichste = most sincerely, in the warmest way","aufs herzlichste = de la manière la plus chaleureuse, avec la plus grande cordialité",,
83,Die Gastgeber begrüßten ihre Gäste _____ und sorgten sofort für eine angenehme Atmosphäre.,aufs Herzlichste,Die Gastgeber begrüßten ihre Gäste aufs Herzlichste und sorgten sofort für eine angenehme Atmosphäre.,The hosts welcomed their guests most warmly and immediately created a pleasant atmosphere.,Les hôtes accueillirent leurs invités avec la plus grande cordialité et instaurèrent immédiatement une atmosphère agréable.,"aufs herzlichste = most sincerely, in the warmest way","aufs herzlichste = de la manière la plus chaleureuse, avec la plus grande cordialité",,
83,"Die Behörden empfehlen _____, die Evakuierungsanweisungen zu befolgen.",aufs Dringendste,"Die Behörden empfehlen aufs Dringendste, die Evakuierungsanweisungen zu befolgen.",The authorities urge people in the strongest possible terms to follow the evacuation instructions.,Les autorités recommandent avec la plus grande insistance de suivre les consignes d'évacuation.,"aufs dringendste = most urgently, in the most urgent way","aufs dringendste = de la manière la plus urgente, avec la plus grande insistance",,
83,"Der Arzt riet seinem Patienten _____, mit dem Rauchen aufzuhören.",aufs Dringendste,"Der Arzt riet seinem Patienten aufs Dringendste, mit dem Rauchen aufzuhören.",The doctor urged his patient in the strongest possible terms to stop smoking.,Le médecin a vivement exhorté son patient à arrêter de fumer.,"aufs dringendste = most urgently, in the most urgent way","aufs dringendste = de la manière la plus urgente, avec la plus grande insistance",,
83,"Wir bitten Sie _____, alle erforderlichen Unterlagen bis Freitag einzureichen.",aufs Dringendste,"Wir bitten Sie aufs Dringendste, alle erforderlichen Unterlagen bis Freitag einzureichen.",We urgently request that you submit all the required documents by Friday.,Nous vous prions instamment de remettre tous les documents nécessaires d'ici vendredi.,"aufs dringendste = most urgently, in the most urgent way","aufs dringendste = de la manière la plus urgente, avec la plus grande insistance",,
83,Der Minister verurteilte den Angriff _____.,aufs Nachdrücklichste,Der Minister verurteilte den Angriff aufs Nachdrücklichste.,The minister condemned the attack in the strongest possible terms.,Le ministre a condamné l'attaque avec la plus grande fermeté.,"aufs nachdrücklichste = in the most emphatic way, in the strongest possible terms","aufs nachdrücklichste = de la manière la plus insistante, avec la plus grande fermeté, avec la plus grande insistance",,
83,"Die Gewerkschaft fordert _____, die Arbeitsbedingungen zu verbessern.",aufs Nachdrücklichste,"Die Gewerkschaft fordert aufs Nachdrücklichste, die Arbeitsbedingungen zu verbessern.",The union calls in the strongest possible terms for working conditions to be improved.,Le syndicat demande avec la plus grande insistance une amélioration des conditions de travail.,"aufs nachdrücklichste = in the most emphatic way, in the strongest possible terms","aufs nachdrücklichste = de la manière la plus insistante, avec la plus grande fermeté, avec la plus grande insistance",,
83,"Der Vorsitzende wies _____ darauf hin, dass Verstöße gegen die Sicherheitsregeln nicht geduldet würden.",aufs Nachdrücklichste,"Der Vorsitzende wies aufs Nachdrücklichste darauf hin, dass Verstöße gegen die Sicherheitsregeln nicht geduldet würden.",The chairperson emphasized in the strongest possible terms that violations of the safety rules would not be tolerated.,Le président a souligné avec la plus grande fermeté que les infractions aux règles de sécurité ne seraient pas tolérées.,"aufs nachdrücklichste = in the most emphatic way, in the strongest possible terms","aufs nachdrücklichste = de la manière la plus insistante, avec la plus grande fermeté, avec la plus grande insistance",,
84,wie nie zuvor,wie noch nie,"Die Gesellschaft ist heute wie nie zuvor mit globalen Herausforderungen konfrontiert, die nationale Lösungen längst übersteigen.",like never before,comme jamais auparavant,wie noch nie = like never before,wie noch nie = comme jamais auparavant,,
84,halbwegs,einigermaßen,"Obwohl die Bedingungen alles andere als ideal waren, gelang es dem Team, die Situation halbwegs unter Kontrolle zu halten.","somewhat, more or less, fairly","un peu, plus ou moins","einigermaßen = somewhat, more or less, fairly","einigermaßen = un peu, plus ou moins",,
84,seinerzeit,damals,"Seinerzeit galt die Reform als mutiges Experiment, dessen langfristige Folgen man kaum abschätzen konnte.","at that time, back then","à cette époque-là, à l'époque","damals = at that time, back then","damals = à cette époque-là, à l'époque",,
84,verhältnismäßig,vergleichsweise,"Die Maßnahmen erwiesen sich als verhältnismäßig mild, wenn man die Schwere der wirtschaftlichen Krise und die potenziellen sozialen Folgen berücksichtigt.","relatively, comparatively",relativement,"vergleichsweise = relatively, comparatively",vergleichsweise = relativement,,
84,augenblicklich,sofort,"Die Verhandlungen wurden augenblicklich unterbrochen, als neue Informationen über den Vorfall bekannt wurden.","immediately, right away","immédiatement, tout de suite","sofort = immediately, right away","sofort = immédiatement, tout de suite",,
84,schrittweise,nach und nach,"Die Organisation stellte ihre Prozesse schrittweise um, um Risiken zu minimieren und gleichzeitig die Akzeptanz bei den Mitarbeitern zu sichern.","bit by bit, little by little, gradually","petit à petit, peu à peu","nach und nach = bit by bit, little by little, gradually","nach und nach = petit à petit, peu à peu",,
84,allmählich,nach und nach,"Allmählich wurde deutlich, dass die anfängliche Skepsis unbegründet war und die Reform tatsächlich nachhaltige Verbesserungen brachte.","bit by bit, little by little, gradually","petit à petit, peu à peu","nach und nach = bit by bit, little by little, gradually","nach und nach = petit à petit, peu à peu",,
84,widerwillig,ungern,"Er stimmte dem Vorschlag widerwillig zu, obwohl er die langfristigen Folgen für problematisch hielt.","reluctantly, unwillingly",à contrecœur,"ungern = reluctantly, unwillingly",ungern = à contrecœur,,
84,von Anfang an,von vornherein,"Von Anfang an war klar, dass das Projekt nur dann erfolgreich sein würde, wenn technische Innovation mit organisatorischem Wandel einherging.",from the outset,depuis le début,von vornherein = from the outset,von vornherein = depuis le début,,
84,vorläufig,vorübergehend,"Die Ergebnisse wurden vorläufig akzeptiert, bis eine umfassendere Analyse verlässlichere Schlussfolgerungen ermöglichen würde.",temporarily,temporairement,vorübergehend = temporarily,vorübergehend = temporairement,,
84,derart,so,"Er reagierte derart heftig, dass eine sachliche Diskussion kaum noch möglich war.",so,"si, tellement",so = so,"so = si, tellement",,
84,dermaßen,so,"Die Reform hatte dermaßen weitreichende Folgen, dass selbst Experten sie zunächst unterschätzten.",so,"si, tellement",so = so,"so = si, tellement",,
84,vergebens,vergeblich,"Er versuchte vergebens, die Entscheidung rückgängig zu machen.","for nothing, in vain",en vain,"vergeblich = for nothing, in vain",vergeblich = en vain,,
84,voraus,im Voraus,"Die Teilnehmer wurden voraus über mögliche Änderungen informiert, um Missverständnisse zu vermeiden.","ahead of time, in advance","à l'avance, en avance","im voraus = ahead of time, in advance","im voraus = à l'avance, en avance",,
84,voran,vorwärts,The hiker walked slowly as the fog enveloped the path more and more densely.,"forward, onward","en avant, vers l'avant","vorwärts = forward, onward","vorwärts = en avant, vers l'avant",,
84,hinreichend,ausreichend,"Die Beweise waren hinreichend überzeugend, um die Zweifel der Experten auszuräumen.",sufficiently,suffisamment,ausreichend = sufficiently,ausreichend = suffisamment,,
84,genügend,ausreichend,"Die Informationen wurden genügend klar präsentiert, um eine fundierte Entscheidung zu ermöglichen.",sufficiently,suffisamment,ausreichend = sufficiently,ausreichend = suffisamment,,
84,schätzungsweise,circa,"Das Unternehmen hat im vergangenen Jahr schätzungsweise mehrere Millionen in die digitale Infrastruktur investiert, ohne jedoch eine entsprechende Steigerung der Produktivität zu erzielen.","approximately, about","environ, approximativement","circa = approximately, about","circa = environ, approximativement",,
84,sorgsam,vorsichtig,"Die Ergebnisse wurden sorgsam geprüft, bevor sie veröffentlicht wurden.",dilligently,"prudemment, avec soin, avec précaution",vorsichtig = carefully,"vorsichtig = prudemment, avec soin, avec précaution",,
85,,frühestens,spätestens,spätestens = at the latest,spätestens = au plus tard,frühestens = au plus tôt,frühestens = au plus tôt,,
85,,spätestens,frühestens,frühestens = at the earliest,frühestens = au plus tôt,spätestens = au plus tard,spätestens = au plus tard,,
85,,objektiv,subjektiv,subjektiv = subjectively,subjektiv = subjectivement,objektiv = objectivement,objektiv = objectivement,,
85,,subjektiv,objektiv,objektiv = objectively,objektiv = objectivement,subjektiv = subjectivement,subjektiv = subjectivement,,
85,,rückwärts,vorwärts,"vorwärts = forward, onward","vorwärts = en avant, vers l'avant","rückwärts = backward, retrospectively","rückwärts = en arrière, retrospectivement",,
85,,vorwärts,rückwärts,"rückwärts = backward, retrospectively","rückwärts = en arrière, retrospectivement","vorwärts = forward, onward","vorwärts = en avant, vers l'avant",,
85,,aufwärts,abwärts,abwärts = downwards,abwärts = vers le bas,aufwärts = upwards,aufwärts = vers le haut,,
85,,abwärts,aufwärts,aufwärts = upwards,aufwärts = vers le haut,abwärts = downwards,abwärts = vers le bas,,
85,,auswärts,einwärts,einwärts = inwards,einwärts = vers l'intérieur,"auswärts = outwards, away","auswärts = vers l'extérieur, loin",,
85,,einwärts,auswärts,"auswärts = outwards, away","auswärts = vers l'extérieur, loin",einwärts = inwards,einwärts = vers l'intérieur,,
85,,dahin,hierhin,"hierhin = to here, indicating a specific location","hierhin = jusqu'ici, indiquant un emplacement spécifique","dahin = to there, indicating movement toward a specific place","dahin = là, indiquant un mouvement vers un endroit précis",,
85,,daher,hierher,"hierher = toward here, toward the speaker","hierher = vers ici, vers l'orateur","daher = from there, indicating movement away from a specific place","daher = à partir de là, indiquant un mouvement loin d'un endroit spécifique",,
85,,hierhin,dahin,"dahin = to there, indicating movement toward a specific place","dahin = là, indiquant un mouvement vers un endroit précis","hierhin = to here, indicating a specific location","hierhin = jusqu'ici, indiquant un emplacement spécifique",,
85,,hierher,daher,"daher = from there, indicating movement away from a specific place","daher = à partir de là, indiquant un mouvement loin d'un endroit spécifique","hierher = toward here, toward the speaker","hierher = vers ici, vers l'orateur",,
85,,heraus,herein,"herein = inside, toward the speaker","herein = à l'intérieur, vers l'orateur","heraus = out, toward the speaker","heraus = vers l'extérieur, vers l'orateur",,
85,,herein,heraus,"heraus = out, toward the speaker","heraus = vers l'extérieur, vers l'orateur","herein = inside, toward the speaker","herein = à l'intérieur, vers l'orateur",,
85,,herunter,herauf,"herauf = up, toward the speaker","herauf = vers le haut, vers l'orateur","herunter = down, toward the speaker","herunter = vers le bas, vers l'orateur",,
85,,herauf,herunter,"herunter = down, toward the speaker","herunter = vers le bas, vers l'orateur","herauf = up, toward the speaker","herauf = vers le haut, vers l'orateur",,
85,,hinaus,hinein,"hinein = into, away from the speaker","hinein = dans, loin de l'orateur","hinaus = out, away from the speaker","hinaus = dehors, loin de l'orateur",,
85,,hinein,hinaus,"hinaus = out, away from the speaker","hinaus = dehors, loin de l'orateur","hinein = into, away from the speaker","hinein = dans, loin de l'orateur",,
85,,hinunter,hinauf,"hinauf = up, away from the speaker","hinauf = en haut, loin de l'orateur","hinunter = down, away from the speaker","hinunter = vers le bas, loin de l'orateur",,
85,,hinauf,hinunter,"hinunter = down, away from the speaker","hinunter = vers le bas, loin de l'orateur","hinauf = up, away from the speaker","hinauf = en haut, loin de l'orateur",,
1050,,schlechthin,,par excellence,,schlechthin = par excellence,schlechthin = ,,
1050,,lange nicht/noch lange nicht/längst nicht/noch längst nicht,,not nearly,,lange nicht/noch lange nicht/längst nicht/noch längst nicht = not nearly,lange nicht/noch lange nicht/längst nicht/noch längst nicht = ,,
2000,,schon lange,,for a long time,,schon lange = for a long time,schon lange = ,,
2000,,kurz vor knapp,,just before,,,,,
2000,,s.o.,,see above,,,,,
2000,,siehe oben,,see above,,,,,
2000,,hin oder her,,either way,,,,,
2000,,so oder so,,either way,,,,,
2000,,mehr oder weniger,,more or less,plus ou moins,,,,
2000,,auf Raten,,,,,,,
2000,,irgend,,at all,,,,,
3000,,nichts als,,nothing but,rien d'autre que,nichts als = nothing but,nichts als = rien d'autre que,,
3000,,alles außer,,"anything but, anything except",tout sauf,"alles außer = anything but, anything except",alles außer = tout sauf,,
3000,"Seine Rede war _____ ein Versuch, von den eigentlichen Problemen abzulenken.",nichts als,"Seine Rede war nichts als ein Versuch, von den eigentlichen Problemen abzulenken.",His speech was nothing but an attempt to distract from the real problems.,Son discours n’était rien d’autre qu’une tentative de détourner l’attention des vrais problèmes.,nichts als = nothing but,nichts als = rien d'autre que,,
3000,Die Reform erwies sich als _____ eine kosmetische Maßnahme ohne nachhaltige Wirkung.,nichts als,Die Reform erwies sich als nichts als eine kosmetische Maßnahme ohne nachhaltige Wirkung.,The reform turned out to be nothing but a cosmetic measure without lasting impact.,La réforme s’est révélée n’être rien d’autre qu’une mesure cosmétique sans effet durable.,nichts als = nothing but,nichts als = rien d'autre que,,
3000,Ihre Zusagen waren _____ leere Versprechungen.,nichts als,Ihre Zusagen waren nichts als leere Versprechungen.,Her promises were nothing but empty promises.,Ses promesses n’étaient rien d’autre que des promesses creuses.,nichts als = nothing but,nichts als = rien d'autre que,,
3000,Der angebliche Durchbruch war _____ ein statistischer Zufall.,nichts als,Der angebliche Durchbruch war nichts als ein statistischer Zufall.,The alleged breakthrough was nothing but a statistical coincidence.,La prétendue percée n’était rien d’autre qu’un hasard statistique.,nichts als = nothing but,nichts als = rien d'autre que,,
3000,Sein Verhalten war _____ Ausdruck von Unsicherheit und mangelnder Verantwortung.,nichts als,Sein Verhalten war nichts als Ausdruck von Unsicherheit und mangelnder Verantwortung.,His behavior was nothing but an expression of insecurity and lack of responsibility.,Son comportement n’était rien d’autre que l’expression d’une insécurité et d’un manque de responsabilité.,nichts als = nothing but,nichts als = rien d'autre que,,
3000,Seine Erklärung war _____ überzeugend.,alles außer,Seine Erklärung war alles außer überzeugend.,His explanation was anything but convincing.,Son explication était tout sauf convaincante.,"alles außer = anything but, anything except",alles außer = tout sauf,,
3000,Die Diskussion verlief _____ sachlich.,alles außer,Die Diskussion verlief alles außer sachlich.,The discussion was anything but objective.,La discussion était tout sauf objective.,"alles außer = anything but, anything except",alles außer = tout sauf,,
3000,"Die Reform war _____ erfolgreich, da sie die bestehenden Probleme eher verschärfte.",alles außer,"Die Reform war alles außer erfolgreich, da sie die bestehenden Probleme eher verschärfte.","The reform was anything but successful, as it rather exacerbated the existing problems.","La réforme était tout sauf réussie, car elle a plutôt aggravé les problèmes existants.","alles außer = anything but, anything except",alles außer = tout sauf,,
3000,"Die Situation war _____ stabil, obwohl sie nach außen hin so wirkte.",alles außer,"Die Situation war alles außer stabil, obwohl sie nach außen hin so wirkte.","The situation was anything but stable, although it appeared so externally.","La situation était tout sauf stable, bien qu’elle en donnât l’impression.","alles außer = anything but, anything except",alles außer = tout sauf,,
3000,Seine Reaktion war _____ überraschend.,alles außer,Seine Reaktion war alles außer überraschend.,His reaction was anything but surprising.,Sa réaction était tout sauf surprenante.,"alles außer = anything but, anything except",alles außer = tout sauf,,
3000,,gewissermaßen,C2,in a sense,,,,,
3000,,meinetwegen,C2,,,,,,
3000,,nächstens,C2,next time,,nächstens = next time,nächstens = ,,
3000,,Pi mal Daumen,,,,,,,