exercise,question,answer,konnektor,german,english,french,case_english,case_french,explanation_english,explanation_french,explanation_synonym_english,explanation_synonym_french
1,,und,und,,and,et,Coordinating conjunction,Conjonction de coordination,und = and ● Coordinating conjunction,und = et ● Conjonction de coordination,,
1,,aber,aber,,but,mais,Coordinating conjunction,Conjonction de coordination,aber = but ● Coordinating conjunction,aber = mais ● Conjonction de coordination,,
1,,oder,oder,,or,"ou, ou bien, ou alors",Coordinating conjunction,Conjonction de coordination,oder = or ● Coordinating conjunction,"oder = ou, ou bien, ou alors ● Conjonction de coordination",,
1,,denn,denn,,"for, because","car, parce que",Coordinating conjunction,Conjonction de coordination,"denn = for, because ● Coordinating conjunction","denn = car, parce que ● Conjonction de coordination",,
2,Ich gehe einkaufen _____ mein Bruder kocht das Abendessen.,und,und,Ich gehe einkaufen und mein Bruder kocht das Abendessen.,"I go shopping, and my brother cooks dinner.",Je vais faire les courses et mon frère prépare le dîner.,,,und = and ● Coordinating conjunction,und = et ● Conjonction de coordination,,
2,Wir lernen Deutsch _____ wir hören deutsche Musik.,und,und,Wir lernen Deutsch und wir hören deutsche Musik.,"We learn German, and we listen to German music.",Nous apprenons l’allemand et nous écoutons de la musique allemande.,,,und = and ● Coordinating conjunction,und = et ● Conjonction de coordination,,
2,Sie liest ein Buch _____ ihr Freund schaut einen Film.,und,und,Sie liest ein Buch und ihr Freund schaut einen Film.,"She reads a book, and her boyfriend watches a movie.",Elle lit un livre et son petit ami regarde un film.,,,und = and ● Coordinating conjunction,und = et ● Conjonction de coordination,,
2,Er putzt das Haus _____ seine Schwester macht die Wäsche.,und,und,Er putzt das Haus und seine Schwester macht die Wäsche.,"He cleans the house, and his sister does the laundry.",Il nettoie la maison et sa sœur fait la lessive.,,,und = and ● Coordinating conjunction,und = et ● Conjonction de coordination,,
2,Wir essen zusammen _____ dann spielen wir Karten.,und,und,Wir essen zusammen und dann spielen wir Karten.,"We eat together, and then we play cards.","Nous mangeons ensemble, puis nous jouons aux cartes.",,,und = and ● Coordinating conjunction,und = et ● Conjonction de coordination,,
2,"Ich möchte ins Kino gehen, _____ ich habe keine Zeit.",aber,aber,"Ich möchte ins Kino gehen, aber ich habe keine Zeit.","I want to go to the cinema, but I have no time.","Je veux aller au cinéma, mais je n'ai pas le temps.",,,aber = but ● Coordinating conjunction,aber = mais ● Conjonction de coordination,,
2,"Er lernt viel, _____ er versteht die Grammatik nicht.",aber,aber,"Er lernt viel, aber er versteht die Grammatik nicht.","He studies a lot, but he doesn’t understand the grammar.","Il étudie beaucoup, mais il ne comprend pas la grammaire.",,,aber = but ● Coordinating conjunction,aber = mais ● Conjonction de coordination,,
2,"Sie mag Sport, _____ sie geht selten ins Fitnessstudio.",aber,aber,"Sie mag Sport, aber sie geht selten ins Fitnessstudio.","She likes sports, but she rarely goes to the gym.","Elle aime le sport, mais elle va rarement à la salle de sport.",,,aber = but ● Coordinating conjunction,aber = mais ● Conjonction de coordination,,
2,"Wir wollten spazieren gehen, _____ es hat geregnet.",aber,aber,"Wir wollten spazieren gehen, aber es hat geregnet.","We wanted to go for a walk, but it rained.","Nous voulions faire une promenade, mais il pleuvait.",,,aber = but ● Coordinating conjunction,aber = mais ● Conjonction de coordination,,
2,"Ich esse gern Pizza, _____ ich koche nicht oft.",aber,aber,"Ich esse gern Pizza, aber ich koche nicht oft.","I like eating pizza, but I don’t cook often.","J’aime manger de la pizza, mais je ne cuisine pas souvent.",,,aber = but ● Coordinating conjunction,aber = mais ● Conjonction de coordination,,
2,"Ich gehe ins Bett, _____ ich bin müde.",denn,denn,"Ich gehe ins Bett, denn ich bin müde.",I am going to bed because I am tired.,Je vais me coucher parce que je suis fatigué.,,,"denn = for, because ● Coordinating conjunction","denn = car, parce que ● Conjonction de coordination",,
2,"Er bleibt zu Hause, _____ er fühlt sich nicht gut.",denn,denn,"Er bleibt zu Hause, denn er fühlt sich nicht gut.",He stays at home because he doesn’t feel well.,Il reste à la maison parce qu’il ne se sent pas bien.,,,"denn = for, because ● Coordinating conjunction","denn = car, parce que ● Conjonction de coordination",,
2,"Sie kauft das Buch, _____ sie möchte es lesen.",denn,denn,"Sie kauft das Buch, denn sie möchte es lesen.",She buys the book because she wants to read it.,Elle achète le livre parce qu'elle veut le lire.,,,"denn = for, because ● Coordinating conjunction","denn = car, parce que ● Conjonction de coordination",,
2,"Wir nehmen den Bus, _____ unser Auto ist kaputt.",denn,denn,"Wir nehmen den Bus, denn unser Auto ist kaputt.",We take the bus because our car is broken.,Nous prenons le bus parce que notre voiture est en panne.,,,"denn = for, because ● Coordinating conjunction","denn = car, parce que ● Conjonction de coordination",,
2,"Ich esse jetzt, _____ ich habe Hunger.",denn,denn,"Ich esse jetzt, denn ich habe Hunger.",I am eating now because I am hungry.,Je mange maintenant parce que j'ai faim.,,,"denn = for, because ● Coordinating conjunction","denn = car, parce que ● Conjonction de coordination",,
2,"Möchtest du Tee trinken, _____ soll ich Kaffee machen?",oder,oder,"Möchtest du Tee trinken, oder soll ich Kaffee machen?","Do you want to drink tea, or should I make coffee?",Veux-tu boire du thé ou dois-je faire du café ?,,,oder = or ● Coordinating conjunction,"oder = ou, ou bien, ou alors ● Conjonction de coordination",,
2,"Wir können ins Kino gehen, _____ wir bleiben zu Hause.",oder,oder,"Wir können ins Kino gehen, oder wir bleiben zu Hause.","We can go to the cinema, or we stay at home.","On peut aller au cinéma, ou rester à la maison.",,,oder = or ● Coordinating conjunction,"oder = ou, ou bien, ou alors ● Conjonction de coordination",,
2,"Er fährt mit dem Fahrrad, _____ er nimmt den Bus.",oder,oder,"Er fährt mit dem Fahrrad, oder er nimmt den Bus.","He rides his bike, or he takes the bus.",Il fait du vélo ou il prend le bus.,,,oder = or ● Coordinating conjunction,"oder = ou, ou bien, ou alors ● Conjonction de coordination",,
2,"Liest du ein Buch, _____ schaust du einen Film?",oder,oder,"Liest du ein Buch, oder schaust du einen Film?","Are you reading a book, or are you watching a movie?",Lisez-vous un livre ou regardez-vous un film ?,,,oder = or ● Coordinating conjunction,"oder = ou, ou bien, ou alors ● Conjonction de coordination",,
2,"Ich koche Pasta, _____ du bestellst Pizza.",oder,oder,"Ich koche Pasta, oder du bestellst Pizza.","I will cook pasta, or you order pizza.",Je cuisinerai des pâtes ou tu commanderas une pizza.,,,oder = or ● Coordinating conjunction,"oder = ou, ou bien, ou alors ● Conjonction de coordination",,
3,,,und,und,and,et,Coordinating conjunction,Conjonction de coordination,und = and ● Coordinating conjunction,und = et ● Conjonction de coordination,,
3,,,aber,aber,but,mais,Coordinating conjunction,Conjonction de coordination,aber = but ● Coordinating conjunction,aber = mais ● Conjonction de coordination,,
3,,,oder,oder,or,"ou, ou bien, ou alors",Coordinating conjunction,Conjonction de coordination,oder = or ● Coordinating conjunction,"oder = ou, ou bien, ou alors ● Conjonction de coordination",,
3,,,denn,denn,"for, because","car, parce que",Coordinating conjunction,Conjonction de coordination,"denn = for, because ● Coordinating conjunction","denn = car, parce que ● Conjonction de coordination",,
4,,weil,weil,,"because, since","parce que, puisque, vu que",Subordinating conjunction,Conjonctions de subordination,"weil = because, since ● Subordinating conjunction","weil = parce que, puisque, vu que ● Conjonctions de subordination",,
4,,also,also,,"so, thus, hence","donc, ainsi, d'où",Adverb,Adverbe,"also = so, thus, hence ● Adverb","also = donc, ainsi, d'où ● Adverbe",,
4,,deshalb,deshalb,,"therefore, for this reason, because of that","pour cette raison, à cause de cela",Adverb,Adverbe,"deshalb = therefore, for this reason, because of that ● Adverb","deshalb = pour cette raison, à cause de cela ● Adverbe",,
4,,dass,dass,,that,que,Subordinating conjunction,Conjonctions de subordination,dass = that ● Subordinating conjunction,dass = que ● Conjonctions de subordination,,
4,,wenn,wenn,,"if, when (regular events)","si, quand (évènements récurrents)",Subordinating conjunction,Conjonctions de subordination,"wenn = if, when (regular events) ● Subordinating conjunction","wenn = si, quand (évènements récurrents) ● Conjonctions de subordination",,
4,,als,als,,"when (for a specific, one-off event in the past), as","quand (pour un évèvement spécifique dans le passé), lorsque",Subordinating conjunction,Conjonctions de subordination,"als = when (for a specific, one-off event in the past), as ● Subordinating conjunction","als = quand (pour un évèvement spécifique dans le passé), lorsque ● Conjonctions de subordination",,
4,,dann,dann,,then,"ensuite, alors",Adverb,Adverbe,dann = then ● Adverb,"dann = ensuite, alors ● Adverbe",,
5,"Ich bleibe zu Hause, _____ es stark regnet.",weil,weil,"Ich bleibe zu Hause, weil es stark regnet.",I stay at home because it is raining heavily.,Je reste à la maison parce qu'il pleut beaucoup.,,,"weil = because, since ● Subordinating conjunction","weil = parce que, puisque, vu que ● Conjonctions de subordination",,
5,"Er kann nicht kommen, _____ er arbeiten muss.",weil,weil,"Er kann nicht kommen, weil er arbeiten muss.",He can't come because he has to work.,Il ne peut pas venir parce qu'il doit travailler.,,,"weil = because, since ● Subordinating conjunction","weil = parce que, puisque, vu que ● Conjonctions de subordination",,
5,"Sie lernt viel, _____ sie die Prüfung bestehen will.",weil,weil,"Sie lernt viel, weil sie die Prüfung bestehen will.",She studies a lot because she wants to pass the exam.,Elle étudie beaucoup parce qu'elle veut réussir l'examen.,,,"weil = because, since ● Subordinating conjunction","weil = parce que, puisque, vu que ● Conjonctions de subordination",,
5,"Wir gehen früh ins Bett, _____ wir morgen früh aufstehen müssen.",weil,weil,"Wir gehen früh ins Bett, weil wir morgen früh aufstehen müssen.",We go to bed early because we have to get up early tomorrow.,Nous nous couchons tôt parce que nous devons nous lever tôt demain.,,,"weil = because, since ● Subordinating conjunction","weil = parce que, puisque, vu que ● Conjonctions de subordination",,
5,"Ich trinke Kaffee, _____ ich müde bin.",weil,weil,"Ich trinke Kaffee, weil ich müde bin.",I drink coffee because I am tired.,Je bois du café parce que je suis fatigué.,,,"weil = because, since ● Subordinating conjunction","weil = parce que, puisque, vu que ● Conjonctions de subordination",,
5,"Es regnet, _____ bleibe ich zu Hause.",also,also,"Es regnet, also bleibe ich zu Hause.","It’s raining, so I’m staying at home.","Il pleut, donc je reste à la maison.",,,"also = so, thus, hence ● Adverb","also = donc, ainsi, d'où ● Adverbe",,
5,"Ich habe Hunger, _____ esse ich jetzt.",also,also,"Ich habe Hunger, also esse ich jetzt.","I’m hungry, so I’m eating now.","J’ai faim, donc je mange maintenant.",,,"also = so, thus, hence ● Adverb","also = donc, ainsi, d'où ● Adverbe",,
5,Du hast das Buch vergessen? _____ müssen wir zurückgehen.,Also,Also,Du hast das Buch vergessen? Also müssen wir zurückgehen.,You forgot the book? So we have to go back.,Tu as oublié le livre ? On doit donc y retourner.,,,"also = so, thus, hence ● Adverb","also = donc, ainsi, d'où ● Adverbe",,
5,"Er hat viel gelernt, _____ besteht er die Prüfung.",also,also,"Er hat viel gelernt, also besteht er die Prüfung.","He studied a lot, so he passes the exam.","Il a beaucoup étudié, donc il réussit l'examen.",,,"also = so, thus, hence ● Adverb","also = donc, ainsi, d'où ● Adverbe",,
5,"Das Auto ist kaputt, _____ nehmen wir den Bus.",also,also,"Das Auto ist kaputt, also nehmen wir den Bus.","The car is broken, so we take the bus.","La voiture est en panne, donc nous prenons le bus.",,,"also = so, thus, hence ● Adverb","also = donc, ainsi, d'où ● Adverbe",,
5,"Ich hoffe, _____ du mich bald besuchst.",dass,dass,"Ich hoffe, dass du mich bald besuchst.",I hope that you visit me soon.,J'espère que tu viendras me rendre visite bientôt.,,,dass = that ● Subordinating conjunction,dass = que ● Conjonctions de subordination,,
5,"Er sagt, _____ er heute keine Zeit hat.",dass,dass,"Er sagt, dass er heute keine Zeit hat.",He says that he has no time today.,Il dit qu'il n'a pas le temps aujourd'hui.,,,dass = that ● Subordinating conjunction,dass = que ● Conjonctions de subordination,,
5,"Wir wissen, _____ Deutsch eine schwierige Sprache ist.",dass,dass,"Wir wissen, dass Deutsch eine schwierige Sprache ist.",We know that German is a difficult language.,Nous savons que l’allemand est une langue difficile.,,,dass = that ● Subordinating conjunction,dass = que ● Conjonctions de subordination,,
5,"Sie glaubt, _____ er ihr helfen kann.",dass,dass,"Sie glaubt, dass er ihr helfen kann.",She believes that he can help her.,Elle croit qu’il peut l’aider.,,,dass = that ● Subordinating conjunction,dass = que ● Conjonctions de subordination,,
5,"Ich finde, _____ das Essen sehr lecker schmeckt.",dass,dass,"Ich finde, dass das Essen sehr lecker schmeckt.",I think that the food tastes very delicious.,Je pense que la nourriture a un goût très délicieux.,,,dass = that ● Subordinating conjunction,dass = que ● Conjonctions de subordination,,
5,"Es regnet stark, _____ nehme ich meinen Regenschirm.",deshalb,deshalb,"Es regnet stark, deshalb nehme ich meinen Regenschirm.","It is raining heavily, therefore I take my umbrella.","Il pleut beaucoup, alors je prends mon parapluie.",,,"deshalb = therefore, for this reason, because of that ● Adverb","deshalb = pour cette raison, à cause de cela ● Adverbe",,
5,"Ich habe meine Hausaufgaben vergessen, _____ muss ich sie jetzt machen.",deshalb,deshalb,"Ich habe meine Hausaufgaben vergessen, deshalb muss ich sie jetzt machen.","I forgot my homework, therefore I have to do it now.","J'ai oublié mes devoirs, donc je dois les faire maintenant.",,,"deshalb = therefore, for this reason, because of that ● Adverb","deshalb = pour cette raison, à cause de cela ● Adverbe",,
5,"Er hat schlecht geschlafen, _____ ist er heute müde.",deshalb,deshalb,"Er hat schlecht geschlafen, deshalb ist er heute müde.","He slept badly, therefore he is tired today.","Il a mal dormi, donc il est fatigué aujourd'hui.",,,"deshalb = therefore, for this reason, because of that ● Adverb","deshalb = pour cette raison, à cause de cela ● Adverbe",,
5,"Wir haben Hunger, _____ kochen wir etwas zu essen.",deshalb,deshalb,"Wir haben Hunger, deshalb kochen wir etwas zu essen.","We are hungry, therefore we cook something to eat.","Nous avons faim, donc nous cuisinons quelque chose à manger.",,,"deshalb = therefore, for this reason, because of that ● Adverb","deshalb = pour cette raison, à cause de cela ● Adverbe",,
5,"Sie hat ihren Bus verpasst, _____ kommt sie zu spät.",deshalb,deshalb,"Sie hat ihren Bus verpasst, deshalb kommt sie zu spät.","She missed her bus, therefore she is late.","Elle a raté son bus, donc elle est en retard.",,,"deshalb = therefore, for this reason, because of that ● Adverb","deshalb = pour cette raison, à cause de cela ● Adverbe",,
5,"_____ es regnet, nehme ich meinen Regenschirm.",Wenn,Wenn,"Wenn es regnet, nehme ich meinen Regenschirm.","When it rains, I take my umbrella.","Quand il pleut, je prends mon parapluie.",,,"wenn = if, when (regular events) ● Subordinating conjunction","wenn = si, quand (évènements récurrents) ● Conjonctions de subordination",,
5,"Ich gehe joggen, _____ ich Zeit habe.",wenn,wenn,"Ich gehe joggen, wenn ich Zeit habe.",I go jogging when I have time.,Je fais du jogging quand j'ai le temps.,,,"wenn = if, when (regular events) ● Subordinating conjunction","wenn = si, quand (évènements récurrents) ● Conjonctions de subordination",,
5,"_____ er müde ist, trinkt er Kaffee.",Wenn,Wenn,"Wenn er müde ist, trinkt er Kaffee.","When he is tired, he drinks coffee.","Quand il est fatigué, il boit du café.",,,"wenn = if, when (regular events) ● Subordinating conjunction","wenn = si, quand (évènements récurrents) ● Conjonctions de subordination",,
5,"Wir machen ein Picknick, _____ das Wetter schön ist.",wenn,wenn,"Wir machen ein Picknick, wenn das Wetter schön ist.",We have a picnic when the weather is nice.,Nous faisons un pique-nique quand il fait beau.,,,"wenn = if, when (regular events) ● Subordinating conjunction","wenn = si, quand (évènements récurrents) ● Conjonctions de subordination",,
5,"_____ sie Geburtstag hat, feiert sie mit ihrer Familie.",Wenn,Wenn,"Wenn sie Geburtstag hat, feiert sie mit ihrer Familie.","When it’s her birthday, she celebrates with her family.","Quand c’est son anniversaire, elle le fête avec sa famille.",,,"wenn = if, when (regular events) ● Subordinating conjunction","wenn = si, quand (évènements récurrents) ● Conjonctions de subordination",,
5,"_____ ich ein Kind war, hatte ich einen Hund.",Als,Als,"Als ich ein Kind war, hatte ich einen Hund.","When I was a child, I had a dog.","Quand j'étais enfant, j'avais un chien.",,,"als = when (for a specific, one-off event in the past), as ● Subordinating conjunction","als = quand (pour un évèvement spécifique dans le passé), lorsque ● Conjonctions de subordination",,
5,"Er war sehr glücklich, _____ er die Prüfung bestanden hat.",als,als,"Er war sehr glücklich, als er die Prüfung bestanden hat.",He was very happy when he passed the exam.,Il était très heureux lorsqu'il a réussi l'examen.,,,"als = when (for a specific, one-off event in the past), as ● Subordinating conjunction","als = quand (pour un évèvement spécifique dans le passé), lorsque ● Conjonctions de subordination",,
5,"_____ wir in Berlin waren, haben wir den Fernsehturm besucht.",Als,Als,"Als wir in Berlin waren, haben wir den Fernsehturm besucht.","When we were in Berlin, we visited the TV tower.","Quand nous étions à Berlin, nous avons visité la tour de télévision.",,,"als = when (for a specific, one-off event in the past), as ● Subordinating conjunction","als = quand (pour un évèvement spécifique dans le passé), lorsque ● Conjonctions de subordination",,
5,"Ich habe ihn das erste Mal getroffen, _____ ich nach Deutschland gereist bin.",als,als,"Ich habe ihn das erste Mal getroffen, als ich nach Deutschland gereist bin.",I met him for the first time when I traveled to Germany.,Je l'ai rencontré pour la première fois lors d'un voyage en Allemagne.,,,"als = when (for a specific, one-off event in the past), as ● Subordinating conjunction","als = quand (pour un évèvement spécifique dans le passé), lorsque ● Conjonctions de subordination",,
5,"_____ sie ihr Auto gekauft hat, war sie sehr stolz.",Als,Als,"Als sie ihr Auto gekauft hat, war sie sehr stolz.","When she bought her car, she was very proud.","Lorsqu'elle a acheté sa voiture, elle était très fière.",,,"als = when (for a specific, one-off event in the past), as ● Subordinating conjunction","als = quand (pour un évèvement spécifique dans le passé), lorsque ● Conjonctions de subordination",,
5,"Ich stehe auf, _____ mache ich mir einen Kaffee.",dann,dann,"Ich stehe auf, dann mache ich mir einen Kaffee.","I get up, then I make myself a coffee.","Je me lève, puis je me fais un café.",,,dann = then ● Adverb,"dann = ensuite, alors ● Adverbe",,
5,"Er geht zur Arbeit, _____ beginnt er mit seinem ersten Meeting.",dann,dann,"Er geht zur Arbeit, dann beginnt er mit seinem ersten Meeting.","He goes to work, then he starts his first meeting.","Il va au travail, puis il commence sa première réunion.",,,dann = then ● Adverb,"dann = ensuite, alors ● Adverbe",,
5,"Wir kaufen die Zutaten ein, _____ kochen wir das Abendessen.",dann,dann,"Wir kaufen die Zutaten ein, dann kochen wir das Abendessen.","We buy the ingredients, then we cook dinner.","Nous achetons les ingrédients, puis nous préparons le dîner.",,,dann = then ● Adverb,"dann = ensuite, alors ● Adverbe",,
5,"Sie macht ihre Hausaufgaben, _____ schaut sie einen Film.",dann,dann,"Sie macht ihre Hausaufgaben, dann schaut sie einen Film.","She does her homework, then she watches a movie.","Elle fait ses devoirs, puis elle regarde un film.",,,dann = then ● Adverb,"dann = ensuite, alors ● Adverbe",,
5,"Ich dusche, _____ ziehe ich mich an.",dann,dann,"Ich dusche, dann ziehe ich mich an.","I take a shower, then I get dressed.","Je prends une douche, puis je m'habille.",,,dann = then ● Adverb,"dann = ensuite, alors ● Adverbe",,
6,,,also,also,"so, thus, hence","donc, ainsi, d'où",Adverb,Adverbe,"also = so, thus, hence ● Adverb","also = donc, ainsi, d'où ● Adverbe",,
6,,,deshalb,deshalb,"therefore, for this reason, because of that","pour cette raison, à cause de cela",Adverb,Adverbe,"deshalb = therefore, for this reason, because of that ● Adverb","deshalb = pour cette raison, à cause de cela ● Adverbe",,
6,,,dass,dass,that,que,Subordinating conjunction,Conjonctions de subordination,dass = that ● Subordinating conjunction,dass = que ● Conjonctions de subordination,,
6,,,wenn,wenn,"if, when (regular events)","si, quand (évènements récurrents)",Subordinating conjunction,Conjonctions de subordination,"wenn = if, when (regular events) ● Subordinating conjunction","wenn = si, quand (évènements récurrents) ● Conjonctions de subordination",,
6,,,als,als,"when (for a specific, one-off event in the past), as","quand (pour un évèvement spécifique dans le passé), lorsque",Subordinating conjunction,Conjonctions de subordination,"als = when (for a specific, one-off event in the past), as ● Subordinating conjunction","als = quand (pour un évèvement spécifique dans le passé), lorsque ● Conjonctions de subordination",,
6,,,dann,dann,then,"ensuite, alors",Adverb,Adverbe,dann = then ● Adverb,"dann = ensuite, alors ● Adverbe",,
6,,,da,da,"because, since","parce que, puisque, vu que",Subordinating conjunction,Conjonctions de subordination,"da = because, since ● Subordinating conjunction","da = parce que, puisque, vu que ● Conjonctions de subordination",,
7,,obwohl,obwohl,,"although, even though","bien que, même si",Subordinating conjunction,Conjonctions de subordination,"obwohl = although, even though ● Subordinating conjunction","obwohl = bien que, même si ● Conjonctions de subordination",,
7,,trotzdem,trotzdem,,"despite it, nevertheless, yet, nonetheless, anyway","malgré cela, tout de même, néanmoins, pourtant",Adverb,Adverbe,"trotzdem = despite it, nevertheless, yet, nonetheless, anyway ● Adverb","trotzdem = malgré cela, tout de même, néanmoins, pourtant ● Adverbe",,
7,,weshalb,weshalb,,"which is why, therefore",c'est pourquoi,Subordinating conjunction,Conjonctions de subordination,"weshalb = which is why, therefore ● Subordinating conjunction",weshalb = c'est pourquoi ● Conjonctions de subordination,,
7,,damit,damit,,"so that, in order to","pour que, afin que, afin de (+ infinitif)",Subordinating conjunction,Conjonctions de subordination,"damit = so that, in order to ● Subordinating conjunction","damit = pour que, afin que, afin de (+ infinitif) ● Conjonctions de subordination",,
7,,um ... zu,um ... zu,,in order to,"pour que, afin que, afin de (+ infinitif)",Correlative conjunction,Conjonction corrélative,um ... zu = in order to ● Correlative conjunction,"um ... zu = pour que, afin que, afin de (+ infinitif) ● Conjonction corrélative",,
7,,anstatt ... zu,anstatt ... zu,,instead of,"au lieu de, à la place de",Correlative conjunction,Conjonction corrélative,anstatt ... zu = instead of ● Correlative conjunction,"anstatt ... zu = au lieu de, à la place de ● Conjonction corrélative",,
7,,ohne ... zu,ohne ... zu,,without (+ ...ing),sans que,Correlative conjunction,Conjonction corrélative,ohne ... zu = without (+ ...ing) ● Correlative conjunction,ohne ... zu = sans que ● Conjonction corrélative,,
7,,während,während,,while,"pendant que, alors que",Subordinating conjunction,Conjonctions de subordination,während = while ● Subordinating conjunction,"während = pendant que, alors que ● Conjonctions de subordination",,
8,"Ich gehe spazieren, _____ es regnet.",obwohl,obwohl,"Ich gehe spazieren, obwohl es regnet.",I go for a walk although it is raining.,Je vais me promener même s'il pleut.,,,"obwohl = although, even though ● Subordinating conjunction","obwohl = bien que, même si ● Conjonctions de subordination",,
8,"Er arbeitet weiter, _____ er müde ist.",obwohl,obwohl,"Er arbeitet weiter, obwohl er müde ist.",He continues working although he is tired.,Il continue à travailler même s'il est fatigué.,,,"obwohl = although, even though ● Subordinating conjunction","obwohl = bien que, même si ● Conjonctions de subordination",,
8,"Sie kommt zur Party, _____ sie viel zu tun hat.",obwohl,obwohl,"Sie kommt zur Party, obwohl sie viel zu tun hat.",She comes to the party although she has a lot to do.,Elle vient à la fête même si elle a beaucoup à faire.,,,"obwohl = although, even though ● Subordinating conjunction","obwohl = bien que, même si ● Conjonctions de subordination",,
8,"Wir spielen draussen, _____ es kalt ist.",obwohl,obwohl,"Wir spielen draussen, obwohl es kalt ist.",We play outside although it is cold.,Nous jouons dehors même s'il fait froid.,,,"obwohl = although, even though ● Subordinating conjunction","obwohl = bien que, même si ● Conjonctions de subordination",,
8,"Ich esse das Gericht, _____ ich es nicht mag.",obwohl,obwohl,"Ich esse das Gericht, obwohl ich es nicht mag.",I eat the dish although I don’t like it.,Je mange le plat même si je ne l’aime pas.,,,"obwohl = although, even though ● Subordinating conjunction","obwohl = bien que, même si ● Conjonctions de subordination",,
8,"Ich lerne jeden Tag, _____ Deutsch zu verbessern.",um,um ... zu,"Ich lerne jeden Tag, um Deutsch zu verbessern.",I study every day in order to improve my German.,J'étudie tous les jours pour améliorer mon allemand.,,,um ... zu = in order to ● Correlative conjunction,"um ... zu = pour que, afin que, afin de (+ infinitif) ● Conjonction corrélative",,
8,"Er spart Geld, _____ eine Weltreise zu machen.",um,um ... zu,"Er spart Geld, um eine Weltreise zu machen.",He saves money in order to travel around the world.,Il économise de l'argent pour voyager à travers le monde.,,,um ... zu = in order to ● Correlative conjunction,"um ... zu = pour que, afin que, afin de (+ infinitif) ● Conjonction corrélative",,
8,"Sie trainiert hart, _____ beim Marathon zu gewinnen.",um,um ... zu,"Sie trainiert hart, um beim Marathon zu gewinnen.",She trains hard in order to win the marathon.,Elle s'entraîne dur pour gagner le marathon.,,,um ... zu = in order to ● Correlative conjunction,"um ... zu = pour que, afin que, afin de (+ infinitif) ● Conjonction corrélative",,
8,"Wir fahren früh los, _____ den Verkehr zu vermeiden.",um,um ... zu,"Wir fahren früh los, um den Verkehr zu vermeiden.",We leave early in order to avoid traffic.,Nous partons tôt afin d'éviter le trafic.,,,um ... zu = in order to ● Correlative conjunction,"um ... zu = pour que, afin que, afin de (+ infinitif) ● Conjonction corrélative",,
8,"Er liest viele Bücher, _____ sein Wissen zu erweitern.",um,um ... zu,"Er liest viele Bücher, um sein Wissen zu erweitern.",He reads many books in order to expand his knowledge.,Il lit de nombreux livres afin d'élargir ses connaissances.,,,um ... zu = in order to ● Correlative conjunction,"um ... zu = pour que, afin que, afin de (+ infinitif) ● Conjonction corrélative",,
8,"Es regnet, _____ gehen wir spazieren.",trotzdem,trotzdem,"Es regnet, trotzdem gehen wir spazieren.","It is raining; nevertheless, we are going for a walk.","Il pleut, mais nous allons quand même nous promener.",,,"trotzdem = despite it, nevertheless, yet, nonetheless, anyway ● Adverb","trotzdem = malgré cela, tout de même, néanmoins, pourtant ● Adverbe",,
8,"Er war müde, _____ hat er bis spät in die Nacht gearbeitet.",trotzdem,trotzdem,"Er war müde, trotzdem hat er bis spät in die Nacht gearbeitet.","He was tired; nevertheless, he worked late into the night.","Il était fatigué, mais il a néanmoins travaillé tard dans la nuit.",,,"trotzdem = despite it, nevertheless, yet, nonetheless, anyway ● Adverb","trotzdem = malgré cela, tout de même, néanmoins, pourtant ● Adverbe",,
8,"Sie hatte wenig Zeit, _____ hat sie mir geholfen.",trotzdem,trotzdem,"Sie hatte wenig Zeit, trotzdem hat sie mir geholfen.","She had little time; nevertheless, she helped me.","Elle avait peu de temps, mais elle m'a quand même aidée.",,,"trotzdem = despite it, nevertheless, yet, nonetheless, anyway ● Adverb","trotzdem = malgré cela, tout de même, néanmoins, pourtant ● Adverbe",,
8,"Das Essen war teuer, _____ hat es sich gelohnt.",trotzdem,trotzdem,"Das Essen war teuer, trotzdem hat es sich gelohnt.","The food was expensive; nevertheless, it was worth it.","La nourriture était chère, mais cela en valait la peine.",,,"trotzdem = despite it, nevertheless, yet, nonetheless, anyway ● Adverb","trotzdem = malgré cela, tout de même, néanmoins, pourtant ● Adverbe",,
8,"Ich war nervös, _____ habe ich die Präsentation gut gehalten.",trotzdem,trotzdem,"Ich war nervös, trotzdem habe ich die Präsentation gut gehalten.","I was nervous; nevertheless, I gave the presentation well.","J’étais nerveux, mais j’ai quand même bien fait ma présentation.",,,"trotzdem = despite it, nevertheless, yet, nonetheless, anyway ● Adverb","trotzdem = malgré cela, tout de même, néanmoins, pourtant ● Adverbe",,
8,"Es hat den ganzen Tag geregnet, _____ das Spiel abgesagt wurde.",weshalb,weshalb,"Es hat den ganzen Tag geregnet, weshalb das Spiel abgesagt wurde.","It rained all day, which is why the game was canceled.","Il a plu toute la journée, c'est pourquoi le match a été annulé.",,,"weshalb = which is why, therefore ● Subordinating conjunction",weshalb = c'est pourquoi ● Conjonctions de subordination,,
8,"Der Bus hatte eine Panne, _____ wir zu spät zur Arbeit kamen.",weshalb,weshalb,"Der Bus hatte eine Panne, weshalb wir zu spät zur Arbeit kamen.","The bus broke down, which is why we arrived late to work.","Le bus est tombé en panne, c'est pourquoi nous sommes arrivés en retard au travail.",,,"weshalb = which is why, therefore ● Subordinating conjunction",weshalb = c'est pourquoi ● Conjonctions de subordination,,
8,"Ich habe schlecht geschlafen, _____ ich heute sehr müde bin.",weshalb,weshalb,"Ich habe schlecht geschlafen, weshalb ich heute sehr müde bin.","I slept poorly, which is why I'm very tired today.","J'ai mal dormi, c'est pourquoi je suis très fatigué aujourd'hui.",,,"weshalb = which is why, therefore ● Subordinating conjunction",weshalb = c'est pourquoi ● Conjonctions de subordination,,
8,"Sie hat viel gearbeitet, _____ sie jetzt Urlaub macht.",weshalb,weshalb,"Sie hat viel gearbeitet, weshalb sie jetzt Urlaub macht.","She worked a lot, which is why she’s on vacation now.","Elle a beaucoup travaillé, c'est pourquoi elle est en vacances maintenant.",,,"weshalb = which is why, therefore ● Subordinating conjunction",weshalb = c'est pourquoi ● Conjonctions de subordination,,
8,"Das Angebot war sehr günstig, _____ wir es sofort gekauft haben.",weshalb,weshalb,"Das Angebot war sehr günstig, weshalb wir es sofort gekauft haben.","The offer was very good, which is why we bought it immediately.","L'offre était très bonne, c'est pourquoi nous l'avons achetée immédiatement.",,,"weshalb = which is why, therefore ● Subordinating conjunction",weshalb = c'est pourquoi ● Conjonctions de subordination,,
8,"_____ arbeiten, spielt er die ganze Zeit Videospiele.",Anstatt zu,anstatt ... zu,"Anstatt zu arbeiten, spielt er die ganze Zeit Videospiele.","Instead of working, he plays video games all the time.","Au lieu de travailler, il joue tout le temps à des jeux vidéo.",,,anstatt ... zu = instead of ● Correlative conjunction,"anstatt ... zu = au lieu de, à la place de ● Conjonction corrélative",,
8,"Sie hat sich für die Reise entschieden, _____ zu Hause zu bleiben.",anstatt,anstatt ... zu,"Sie hat sich für die Reise entschieden, anstatt zu Hause zu bleiben.",She decided to travel instead of staying at home.,Elle a décidé de voyager au lieu de rester à la maison.,,,anstatt ... zu = instead of ● Correlative conjunction,"anstatt ... zu = au lieu de, à la place de ● Conjonction corrélative",,
8,"Er ging joggen, _____ lernen.",anstatt zu,anstatt ... zu,"Er ging joggen, anstatt zu lernen.",He went jogging instead of studying.,Il est allé faire du jogging au lieu d'étudier.,,,anstatt ... zu = instead of ● Correlative conjunction,"anstatt ... zu = au lieu de, à la place de ● Conjonction corrélative",,
8,"Wir sind mit dem Zug gefahren, _____ fliegen.",anstatt zu,anstatt ... zu,"Wir sind mit dem Zug gefahren, anstatt zu fliegen.",We took the train instead of flying.,Nous avons pris le train au lieu de l'avion.,,,anstatt ... zu = instead of ● Correlative conjunction,"anstatt ... zu = au lieu de, à la place de ● Conjonction corrélative",,
8,"_____ helfen, hat er nur zugesehen.",Anstatt zu,anstatt ... zu,"Anstatt zu helfen, hat er nur zugesehen.","Instead of helping, he just watched.","Au lieu d’aider, il se contentait de regarder.",,,anstatt ... zu = instead of ● Correlative conjunction,"anstatt ... zu = au lieu de, à la place de ● Conjonction corrélative",,
8,"Er ging, _____ bezahlen.",ohne zu,ohne ... zu,"Er ging, ohne zu bezahlen.",He left without paying.,Il est parti sans payer.,,,ohne ... zu = without (+ ...ing) ● Correlative conjunction,ohne ... zu = sans que ● Conjonction corrélative,,
8,"Sie hat das Haus verlassen, _____ sprechen.",ohne zu,ohne ... zu,"Sie hat das Haus verlassen, ohne zu sprechen.",She left the house without speaking.,Elle a quitté la maison sans parler.,,,ohne ... zu = without (+ ...ing) ● Correlative conjunction,ohne ... zu = sans que ● Conjonction corrélative,,
8,"Wir konnten den Text verstehen, _____ übersetzen.",ohne zu,ohne ... zu,"Wir konnten den Text verstehen, ohne zu übersetzen.",We were able to understand the text without translating.,Nous avons pu comprendre le texte sans traduire.,,,ohne ... zu = without (+ ...ing) ● Correlative conjunction,ohne ... zu = sans que ● Conjonction corrélative,,
8,"Ich habe die Aufgabe gelöst, _____ fragen.",ohne zu,ohne ... zu,"Ich habe die Aufgabe gelöst, ohne zu fragen.",I solved the task without asking.,J'ai résolu la tâche sans demander.,,,ohne ... zu = without (+ ...ing) ● Correlative conjunction,ohne ... zu = sans que ● Conjonction corrélative,,
8,"Die Kinder spielten stundenlang draußen, _____ streiten.",ohne zu,ohne ... zu,"Die Kinder spielten stundenlang draußen, ohne zu streiten.",The children played outside for hours without arguing.,Les enfants ont joué dehors pendant des heures sans se disputer.,,,ohne ... zu = without (+ ...ing) ● Correlative conjunction,ohne ... zu = sans que ● Conjonction corrélative,,
8,"_____ ich koche, hört mein Mann Musik.",Während,Während,"Während ich koche, hört mein Mann Musik.","While I am cooking, my husband is listening to music.","Pendant que je cuisine, mon mari écoute de la musique.",,,während = while ● Subordinating conjunction,"während = pendant que, alors que ● Conjonctions de subordination",,
8,"Er arbeitet, _____ seine Kollegen eine Pause machen.",während,während,"Er arbeitet, während seine Kollegen eine Pause machen.",He is working while his colleagues are taking a break.,Il travaille pendant que ses collègues font une pause.,,,während = while ● Subordinating conjunction,"während = pendant que, alors que ● Conjonctions de subordination",,
8,"_____ sie für die Prüfung lernt, schaut ihr Bruder Fernsehen.",Während,Während,"Während sie für die Prüfung lernt, schaut ihr Bruder Fernsehen.","While she is studying for the exam, her brother is watching TV.","Pendant qu'elle étudie pour l'examen, son frère regarde la télévision.",,,während = while ● Subordinating conjunction,"während = pendant que, alors que ● Conjonctions de subordination",,
8,"Wir haben im Restaurant gegessen, _____ draußen ein Sturm tobte.",während,während,"Wir haben im Restaurant gegessen, während draußen ein Sturm tobte.",We ate in the restaurant while a storm was raging outside.,Nous avons mangé au restaurant alors qu'une tempête faisait rage dehors.,,,während = while ● Subordinating conjunction,"während = pendant que, alors que ● Conjonctions de subordination",,
8,"_____ ich das Buch lese, macht sie sich Notizen.",Während,Während,"Während ich das Buch lese, macht sie sich Notizen.","While I am reading the book, she is taking notes.","Pendant que je lis le livre, elle prend des notes.",,,während = while ● Subordinating conjunction,"während = pendant que, alors que ● Conjonctions de subordination",,
8,"Ich lerne jeden Tag Deutsch, _____ ich mich besser verständigen kann.",damit,damit,"Ich lerne jeden Tag Deutsch, damit ich mich besser verständigen kann.",I study German every day so that I can communicate better.,J'étudie l'allemand tous les jours pour pouvoir mieux communiquer.,,,"damit = so that, in order to ● Subordinating conjunction","damit = pour que, afin que, afin de (+ infinitif) ● Conjonctions de subordination",,
8,"Er arbeitet hart, _____ er sich eine Reise nach Japan leisten kann.",damit,damit,"Er arbeitet hart, damit er sich eine Reise nach Japan leisten kann.",He works hard so that he can afford a trip to Japan.,Il travaille dur pour pouvoir s'offrir un voyage au Japon.,,,"damit = so that, in order to ● Subordinating conjunction","damit = pour que, afin que, afin de (+ infinitif) ● Conjonctions de subordination",,
8,"Wir fahren früher los, _____ wir nicht im Stau stehen.",damit,damit,"Wir fahren früher los, damit wir nicht im Stau stehen.",We are leaving earlier so that we don’t get stuck in traffic.,Nous partons plus tôt pour ne pas rester coincés dans les embouteillages.,,,"damit = so that, in order to ● Subordinating conjunction","damit = pour que, afin que, afin de (+ infinitif) ● Conjonctions de subordination",,
8,"Sie schreibt alles auf, _____ sie nichts vergisst.",damit,damit,"Sie schreibt alles auf, damit sie nichts vergisst.",She writes everything down so that she doesn’t forget anything.,Elle écrit tout pour ne rien oublier.,,,"damit = so that, in order to ● Subordinating conjunction","damit = pour que, afin que, afin de (+ infinitif) ● Conjonctions de subordination",,
8,"Ich trainiere regelmäßig, _____ ich fit bleibe.",damit,damit,"Ich trainiere regelmäßig, damit ich fit bleibe.",I train regularly so that I stay fit.,Je m'entraîne régulièrement pour rester en forme.,,,"damit = so that, in order to ● Subordinating conjunction","damit = pour que, afin que, afin de (+ infinitif) ● Conjonctions de subordination",,
9,,sondern,sondern,,"but rather, but ... instead",mais plutôt,Coordinating conjunction,Conjonction de coordination,"sondern = but rather, but ... instead ● Coordinating conjunction",sondern = mais plutôt ● Conjonction de coordination,,
9,,ob,ob,,whether,si,Subordinating conjunction,Conjonctions de subordination,ob = whether ● Subordinating conjunction,ob = si ● Conjonctions de subordination,,
9,,seitdem,seitdem,,since,depuis,Subordinating conjunction,Conjonctions de subordination,seitdem = since ● Subordinating conjunction,seitdem = depuis ● Conjonctions de subordination,,
9,,bis,bis,,until,jusqu'à ce que,Subordinating conjunction,Conjonctions de subordination,bis = until ● Subordinating conjunction,bis = jusqu'à ce que ● Conjonctions de subordination,,
9,,bevor,bevor,,before,avant que,Subordinating conjunction,Conjonctions de subordination,bevor = before ● Subordinating conjunction,bevor = avant que ● Conjonctions de subordination,,
9,,nachdem,nachdem,,after,après que,Subordinating conjunction,Conjonctions de subordination,nachdem = after ● Subordinating conjunction,nachdem = après que ● Conjonctions de subordination,,
9,,vorher,vorher,,beforehand,"avant cela, préalablement, auparavant",Adverb,Adverbe,vorher = beforehand ● Adverb,"vorher = avant cela, préalablement, auparavant ● Adverbe",,
9,,danach,danach,,"afterwards, thereafter","ensuite, par la suite, après cela",Adverb,Adverbe,"danach = afterwards, thereafter ● Adverb","danach = ensuite, par la suite, après cela ● Adverbe",,
10,"Ich trinke keinen Kaffee, _____ Tee.",sondern,sondern,"Ich trinke keinen Kaffee, sondern Tee.","I don’t drink coffee, but rather tea.","Je ne bois pas de café, mais plutôt du thé.",,,"sondern = but rather, but ... instead ● Coordinating conjunction",sondern = mais plutôt ● Conjonction de coordination,,
10,"Er ist nicht müde, _____ einfach nur gelangweilt.",sondern,sondern,"Er ist nicht müde, sondern einfach nur gelangweilt.","He is not tired, but rather just bored.","Il n’est pas fatigué, mais simplement ennuyé.",,,"sondern = but rather, but ... instead ● Coordinating conjunction",sondern = mais plutôt ● Conjonction de coordination,,
10,"Wir haben nicht den Bus genommen, _____ sind zu Fuß gegangen.",sondern,sondern,"Wir haben nicht den Bus genommen, sondern sind zu Fuß gegangen.","We didn’t take the bus, but rather walked.","Nous n’avons pas pris le bus, mais plutôt marché.",,,"sondern = but rather, but ... instead ● Coordinating conjunction",sondern = mais plutôt ● Conjonction de coordination,,
10,"Sie spricht kein Deutsch, _____ Französisch.",sondern,sondern,"Sie spricht kein Deutsch, sondern Französisch.","She doesn't speak German, but rather French.","Elle ne parle pas allemand, mais plutôt français.",,,"sondern = but rather, but ... instead ● Coordinating conjunction",sondern = mais plutôt ● Conjonction de coordination,,
10,"Das Problem ist nicht kompliziert, _____ leicht zu lösen.",sondern,sondern,"Das Problem ist nicht kompliziert, sondern leicht zu lösen.","The problem is not complicated, but rather easy to solve.","Le problème n’est pas compliqué, mais plutôt facile à résoudre.",,,"sondern = but rather, but ... instead ● Coordinating conjunction",sondern = mais plutôt ● Conjonction de coordination,,
10,"Ich weiß nicht, _____ er heute zur Party kommt.",ob,ob,"Ich weiß nicht, ob er heute zur Party kommt.",I don’t know whether he is coming to the party today.,Je ne sais pas s’il viendra à la fête aujourd’hui.,,,ob = whether ● Subordinating conjunction,ob = si ● Conjonctions de subordination,,
10,"Sie fragt mich, _____ ich ihr helfen kann.",ob,ob,"Sie fragt mich, ob ich ihr helfen kann.",She asks me if I can help her.,Elle me demande si je peux l'aider.,,,ob = whether ● Subordinating conjunction,ob = si ● Conjonctions de subordination,,
10,"Er ist unsicher, _____ er den neuen Job annehmen soll.",ob,ob,"Er ist unsicher, ob er den neuen Job annehmen soll.",He is unsure whether he should take the new job.,Il n’est pas sûr de devoir accepter ce nouvel emploi.,,,ob = whether ● Subordinating conjunction,ob = si ● Conjonctions de subordination,,
10,"Wir überlegen, _____ wir dieses Jahr in den Urlaub fahren.",ob,ob,"Wir überlegen, ob wir dieses Jahr in den Urlaub fahren.",We are considering whether we should go on vacation this year.,Nous réfléchissons à la possibilité de partir en vacances cette année.,,,ob = whether ● Subordinating conjunction,ob = si ● Conjonctions de subordination,,
10,"Ich weiß nicht, _____ das eine gute Idee ist.",ob,ob,"Ich weiß nicht, ob das eine gute Idee ist.",I don’t know if that is a good idea.,Je ne sais pas si c’est une bonne idée.,,,ob = whether ● Subordinating conjunction,ob = si ● Conjonctions de subordination,,
10,"Ich warte, _____ du fertig bist.",bis,bis,"Ich warte, bis du fertig bist.",I wait until you are finished.,J'attends jusqu'à ce que tu aies fini.,,,bis = until ● Subordinating conjunction,bis = jusqu'à ce que ● Conjonctions de subordination,,
10,"Er bleibt im Büro, _____ er seine Arbeit beendet hat.",bis,bis,"Er bleibt im Büro, bis er seine Arbeit beendet hat.",He stays in the office until he has finished his work.,Il reste au bureau jusqu'à ce qu'il ait fini son travail.,,,bis = until ● Subordinating conjunction,bis = jusqu'à ce que ● Conjonctions de subordination,,
10,"Wir spielen draussen, _____ es dunkel wird.",bis,bis,"Wir spielen draussen, bis es dunkel wird.",We play outside until it gets dark.,Nous jouons dehors jusqu’à ce qu’il fasse nuit.,,,bis = until ● Subordinating conjunction,bis = jusqu'à ce que ● Conjonctions de subordination,,
10,"Sie liest ein Buch, _____ sie müde wird.",bis,bis,"Sie liest ein Buch, bis sie müde wird.",She reads a book until she gets tired.,Elle lit un livre jusqu'à ce qu'elle soit fatiguée.,,,bis = until ● Subordinating conjunction,bis = jusqu'à ce que ● Conjonctions de subordination,,
10,"Ich bleibe hier, _____ du zurückkommst.",bis,bis,"Ich bleibe hier, bis du zurückkommst.",I stay here until you come back.,Je reste ici jusqu'à ton retour.,,,bis = until ● Subordinating conjunction,bis = jusqu'à ce que ● Conjonctions de subordination,,
10,"Ich mache mehr Sport, _____ ich im Fitnessstudio angemeldet bin.",seitdem,seitdem,"Ich mache mehr Sport, seitdem ich im Fitnessstudio angemeldet bin.",I exercise more since I signed up for the gym.,Je fais plus d’exercice depuis que je me suis inscrit à la salle de sport.,,,seitdem = since ● Subordinating conjunction,seitdem = depuis ● Conjonctions de subordination,,
10,"Er fühlt sich besser, _____ er gesünder isst.",seitdem,seitdem,"Er fühlt sich besser, seitdem er gesünder isst.",He feels better since he started eating healthier.,Il se sent mieux depuis qu’il a commencé à manger plus sainement.,,,seitdem = since ● Subordinating conjunction,seitdem = depuis ● Conjonctions de subordination,,
10,"Wir sind glücklich, _____ wir in diese Stadt gezogen sind.",seitdem,seitdem,"Wir sind glücklich, seitdem wir in diese Stadt gezogen sind.",We have been happy since we moved to this city.,Nous sommes heureux depuis que nous avons déménagé dans cette ville.,,,seitdem = since ● Subordinating conjunction,seitdem = depuis ● Conjonctions de subordination,,
10,"Sie spricht fliessend Deutsch, _____ sie in Deutschland lebt.",seitdem,seitdem,"Sie spricht fliessend Deutsch, seitdem sie in Deutschland lebt.",She speaks fluent German since she has been living in Germany.,Elle parle couramment l'allemand depuis qu'elle vit en Allemagne.,,,seitdem = since ● Subordinating conjunction,seitdem = depuis ● Conjonctions de subordination,,
10,"Ich habe weniger Stress, _____ ich regelmässig meditiere.",seitdem,seitdem,"Ich habe weniger Stress, seitdem ich regelmässig meditiere.",I have less stress since I started meditating regularly.,J'ai moins de stress depuis que j'ai commencé à méditer régulièrement.,,,seitdem = since ● Subordinating conjunction,seitdem = depuis ● Conjonctions de subordination,,
10,"Ich wasche mir die Hände, _____ ich esse.",bevor,bevor,"Ich wasche mir die Hände, bevor ich esse.",I wash my hands before I eat.,Je me lave les mains avant de manger.,,,bevor = before ● Subordinating conjunction,bevor = avant que ● Conjonctions de subordination,,
10,"Er macht seine Hausaufgaben, _____ er fern sieht.",bevor,bevor,"Er macht seine Hausaufgaben, bevor er fern sieht.",He does his homework before he watches TV.,Il fait ses devoirs avant de regarder la télévision.,,,bevor = before ● Subordinating conjunction,bevor = avant que ● Conjonctions de subordination,,
10,"Wir gehen spazieren, _____ es dunkel wird.",bevor,bevor,"Wir gehen spazieren, bevor es dunkel wird.",We go for a walk before it gets dark.,Nous allons nous promener avant qu'il fasse nuit.,,,bevor = before ● Subordinating conjunction,bevor = avant que ● Conjonctions de subordination,,
10,"Sie ruft ihre Mutter an, _____ sie ins Bett geht.",bevor,bevor,"Sie ruft ihre Mutter an, bevor sie ins Bett geht.",She calls her mother before she goes to bed.,Elle appelle sa mère avant d'aller se coucher.,,,bevor = before ● Subordinating conjunction,bevor = avant que ● Conjonctions de subordination,,
10,"Ich packe meinen Koffer, _____ ich in den Urlaub fahre.",bevor,bevor,"Ich packe meinen Koffer, bevor ich in den Urlaub fahre.",I pack my suitcase before I go on vacation.,Je fais ma valise avant de partir en vacances.,,,bevor = before ● Subordinating conjunction,bevor = avant que ● Conjonctions de subordination,,
10,"Ich esse Frühstück, _____ ich aufgestanden bin.",nachdem,nachdem,"Ich esse Frühstück, nachdem ich aufgestanden bin.",I eat breakfast after I have gotten up.,Je prends mon petit-déjeuner après m'être levé.,,,nachdem = after ● Subordinating conjunction,nachdem = après que ● Conjonctions de subordination,,
10,"Er geht ins Kino, _____ er seine Arbeit beendet hat.",nachdem,nachdem,"Er geht ins Kino, nachdem er seine Arbeit beendet hat.",He goes to the cinema after he has finished his work.,Il va au cinéma après avoir fini son travail.,,,nachdem = after ● Subordinating conjunction,nachdem = après que ● Conjonctions de subordination,,
10,"Wir spielen Fussball, _____ wir die Hausaufgaben gemacht haben.",nachdem,nachdem,"Wir spielen Fussball, nachdem wir die Hausaufgaben gemacht haben.",We play football after we have done our homework.,Nous jouons au football après avoir fait nos devoirs.,,,nachdem = after ● Subordinating conjunction,nachdem = après que ● Conjonctions de subordination,,
10,"Sie geht schlafen, _____ sie ein Buch gelesen hat.",nachdem,nachdem,"Sie geht schlafen, nachdem sie ein Buch gelesen hat.",She goes to sleep after she has read a book.,Elle va dormir après avoir lu un livre.,,,nachdem = after ● Subordinating conjunction,nachdem = après que ● Conjonctions de subordination,,
10,"Ich trinke einen Kaffee, _____ ich zur Arbeit gekommen bin.",nachdem,nachdem,"Ich trinke einen Kaffee, nachdem ich zur Arbeit gekommen bin.",I drink a coffee after I have arrived at work.,Je bois un café après être arrivé au travail.,,,nachdem = after ● Subordinating conjunction,nachdem = après que ● Conjonctions de subordination,,
10,"Ich muss meine E-Mails checken, _____ kann ich nicht gehen.",vorher,vorher,"Ich muss meine E-Mails checken, vorher kann ich nicht gehen.","I have to check my emails, before that I can’t leave.","Je dois vérifier mes emails, avant cela je ne peux pas partir.",,,vorher = beforehand ● Adverb,"vorher = avant cela, préalablement, auparavant ● Adverbe",,
10,"Sie hatte noch nie Sushi probiert, _____ mochte sie es nicht.",vorher,vorher,"Sie hatte noch nie Sushi probiert, vorher mochte sie es nicht.","She had never tried sushi before, before that she didn’t like it.","Elle n’avait jamais goûté aux sushis auparavant, avant cela elle ne les aimait pas.",,,vorher = beforehand ● Adverb,"vorher = avant cela, préalablement, auparavant ● Adverbe",,
10,"Wir sollten die Tickets kaufen, _____ könnten sie ausverkauft sein.",vorher,vorher,"Wir sollten die Tickets kaufen, vorher könnten sie ausverkauft sein.","We should buy the tickets, before that they might sell out.","Nous devrions acheter les billets, avant qu'ils ne soient tous vendus.",,,vorher = beforehand ● Adverb,"vorher = avant cela, préalablement, auparavant ● Adverbe",,
10,"Er hat den Vertrag genau gelesen, _____ wollte er nicht unterschreiben.",vorher,vorher,"Er hat den Vertrag genau gelesen, vorher wollte er nicht unterschreiben.","He read the contract carefully, before that he didn’t want to sign.","Il a lu attentivement le contrat, avant cela il ne voulait pas signer.",,,vorher = beforehand ● Adverb,"vorher = avant cela, préalablement, auparavant ● Adverbe",,
10,"Ich rufe dich an, _____ muss ich aber noch etwas erledigen.",vorher,vorher,"Ich rufe dich an, vorher muss ich aber noch etwas erledigen.","I will call you, but before that, I need to take care of something.","Je t'appellerai, mais avant cela, je dois m'occuper de quelque chose.",,,vorher = beforehand ● Adverb,"vorher = avant cela, préalablement, auparavant ● Adverbe",,
10,"Wir gehen ins Kino, und _____ essen wir in einem Restaurant.",danach,danach,"Wir gehen ins Kino, und danach essen wir in einem Restaurant.","We are going to the cinema, and after that, we will eat in a restaurant.","Nous allons au cinéma, et après, nous mangerons au restaurant.",,,"danach = afterwards, thereafter ● Adverb","danach = ensuite, par la suite, après cela ● Adverbe",,
10,"Er hat das Meeting beendet, _____ hat er eine Pause gemacht.",danach,danach,"Er hat das Meeting beendet, danach hat er eine Pause gemacht.","He finished the meeting, and afterwards, he took a break.","Il a terminé la réunion, et après, il a fait une pause.",,,"danach = afterwards, thereafter ● Adverb","danach = ensuite, par la suite, après cela ● Adverbe",,
10,"Ich mache meine Hausaufgaben, _____ treffe ich mich mit Freunden.",danach,danach,"Ich mache meine Hausaufgaben, danach treffe ich mich mit Freunden.","I do my homework, and after that, I meet up with friends.","Je fais mes devoirs et après, je retrouve des amis.",,,"danach = afterwards, thereafter ● Adverb","danach = ensuite, par la suite, après cela ● Adverbe",,
10,"Sie hat die Präsentation gehalten, _____ gab es viele Fragen.",danach,danach,"Sie hat die Präsentation gehalten, danach gab es viele Fragen.","She gave the presentation, and afterwards, there were many questions.","Elle a fait la présentation, et après, il y a eu beaucoup de questions.",,,"danach = afterwards, thereafter ● Adverb","danach = ensuite, par la suite, après cela ● Adverbe",,
10,"Ich habe das Buch gelesen, _____ habe ich den Film geschaut.",danach,danach,"Ich habe das Buch gelesen, danach habe ich den Film geschaut.","I read the book, and after that, I watched the movie.","J'ai lu le livre, et après, j'ai regardé le film.",,,"danach = afterwards, thereafter ● Adverb","danach = ensuite, par la suite, après cela ● Adverbe",,
11,,falls,falls,,"in case, if","au cas où, dans le cas où",Subordinating conjunction,Conjonctions de subordination,"falls = in case, if ● Subordinating conjunction","falls = au cas où, dans le cas où ● Conjonctions de subordination",,
11,,indem,indem,,by (+ ...ing),"en (+ participe présent), par (+ infinitif)",Subordinating conjunction,Conjonctions de subordination,indem = by (+ ...ing) ● Subordinating conjunction,"indem = en (+ participe présent), par (+ infinitif) ● Conjonctions de subordination",,
11,,sonst,sonst,,"otherwise, else","sinon, autrement",Adverb,Adverbe,"sonst = otherwise, else ● Adverb","sonst = sinon, autrement ● Adverbe",,
11,,erstens,erstens,,firstly,premièrement,Adverb,Adverbe,erstens = firstly ● Adverb,erstens = premièrement ● Adverbe,,
11,,zweitens,zweitens,,secondly,deuxièmement,Adverb,Adverbe,zweitens = secondly ● Adverb,zweitens = deuxièmement ● Adverbe,,
11,,drittens,drittens,,thirdly,troisièmement,Adverb,Adverbe,drittens = thirdly ● Adverb,drittens = troisièmement ● Adverbe,,
11,,jedoch,jedoch,,"however, nonetheless, nevertheless","cependant, néanmoins, toutefois",Adverb,Adverbe,"jedoch = however, nonetheless, nevertheless ● Adverb","jedoch = cependant, néanmoins, toutefois ● Adverbe",,
11,,zum Beispiel,zum Beispiel,,for example,par exemple,Adverb,Adverbe,zum beispiel = for example ● Adverb,zum beispiel = par exemple ● Adverbe,,
12,"Er verbessert sein Deutsch, _____ er jeden Tag deutsche Bücher liest.",indem,indem,"Er verbessert sein Deutsch, indem er jeden Tag deutsche Bücher liest.",He improves his German by reading German books every day.,Il améliore son allemand en lisant des livres allemands tous les jours.,,,indem = by (+ ...ing) ● Subordinating conjunction,"indem = en (+ participe présent), par (+ infinitif) ● Conjonctions de subordination",,
12,"Du kannst Energie sparen, _____ du das Licht ausschaltest, wenn du den Raum verlässt.",indem,indem,"Du kannst Energie sparen, indem du das Licht ausschaltest, wenn du den Raum verlässt.",You can save energy by turning off the light when you leave the room.,Vous pouvez économiser de l’énergie en éteignant la lumière lorsque vous quittez la pièce.,,,indem = by (+ ...ing) ● Subordinating conjunction,"indem = en (+ participe présent), par (+ infinitif) ● Conjonctions de subordination",,
12,"Sie hält sich fit, _____ sie regelmäßig joggt.",indem,indem,"Sie hält sich fit, indem sie regelmäßig joggt.",She keeps fit by jogging regularly.,Elle se maintient en forme en faisant du jogging régulièrement.,,,indem = by (+ ...ing) ● Subordinating conjunction,"indem = en (+ participe présent), par (+ infinitif) ● Conjonctions de subordination",,
12,"Wir können Geld sparen, _____ wir weniger auswärts essen.",indem,indem,"Wir können Geld sparen, indem wir weniger auswärts essen.",We can save money by eating out less.,Nous pouvons économiser de l’argent en mangeant moins au restaurant.,,,indem = by (+ ...ing) ● Subordinating conjunction,"indem = en (+ participe présent), par (+ infinitif) ● Conjonctions de subordination",,
12,"Er löste das Problem, _____ er eine neue Strategie entwickelte.",indem,indem,"Er löste das Problem, indem er eine neue Strategie entwickelte.",He solved the problem by developing a new strategy.,Il a résolu le problème en développant une nouvelle stratégie.,,,indem = by (+ ...ing) ● Subordinating conjunction,"indem = en (+ participe présent), par (+ infinitif) ● Conjonctions de subordination",,
12,"_____ es regnet, nehmen wir einen Regenschirm mit.",Falls,Falls,"Falls es regnet, nehmen wir einen Regenschirm mit.","In case it rains, we will take an umbrella.","En cas de pluie, nous prendrons un parapluie.",,,"falls = in case, if ● Subordinating conjunction","falls = au cas où, dans le cas où ● Conjonctions de subordination",,
12,"_____ du Fragen hast, kannst du mich jederzeit anrufen.",Falls,Falls,"Falls du Fragen hast, kannst du mich jederzeit anrufen.","In case you have any questions, you can call me anytime.","Au cas où vous avez des questions, vous pouvez m'appeler à tout moment.",,,"falls = in case, if ● Subordinating conjunction","falls = au cas où, dans le cas où ● Conjonctions de subordination",,
12,"Er nimmt einen Mantel mit, _____ es kalt wird.",falls,falls,"Er nimmt einen Mantel mit, falls es kalt wird.",He is taking a coat with him in case it gets cold.,Il prend un manteau avec lui au cas où il ferait froid.,,,"falls = in case, if ● Subordinating conjunction","falls = au cas où, dans le cas où ● Conjonctions de subordination",,
12,"_____ du dich verspätet, gib mir bitte Bescheid.",Falls,Falls,"Falls du dich verspätest, gib mir bitte Bescheid.","In case you are running late, please let me know.","Au cas où tu es en retard, merci de m'en informer.",,,"falls = in case, if ● Subordinating conjunction","falls = au cas où, dans le cas où ● Conjonctions de subordination",,
12,"_____ der Zug ausfällt, fahren wir mit dem Auto.",Falls,Falls,"Falls der Zug ausfällt, fahren wir mit dem Auto.","In case the train is canceled, we will go by car.","Dans le cas où le train est annulé, nous irons en voiture.",,,"falls = in case, if ● Subordinating conjunction","falls = au cas où, dans le cas où ● Conjonctions de subordination",,
12,"Beeil dich, _____ verpassen wir den Zug.",sonst,sonst,"Beeil dich, sonst verpassen wir den Zug.","Hurry up, otherwise we will miss the train.","Dépêchez-vous, sinon nous allons rater le train.",,,"sonst = otherwise, else ● Adverb","sonst = sinon, autrement ● Adverbe",,
12,"Du musst mehr lernen, _____ wirst du die Prüfung nicht bestehen.",sonst,sonst,"Du musst mehr lernen, sonst wirst du die Prüfung nicht bestehen.","You need to study more, otherwise, you will not pass the exam.","Vous devez étudier davantage, sinon vous ne réussirez pas l'examen.",,,"sonst = otherwise, else ● Adverb","sonst = sinon, autrement ● Adverbe",,
12,"Ich gehe jetzt einkaufen, _____ haben wir nichts zum Abendessen.",sonst,sonst,"Ich gehe jetzt einkaufen, sonst haben wir nichts zum Abendessen.","I'm going shopping now, otherwise, we will have nothing for dinner.","Je vais faire les courses maintenant, sinon nous n'aurons rien pour le dîner.",,,"sonst = otherwise, else ● Adverb","sonst = sinon, autrement ● Adverbe",,
12,"Er sollte sich mehr bewegen, _____ wird seine Gesundheit leiden.",sonst,sonst,"Er sollte sich mehr bewegen, sonst wird seine Gesundheit leiden.","He should exercise more, otherwise, his health will suffer.","Il devrait faire plus d’exercice, sinon sa santé en souffrira.",,,"sonst = otherwise, else ● Adverb","sonst = sinon, autrement ● Adverbe",,
12,"Speichere deine Arbeit regelmäßig, _____ könntest du alles verlieren.",sonst,sonst,"Speichere deine Arbeit regelmäßig, sonst könntest du alles verlieren.","Save your work regularly, otherwise, you could lose everything.","Sauvegardez régulièrement votre travail, sinon vous risquez de tout perdre.",,,"sonst = otherwise, else ● Adverb","sonst = sinon, autrement ● Adverbe",,
12,"_____ möchte ich sagen, dass ich mit dem Ergebnis sehr zufrieden bin.",Erstens,Erstens,"Erstens möchte ich sagen, dass ich mit dem Ergebnis sehr zufrieden bin.","First of all, I’d like to say that I’m very satisfied with the result.","Premièrement, je voudrais dire que je suis très satisfait du résultat.",,,erstens = firstly ● Adverb,erstens = premièrement ● Adverbe,,
12,"_____ war das Wetter schlecht, und zweitens hatten wir keine Zeit.",Erstens,Erstens,"Erstens war das Wetter schlecht, und zweitens hatten wir keine Zeit.","Firstly, the weather was bad, and secondly, we had no time.","Premièrement, le temps était mauvais, et deuxièmement, nous n’avions pas de temps.",,,erstens = firstly ● Adverb,erstens = premièrement ● Adverbe,,
12,"_____ solltest du dich entschuldigen, bevor du weiterredest.",Erstens,Erstens,"Erstens solltest du dich entschuldigen, bevor du weiterredest.","To begin with, you should apologize before you continue talking.","Pour commencer, tu devrais t’excuser avant de continuer à parler.",,,erstens = firstly ● Adverb,erstens = premièrement ● Adverbe,,
12,"_____ ist es wichtig, die Regeln zu verstehen, bevor man spielt.",Erstens,Erstens,"Erstens ist es wichtig, die Regeln zu verstehen, bevor man spielt.","Firstly, it’s important to understand the rules before playing.","Premièrement, il est important de comprendre les règles avant de jouer.",,,erstens = firstly ● Adverb,erstens = premièrement ● Adverbe,,
12,"_____ haben wir das Problem erkannt, und jetzt suchen wir eine Lösung.",Erstens,Erstens,"Erstens haben wir das Problem erkannt, und jetzt suchen wir eine Lösung.","Firstly, we have identified the problem, and now we’re looking for a solution.","Premièrement, nous avons identifié le problème, et maintenant nous cherchons une solution.",,,erstens = firstly ● Adverb,erstens = premièrement ● Adverbe,,
12,"_____ möchte ich betonen, dass wir alle Verantwortung tragen.",Zweitens,Zweitens,"Zweitens möchte ich betonen, dass wir alle Verantwortung tragen.","Secondly, I’d like to emphasize that we all share responsibility.","Deuxièmement, je voudrais souligner que nous partageons tous la responsabilité.",,,zweitens = secondly ● Adverb,zweitens = deuxièmement ● Adverbe,,
12,"_____ war das Hotel teurer, als wir erwartet hatten.",Zweitens,Zweitens,"Zweitens war das Hotel teurer, als wir erwartet hatten.","Secondly, the hotel was more expensive than we had expected.","Deuxièmement, l’hôtel était plus cher que ce que nous avions prévu.",,,zweitens = secondly ● Adverb,zweitens = deuxièmement ● Adverbe,,
12,"_____ sollten wir prüfen, ob die Daten wirklich korrekt sind.",Zweitens,Zweitens,"Zweitens sollten wir prüfen, ob die Daten wirklich korrekt sind.","Secondly, we should check whether the data is really correct.","Deuxièmement, nous devrions vérifier si les données sont vraiment correctes.",,,zweitens = secondly ● Adverb,zweitens = deuxièmement ● Adverbe,,
12,"_____ habe ich keine Zeit, mich um dieses Projekt zu kümmern.",Zweitens,Zweitens,"Zweitens habe ich keine Zeit, mich um dieses Projekt zu kümmern.","Secondly, I don’t have time to take care of this project.","Deuxièmement, je n’ai pas le temps de m’occuper de ce projet.",,,zweitens = secondly ● Adverb,zweitens = deuxièmement ● Adverbe,,
12,"_____ müssen wir überlegen, wie wir die Kosten reduzieren können.",Zweitens,Zweitens,"Zweitens müssen wir überlegen, wie wir die Kosten reduzieren können.","Secondly, we need to consider how we can reduce the costs.","Deuxièmement, nous devons réfléchir à la façon de réduire les coûts.",,,zweitens = secondly ● Adverb,zweitens = deuxièmement ● Adverbe,,
12,"_____ möchte ich hinzufügen, dass wir schon große Fortschritte gemacht haben.",Drittens,Drittens,"Drittens möchte ich hinzufügen, dass wir schon große Fortschritte gemacht haben.","Thirdly, I’d like to add that we’ve already made great progress.","Troisièmement, je voudrais ajouter que nous avons déjà fait de grands progrès.",,,drittens = thirdly ● Adverb,drittens = troisièmement ● Adverbe,,
12,_____ war die Kommunikation im Team nicht immer einfach.,Drittens,Drittens,Drittens war die Kommunikation im Team nicht immer einfach.,"Thirdly, communication in the team wasn’t always easy.","Troisièmement, la communication dans l’équipe n’était pas toujours facile.",,,drittens = thirdly ● Adverb,drittens = troisièmement ● Adverbe,,
12,"_____ müssen wir entscheiden, wann das Projekt beginnt.",Drittens,Drittens,"Drittens müssen wir entscheiden, wann das Projekt beginnt.","Thirdly, we need to decide when the project will start.","Troisièmement, nous devons décider quand le projet commencera.",,,drittens = thirdly ● Adverb,drittens = troisièmement ● Adverbe,,
12,"_____ finde ich, dass wir mehr auf Qualität achten sollten.",Drittens,Drittens,"Drittens finde ich, dass wir mehr auf Qualität achten sollten.","Thirdly, I think we should pay more attention to quality.","Troisièmement, je pense que nous devrions accorder plus d’attention à la qualité.",,,drittens = thirdly ● Adverb,drittens = troisièmement ● Adverbe,,
12,"_____ ist es wichtig, regelmäßig Feedback zu geben.",Drittens,Drittens,"Drittens ist es wichtig, regelmäßig Feedback zu geben.","Thirdly, it’s important to give feedback regularly.","Troisièmement, il est important de donner régulièrement du feedback.",,,drittens = thirdly ● Adverb,drittens = troisièmement ● Adverbe,,
12,"Ich wollte gestern joggen gehen, _____ hat es den ganzen Tag geregnet.",jedoch,jedoch,"Ich wollte gestern joggen gehen, jedoch hat es den ganzen Tag geregnet.","I wanted to go jogging yesterday, however it rained all day.","Je voulais aller courir hier, cependant il a plu toute la journée.",,,"jedoch = however, nonetheless, nevertheless ● Adverb","jedoch = cependant, néanmoins, toutefois ● Adverbe",,
12,"Der Film war interessant, _____ etwas zu lang.",jedoch,jedoch,"Der Film war interessant, jedoch etwas zu lang.","The movie was interesting, however a bit too long.","Le film était intéressant, cependant un peu trop long.",,,"jedoch = however, nonetheless, nevertheless ● Adverb","jedoch = cependant, néanmoins, toutefois ● Adverbe",,
12,"Wir haben genug Zeit, _____ müssen wir jetzt anfangen.",jedoch,jedoch,"Wir haben genug Zeit, jedoch müssen wir jetzt anfangen.","We have enough time, however we need to start now.","Nous avons assez de temps, cependant il faut commencer maintenant.",,,"jedoch = however, nonetheless, nevertheless ● Adverb","jedoch = cependant, néanmoins, toutefois ● Adverbe",,
12,"Das Hotel war schön, _____ lag es weit vom Strand entfernt.",jedoch,jedoch,"Das Hotel war schön, jedoch lag es weit vom Strand entfernt.","The hotel was nice, however it was far from the beach.","L’hôtel était agréable, cependant il était loin de la plage.",,,"jedoch = however, nonetheless, nevertheless ● Adverb","jedoch = cependant, néanmoins, toutefois ● Adverbe",,
12,"Ich habe die Aufgabe verstanden, _____ brauche ich noch etwas Übung.",jedoch,jedoch,"Ich habe die Aufgabe verstanden, jedoch brauche ich noch etwas Übung.","I understood the task, however I still need some practice.","J’ai compris l’exercice, cependant j’ai encore besoin d’un peu de pratique.",,,"jedoch = however, nonetheless, nevertheless ● Adverb","jedoch = cependant, néanmoins, toutefois ● Adverbe",,
12,"Ich mag Obst, _____ Äpfel und Bananen.",zum Beispiel,zum Beispiel,"Ich mag Obst, zum Beispiel Äpfel und Bananen.","I like fruit, for example, apples and bananas.","J'aime les fruits, par exemple les pommes et les bananes.",,,zum beispiel = for example ● Adverb,zum beispiel = par exemple ● Adverbe,,
12,"Viele europäische Länder haben den Euro, _____ Deutschland und Frankreich.",zum Beispiel,zum Beispiel,"Viele europäische Länder haben den Euro, zum Beispiel Deutschland und Frankreich.","Many European countries use the euro, for example, Germany and France.","De nombreux pays européens utilisent l’euro, par exemple l’Allemagne et la France.",,,zum beispiel = for example ● Adverb,zum beispiel = par exemple ● Adverbe,,
12,"Man kann viele Sportarten treiben, _____ Tennis oder Fussball.",zum Beispiel,zum Beispiel,"Man kann viele Sportarten treiben, zum Beispiel Tennis oder Fussball.","You can practice many sports, for example, tennis or soccer.","Vous pouvez pratiquer de nombreux sports, par exemple le tennis ou le football.",,,zum beispiel = for example ● Adverb,zum beispiel = par exemple ● Adverbe,,
12,"Es gibt viele schöne Städte in Italien, _____ Rom und Florenz.",zum Beispiel,zum Beispiel,"Es gibt viele schöne Städte in Italien, zum Beispiel Rom und Florenz.","There are many beautiful cities in Italy, for example, Rome and Florence.","Il y a beaucoup de belles villes en Italie, par exemple Rome et Florence.",,,zum beispiel = for example ● Adverb,zum beispiel = par exemple ● Adverbe,,
12,"Einige Tiere sind sehr intelligent, _____ Delfine und Elefanten.",zum Beispiel,zum Beispiel,"Einige Tiere sind sehr intelligent, zum Beispiel Delfine und Elefanten.","Some animals are very intelligent, for example, dolphins and elephants.","Certains animaux sont très intelligents, comme les dauphins et les éléphants.",,,zum beispiel = for example ● Adverb,zum beispiel = par exemple ● Adverbe,,
13,darum,deshalb,deshalb,"Ich habe mich lange vorbereitet, darum klappt die Präsentation heute besser.","therefore, for this reason, because of that","pour cette raison, à cause de cela",Adverb,Adverbe,"deshalb = therefore, for this reason, because of that ● Adverb","deshalb = pour cette raison, à cause de cela ● Adverbe","darum = therefore, for this reason, because of that ● Adverb","darum = pour cette raison, à cause de cela ● Adverbe"
13,deswegen,deshalb,deshalb,"Sie hat viel geübt, deswegen versteht sie die Grammatik jetzt gut.","therefore, for this reason, because of that","pour cette raison, à cause de cela",Adverb,Adverbe,"deshalb = therefore, for this reason, because of that ● Adverb","deshalb = pour cette raison, à cause de cela ● Adverbe","deswegen = therefore, for this reason, because of that ● Adverb","deswegen = pour cette raison, à cause de cela ● Adverbe"
13,obgleich,obwohl,obwohl,"Er geht joggen, obgleich er eigentlich keine Zeit hat.","although, even though","bien que, même si",Subordinating conjunction,Conjonctions de subordination,"obwohl = although, even though ● Subordinating conjunction","obwohl = bien que, même si ● Conjonctions de subordination","obgleich = although, even though ● Subordinating conjunction","obgleich = bien que, même si ● Conjonctions de subordination"
13,obschon,obwohl,obwohl,"Wir blieben im Park, obschon es leicht geregnet hat.","although, even though","bien que, même si",Subordinating conjunction,Conjonctions de subordination,"obwohl = although, even though ● Subordinating conjunction","obwohl = bien que, même si ● Conjonctions de subordination","obschon = although, even though ● Subordinating conjunction","obschon = bien que, même si ● Conjonctions de subordination"
13,da,weil,weil,"Ich nehme den Bus, da mein Fahrrad kaputt ist.","because, since","parce que, puisque, vu que",Subordinating conjunction,Conjonctions de subordination,"weil = because, since ● Subordinating conjunction","weil = parce que, puisque, vu que ● Conjonctions de subordination","da = because, since ● Subordinating conjunction","da = parce que, puisque, vu que ● Conjonctions de subordination"
13,statt ... zu,anstatt ... zu,anstatt ... zu,"Er arbeitet weiter, statt zu pausieren.",instead of,"au lieu de, à la place de",Correlative conjunction,Conjonction corrélative,anstatt ... zu = instead of ● Correlative conjunction,"anstatt ... zu = au lieu de, à la place de ● Conjonction corrélative",statt ... zu = instead of ● Correlative conjunction,"statt ... zu = au lieu de, à la place de ● Conjonction corrélative"
13,dennoch,trotzdem,trotzdem,"Sie war sehr gestresst, dennoch blieb sie freundlich.","despite it, nevertheless, yet, nonetheless, anyway","malgré cela, tout de même, néanmoins, pourtant",Adverb,Adverbe,"trotzdem = despite it, nevertheless, yet, nonetheless, anyway ● Adverb","trotzdem = malgré cela, tout de même, néanmoins, pourtant ● Adverbe","dennoch = despite it, nevertheless, yet, nonetheless, anyway ● Adverb","dennoch = malgré cela, tout de même, néanmoins, pourtant ● Adverbe"
13,allerdings,jedoch,jedoch,"Das Angebot war interessant, allerdings war der Preis zu hoch.","however, nonetheless, nevertheless","cependant, néanmoins, toutefois",Adverb,Adverbe,"jedoch = however, nonetheless, nevertheless ● Adverb","jedoch = cependant, néanmoins, toutefois ● Adverbe","allerdings = however, nonetheless, nevertheless ● Adverb","allerdings = cependant, néanmoins, toutefois ● Adverbe"
13,nachher,danach,danach,Wir treffen uns nachher im Café.,"afterwards, thereafter","ensuite, par la suite, après cela",Adverb,Adverbe,"danach = afterwards, thereafter ● Adverb","danach = ensuite, par la suite, après cela ● Adverbe","nachher = afterwards, thereafter ● Adverb","nachher = ensuite, par la suite, après cela ● Adverbe"
13,davor,vorher,vorher,"Er war nervös, davor hatte er kaum geschlafen.",beforehand,"avant cela, préalablement, auparavant",Adverb,Adverbe,vorher = beforehand ● Adverb,"vorher = avant cela, préalablement, auparavant ● Adverbe",davor = beforehand ● Adverb,"davor = avant cela, préalablement, auparavant ● Adverbe"
13,zuvor,vorher,vorher,Wir haben die Regeln zuvor genau erklärt.,beforehand,"avant cela, préalablement, auparavant",Adverb,Adverbe,vorher = beforehand ● Adverb,"vorher = avant cela, préalablement, auparavant ● Adverbe",zuvor = beforehand ● Adverb,"zuvor = avant cela, préalablement, auparavant ● Adverbe"
14,,entweder ... oder,entweder ... oder,,either ... or,"soit ... soit, soit ... ou",Correlative conjunction,Conjonction corrélative,entweder ... oder = either ... or ● Correlative conjunction,"entweder ... oder = soit ... soit, soit ... ou ● Conjonction corrélative",,
14,,weder ... noch,weder ... noch,,neither ... nor,ni ... ni,Correlative conjunction,Conjonction corrélative,weder ... noch = neither ... nor ● Correlative conjunction,weder ... noch = ni ... ni ● Conjonction corrélative,,
14,,sowohl ... als auch,sowohl ... als auch,,both ... and,"à la fois ... ainsi que, aussi bien ... que",Correlative conjunction,Conjonction corrélative,sowohl ... als auch = both ... and ● Correlative conjunction,"sowohl ... als auch = à la fois ... ainsi que, aussi bien ... que ● Conjonction corrélative",,
14,,nicht nur,nicht nur,,not only,pas seulement,Correlative conjunction,Conjonction corrélative,nicht nur = not only ● Correlative conjunction,nicht nur = pas seulement ● Conjonction corrélative,,
14,,sondern auch,sondern auch,,but also,mais aussi,Correlative conjunction,Conjonction corrélative,sondern auch = but also ● Correlative conjunction,sondern auch = mais aussi ● Conjonction corrélative,,
14,,einerseits,einerseits,,on the one hand,"d'un côté, d'une part",Adverb,Adverbe,einerseits = on the one hand ● Adverb,"einerseits = d'un côté, d'une part ● Adverbe",,
14,,andererseits,andererseits,,on the other hand,"de l'autre côté, d'autre part",Adverb,Adverbe,andererseits = on the other hand ● Adverb,"andererseits = de l'autre côté, d'autre part ● Adverbe",,
14,,zwar,zwar,,"admittely, indeed, to be precise","certes, en effet",Adverb,Adverbe,"zwar = admittely, indeed, to be precise ● Adverb","zwar = certes, en effet ● Adverbe",,
15,"_____ ist der Job sehr anspruchsvoll, andererseits bietet er viele Chancen.",Einerseits,Einerseits,"Einerseits ist der Job sehr anspruchsvoll, andererseits bietet er viele Chancen.","On the one hand, the job is very demanding; on the other hand, it offers many opportunities.","D’un côté, le métier est très exigeant ; de l’autre, il offre de nombreuses opportunités.",,,einerseits = on the one hand ● Adverb,"einerseits = d'un côté, d'une part ● Adverbe",,
15,"_____ möchte ich ins Ausland ziehen, andererseits vermisse ich meine Familie.",Einerseits,Einerseits,"Einerseits möchte ich ins Ausland ziehen, andererseits vermisse ich meine Familie.","On the one hand, I want to move abroad; on the other hand, I miss my family.","D’un côté, j’ai envie de partir à l’étranger ; de l’autre, ma famille me manque.",,,einerseits = on the one hand ● Adverb,"einerseits = d'un côté, d'une part ● Adverbe",,
15,"_____ ist das Angebot günstig, andererseits gibt es bessere Alternativen.",Einerseits,Einerseits,"Einerseits ist das Angebot günstig, andererseits gibt es bessere Alternativen.","On the one hand, the offer is cheap; on the other hand, there are better alternatives.","D’un côté, l’offre est bon marché ; de l’autre, il existe de meilleures alternatives.",,,einerseits = on the one hand ● Adverb,"einerseits = d'un côté, d'une part ● Adverbe",,
15,"_____ liebe ich meine Arbeit, andererseits ist sie oft sehr stressig.",Einerseits,Einerseits,"Einerseits liebe ich meine Arbeit, andererseits ist sie oft sehr stressig.","On the one hand, I love my job; on the other hand, it is often very stressful.","D’un côté, j’aime mon travail ; de l’autre, il est souvent très stressant.",,,einerseits = on the one hand ● Adverb,"einerseits = d'un côté, d'une part ● Adverbe",,
15,"_____ wäre ein eigenes Haus schön, andererseits sind die Kosten sehr hoch.",Einerseits,Einerseits,"Einerseits wäre ein eigenes Haus schön, andererseits sind die Kosten sehr hoch.","On the one hand, owning a house would be nice; on the other hand, the costs are very high.","D’un côté, posséder une maison serait bien ; de l’autre, les coûts sont très élevés.",,,einerseits = on the one hand ● Adverb,"einerseits = d'un côté, d'une part ● Adverbe",,
15,"Ich möchte mehr Freizeit haben, _____ brauche ich das Geld.",andererseits,andererseits,"Ich möchte mehr Freizeit haben, andererseits brauche ich das Geld.","I would like to have more free time; on the other hand, I need the money.","J'aimerais avoir plus de temps libre, mais d'un autre côté, j'ai besoin d'argent.",,,andererseits = on the other hand ● Adverb,"andererseits = de l'autre côté, d'autre part ● Adverbe",,
15,"Ein Auto zu besitzen ist praktisch, _____ sind die Kosten sehr hoch.",andererseits,andererseits,"Ein Auto zu besitzen ist praktisch, andererseits sind die Kosten sehr hoch.","Owning a car is practical; on the other hand, the costs are very high.","Posséder une voiture est pratique, mais en revanche, les coûts sont très élevés.",,,andererseits = on the other hand ● Adverb,"andererseits = de l'autre côté, d'autre part ● Adverbe",,
15,"Er mag seinen Job, _____ würde er gerne etwas Neues ausprobieren.",andererseits,andererseits,"Er mag seinen Job, andererseits würde er gerne etwas Neues ausprobieren.","He likes his job; on the other hand, he would like to try something new.","Il aime son travail ; d’un autre côté, il aimerait essayer quelque chose de nouveau.",,,andererseits = on the other hand ● Adverb,"andererseits = de l'autre côté, d'autre part ● Adverbe",,
15,"Eine grosse Stadt bietet viele Möglichkeiten, _____ kann es dort sehr laut sein.",andererseits,andererseits,"Eine grosse Stadt bietet viele Möglichkeiten, andererseits kann es dort sehr laut sein.","A big city offers many opportunities; on the other hand, it can be very noisy there.","Une grande ville offre de nombreuses opportunités ; en revanche, elle peut y être très bruyante.",,,andererseits = on the other hand ● Adverb,"andererseits = de l'autre côté, d'autre part ● Adverbe",,
15,"Ich würde gerne umziehen, _____ ist meine Wohnung sehr günstig.",andererseits,andererseits,"Ich würde gerne umziehen, andererseits ist meine Wohnung sehr günstig.","I would like to move; on the other hand, my apartment is very affordable.","J'aimerais déménager, par contre mon appartement est très abordable.",,,andererseits = on the other hand ● Adverb,"andererseits = de l'autre côté, d'autre part ● Adverbe",,
15,Wir können _____ ins Kino gehen oder zu Hause einen Film schauen.,entweder,entweder oder,Wir können entweder ins Kino gehen oder zu Hause einen Film schauen.,We can either go to the cinema or watch a movie at home.,"Nous pouvons soit aller au cinéma, soit regarder un film à la maison.",,,entweder oder = We can either go to the cinema or watch a movie at home. ● ,"entweder oder = Nous pouvons soit aller au cinéma, soit regarder un film à la maison. ● ",,
15,"_____ du kommst pünktlich, oder wir starten ohne dich.",Entweder,entweder oder,"Entweder du kommst pünktlich, oder wir starten ohne dich.","Either you arrive on time, or we will start without you.","Soit vous arrivez à l'heure, soit nous partons sans vous.",,,entweder oder = We can either go to the cinema or watch a movie at home. ● ,"entweder oder = Nous pouvons soit aller au cinéma, soit regarder un film à la maison. ● ",,
15,Sie wird _____ in Berlin studieren oder nach Hamburg ziehen.,entweder,entweder oder,Sie wird entweder in Berlin studieren oder nach Hamburg ziehen.,She will either study in Berlin or move to Hamburg.,"Elle étudiera soit à Berlin, soit déménagera à Hambourg.",,,entweder oder = We can either go to the cinema or watch a movie at home. ● ,"entweder oder = Nous pouvons soit aller au cinéma, soit regarder un film à la maison. ● ",,
15,"_____ du lernst fleißig, oder du wirst die Prüfung nicht bestehen.",Entweder,entweder oder,"Entweder du lernst fleißig, oder du wirst die Prüfung nicht bestehen.","Either you study hard, or you won’t pass the exam.","Soit vous étudiez dur, soit vous ne réussirez pas l’examen.",,,entweder oder = We can either go to the cinema or watch a movie at home. ● ,"entweder oder = Nous pouvons soit aller au cinéma, soit regarder un film à la maison. ● ",,
15,Wir können _____ mit dem Auto fahren oder den Zug nehmen.,entweder,entweder oder,Wir können entweder mit dem Auto fahren oder den Zug nehmen.,We can either go by car or take the train.,Nous pouvons y aller en voiture ou prendre le train.,,,entweder oder = We can either go to the cinema or watch a movie at home. ● ,"entweder oder = Nous pouvons soit aller au cinéma, soit regarder un film à la maison. ● ",,
15,Ich trinke _____ Kaffee noch Tee.,weder,weder noch,Ich trinke weder Kaffee noch Tee.,I drink neither coffee nor tea.,Je ne bois ni café ni thé.,,,weder noch = I drink neither coffee nor tea. ● ,weder noch = Je ne bois ni café ni thé. ● ,,
15,Er mag _____ klassische Musik noch Pop.,weder,weder noch,Er mag weder klassische Musik noch Pop.,He likes neither classical music nor pop.,Il n'aime ni la musique classique ni la pop.,,,weder noch = I drink neither coffee nor tea. ● ,weder noch = Je ne bois ni café ni thé. ● ,,
15,Sie spricht _____ Spanisch noch Italienisch.,weder,weder noch,Sie spricht weder Spanisch noch Italienisch.,She speaks neither Spanish nor Italian.,Elle ne parle ni espagnol ni italien.,,,weder noch = I drink neither coffee nor tea. ● ,weder noch = Je ne bois ni café ni thé. ● ,,
15,Das Hotel war _____ sauber noch günstig.,weder,weder noch,Das Hotel war weder sauber noch günstig.,The hotel was neither clean nor affordable.,L'hôtel n'était ni propre ni abordable.,,,weder noch = I drink neither coffee nor tea. ● ,weder noch = Je ne bois ni café ni thé. ● ,,
15,Wir haben _____ Zeit noch Geld für eine Reise.,weder,weder noch,Wir haben weder Zeit noch Geld für eine Reise.,We have neither time nor money for a trip.,Nous n'avons ni le temps ni l'argent pour un voyage.,,,weder noch = I drink neither coffee nor tea. ● ,weder noch = Je ne bois ni café ni thé. ● ,,
15,Er interessiert sich weder für Sport _____ für Kunst.,noch,weder noch,Er interessiert sich weder für Sport noch für Kunst.,He is interested in neither sports nor art.,Il ne s’intéresse ni au sport ni à l’art.,,,weder noch = I drink neither coffee nor tea. ● ,weder noch = Je ne bois ni café ni thé. ● ,,
15,Ich kann weder tanzen _____ singen.,noch,weder noch,Ich kann weder tanzen noch singen.,I can neither dance nor sing.,Je ne sais ni danser ni chanter.,,,weder noch = I drink neither coffee nor tea. ● ,weder noch = Je ne bois ni café ni thé. ● ,,
15,Die Aufgabe war weder einfach _____ schnell erledigt.,noch,weder noch,Die Aufgabe war weder einfach noch schnell erledigt.,The task was neither easy nor quickly done.,La tâche n’était ni facile ni rapide à réaliser.,,,weder noch = I drink neither coffee nor tea. ● ,weder noch = Je ne bois ni café ni thé. ● ,,
15,Weder mein Bruder _____ meine Schwester konnten kommen.,noch,weder noch,Weder mein Bruder noch meine Schwester konnten kommen.,Neither my brother nor my sister could come.,Ni mon frère ni ma sœur n’ont pu venir.,,,weder noch = I drink neither coffee nor tea. ● ,weder noch = Je ne bois ni café ni thé. ● ,,
15,Dieses Buch ist weder spannend _____ informativ.,noch,weder noch,Dieses Buch ist weder spannend noch informativ.,This book is neither exciting nor informative.,Ce livre n’est ni passionnant ni informatif.,,,weder noch = I drink neither coffee nor tea. ● ,weder noch = Je ne bois ni café ni thé. ● ,,
15,Er spricht _____ Deutsch als auch Englisch fließend.,sowohl,sowohl als auch,Er spricht sowohl Deutsch als auch Englisch fließend.,He speaks both German and English fluently.,Il parle couramment l'allemand et l'anglais.,,,sowohl als auch = He speaks both German and English fluently. ● ,sowohl als auch = Il parle couramment l'allemand et l'anglais. ● ,,
15,_____ das Design als auch die Funktionalität des neuen Smartphones sind beeindruckend.,Sowohl,sowohl als auch,Sowohl das Design als auch die Funktionalität des neuen Smartphones sind beeindruckend.,Both the design and the functionality of the new smartphone are impressive.,Le design et les fonctionnalités du nouveau smartphone sont tous deux impressionnants.,,,sowohl als auch = He speaks both German and English fluently. ● ,sowohl als auch = Il parle couramment l'allemand et l'anglais. ● ,,
15,Sie interessiert sich _____ für Kunst als auch für Wissenschaft.,sowohl,sowohl als auch,Sie interessiert sich sowohl für Kunst als auch für Wissenschaft.,She is interested in both art and science.,Elle s'intéresse à la fois à l'art et à la science.,,,sowohl als auch = He speaks both German and English fluently. ● ,sowohl als auch = Il parle couramment l'allemand et l'anglais. ● ,,
15,Die Firma legt Wert auf _____ nachhaltige als auch effiziente Produktionsmethoden.,sowohl,sowohl als auch,Die Firma legt Wert auf sowohl nachhaltige als auch effiziente Produktionsmethoden.,The company values both sustainable and efficient production methods.,L'entreprise valorise les méthodes de production à la fois durables et efficaces.,,,sowohl als auch = He speaks both German and English fluently. ● ,sowohl als auch = Il parle couramment l'allemand et l'anglais. ● ,,
15,Dieses Hotel bietet _____ einen Pool als auch ein Fitnessstudio für seine Gäste.,sowohl,sowohl als auch,Dieses Hotel bietet sowohl einen Pool als auch ein Fitnessstudio für seine Gäste.,This hotel offers both a pool and a gym for its guests.,Cet hôtel propose à ses clients une piscine et une salle de sport.,,,sowohl als auch = He speaks both German and English fluently. ● ,sowohl als auch = Il parle couramment l'allemand et l'anglais. ● ,,
15,Die Konferenz behandelt sowohl aktuelle _____ zukünftige wirtschaftliche Herausforderungen.,als auch,sowohl als auch,Die Konferenz behandelt sowohl aktuelle als auch zukünftige wirtschaftliche Herausforderungen.,The conference addresses both current and future economic challenges.,La conférence aborde les défis économiques actuels et futurs.,,,sowohl als auch = He speaks both German and English fluently. ● ,sowohl als auch = Il parle couramment l'allemand et l'anglais. ● ,,
15,Er ist sowohl ein talentierter Musiker _____ ein erfolgreicher Unternehmer.,als auch,sowohl als auch,Er ist sowohl ein talentierter Musiker als auch ein erfolgreicher Unternehmer.,He is both a talented musician and a successful entrepreneur.,Il est à la fois un musicien talentueux et un entrepreneur à succès.,,,sowohl als auch = He speaks both German and English fluently. ● ,sowohl als auch = Il parle couramment l'allemand et l'anglais. ● ,,
15,Das neue Gesetz betrifft sowohl Arbeitnehmer _____ Arbeitgeber gleichermaßen.,als auch,sowohl als auch,Das neue Gesetz betrifft sowohl Arbeitnehmer als auch Arbeitgeber gleichermaßen.,The new law affects both employees and employers equally.,La nouvelle loi affecte autant les salariés que les employeurs.,,,sowohl als auch = He speaks both German and English fluently. ● ,sowohl als auch = Il parle couramment l'allemand et l'anglais. ● ,,
15,Das Wetter war sowohl sonnig _____ angenehm warm während unseres Urlaubs.,als auch,sowohl als auch,Das Wetter war sowohl sonnig als auch angenehm warm während unseres Urlaubs.,The weather was both sunny and pleasantly warm during our vacation.,Le temps était à la fois ensoleillé et agréablement chaud pendant nos vacances.,,,sowohl als auch = He speaks both German and English fluently. ● ,sowohl als auch = Il parle couramment l'allemand et l'anglais. ● ,,
15,Sie hat sowohl theoretische _____ praktische Erfahrungen in diesem Bereich gesammelt.,als auch,sowohl als auch,Sie hat sowohl theoretische als auch praktische Erfahrungen in diesem Bereich gesammelt.,She has gained both theoretical and practical experience in this field.,Elle a acquis une expérience à la fois théorique et pratique dans ce domaine.,,,sowohl als auch = He speaks both German and English fluently. ● ,sowohl als auch = Il parle couramment l'allemand et l'anglais. ● ,,
15,"Er spricht _____ Deutsch, sondern auch Spanisch fließend.",nicht nur,nicht nur,"Er spricht nicht nur Deutsch, sondern auch Spanisch fließend.",He speaks not only German but also Spanish fluently.,Il parle couramment non seulement l'allemand mais aussi l'espagnol.,,,nicht nur = not only ● Correlative conjunction,nicht nur = pas seulement ● Conjonction corrélative,,
15,"Das neue Auto ist _____ schnell, sondern auch umweltfreundlich.",nicht nur,nicht nur,"Das neue Auto ist nicht nur schnell, sondern auch umweltfreundlich.",The new car is not only fast but also environmentally friendly.,La nouvelle voiture est non seulement rapide mais aussi respectueuse de l’environnement.,,,nicht nur = not only ● Correlative conjunction,nicht nur = pas seulement ● Conjonction corrélative,,
15,"Sie ist _____ eine talentierte Musikerin, sondern auch eine erfolgreiche Schriftstellerin.",nicht nur,nicht nur,"Sie ist nicht nur eine talentierte Musikerin, sondern auch eine erfolgreiche Schriftstellerin.",She is not only a talented musician but also a successful writer.,Elle n’est pas seulement une musicienne talentueuse mais aussi une écrivaine à succès.,,,nicht nur = not only ● Correlative conjunction,nicht nur = pas seulement ● Conjonction corrélative,,
15,"Diese Stadt ist _____ historisch interessant, sondern auch kulturell vielfältig.",nicht nur,nicht nur,"Diese Stadt ist nicht nur historisch interessant, sondern auch kulturell vielfältig.",This city is not only historically interesting but also culturally diverse.,Cette ville est non seulement intéressante sur le plan historique mais aussi culturellement diversifiée.,,,nicht nur = not only ● Correlative conjunction,nicht nur = pas seulement ● Conjonction corrélative,,
15,"Die Firma investiert _____ in Technologie, sondern auch in nachhaltige Entwicklung.",nicht nur,nicht nur,"Die Firma investiert nicht nur in Technologie, sondern auch in nachhaltige Entwicklung.",The company invests not only in technology but also in sustainable development.,L'entreprise investit non seulement dans la technologie mais aussi dans le développement durable.,,,nicht nur = not only ● Correlative conjunction,nicht nur = pas seulement ● Conjonction corrélative,,
15,"Er hat nicht nur die Prüfung bestanden, _____ die beste Note erhalten.",sondern auch,sondern auch,"Er hat nicht nur die Prüfung bestanden, sondern auch die beste Note erhalten.",He not only passed the exam but also got the best grade.,"Il a non seulement réussi l’examen, mais a également obtenu la meilleure note.",,,sondern auch = but also ● Correlative conjunction,sondern auch = mais aussi ● Conjonction corrélative,,
15,"Das neue Restaurant bietet nicht nur leckeres Essen, _____ einen exzellenten Service.",sondern auch,sondern auch,"Das neue Restaurant bietet nicht nur leckeres Essen, sondern auch einen exzellenten Service.",The new restaurant offers not only delicious food but also excellent service.,Le nouveau restaurant propose non seulement une cuisine délicieuse mais également un excellent service.,,,sondern auch = but also ● Correlative conjunction,sondern auch = mais aussi ● Conjonction corrélative,,
15,"Nicht nur das Wetter war perfekt, _____ die Atmosphäre am Strand war großartig.",sondern auch,sondern auch,"Nicht nur das Wetter war perfekt, sondern auch die Atmosphäre am Strand war großartig.","Not only was the weather perfect, but the atmosphere at the beach was also great.","Non seulement le temps était parfait, mais l’ambiance à la plage était également géniale.",,,sondern auch = but also ● Correlative conjunction,sondern auch = mais aussi ● Conjonction corrélative,,
15,"Sie arbeitet nicht nur hart in ihrem Job, _____ zu Hause",sondern auch,sondern auch,"Sie arbeitet nicht nur hart in ihrem Job, sondern auch zu Hause","She does not only work hard at her job, but also at home","Elle ne travaille pas seulement dur à son travail, mais aussi à la maison",,,sondern auch = but also ● Correlative conjunction,sondern auch = mais aussi ● Conjonction corrélative,,
15,"Das Training verbessert nicht nur die körperliche Fitness, _____ die mentale Stärke.",sondern auch,sondern auch,"Das Training verbessert nicht nur die körperliche Fitness, sondern auch die mentale Stärke.",The training improves not only physical fitness but also mental strength.,L’entraînement améliore non seulement la condition physique mais aussi la force mentale.,,,sondern auch = but also ● Correlative conjunction,sondern auch = mais aussi ● Conjonction corrélative,,
15,"Er hat die Aufgabe _____ erledigt, aber nicht sehr sorgfältig.",zwar,zwar,"Er hat die Aufgabe zwar erledigt, aber nicht sehr sorgfältig.","He did complete the task, but not very carefully.","Il a accompli la tâche, mais pas avec beaucoup de soin.",,,"zwar = admittely, indeed, to be precise ● Adverb","zwar = certes, en effet ● Adverbe",,
15,"Ich habe das Buch _____ gelesen, aber ich habe es nicht ganz verstanden.",zwar,zwar,"Ich habe das Buch zwar gelesen, aber ich habe es nicht ganz verstanden.","I did read the book, but I didn’t fully understand it.","J’ai lu le livre, mais je ne l’ai pas entièrement compris.",,,"zwar = admittely, indeed, to be precise ● Adverb","zwar = certes, en effet ● Adverbe",,
15,"Sie ist _____ jung, aber sie hat schon viel Erfahrung.",zwar,zwar,"Sie ist zwar jung, aber sie hat schon viel Erfahrung.","She is indeed young, but she already has a lot of experience.","Elle est certes jeune, mais elle a déjà beaucoup d’expérience.",,,"zwar = admittely, indeed, to be precise ● Adverb","zwar = certes, en effet ● Adverbe",,
15,"Das Hotel war _____ teuer, aber der Service war ausgezeichnet.",zwar,zwar,"Das Hotel war zwar teuer, aber der Service war ausgezeichnet.","The hotel was admittedly expensive, but the service was excellent.","L'hôtel était certes cher, mais le service était excellent.",,,"zwar = admittely, indeed, to be precise ● Adverb","zwar = certes, en effet ● Adverbe",,
15,"Er hat _____ wenig Zeit, aber er hilft mir trotzdem.",zwar,zwar,"Er hat zwar wenig Zeit, aber er hilft mir trotzdem.","He has little time, but he helps me anyway.","Il a peu de temps, mais il m'aide quand même.",,,"zwar = admittely, indeed, to be precise ● Adverb","zwar = certes, en effet ● Adverbe",,
16,,sodass,sodass,,"so, such that, so much so that, consequently","de sorte que, si bien que",Subordinating conjunction,Conjonctions de subordination,"sodass = so, such that, so much so that, consequently ● Subordinating conjunction","sodass = de sorte que, si bien que ● Conjonctions de subordination",,
16,,dagegen,dagegen,,"by contrast, in contrast, on the other hand","par contre, en revanche, au contraire",Adverb,Adverbe,"dagegen = by contrast, in contrast, on the other hand ● Adverb","dagegen = par contre, en revanche, au contraire ● Adverbe",,
16,,stattdessen,stattdessen,,instead,"au lieu de cela, à la place",Adverb,Adverbe,stattdessen = instead ● Adverb,"stattdessen = au lieu de cela, à la place ● Adverbe",,
16,,währenddessen,währenddessen,,"meanwhile, in the meantime, by now","pendant ce temps, en attendant",Adverb,Adverbe,"währenddessen = meanwhile, in the meantime, by now ● Adverb","währenddessen = pendant ce temps, en attendant ● Adverbe",,
16,,folglich,folglich,,"consequently, as a result, thereupon","par conséquent, en conséquence",Adverb,Adverbe,"folglich = consequently, as a result, thereupon ● Adverb","folglich = par conséquent, en conséquence ● Adverbe",,
16,,zuerst,zuerst,,"first, at first","d'abord, tout d'abord, au début",Adverb,Adverbe,"zuerst = first, at first ● Adverb","zuerst = d'abord, tout d'abord, au début ● Adverbe",,
16,,schließlich,schließlich,,"finally, in the end, after all","enfin, finalement, après tout",Adverb,Adverbe,"schließlich = finally, in the end, after all ● Adverb","schließlich = enfin, finalement, après tout ● Adverbe",,
16,,außerdem,außerdem,,"besides, moreover, furthermore","en outre, de plus",Adverb,Adverbe,"außerdem = besides, moreover, furthermore ● Adverb","außerdem = en outre, de plus ● Adverbe",,
16,,so,so,,"like that, that way","ainsi, comme ça, de cette manière, de cette façon",Adverb,Adverbe,"so = like that, that way ● Adverb","so = ainsi, comme ça, de cette manière, de cette façon ● Adverbe",,
17,"Es regnete plötzlich stark, _____ wir komplett nass wurden.",sodass,sodass,"Es regnete plötzlich stark, sodass wir komplett nass wurden.","It suddenly rained heavily, so much so we got completely soaked.","Il s’est mis à pleuvoir fortement, si bien que nous avons été complètement trempés.",,,"sodass = so, such that, so much so that, consequently ● Subordinating conjunction","sodass = de sorte que, si bien que ● Conjonctions de subordination",,
17,"Der Zug hatte große Verspätung, _____ ich meinen Termin verpasste.",sodass,sodass,"Der Zug hatte große Verspätung, sodass ich meinen Termin verpasste.","The train was heavily delayed, so I missed my appointment.","Le train avait beaucoup de retard, si bien que j’ai manqué mon rendez-vous.",,,"sodass = so, such that, so much so that, consequently ● Subordinating conjunction","sodass = de sorte que, si bien que ● Conjonctions de subordination",,
17,"Die Musik war extrem laut, _____ die Nachbarn sich beschwerten.",sodass,sodass,"Die Musik war extrem laut, sodass die Nachbarn sich beschwerten.","The music was extremely loud, as a consequence the neighbours complained.","La musique était extrêmement forte, si bien que les voisins se sont plaints.",,,"sodass = so, such that, so much so that, consequently ● Subordinating conjunction","sodass = de sorte que, si bien que ● Conjonctions de subordination",,
17,"Er arbeitete die ganze Nacht, _____ er am Morgen völlig erschöpft war.",sodass,sodass,"Er arbeitete die ganze Nacht, sodass er am Morgen völlig erschöpft war.","He worked the whole night, so he was completely exhausted in the morning.","Il a travaillé toute la nuit, si bien qu’il était complètement épuisé le matin.",,,"sodass = so, such that, so much so that, consequently ● Subordinating conjunction","sodass = de sorte que, si bien que ● Conjonctions de subordination",,
17,"Die Straße war gesperrt, _____ wir einen Umweg fahren mussten.",sodass,sodass,"Die Straße war gesperrt, sodass wir einen Umweg fahren mussten.","The street was closed, so we had to take a detour.","La rue était fermée, si bien que nous avons dû faire un détour.",,,"sodass = so, such that, so much so that, consequently ● Subordinating conjunction","sodass = de sorte que, si bien que ● Conjonctions de subordination",,
17,"Viele Menschen bevorzugen Großstädte, _____ fühle ich mich auf dem Land wohler.",dagegen,dagegen,"Viele Menschen bevorzugen Großstädte, dagegen fühle ich mich auf dem Land wohler.","Many people prefer big cities, by contrast I feel more comfortable in the countryside.","Beaucoup de gens préfèrent les grandes villes, en revanche je me sens mieux à la campagne.",,,"dagegen = by contrast, in contrast, on the other hand ● Adverb","dagegen = par contre, en revanche, au contraire ● Adverbe",,
17,"Er arbeitet gern im Team, _____ bin ich lieber allein produktiv.",dagegen,dagegen,"Er arbeitet gern im Team, dagegen bin ich lieber allein produktiv.","He likes working in a team, by contrast I’m more productive alone.","Il aime travailler en équipe, en revanche je suis plus productif seul.",,,"dagegen = by contrast, in contrast, on the other hand ● Adverb","dagegen = par contre, en revanche, au contraire ● Adverbe",,
17,"Seine Schwester ist sehr spontan, _____ plant er alles im Voraus.",dagegen,dagegen,"Seine Schwester ist sehr spontan, dagegen plant er alles im Voraus.","His sister is very spontaneous, by contrast he plans everything in advance.","Sa sœur est très spontanée, en revanche il planifie tout à l’avance.",,,"dagegen = by contrast, in contrast, on the other hand ● Adverb","dagegen = par contre, en revanche, au contraire ● Adverbe",,
17,"Das alte Modell war schwer und langsam, _____ ist das neue deutlich effizienter.",dagegen,dagegen,"Das alte Modell war schwer und langsam, dagegen ist das neue deutlich effizienter.","The old model was heavy and slow, by contrast the new one is much more efficient.","L’ancien modèle était lourd et lent, en revanche le nouveau est bien plus efficace.",,,"dagegen = by contrast, in contrast, on the other hand ● Adverb","dagegen = par contre, en revanche, au contraire ● Adverbe",,
17,"Viele Jugendliche nutzen soziale Medien täglich, _____ interessiert sich meine Großmutter kaum dafür.",dagegen,dagegen,"Viele Jugendliche nutzen soziale Medien täglich, dagegen interessiert sich meine Großmutter kaum dafür.","Many young people use social media daily, by contrast my grandmother is hardly interested in it.","Beaucoup de jeunes utilisent les réseaux sociaux chaque jour, en revanche ma grand-mère s’y intéresse à peine.",,,"dagegen = by contrast, in contrast, on the other hand ● Adverb","dagegen = par contre, en revanche, au contraire ● Adverbe",,
17,"Ich wollte ins Kino gehen, _____ habe ich zu Hause einen Film geschaut.",stattdessen,stattdessen,"Ich wollte ins Kino gehen, stattdessen habe ich zu Hause einen Film geschaut.","I wanted to go to the cinema; instead, I watched a movie at home.","Je voulais aller au cinéma, mais au lieu de ça, j'ai regardé un film à la maison.",,,stattdessen = instead ● Adverb,"stattdessen = au lieu de cela, à la place ● Adverbe",,
17,"Er hat das teure Auto nicht gekauft, _____ hat er sich für ein günstigeres Modell entschieden.",stattdessen,stattdessen,"Er hat das teure Auto nicht gekauft, stattdessen hat er sich für ein günstigeres Modell entschieden.","He didn’t buy the expensive car; instead, he chose a cheaper model.",Il n’a pas acheté la voiture chère ; il a plutôt choisi un modèle moins cher.,,,stattdessen = instead ● Adverb,"stattdessen = au lieu de cela, à la place ● Adverbe",,
17,"Sie wollte kochen, _____ hat sie Essen bestellt.",stattdessen,stattdessen,"Sie wollte kochen, stattdessen hat sie Essen bestellt.","She wanted to cook; instead, she ordered food.","Elle voulait cuisiner ; au lieu de cela, elle a commandé de la nourriture.",,,stattdessen = instead ● Adverb,"stattdessen = au lieu de cela, à la place ● Adverbe",,
17,"Wir wollten spazieren gehen, aber es hat geregnet; _____ haben wir ein Café besucht.",stattdessen,stattdessen,"Wir wollten spazieren gehen, aber es hat geregnet; stattdessen haben wir ein Café besucht.","We wanted to go for a walk, but it rained; instead, we visited a café.","Nous voulions faire une promenade, mais il pleuvait ; à la place, nous sommes allés dans un café.",,,stattdessen = instead ● Adverb,"stattdessen = au lieu de cela, à la place ● Adverbe",,
17,"Er hatte keine Lust zu lernen, _____ hat er Videospiele gespielt.",stattdessen,stattdessen,"Er hatte keine Lust zu lernen, stattdessen hat er Videospiele gespielt.","He didn’t feel like studying; instead, he played video games.","Il n’avait pas envie d’étudier ; à la place, il jouait à des jeux vidéo.",,,stattdessen = instead ● Adverb,"stattdessen = au lieu de cela, à la place ● Adverbe",,
17,"Er hat nicht für die Prüfung gelernt, _____ hat er sie nicht bestanden.",folglich,folglich,"Er hat nicht für die Prüfung gelernt, folglich hat er sie nicht bestanden.","He didn’t study for the exam; consequently, he didn’t pass it.","Il n’a pas étudié pour l’examen et, par conséquent, il ne l’a pas réussi.",,,"folglich = consequently, as a result, thereupon ● Adverb","folglich = par conséquent, en conséquence ● Adverbe",,
17,"Es gab einen Unfall auf der Autobahn, _____ hatten wir eine lange Verspätung.",folglich,folglich,"Es gab einen Unfall auf der Autobahn, folglich hatten wir eine lange Verspätung.","There was an accident on the highway; consequently, we had a long delay.","Il y a eu un accident sur l'autoroute, ce qui a entraîné un long retard.",,,"folglich = consequently, as a result, thereupon ● Adverb","folglich = par conséquent, en conséquence ● Adverbe",,
17,"Sie hat jahrelang in Frankreich gelebt, _____ spricht sie fließend Französisch.",folglich,folglich,"Sie hat jahrelang in Frankreich gelebt, folglich spricht sie fließend Französisch.","She has lived in France for years; consequently, she speaks fluent French.","Elle vit en France depuis des années ; par conséquent, elle parle couramment le français.",,,"folglich = consequently, as a result, thereupon ● Adverb","folglich = par conséquent, en conséquence ● Adverbe",,
17,"Er war krank, _____ konnte er nicht zur Arbeit gehen.",folglich,folglich,"Er war krank, folglich konnte er nicht zur Arbeit gehen.","He was sick; consequently, he couldn’t go to work.","Il était malade ; par conséquent, il ne pouvait pas aller travailler.",,,"folglich = consequently, as a result, thereupon ● Adverb","folglich = par conséquent, en conséquence ● Adverbe",,
17,"Das Produkt war fehlerhaft, _____ mussten wir es zurücksenden.",folglich,folglich,"Das Produkt war fehlerhaft, folglich mussten wir es zurücksenden.","The product was defective; consequently, we had to return it.","Le produit était défectueux, par conséquent, nous avons dû le retourner.",,,"folglich = consequently, as a result, thereupon ● Adverb","folglich = par conséquent, en conséquence ● Adverbe",,
17,"Ich habe das Abendessen vorbereitet, _____ hat er den Tisch gedeckt.",währenddessen,währenddessen,"Ich habe das Abendessen vorbereitet, währenddessen hat er den Tisch gedeckt.","I prepared dinner; meanwhile, he set the table.","J'ai préparé le dîner ; pendant ce temps, il mettait la table.",,,"währenddessen = meanwhile, in the meantime, by now ● Adverb","währenddessen = pendant ce temps, en attendant ● Adverbe",,
17,"Sie war im Meeting, _____ habe ich die Präsentation fertiggestellt.",währenddessen,währenddessen,"Sie war im Meeting, währenddessen habe ich die Präsentation fertiggestellt.","She was in the meeting; meanwhile, I finished the presentation.","Elle était en réunion, pendant ce temps, je terminais la présentation.",,,"währenddessen = meanwhile, in the meantime, by now ● Adverb","währenddessen = pendant ce temps, en attendant ● Adverbe",,
17,"Das Auto wurde repariert, _____ haben wir einen Kaffee getrunken.",währenddessen,währenddessen,"Das Auto wurde repariert, währenddessen haben wir einen Kaffee getrunken.","The car was being repaired; in the meantime, we had a coffee.","La voiture était en réparation ; pendant ce temps, nous avons pris un café.",,,"währenddessen = meanwhile, in the meantime, by now ● Adverb","währenddessen = pendant ce temps, en attendant ● Adverbe",,
17,"Der Lehrer hat die Hausaufgaben erklärt, _____ haben die Schüler Notizen gemacht.",währenddessen,währenddessen,"Der Lehrer hat die Hausaufgaben erklärt, währenddessen haben die Schüler Notizen gemacht.","The teacher explained the homework; meanwhile, the students took notes.","Le professeur a expliqué les devoirs ; pendant ce temps, les élèves prenaient des notes.",,,"währenddessen = meanwhile, in the meantime, by now ● Adverb","währenddessen = pendant ce temps, en attendant ● Adverbe",,
17,"Die Bauarbeiten gingen weiter, _____ blieben die Geschäfte geöffnet.",währenddessen,währenddessen,"Die Bauarbeiten gingen weiter, währenddessen blieben die Geschäfte geöffnet.","The construction work continued; meanwhile, the shops remained open.","Les travaux de construction se poursuivent, tandis que les magasins restent ouverts.",,,"währenddessen = meanwhile, in the meantime, by now ● Adverb","währenddessen = pendant ce temps, en attendant ● Adverbe",,
17,"_____ wollte ich den Plan aufgeben, aber dann habe ich eine bessere Lösung gefunden.",Zuerst,Zuerst,"Zuerst wollte ich den Plan aufgeben, aber dann habe ich eine bessere Lösung gefunden.","At first I wanted to give up the plan, but then I found a better solution.","D’abord, je voulais abandonner le plan, mais ensuite j’ai trouvé une meilleure solution.",,,"zuerst = first, at first ● Adverb","zuerst = d'abord, tout d'abord, au début ● Adverbe",,
17,"Wir sollten _____ alle Informationen sammeln, bevor wir eine endgültige Entscheidung treffen.",zuerst,zuerst,"Wir sollten zuerst alle Informationen sammeln, bevor wir eine endgültige Entscheidung treffen.",We should first gather all the information before making a final decision.,Nous devrions d’abord rassembler toutes les informations avant de prendre une décision finale.,,,"zuerst = first, at first ● Adverb","zuerst = d'abord, tout d'abord, au début ● Adverbe",,
17,"_____ hat das Projekt viel Zeit gekostet, doch später lief alles deutlich schneller.",Zuerst,Zuerst,"Zuerst hat das Projekt viel Zeit gekostet, doch später lief alles deutlich schneller.","At first the project took a lot of time, but later everything went much faster.","Au début, le projet a pris beaucoup de temps, mais plus tard tout est allé beaucoup plus vite.",,,"zuerst = first, at first ● Adverb","zuerst = d'abord, tout d'abord, au début ● Adverbe",,
17,"Ich möchte _____ erklären, warum dieses Thema so wichtig ist.",zuerst,zuerst,"Ich möchte zuerst erklären, warum dieses Thema so wichtig ist.",I would like to explain first why this topic is so important.,Je voudrais d’abord expliquer pourquoi ce sujet est si important.,,,"zuerst = first, at first ● Adverb","zuerst = d'abord, tout d'abord, au début ● Adverbe",,
17,"_____ war ich skeptisch, doch nach dem Gespräch war ich viel zuversichtlicher.",Zuerst,Zuerst,"Zuerst war ich skeptisch, doch nach dem Gespräch war ich viel zuversichtlicher.","At first I was skeptical, but after the conversation I was much more confident.","Au début, j’étais sceptique, mais après la discussion, j’étais beaucoup plus confiant.",,,"zuerst = first, at first ● Adverb","zuerst = d'abord, tout d'abord, au début ● Adverbe",,
17,"Ich habe keine Zeit für einen Urlaub, _____ ist das Wetter schlecht.",außerdem,außerdem,"Ich habe keine Zeit für einen Urlaub, außerdem ist das Wetter schlecht.","I don’t have time for a vacation; besides, the weather is bad.","Je n’ai pas le temps de prendre des vacances ; de plus, le temps est mauvais.",,,"außerdem = besides, moreover, furthermore ● Adverb","außerdem = en outre, de plus ● Adverbe",,
17,"Er spricht fliessend Englisch, _____ kann er etwas Spanisch.",außerdem,außerdem,"Er spricht fliessend Englisch, außerdem kann er etwas Spanisch.","He speaks fluent English; furthermore, he knows some Spanish.",Il parle couramment l'anglais et connaît également quelques notions d'espagnol.,,,"außerdem = besides, moreover, furthermore ● Adverb","außerdem = en outre, de plus ● Adverbe",,
17,"Wir sollten mehr Gemüse essen, _____ ist es sehr gesund.",außerdem,außerdem,"Wir sollten mehr Gemüse essen, außerdem ist es sehr gesund.","We should eat more vegetables; besides, they are very healthy.","Nous devrions manger plus de légumes ; de plus, ils sont très sains.",,,"außerdem = besides, moreover, furthermore ● Adverb","außerdem = en outre, de plus ● Adverbe",,
17,"Das Hotel ist nicht nur günstig, _____ liegt es im Stadtzentrum.",außerdem,außerdem,"Das Hotel ist nicht nur günstig, außerdem liegt es im Stadtzentrum.","The hotel is not only affordable; furthermore, it is located in the city center.","L'hôtel n'est pas seulement abordable ; de plus, il est situé dans le centre-ville.",,,"außerdem = besides, moreover, furthermore ● Adverb","außerdem = en outre, de plus ● Adverbe",,
17,"Ich habe viel zu tun, _____ bin ich heute nicht in der Stimmung.",außerdem,außerdem,"Ich habe viel zu tun, außerdem bin ich heute nicht in der Stimmung.","I have a lot to do; besides, I’m not in the mood today.","J’ai beaucoup à faire, et puis je ne suis pas d’humeur aujourd’hui.",,,"außerdem = besides, moreover, furthermore ● Adverb","außerdem = en outre, de plus ● Adverbe",,
17,"_____ haben wir uns entschieden, das Projekt auf nächstes Jahr zu verschieben.",Schließlich,Schließlich,"Schließlich haben wir uns entschieden, das Projekt auf nächstes Jahr zu verschieben.","In the end, we decided to postpone the project until next year.","Finalement, nous avons décidé de reporter le projet à l’année prochaine.",,,"schließlich = finally, in the end, after all ● Adverb","schließlich = enfin, finalement, après tout ● Adverbe",,
17,"Er hat lange gezögert, aber _____ doch den Vertrag unterschrieben.",schließlich,schließlich,"Er hat lange gezögert, aber schließlich doch den Vertrag unterschrieben.",He hesitated for a long time but eventually signed the contract.,"Il a longtemps hésité, mais il a finalement signé le contrat.",,,"schließlich = finally, in the end, after all ● Adverb","schließlich = enfin, finalement, après tout ● Adverbe",,
17,"_____ muss man auch bedenken, dass niemand perfekt ist.",Schließlich,Schließlich,"Schließlich muss man auch bedenken, dass niemand perfekt ist.","After all, one must also keep in mind that nobody is perfect.","Après tout, il faut aussi garder à l’esprit que personne n’est parfait.",,,"schließlich = finally, in the end, after all ● Adverb","schließlich = enfin, finalement, après tout ● Adverbe",,
17,"_____ war es seine Idee, und sie hat gut funktioniert.",Schließlich,Schließlich,"Schließlich war es seine Idee, und sie hat gut funktioniert.","After all, it was his idea, and it worked well.","Après tout, c’était son idée, et elle a bien fonctionné.",,,"schließlich = finally, in the end, after all ● Adverb","schließlich = enfin, finalement, après tout ● Adverbe",,
17,"_____ möchten wir uns bei allen bedanken, die uns unterstützt haben.",Schließlich,Schließlich,"Schließlich möchten wir uns bei allen bedanken, die uns unterstützt haben.","Finally, we would like to thank everyone who supported us.","Enfin, nous tenons à remercier tous ceux qui nous ont soutenus.",,,"schließlich = finally, in the end, after all ● Adverb","schließlich = enfin, finalement, après tout ● Adverbe",,
17,"Man kann mit Kunden nicht _____ sprechen, wenn man professionell wirken möchte.",so,so,"Man kann mit Kunden nicht so sprechen, wenn man professionell wirken möchte.",You cannot speak to clients like that if you want to appear professional.,On ne peut pas parler aux clients comme ça si l’on veut paraître professionnel.,,,"so = like that, that way ● Adverb","so = ainsi, comme ça, de cette manière, de cette façon ● Adverbe",,
17,"Er hat die Situation _____ erklärt, dass selbst die neuen Mitarbeiter alles verstanden haben.",so,so,"Er hat die Situation so erklärt, dass selbst die neuen Mitarbeiter alles verstanden haben.",He explained the situation in that way so that even the new employees understood everything.,"Il a expliqué la situation de cette manière, de sorte que même les nouveaux employés ont tout compris.",,,"so = like that, that way ● Adverb","so = ainsi, comme ça, de cette manière, de cette façon ● Adverbe",,
17,"Wenn du das Problem _____ angehst, wirst du wahrscheinlich noch mehr Schwierigkeiten bekommen.",so,so,"Wenn du das Problem so angehst, wirst du wahrscheinlich noch mehr Schwierigkeiten bekommen.","If you approach the problem that way, you will probably encounter even more difficulties.","Si tu abordes le problème comme ça, tu risques d’avoir encore plus de difficultés.",,,"so = like that, that way ● Adverb","so = ainsi, comme ça, de cette manière, de cette façon ● Adverbe",,
17,"Sie war überrascht, dass man in diesem Unternehmen _____ miteinander umgeht.",so,so,"Sie war überrascht, dass man in diesem Unternehmen so miteinander umgeht.",She was surprised that people in this company treat each other like that.,Elle était surprise qu’on se comporte comme ça les uns avec les autres dans cette entreprise.,,,"so = like that, that way ● Adverb","so = ainsi, comme ça, de cette manière, de cette façon ● Adverbe",,
17,_____ hätte ich auf seine Bemerkung wahrscheinlich auch reagiert.,So,so,So hätte ich auf seine Bemerkung wahrscheinlich auch reagiert.,I probably would have reacted to his remark that way as well.,J’aurais probablement réagi comme ça à sa remarque moi aussi.,,,"so = like that, that way ● Adverb","so = ainsi, comme ça, de cette manière, de cette façon ● Adverbe",,
18,,wohingegen,wohingegen,,whereas,"tandis que, alors que",Subordinating conjunction,Conjonctions de subordination,wohingegen = whereas ● Subordinating conjunction,"wohingegen = tandis que, alors que ● Conjonctions de subordination",,
18,,auch wenn,auch wenn,,even if,"même si, même quand",Subordinating conjunction,Conjonctions de subordination,auch wenn = even if ● Subordinating conjunction,"auch wenn = même si, même quand ● Conjonctions de subordination",,
18,,immer wenn,immer wenn,,"everytime, whenever",à chaque fois que,Subordinating conjunction,Conjonctions de subordination,"immer wenn = everytime, whenever ● Subordinating conjunction",immer wenn = à chaque fois que ● Conjonctions de subordination,,
18,,solange,solange,,"as long as, so long as",tant que,Subordinating conjunction,Conjonctions de subordination,"solange = as long as, so long as ● Subordinating conjunction",solange = tant que ● Conjonctions de subordination,,
18,,sobald,sobald,,"as soon as, whenever","dès que, chaque fois que",Subordinating conjunction,Conjonctions de subordination,"sobald = as soon as, whenever ● Subordinating conjunction","sobald = dès que, chaque fois que ● Conjonctions de subordination",,
18,,dadurch dass,dadurch dass,,"by (+ -ing), due to the fact that, thereby","en (+ participe présent), en raison du fait que, ainsi",Correlative conjunction,Conjonction corrélative,"dadurch dass = by (+ -ing), due to the fact that, thereby ● Correlative conjunction","dadurch dass = en (+ participe présent), en raison du fait que, ainsi ● Conjonction corrélative",,
18,,bisher,bisher,,"so far, until now, hitherto","jusqu'à présent, jusqu'à maintenant",Adverb,Adverbe,"bisher = so far, until now, hitherto ● Adverb","bisher = jusqu'à présent, jusqu'à maintenant ● Adverbe",,
18,,seither,seither,,"since then, ever since",depuis lors,Adverb,Adverbe,"seither = since then, ever since ● Adverb",seither = depuis lors ● Adverbe,,
19,"Er liebt Abenteuerreisen, _____ seine Frau lieber am Strand entspannt.",wohingegen,wohingegen,"Er liebt Abenteuerreisen, wohingegen seine Frau lieber am Strand entspannt.","He loves adventure travel, whereas his wife prefers relaxing on the beach.","Il aime les voyages d'aventure, tandis que sa femme préfère se détendre sur la plage.",,,wohingegen = whereas ● Subordinating conjunction,"wohingegen = tandis que, alors que ● Conjonctions de subordination",,
19,"Das eine Hotel war sehr teuer, _____ das andere viel günstiger war.",wohingegen,wohingegen,"Das eine Hotel war sehr teuer, wohingegen das andere viel günstiger war.","One hotel was very expensive, whereas the other one was much cheaper.","Un hôtel était très cher, tandis que l’autre était beaucoup moins cher.",,,wohingegen = whereas ● Subordinating conjunction,"wohingegen = tandis que, alors que ● Conjonctions de subordination",,
19,"Ich mag moderne Kunst, _____ mein Bruder klassische Malerei bevorzugt.",wohingegen,wohingegen,"Ich mag moderne Kunst, wohingegen mein Bruder klassische Malerei bevorzugt.","I like modern art, whereas my brother prefers classical painting.","J'aime l'art moderne, alors que mon frère préfère la peinture classique.",,,wohingegen = whereas ● Subordinating conjunction,"wohingegen = tandis que, alors que ● Conjonctions de subordination",,
19,"Sie arbeitet gerne im Team, _____ er lieber alleine arbeitet.",wohingegen,wohingegen,"Sie arbeitet gerne im Team, wohingegen er lieber alleine arbeitet.","She enjoys working in a team, whereas he prefers to work alone.","Elle aime travailler en équipe, alors qu'il préfère travailler seul.",,,wohingegen = whereas ● Subordinating conjunction,"wohingegen = tandis que, alors que ● Conjonctions de subordination",,
19,"Ich bin gerne aktiv im Urlaub, _____ meine Freunde nur entspannen wollen.",wohingegen,wohingegen,"Ich bin gerne aktiv im Urlaub, wohingegen meine Freunde nur entspannen wollen.","I like to be active on vacation, whereas my friends just want to relax.","J'aime être actif en vacances, alors que mes amis veulent juste se détendre.",,,wohingegen = whereas ● Subordinating conjunction,"wohingegen = tandis que, alors que ● Conjonctions de subordination",,
19,"Ich gehe joggen, _____ es regnet.",auch wenn,auch wenn,"Ich gehe joggen, auch wenn es regnet.",I go jogging even if it rains.,Je fais du jogging même s'il pleut.,,,auch wenn = even if ● Subordinating conjunction,"auch wenn = même si, même quand ● Conjonctions de subordination",,
19,"Er kommt zur Besprechung, _____ er keine Lust hat.",auch wenn,auch wenn,"Er kommt zur Besprechung, auch wenn er keine Lust hat.",He comes to the meeting even if he doesn’t feel like it.,Il vient à la réunion même s’il n’en a pas envie.,,,auch wenn = even if ● Subordinating conjunction,"auch wenn = même si, même quand ● Conjonctions de subordination",,
19,"Sie fährt mit dem Fahrrad, _____ der Weg lang ist.",auch wenn,auch wenn,"Sie fährt mit dem Fahrrad, auch wenn der Weg lang ist.",She rides her bike even if the way is long.,Elle fait du vélo même si le chemin est long.,,,auch wenn = even if ● Subordinating conjunction,"auch wenn = même si, même quand ● Conjonctions de subordination",,
19,"Wir machen Urlaub, _____ das Wetter schlecht ist.",auch wenn,auch wenn,"Wir machen Urlaub, auch wenn das Wetter schlecht ist.",We go on vacation even if the weather is bad.,Nous partons en vacances même si le temps est mauvais.,,,auch wenn = even if ● Subordinating conjunction,"auch wenn = même si, même quand ● Conjonctions de subordination",,
19,"Ich esse das Gericht, _____ ich es nicht mag.",auch wenn,auch wenn,"Ich esse das Gericht, auch wenn ich es nicht mag.",I eat the dish even if I don’t like it.,Je mange le plat même si je ne l’aime pas.,,,auch wenn = even if ● Subordinating conjunction,"auch wenn = même si, même quand ● Conjonctions de subordination",,
19,"_____ ich dieses Lied höre, denke ich an meine Kindheit.",Immer wenn,Immer wenn,"Immer wenn ich dieses Lied höre, denke ich an meine Kindheit.","Whenever I hear this song, I think of my childhood.","Chaque fois que j'entends cette chanson, je pense à mon enfance.",,,"immer wenn = everytime, whenever ● Subordinating conjunction",immer wenn = à chaque fois que ● Conjonctions de subordination,,
19,"Er ist glücklich, _____ er seine Freunde trifft.",immer wenn,immer wenn,"Er ist glücklich, immer wenn er seine Freunde trifft.",He is happy whenever he meets his friends.,Il est heureux à chaque fois qu'il rencontre ses amis.,,,"immer wenn = everytime, whenever ● Subordinating conjunction",immer wenn = à chaque fois que ● Conjonctions de subordination,,
19,"_____ es regnet, nehme ich meinen Regenschirm mit.",Immer wenn,Immer wenn,"Immer wenn es regnet, nehme ich meinen Regenschirm mit.","Whenever it rains, I take my umbrella with me.","Chaque fois qu’il pleut, je prends mon parapluie avec moi.",,,"immer wenn = everytime, whenever ● Subordinating conjunction",immer wenn = à chaque fois que ● Conjonctions de subordination,,
19,"Wir gehen spazieren, _____ das Wetter schön ist.",immer wenn,immer wenn,"Wir gehen spazieren, immer wenn das Wetter schön ist.",We go for a walk whenever the weather is nice.,Nous allons nous promener dès qu'il fait beau.,,,"immer wenn = everytime, whenever ● Subordinating conjunction",immer wenn = à chaque fois que ● Conjonctions de subordination,,
19,"_____ sie nervös ist, spricht sie besonders schnell.",Immer wenn,Immer wenn,"Immer wenn sie nervös ist, spricht sie besonders schnell.","Whenever she is nervous, she speaks particularly fast.","Chaque fois qu’elle est nerveuse, elle parle particulièrement vite.",,,"immer wenn = everytime, whenever ● Subordinating conjunction",immer wenn = à chaque fois que ● Conjonctions de subordination,,
19,"_____ ich zu Hause bin, rufe ich dich an.",Sobald/Sowie,Sobald/Sowie,"Sobald ich zu Hause bin, rufe ich dich an.","As soon as I get home, I will call you.","Dès que je rentre à la maison, je t'appelle.",,,"sobald/sowie = As soon as I get home, I will call you. ● ","sobald/sowie = Dès que je rentre à la maison, je t'appelle. ● ",,
19,"Er wird mit dem Projekt beginnen, _____ er alle Informationen hat.",sobald/sowie,sobald/sowie,"Er wird mit dem Projekt beginnen, sobald er alle Informationen hat.",He will start the project as soon as he has all the information.,Il démarrera le projet dès qu'il aura toutes les informations.,,,"sobald/sowie = As soon as I get home, I will call you. ● ","sobald/sowie = Dès que je rentre à la maison, je t'appelle. ● ",,
19,"_____ das Wetter besser wird, machen wir einen Ausflug.",Sobald/Sowie,Sobald/Sowie,"Sobald das Wetter besser wird, machen wir einen Ausflug.","As soon as the weather gets better, we will go on a trip.","Dès que le temps s'améliorera, nous partirons en voyage.",,,"sobald/sowie = As soon as I get home, I will call you. ● ","sobald/sowie = Dès que je rentre à la maison, je t'appelle. ● ",,
19,"Ich werde dich besuchen, _____ ich Zeit habe.",sobald/sowie,sobald/sowie,"Ich werde dich besuchen, sobald ich Zeit habe.",I will visit you as soon as I have time.,Je viendrai vous rendre visite dès que j'aurai le temps.,,,"sobald/sowie = As soon as I get home, I will call you. ● ","sobald/sowie = Dès que je rentre à la maison, je t'appelle. ● ",,
19,"_____ sie die E-Mail gelesen hat, wird sie antworten.",Sobald/Sowie,Sobald/Sowie,"Sobald sie die E-Mail gelesen hat, wird sie antworten.","As soon as she has read the email, she will reply.","Dès qu'elle aura lu l'e-mail, elle répondra.",,,"sobald/sowie = As soon as I get home, I will call you. ● ","sobald/sowie = Dès que je rentre à la maison, je t'appelle. ● ",,
19,"Du kannst hier bleiben, _____ du möchtest.",solange,solange,"Du kannst hier bleiben, solange du möchtest.",You can stay here as long as you want.,Vous pouvez rester ici aussi longtemps que vous le souhaitez.,,,"solange = as long as, so long as ● Subordinating conjunction",solange = tant que ● Conjonctions de subordination,,
19,"_____ das Wetter schön ist, gehen wir jeden Tag spazieren.",Solange,Solange,"Solange das Wetter schön ist, gehen wir jeden Tag spazieren.","As long as the weather is nice, we go for a walk every day.","Tant qu'il fait beau, nous allons nous promener tous les jours.",,,"solange = as long as, so long as ● Subordinating conjunction",solange = tant que ● Conjonctions de subordination,,
19,"Er wird helfen, _____ er Zeit hat.",solange,solange,"Er wird helfen, solange er Zeit hat.",He will help as long as he has time.,Il aidera tant qu'il aura le temps.,,,"solange = as long as, so long as ● Subordinating conjunction",solange = tant que ● Conjonctions de subordination,,
19,"_____ du fleißig lernst, wirst du die Prüfung bestehen.",Solange,Solange,"Solange du fleißig lernst, wirst du die Prüfung bestehen.","As long as you study diligently, you will pass the exam.","Tant que vous étudiez avec diligence, vous réussirez l’examen.",,,"solange = as long as, so long as ● Subordinating conjunction",solange = tant que ● Conjonctions de subordination,,
19,"Wir bleiben draußen, _____ es nicht regnet.",solange,solange,"Wir bleiben draußen, solange es nicht regnet.",We will stay outside as long as it doesn’t rain.,Nous resterons dehors tant qu’il ne pleut pas.,,,"solange = as long as, so long as ● Subordinating conjunction",solange = tant que ● Conjonctions de subordination,,
19,"Er hat seine Sprachkenntnisse _____ verbessert, dass er jeden Tag Deutsch gesprochen hat.",dadurch,dadurch dass,"Er hat seine Sprachkenntnisse dadurch verbessert, dass er jeden Tag Deutsch gesprochen hat.",He improved his language skills by speaking German every day.,Il a amélioré ses compétences linguistiques en parlant allemand tous les jours.,,,"dadurch dass = by (+ -ing), due to the fact that, thereby ● Correlative conjunction","dadurch dass = en (+ participe présent), en raison du fait que, ainsi ● Conjonction corrélative",,
19,"Das Unternehmen konnte Kosten _____ senken, dass es auf erneuerbare Energien umgestellt hat.",dadurch,dadurch dass,"Das Unternehmen konnte Kosten dadurch senken, dass es auf erneuerbare Energien umgestellt hat.",The company was able to reduce costs by switching to renewable energy.,L’entreprise a pu réduire ses coûts en passant aux énergies renouvelables.,,,"dadurch dass = by (+ -ing), due to the fact that, thereby ● Correlative conjunction","dadurch dass = en (+ participe présent), en raison du fait que, ainsi ● Conjonction corrélative",,
19,"Die Umwelt wurde _____ geschont, dass weniger Plastik verwendet wurde.",dadurch,dadurch dass,"Die Umwelt wurde dadurch geschont, dass weniger Plastik verwendet wurde.",The environment was preserved by using less plastic.,L'environnement a été préservé en utilisant moins de plastique.,,,"dadurch dass = by (+ -ing), due to the fact that, thereby ● Correlative conjunction","dadurch dass = en (+ participe présent), en raison du fait que, ainsi ● Conjonction corrélative",,
19,"Sie hat die Prüfung _____ bestanden, dass sie intensiv gelernt hat.",dadurch,dadurch dass,"Sie hat die Prüfung dadurch bestanden, dass sie intensiv gelernt hat.",She passed the exam by studying intensively.,Elle a réussi l’examen en étudiant intensivement.,,,"dadurch dass = by (+ -ing), due to the fact that, thereby ● Correlative conjunction","dadurch dass = en (+ participe présent), en raison du fait que, ainsi ● Conjonction corrélative",,
19,"Wir haben Zeit _____ gespart, dass wir online eingekauft haben.",dadurch,dadurch dass,"Wir haben Zeit dadurch gespart, dass wir online eingekauft haben.",We saved time by shopping online.,Nous avons gagné du temps en faisant nos achats en ligne.,,,"dadurch dass = by (+ -ing), due to the fact that, thereby ● Correlative conjunction","dadurch dass = en (+ participe présent), en raison du fait que, ainsi ● Conjonction corrélative",,
19,"_____ hatte niemand an der Strategie gezweifelt, doch nun wurden erste Kritikpunkte laut.",Bisher,bisher,"Bisher hatte niemand an der Strategie gezweifelt, doch nun wurden erste Kritikpunkte laut.","Until now, nobody had doubted the strategy, but now the first criticisms were voiced.","Jusqu’à présent, personne n’avait douté de la stratégie, mais les premières critiques ont émergé.",,,"bisher = so far, until now, hitherto ● Adverb","bisher = jusqu'à présent, jusqu'à maintenant ● Adverbe",,
19,"_____ lief das Projekt reibungslos, während sich plötzlich unerwartete Probleme zeigten.",Bisher,bisher,"Bisher lief das Projekt reibungslos, während sich plötzlich unerwartete Probleme zeigten.","Until now, the project had run smoothly, while unexpected problems suddenly appeared.","Jusqu’à présent, le projet se déroulait sans accroc, tandis que des problèmes inattendus sont soudain apparus.",,,"bisher = so far, until now, hitherto ● Adverb","bisher = jusqu'à présent, jusqu'à maintenant ● Adverbe",,
19,"_____ hatte er sich zurückgehalten, doch diesmal wollte er seine Meinung offen äußern.",Bisher,bisher,"Bisher hatte er sich zurückgehalten, doch diesmal wollte er seine Meinung offen äußern.","Until now, he had held back, but this time he wanted to express his opinion openly.","Jusqu’à présent, il s’était retenu, mais cette fois il voulait exprimer son opinion ouvertement.",,,"bisher = so far, until now, hitherto ● Adverb","bisher = jusqu'à présent, jusqu'à maintenant ● Adverbe",,
19,"_____ war die Lösung überzeugend, aber inzwischen wirkt sie nicht mehr zeitgemäß.",Bisher,bisher,"Bisher war die Lösung überzeugend, aber inzwischen wirkt sie nicht mehr zeitgemäß.","Until now, the solution was convincing, but by now it no longer seems up to date.","Jusqu’à présent, la solution était convaincante, mais elle ne semble plus actuelle.",,,"bisher = so far, until now, hitherto ● Adverb","bisher = jusqu'à présent, jusqu'à maintenant ● Adverbe",,
19,"_____ hatte man das Problem unterschätzt, weshalb nun drastische Maßnahmen notwendig wurden.",Bisher,bisher,"Bisher hatte man das Problem unterschätzt, weshalb nun drastische Maßnahmen notwendig wurden.","Until now, the problem had been underestimated, which is why drastic measures have now become necessary.","Jusqu’à présent, on avait sous-estimé le problème, ce qui rend maintenant des mesures drastiques nécessaires.",,,"bisher = so far, until now, hitherto ● Adverb","bisher = jusqu'à présent, jusqu'à maintenant ● Adverbe",,
19,"Er hat die Firma vor zwei Jahren verlassen, und _____ hat sich viel verändert.",seither,seither,"Er hat die Firma vor zwei Jahren verlassen, und seither hat sich viel verändert.","He left the company two years ago, and since then much has changed.","Il a quitté l’entreprise il y a deux ans, et depuis, многое a changé.",,,"seither = since then, ever since ● Adverb",seither = depuis lors ● Adverbe,,
19,"Sie lernte ihn zufällig kennen, und _____ stehen sie in regelmäßigem Kontakt.",seither,seither,"Sie lernte ihn zufällig kennen, und seither stehen sie in regelmäßigem Kontakt.","She met him by chance, and since then they have been in regular contact.","Elle l’a rencontré par hasard, et depuis, ils sont en contact régulier.",,,"seither = since then, ever since ● Adverb",seither = depuis lors ● Adverbe,,
19,"Das Gesetz wurde reformiert, und _____ gelten strengere Regeln.",seither,seither,"Das Gesetz wurde reformiert, und seither gelten strengere Regeln.","The law was reformed, and since then stricter rules apply.","La loi a été réformée, et depuis, des règles plus strictes s’appliquent.",,,"seither = since then, ever since ● Adverb",seither = depuis lors ● Adverbe,,
19,"Er traf eine mutige Entscheidung, und _____ verfolgt er seine Ziele mit größerer Konsequenz.",seither,seither,"Er traf eine mutige Entscheidung, und seither verfolgt er seine Ziele mit größerer Konsequenz.","He made a bold decision, and since then he has pursued his goals with greater consistency.","Il a pris une décision audacieuse, et depuis, il poursuit ses objectifs avec plus de constance.",,,"seither = since then, ever since ● Adverb",seither = depuis lors ● Adverbe,,
19,"Das Team wurde neu zusammengestellt, und _____ arbeitet es deutlich effizienter.",seither,seither,"Das Team wurde neu zusammengestellt, und seither arbeitet es deutlich effizienter.","The team was reorganized, and since then it has worked much more efficiently.","L’équipe a été réorganisée, et depuis, elle travaille beaucoup plus efficacement.",,,"seither = since then, ever since ● Adverb",seither = depuis lors ● Adverbe,,
20,zudem,außerdem,außerdem,"Zudem hat die Studie gezeigt, dass jüngere Teilnehmer deutlich flexibler auf Veränderungen reagieren.","besides, moreover, furthermore","en outre, de plus",Adverb,Adverbe,"außerdem = besides, moreover, furthermore ● Adverb","außerdem = en outre, de plus ● Adverbe","zudem = besides, moreover, furthermore ● Adverb","zudem = en outre, de plus ● Adverbe"
20,ehe,bevor,bevor,"Sie überprüfte alle Dokumente sorgfältig, ehe sie den Vertrag unterschrieb.",before,avant que,Subordinating conjunction,Conjonctions de subordination,bevor = before ● Subordinating conjunction,bevor = avant que ● Conjonctions de subordination,ehe = before ● Subordinating conjunction,ehe = avant que ● Conjonctions de subordination
20,demgegenüber,dagegen,dagegen,"Demgegenüber steht die Meinung der Experten, die vor erheblichen Risiken warnen.","by contrast, in contrast, on the other hand","par contre, en revanche, au contraire",Adverb,Adverbe,"dagegen = by contrast, in contrast, on the other hand ● Adverb","dagegen = par contre, en revanche, au contraire ● Adverbe","demgegenüber = by contrast, in contrast, on the other hand ● Adverb","demgegenüber = par contre, en revanche, au contraire ● Adverbe"
20,daher,deshalb,deshalb,"Er hat das Konzept gut erklärt, daher konnte das Team sofort weiterarbeiten.","therefore, for this reason, because of that","pour cette raison, à cause de cela",Adverb,Adverbe,"deshalb = therefore, for this reason, because of that ● Adverb","deshalb = pour cette raison, à cause de cela ● Adverbe","daher = therefore, for this reason, because of that ● Adverb","daher = pour cette raison, à cause de cela ● Adverbe"
20,demzufolge,folglich,folglich,"Der Markt hat sich stark verändert, demzufolge müssen wir unsere Strategie anpassen.","consequently, as a result, thereupon","par conséquent, en conséquence",Adverb,Adverbe,"folglich = consequently, as a result, thereupon ● Adverb","folglich = par conséquent, en conséquence ● Adverbe","demzufolge = consequently, as a result, thereupon ● Adverb","demzufolge = par conséquent, en conséquence ● Adverbe"
20,infolgedessen,folglich,folglich,"Die Nachfrage ist zurückgegangen, infolgedessen wurden mehrere Projekte verschoben.","consequently, as a result, thereupon","par conséquent, en conséquence",Adverb,Adverbe,"folglich = consequently, as a result, thereupon ● Adverb","folglich = par conséquent, en conséquence ● Adverbe","infolgedessen = consequently, as a result, thereupon ● Adverb","infolgedessen = par conséquent, en conséquence ● Adverbe"
20,letztlich,schließlich,schließlich,"Die Entscheidung war umstritten, letztlich akzeptierten jedoch alle das Ergebnis.","finally, in the end, after all","enfin, finalement, après tout",Adverb,Adverbe,"schließlich = finally, in the end, after all ● Adverb","schließlich = enfin, finalement, après tout ● Adverbe","letztlich = finally, in the end, after all ● Adverb","letztlich = enfin, finalement, après tout ● Adverbe"
20,zuletzt,schließlich,schließlich,"Wir haben verschiedene Ideen ausprobiert, zuletzt entschieden wir uns für die einfachste Lösung.","finally, in the end, after all","enfin, finalement, après tout",Adverb,Adverbe,"schließlich = finally, in the end, after all ● Adverb","schließlich = enfin, finalement, après tout ● Adverbe","zuletzt = finally, in the end, after all ● Adverb","zuletzt = enfin, finalement, après tout ● Adverbe"
20,weswegen,weshalb,weshalb,"Er hat die Unterlagen falsch eingereicht, weswegen der Prozess sich verzögert hat.","which is why, therefore",c'est pourquoi,Subordinating conjunction,Conjonctions de subordination,"weshalb = which is why, therefore ● Subordinating conjunction",weshalb = c'est pourquoi ● Conjonctions de subordination,"weswegen = which is why, therefore ● Subordinating conjunction",weswegen = c'est pourquoi ● Conjonctions de subordination
20,andernfalls,sonst,sonst,"Sie hätte die Sicherheitsvorschriften beachten müssen, andernfalls hätte ein Unfall passieren können.","otherwise, else","sinon, autrement",Adverb,Adverbe,"sonst = otherwise, else ● Adverb","sonst = sinon, autrement ● Adverbe","andernfalls = otherwise, else ● Adverb","andernfalls = sinon, autrement ● Adverbe"
20,wogegen,wohingegen,wohingegen,"Er bevorzugt ruhige Arbeitsumgebungen, wogegen seine Kollegin besser unter Druck funktioniert.",whereas,"tandis que, alors que",Subordinating conjunction,Conjonctions de subordination,wohingegen = whereas ● Subordinating conjunction,"wohingegen = tandis que, alors que ● Conjonctions de subordination",wogegen = whereas ● Subordinating conjunction,"wogegen = tandis que, alors que ● Conjonctions de subordination"
20,bislang,bisher,bisher,Bislang haben wir nur wenige Rückmeldungen erhalten.,"so far, until now, hitherto","jusqu'à présent, jusqu'à maintenant",Adverb,Adverbe,"bisher = so far, until now, hitherto ● Adverb","bisher = jusqu'à présent, jusqu'à maintenant ● Adverbe","bislang = so far, until now, hitherto ● Adverb","bislang = jusqu'à présent, jusqu'à maintenant ● Adverbe"
21,,sowie,sowie,,as well as,ainsi que,Coordinating conjunction,Conjonction de coordination,sowie = as well as ● Coordinating conjunction,sowie = ainsi que ● Conjonction de coordination,,
21,,beziehungsweise,beziehungsweise,,"or rather, respectively","ou plutôt, respectivement",Coordinating conjunction,Conjonction de coordination,"beziehungsweise = or rather, respectively ● Coordinating conjunction","beziehungsweise = ou plutôt, respectivement ● Conjonction de coordination",,
21,,als ob,als ob,,as if,comme si,Subordinating conjunction,Conjonctions de subordination,als ob = as if ● Subordinating conjunction,als ob = comme si ● Conjonctions de subordination,,
21,,abschließend,abschließend,,"to conclude, in conclusion","pour conclure, en conclusion",Adverb,Adverbe,"abschließend = to conclude, in conclusion ● Adverb","abschließend = pour conclure, en conclusion ● Adverbe",,
21,,zusammenfassend,zusammenfassend,,"in summary, to summarize","en résumé, pour résumer",Adverb,Adverbe,"zusammenfassend = in summary, to summarize ● Adverb","zusammenfassend = en résumé, pour résumer ● Adverbe",,
21,,ebenfalls,ebenfalls,,"likewise, as well","également, de même",Adverb,Adverbe,"ebenfalls = likewise, as well ● Adverb","ebenfalls = également, de même ● Adverbe",,
21,,übrigens,übrigens,,"by the way, incidentally","au fait, soit dit en passant, d'ailleurs",Adverb,Adverbe,"übrigens = by the way, incidentally ● Adverb","übrigens = au fait, soit dit en passant, d'ailleurs ● Adverbe",,
21,,immerhin,immerhin,,"at least, after all","au moins, après tout",Adverb,Adverbe,"immerhin = at least, after all ● Adverb","immerhin = au moins, après tout ● Adverbe",,
22,Das Unternehmen investiert in neue Technologien _____ in die Weiterbildung seiner Mitarbeitenden.,sowie,sowie,Das Unternehmen investiert in neue Technologien sowie in die Weiterbildung seiner Mitarbeitenden.,The company invests in new technologies as well as in the training of its employees.,L’entreprise investit dans de nouvelles technologies ainsi que dans la formation de ses employés.,,,sowie = as well as ● Coordinating conjunction,sowie = ainsi que ● Conjonction de coordination,,
22,"Die Studie untersucht soziale _____ wirtschaftliche Faktoren, die das Verhalten der Verbraucher beeinflussen.",sowie,sowie,"Die Studie untersucht soziale sowie wirtschaftliche Faktoren, die das Verhalten der Verbraucher beeinflussen.",The study examines social as well as economic factors that influence consumer behavior.,L’étude analyse des facteurs sociaux ainsi que des facteurs économiques qui influencent le comportement des consommateurs.,,,sowie = as well as ● Coordinating conjunction,sowie = ainsi que ● Conjonction de coordination,,
22,Der Vertrag regelt die Rechte _____ die Pflichten beider Parteien sehr genau.,sowie,sowie,Der Vertrag regelt die Rechte sowie die Pflichten beider Parteien sehr genau.,The contract defines the rights as well as the obligations of both parties very precisely.,Le contrat définit très précisément les droits ainsi que les obligations des deux parties.,,,sowie = as well as ● Coordinating conjunction,sowie = ainsi que ● Conjonction de coordination,,
22,Sie hat praktische Erfahrungen gesammelt _____ neue Kontakte in der Branche geknüpft.,sowie,sowie,Sie hat praktische Erfahrungen gesammelt sowie neue Kontakte in der Branche geknüpft.,She gained practical experience as well as built new contacts in the industry.,Elle a acquis une expérience pratique ainsi que noué de nouveaux contacts dans le secteur.,,,sowie = as well as ● Coordinating conjunction,sowie = ainsi que ● Conjonction de coordination,,
22,Die App bietet eine klare Übersicht über Ausgaben _____ eine automatische Kategorisierung.,sowie,sowie,Die App bietet eine klare Übersicht über Ausgaben sowie eine automatische Kategorisierung.,The app offers a clear overview of expenses as well as automatic categorization.,L’application offre une vue d’ensemble claire des dépenses ainsi qu’une catégorisation automatique.,,,sowie = as well as ● Coordinating conjunction,sowie = ainsi que ● Conjonction de coordination,,
22,"Ich habe zwei Geschwister, einen Bruder _____ eine Schwester.",beziehungsweise,beziehungsweise,"Ich habe zwei Geschwister, einen Bruder beziehungsweise eine Schwester.","I have two siblings, a brother and a sister.","J'ai deux frères et sœurs, un frère et une sœur.",,,"beziehungsweise = or rather, respectively ● Coordinating conjunction","beziehungsweise = ou plutôt, respectivement ● Conjonction de coordination",,
22,Der Kurs beginnt um 9 Uhr _____ um 10 Uhr für die Fortgeschrittenen.,beziehungsweise,beziehungsweise,Der Kurs beginnt um 9 Uhr beziehungsweise um 10 Uhr für die Fortgeschrittenen.,"The course starts at 9 a.m., respectively 10 a.m. for advanced students.","Le cours débute à 9h, respectivement 10h pour les étudiants avancés.",,,"beziehungsweise = or rather, respectively ● Coordinating conjunction","beziehungsweise = ou plutôt, respectivement ● Conjonction de coordination",,
22,"Du kannst mir eine E-Mail schreiben _____ mich anrufen, wenn du Fragen hast.",beziehungsweise,beziehungsweise,"Du kannst mir eine E-Mail schreiben beziehungsweise mich anrufen, wenn du Fragen hast.",You can email or call me if you have any questions.,Vous pouvez m'envoyer un e-mail ou m'appeler si vous avez des questions.,,,"beziehungsweise = or rather, respectively ● Coordinating conjunction","beziehungsweise = ou plutôt, respectivement ● Conjonction de coordination",,
22,Er ist Arzt _____ Spezialist für Kardiologie.,beziehungsweise,beziehungsweise,Er ist Arzt beziehungsweise Spezialist für Kardiologie.,"He is a doctor, or rather a specialist in cardiology.","Il est médecin, ou plutôt spécialiste en cardiologie.",,,"beziehungsweise = or rather, respectively ● Coordinating conjunction","beziehungsweise = ou plutôt, respectivement ● Conjonction de coordination",,
22,Wir treffen uns am Bahnhof _____ direkt am Gleis 3.,beziehungsweise,beziehungsweise,Wir treffen uns am Bahnhof beziehungsweise direkt am Gleis 3.,We'll meet at the train station or directly at platform 3.,Nous nous retrouverons à la gare ou directement au quai 3.,,,"beziehungsweise = or rather, respectively ● Coordinating conjunction","beziehungsweise = ou plutôt, respectivement ● Conjonction de coordination",,
22,"Er tut so, _____ er alles wüsste, dabei hat er kaum Ahnung.",als ob,als ob,"Er tut so, als ob er alles wüsste, dabei hat er kaum Ahnung.","He acts as if he knew everything, but he barely has a clue.","Il agit comme s'il savait tout, mais il n'en a pratiquement aucune idée.",,,als ob = as if ● Subordinating conjunction,als ob = comme si ● Conjonctions de subordination,,
22,"Sie sah mich an, _____ ich etwas Ungeheuerliches gesagt hätte.",als ob,als ob,"Sie sah mich an, als ob ich etwas Ungeheuerliches gesagt hätte.",She looked at me as if I had said something outrageous.,Elle m’a regardé comme si j’avais dit quelque chose d’outrageant.,,,als ob = as if ● Subordinating conjunction,als ob = comme si ● Conjonctions de subordination,,
22,"Es klingt, _____ du schon eine Entscheidung getroffen hättest.",als ob,als ob,"Es klingt, als ob du schon eine Entscheidung getroffen hättest.",It sounds as if you had already made a decision.,Il semble que vous ayez déjà pris une décision.,,,als ob = as if ● Subordinating conjunction,als ob = comme si ● Conjonctions de subordination,,
22,"Er benimmt sich, _____ ihm der Laden gehören würde.",als ob,als ob,"Er benimmt sich, als ob ihm der Laden gehören würde.",He behaves as if he owned the place.,Il se comporte comme s'il était le propriétaire des lieux.,,,als ob = as if ● Subordinating conjunction,als ob = comme si ● Conjonctions de subordination,,
22,"_____ das nicht genug wäre, kam er auch noch eine Stunde zu spät.",Als ob,Als ob,"Als ob das nicht genug wäre, kam er auch noch eine Stunde zu spät.","As if that weren’t enough, he also showed up an hour late.","Comme si cela ne suffisait pas, il est également arrivé avec une heure de retard.",,,als ob = as if ● Subordinating conjunction,als ob = comme si ● Conjonctions de subordination,,
22,"_____ lässt sich sagen, dass die Ergebnisse unsere Hypothese eindeutig bestätigen.",Abschließend,Abschließend,"Abschließend lässt sich sagen, dass die Ergebnisse unsere Hypothese eindeutig bestätigen.","In conclusion, it can be said that the results clearly confirm our hypothesis.","En conclusion, on peut affirmer que les résultats confirment clairement notre hypothèse.",,,"abschließend = to conclude, in conclusion ● Adverb","abschließend = pour conclure, en conclusion ● Adverbe",,
22,"_____ möchte ich betonen, wie wichtig eine nachhaltige Entwicklung für unsere Zukunft ist.",Abschließend,Abschließend,"Abschließend möchte ich betonen, wie wichtig eine nachhaltige Entwicklung für unsere Zukunft ist.","In conclusion, I would like to emphasize how important sustainable development is for our future.","En conclusion, je tiens à souligner l'importance du développement durable pour notre avenir.",,,"abschließend = to conclude, in conclusion ● Adverb","abschließend = pour conclure, en conclusion ● Adverbe",,
22,"_____ stellt der Bericht fest, dass weitere Maßnahmen notwendig sind.",Abschließend,Abschließend,"Abschließend stellt der Bericht fest, dass weitere Maßnahmen notwendig sind.","In conclusion, the report states that further measures are necessary.","En conclusion, le rapport indique que des mesures supplémentaires sont nécessaires.",,,"abschließend = to conclude, in conclusion ● Adverb","abschließend = pour conclure, en conclusion ● Adverbe",,
22,"_____ bleibt nur zu hoffen, dass die Reformen tatsächlich umgesetzt werden.",Abschließend,Abschließend,"Abschließend bleibt nur zu hoffen, dass die Reformen tatsächlich umgesetzt werden.","In conclusion, we can only hope that the reforms will actually be implemented.","En conclusion, nous ne pouvons qu'espérer que les réformes seront effectivement mises en œuvre.",,,"abschließend = to conclude, in conclusion ● Adverb","abschließend = pour conclure, en conclusion ● Adverbe",,
22,"_____ kann man festhalten, dass die Diskussion viele neue Perspektiven eröffnet hat.",Abschließend,Abschließend,"Abschließend kann man festhalten, dass die Diskussion viele neue Perspektiven eröffnet hat.","In conclusion, it can be noted that the discussion has opened up many new perspectives.","En conclusion, on peut noter que la discussion a ouvert de nombreuses perspectives nouvelles.",,,"abschließend = to conclude, in conclusion ● Adverb","abschließend = pour conclure, en conclusion ● Adverbe",,
22,"_____ lässt sich sagen, dass die Reform zwar notwendig, aber unzureichend umgesetzt wurde.",Zusammenfassend,Zusammenfassend,"Zusammenfassend lässt sich sagen, dass die Reform zwar notwendig, aber unzureichend umgesetzt wurde.","In summary, it can be said that the reform was necessary but implemented inadequately.","En résumé, on peut dire que la réforme était nécessaire mais mal mise en œuvre.",,,"zusammenfassend = in summary, to summarize ● Adverb","zusammenfassend = en résumé, pour résumer ● Adverbe",,
22,"_____ kann man feststellen, dass digitale Bildung immer wichtiger wird.",Zusammenfassend,Zusammenfassend,"Zusammenfassend kann man feststellen, dass digitale Bildung immer wichtiger wird.","To sum up, one can state that digital education is becoming increasingly important.","Pour résumer, on peut constater que l’éducation numérique devient de plus en plus importante.",,,"zusammenfassend = in summary, to summarize ● Adverb","zusammenfassend = en résumé, pour résumer ● Adverbe",,
22,"_____ zeigt die Studie, dass nachhaltiges Handeln ökonomische Vorteile bringen kann.",Zusammenfassend,Zusammenfassend,"Zusammenfassend zeigt die Studie, dass nachhaltiges Handeln ökonomische Vorteile bringen kann.","In summary, the study shows that sustainable behavior can bring economic benefits.","En résumé, l’étude montre qu’un comportement durable peut apporter des avantages économiques.",,,"zusammenfassend = in summary, to summarize ● Adverb","zusammenfassend = en résumé, pour résumer ● Adverbe",,
22,"_____ ist festzuhalten, dass klare Kommunikation entscheidend für den Erfolg ist.",Zusammenfassend,Zusammenfassend,"Zusammenfassend ist festzuhalten, dass klare Kommunikation entscheidend für den Erfolg ist.","In summary, it should be noted that clear communication is crucial for success.","En résumé, il faut noter qu’une communication claire est essentielle au succès.",,,"zusammenfassend = in summary, to summarize ● Adverb","zusammenfassend = en résumé, pour résumer ● Adverbe",,
22,"_____ könnte man sagen, dass Erfahrung und Innovation sich gegenseitig ergänzen.",Zusammenfassend,Zusammenfassend,"Zusammenfassend könnte man sagen, dass Erfahrung und Innovation sich gegenseitig ergänzen.","To summarize, one could say that experience and innovation complement each other.","Pour résumer, on pourrait dire que l’expérience et l’innovation se complètent.",,,"zusammenfassend = in summary, to summarize ● Adverb","zusammenfassend = en résumé, pour résumer ● Adverbe",,
22,"Sie hat das komplexe Projekt termingerecht abgeschlossen, und ihr Team _____.",ebenfalls,ebenfalls,"Sie hat das komplexe Projekt termingerecht abgeschlossen, und ihr Team ebenfalls.","She completed the complex project on time, and her team did as well.","Elle a terminé le projet complexe dans les délais, et son équipe aussi.",,,"ebenfalls = likewise, as well ● Adverb","ebenfalls = également, de même ● Adverbe",,
22,"Der Direktor begrüßte den neuen Ansatz, und die Abteilungsleiter _____.",ebenfalls,ebenfalls,"Der Direktor begrüßte den neuen Ansatz, und die Abteilungsleiter ebenfalls.","The director welcomed the new approach, and the department heads did as well.","Le directeur a accueilli la nouvelle approche, et les chefs de service aussi.",,,"ebenfalls = likewise, as well ● Adverb","ebenfalls = également, de même ● Adverbe",,
22,"Er hat sich bereit erklärt, zusätzliche Verantwortung zu übernehmen, und seine Kolleginnen _____.",ebenfalls,ebenfalls,"Er hat sich bereit erklärt, zusätzliche Verantwortung zu übernehmen, und seine Kolleginnen ebenfalls.","He agreed to take on additional responsibility, and his colleagues did as well.","Il a accepté d’assumer des responsabilités supplémentaires, et ses collègues aussi.",,,"ebenfalls = likewise, as well ● Adverb","ebenfalls = également, de même ● Adverbe",,
22,"Die Stadt investiert massiv in nachhaltige Energie, und benachbarte Gemeinden _____.",ebenfalls,ebenfalls,"Die Stadt investiert massiv in nachhaltige Energie, und benachbarte Gemeinden ebenfalls.","The city is investing heavily in sustainable energy, and neighboring municipalities are too.","La ville investit massivement dans l’énergie durable, et les communes voisines aussi.",,,"ebenfalls = likewise, as well ● Adverb","ebenfalls = également, de même ● Adverbe",,
22,"Die Forschenden stellten überraschende Ergebnisse vor, und internationale Expertinnen _____.",ebenfalls,ebenfalls,"Die Forschenden stellten überraschende Ergebnisse vor, und internationale Expertinnen ebenfalls.","The researchers presented surprising results, and international experts did as well.","Les chercheurs ont présenté des résultats surprenants, et des experts internationaux aussi.",,,"ebenfalls = likewise, as well ● Adverb","ebenfalls = également, de même ● Adverbe",,
22,"_____, hast du schon von der neuen Ausstellung gehört?",Übrigens,übrigens,"Übrigens, hast du schon von der neuen Ausstellung gehört?","By the way, have you heard about the new exhibition?","Au fait, avez-vous entendu parler de la nouvelle exposition ?",,,"übrigens = by the way, incidentally ● Adverb","übrigens = au fait, soit dit en passant, d'ailleurs ● Adverbe",,
22,"Ich komme morgen zur Party, _____ bringe ich einen Freund mit.",übrigens,übrigens,"Ich komme morgen zur Party, übrigens bringe ich einen Freund mit.","I’m coming to the party tomorrow, by the way, I’m bringing a friend.","Au fait, je viens à la fête demain, et j'amène un ami.",,,"übrigens = by the way, incidentally ● Adverb","übrigens = au fait, soit dit en passant, d'ailleurs ● Adverbe",,
22,"_____, das Restaurant hat jetzt auch vegane Gerichte auf der Karte.",Übrigens,übrigens,"Übrigens, das Restaurant hat jetzt auch vegane Gerichte auf der Karte.","By the way, the restaurant now also has vegan dishes on the menu.","D'ailleurs, le restaurant propose désormais aussi des plats végétaliens à sa carte.",,,"übrigens = by the way, incidentally ● Adverb","übrigens = au fait, soit dit en passant, d'ailleurs ● Adverbe",,
22,"Sie hat den Job bekommen, _____ hat sie sich nur aus Spass beworben.",übrigens,übrigens,"Sie hat den Job bekommen, übrigens hat sie sich nur aus Spass beworben.","She got the job; incidentally, she only applied for fun.","Elle a obtenu le poste ; d'ailleurs, elle avait postulé uniquement pour s'amuser.",,,"übrigens = by the way, incidentally ● Adverb","übrigens = au fait, soit dit en passant, d'ailleurs ● Adverbe",,
22,"_____, ich habe gestern deinen Bruder getroffen.",Übrigens,übrigens,"Übrigens, ich habe gestern deinen Bruder getroffen.","By the way, I met your brother yesterday.","Au fait, j'ai rencontré votre frère hier.",,,"übrigens = by the way, incidentally ● Adverb","übrigens = au fait, soit dit en passant, d'ailleurs ● Adverbe",,
22,"Es hat geregnet, aber _____ war es nicht kalt.",immerhin,immerhin,"Es hat geregnet, aber immerhin war es nicht kalt.","It rained, but at least it wasn’t cold.","Il a plu, mais au moins il ne faisait pas froid.",,,"immerhin = at least, after all ● Adverb","immerhin = au moins, après tout ● Adverbe",,
22,"Er hat die Prüfung nicht bestanden, aber _____ hat er es versucht.",immerhin,immerhin,"Er hat die Prüfung nicht bestanden, aber immerhin hat er es versucht.","He didn’t pass the exam, but at least he tried.","Il n'a pas réussi l'examen, mais au moins il a essayé.",,,"immerhin = at least, after all ● Adverb","immerhin = au moins, après tout ● Adverbe",,
22,"Wir sind zwar spät angekommen, aber _____ haben wir den letzten Zug erwischt.",immerhin,immerhin,"Wir sind zwar spät angekommen, aber immerhin haben wir den letzten Zug erwischt.","We arrived late, but at least we caught the last train.","Nous sommes arrivés en retard, mais au moins nous avons pris le dernier train.",,,"immerhin = at least, after all ● Adverb","immerhin = au moins, après tout ● Adverbe",,
22,"Das Essen war teuer, aber _____ hat es gut geschmeckt.",immerhin,immerhin,"Das Essen war teuer, aber immerhin hat es gut geschmeckt.","The food was expensive, but at least it tasted good.","La nourriture était chère, mais au moins elle était bonne.",,,"immerhin = at least, after all ● Adverb","immerhin = au moins, après tout ● Adverbe",,
22,"Sie hat den Job nicht bekommen, aber _____ eine Einladung zum nächsten Bewerbungsgespräch.",immerhin,immerhin,"Sie hat den Job nicht bekommen, aber immerhin eine Einladung zum nächsten Bewerbungsgespräch.","She didn’t get the job, but at least she got an invitation for the next interview.","Elle n'a pas obtenu le poste, mais au moins elle a reçu une invitation pour le prochain entretien.",,,"immerhin = at least, after all ● Adverb","immerhin = au moins, après tout ● Adverbe",,
23,,je nachdem,je nachdem,,depending on,"selon, en fonction de",Subordinating conjunction,Conjonctions de subordination,je nachdem = depending on ● Subordinating conjunction,"je nachdem = selon, en fonction de ● Conjonctions de subordination",,
23,,soweit,soweit,,as far as,"d'après ce que, en ce qui concerne",Subordinating conjunction,Conjonctions de subordination,soweit = as far as ● Subordinating conjunction,"soweit = d'après ce que, en ce qui concerne ● Conjonctions de subordination",,
23,,sofern,sofern,,"provided, provided that",à condition que,Subordinating conjunction,Conjonctions de subordination,"sofern = provided, provided that ● Subordinating conjunction",sofern = à condition que ● Conjonctions de subordination,,
23,,insofern,insofern,,"insofar as, in that respect, to that extent","dans la mesure où, tant que",Subordinating conjunction,Conjonctions de subordination,"insofern = insofar as, in that respect, to that extent ● Subordinating conjunction","insofern = dans la mesure où, tant que ● Conjonctions de subordination",,
23,,es sei denn,es sei denn,,unless,à moins que,Coordinating conjunction,Conjonction de coordination,es sei denn = unless ● Coordinating conjunction,es sei denn = à moins que ● Conjonction de coordination,,
23,,außer dass,außer dass,,except that,"sauf que, outre que, à part le fait que",Subordinating conjunction,Conjonctions de subordination,außer dass = except that ● Subordinating conjunction,"außer dass = sauf que, outre que, à part le fait que ● Conjonctions de subordination",,
23,,außer wenn,außer wenn,,except when,"sauf lorsque, sauf quand",Subordinating conjunction,Conjonctions de subordination,außer wenn = except when ● Subordinating conjunction,"außer wenn = sauf lorsque, sauf quand ● Conjonctions de subordination",,
23,,sofern nicht,sofern nicht,,unless,"sauf si, à moins que",Subordinating conjunction,Conjonctions de subordination,sofern nicht = unless ● Subordinating conjunction,"sofern nicht = sauf si, à moins que ● Conjonctions de subordination",,
24,"_____, wie viel Zeit du hast, könnten wir entweder ins Kino gehen oder einen Spaziergang machen.",Je nachdem,Je nachdem,"Je nachdem, wie viel Zeit du hast, könnten wir entweder ins Kino gehen oder einen Spaziergang machen.","Depending on how much time you have, we could either go to the cinema or take a walk.","Selon le temps dont vous disposez, nous pourrions soit aller au cinéma, soit faire une promenade.",,,je nachdem = depending on ● Subordinating conjunction,"je nachdem = selon, en fonction de ● Conjonctions de subordination",,
24,"Die Entscheidung fällt _____, welche Informationen uns bis morgen vorliegen.",je nachdem,je nachdem,"Die Entscheidung fällt je nachdem, welche Informationen uns bis morgen vorliegen.",The decision will be made depending on what information we have by tomorrow.,La décision sera prise en fonction des informations dont nous disposerons demain.,,,je nachdem = depending on ● Subordinating conjunction,"je nachdem = selon, en fonction de ● Conjonctions de subordination",,
24,"_____, ob das Meeting heute stattfindet, muss ich meinen Tagesplan komplett umstellen.",Je nachdem,Je nachdem,"Je nachdem, ob das Meeting heute stattfindet, muss ich meinen Tagesplan komplett umstellen.","Depending on whether the meeting takes place today, I might have to completely rearrange my schedule.","Selon que la réunion a lieu aujourd'hui ou non, je devrai peut-être réorganiser complètement mon emploi du temps.",,,je nachdem = depending on ● Subordinating conjunction,"je nachdem = selon, en fonction de ● Conjonctions de subordination",,
24,"_____, wie die Verhandlungen verlaufen, könnte das Projekt deutlich früher starten.",Je nachdem,Je nachdem,"Je nachdem, wie die Verhandlungen verlaufen, könnte das Projekt deutlich früher starten.","Depending on how the negotiations go, the project could start significantly earlier.","En fonction de l’évolution des négociations, le projet pourrait démarrer beaucoup plus tôt.",,,je nachdem = depending on ● Subordinating conjunction,"je nachdem = selon, en fonction de ● Conjonctions de subordination",,
24,"_____, wen du fragst, bekommst du völlig unterschiedliche Antworten auf dieselbe Frage.",Je nachdem,Je nachdem,"Je nachdem, wen du fragst, bekommst du völlig unterschiedliche Antworten auf dieselbe Frage.","Depending on who you ask, you'll get completely different answers to the same question.","Selon la personne à qui vous posez la question, vous obtiendrez des réponses complètement différentes à la même question.",,,je nachdem = depending on ● Subordinating conjunction,"je nachdem = selon, en fonction de ● Conjonctions de subordination",,
24,"_____ du deine Aufgaben rechtzeitig erledigst, sehe ich kein Problem.",Insofern,Insofern,"Insofern du deine Aufgaben rechtzeitig erledigst, sehe ich kein Problem.","Insofar as you complete your tasks on time, I see no issue.","Tant que vous terminez vos tâches à temps, je ne vois aucun problème.",,,"insofern = insofar as, in that respect, to that extent ● Subordinating conjunction","insofern = dans la mesure où, tant que ● Conjonctions de subordination",,
24,"_____ die Informationen korrekt sind, müssen wir unsere Strategie überdenken.",Insofern,Insofern,"Insofern die Informationen korrekt sind, müssen wir unsere Strategie überdenken.","Insofar as the information is correct, we need to rethink our strategy.","Dans la mesure où les informations sont correctes, nous devons repenser notre stratégie.",,,"insofern = insofar as, in that respect, to that extent ● Subordinating conjunction","insofern = dans la mesure où, tant que ● Conjonctions de subordination",,
24,"_____ er zustimmt, können wir mit dem Projekt fortfahren.",Insofern,Insofern,"Insofern er zustimmt, können wir mit dem Projekt fortfahren.","Insofar as he agrees, we can proceed with the project.","Dans la mesure où il est d’accord, nous pouvons procéder au projet.",,,"insofern = insofar as, in that respect, to that extent ● Subordinating conjunction","insofern = dans la mesure où, tant que ● Conjonctions de subordination",,
24,"_____ du interessiert bist, kann ich dir weitere Unterlagen zuschicken.",Insofern,Insofern,"Insofern du interessiert bist, kann ich dir weitere Unterlagen zuschicken.","Insofar as you're interested, I can send you more documents.","Dans la mesure où vous êtes intéressé, je peux vous envoyer plus de documents.",,,"insofern = insofar as, in that respect, to that extent ● Subordinating conjunction","insofern = dans la mesure où, tant que ● Conjonctions de subordination",,
24,"_____ hat sie recht, als dass die Risiken tatsächlich unterschätzt wurden.",Insofern,Insofern,"Insofern hat sie recht, als dass die Risiken tatsächlich unterschätzt wurden.",She is right insofar as the risks were indeed underestimated.,Elle a raison dans la mesure où les risques ont effectivement été sous-estimés.,,,"insofern = insofar as, in that respect, to that extent ● Subordinating conjunction","insofern = dans la mesure où, tant que ● Conjonctions de subordination",,
24,"_____ ich informiert bin, wird das neue Gesetz erst im kommenden Jahr in Kraft treten.",Soweit,Soweit,"Soweit ich informiert bin, wird das neue Gesetz erst im kommenden Jahr in Kraft treten.","As far as I am informed, the new law will only come into effect next year.","D’après ce que je sais, la nouvelle loi n’entrera en vigueur que l’année prochaine.",,,soweit = as far as ● Subordinating conjunction,"soweit = d'après ce que, en ce qui concerne ● Conjonctions de subordination",,
24,"_____ ich das beurteilen kann, hat das Team hervorragende Arbeit geleistet, obwohl die Bedingungen alles andere als ideal waren.",Soweit,Soweit,"Soweit ich das beurteilen kann, hat das Team hervorragende Arbeit geleistet, obwohl die Bedingungen alles andere als ideal waren.","As far as I can judge, the team did an excellent job despite the conditions being far from ideal.","D’après ce que j’ai pu en juger, l’équipe a fait un excellent travail malgré des conditions loin d’être idéales.",,,soweit = as far as ● Subordinating conjunction,"soweit = d'après ce que, en ce qui concerne ● Conjonctions de subordination",,
24,"_____ es mich betrifft, hätte das Projekt längst abgeschlossen sein müssen.",Soweit,Soweit,"Soweit es mich betrifft, hätte das Projekt längst abgeschlossen sein müssen.","As far as I’m concerned, the project should have been completed a long time ago.","Pour moi, le projet aurait dû être terminé depuis longtemps.",,,soweit = as far as ● Subordinating conjunction,"soweit = d'après ce que, en ce qui concerne ● Conjonctions de subordination",,
24,"Die Maßnahmen waren erfolgreich, _____ man das anhand der vorliegenden Daten sagen kann.",soweit,soweit,"Die Maßnahmen waren erfolgreich, soweit man das anhand der vorliegenden Daten sagen kann.","The measures were successful, as far as one can say based on the available data.","Les mesures ont été efficaces, d’après les données disponibles.",,,soweit = as far as ● Subordinating conjunction,"soweit = d'après ce que, en ce qui concerne ● Conjonctions de subordination",,
24,"_____ mir bekannt ist, hat die Firma keine Stellung zu den Vorwürfen genommen.",Soweit,Soweit,"Soweit mir bekannt ist, hat die Firma keine Stellung zu den Vorwürfen genommen.","As far as I know, the company has not commented on the accusations.","À ma connaissance, l’entreprise n’a pas commenté les accusations.",,,soweit = as far as ● Subordinating conjunction,"soweit = d'après ce que, en ce qui concerne ● Conjonctions de subordination",,
24,"Du kannst an der Konferenz teilnehmen, _____ du dich bis Freitag anmeldest.",sofern,sofern,"Du kannst an der Konferenz teilnehmen, sofern du dich bis Freitag anmeldest.","You can attend the conference, provided that you register by Friday.","Vous pouvez assister à la conférence, à condition de vous inscrire avant vendredi.",,,"sofern = provided, provided that ● Subordinating conjunction",sofern = à condition que ● Conjonctions de subordination,,
24,"_____ keine Einwände bestehen, beginnen wir mit der Umsetzung des Plans.",Sofern,Sofern,"Sofern keine Einwände bestehen, beginnen wir mit der Umsetzung des Plans.","Unless there are objections, we will begin implementing the plan.","À moins d’objections, nous commencerons à mettre en œuvre le plan.",,,"sofern = provided, provided that ● Subordinating conjunction",sofern = à condition que ● Conjonctions de subordination,,
24,"Die Garantie gilt nur, _____ das Gerät sachgemäß verwendet wurde.",sofern,sofern,"Die Garantie gilt nur, sofern das Gerät sachgemäß verwendet wurde.",The warranty is only valid provided that the device was used properly.,La garantie n'est valable qu'à condition que l'appareil ait été utilisé correctement.,,,"sofern = provided, provided that ● Subordinating conjunction",sofern = à condition que ● Conjonctions de subordination,,
24,"_____ es die Wetterbedingungen zulassen, wird das Event im Freien stattfinden.",Sofern,Sofern,"Sofern es die Wetterbedingungen zulassen, wird das Event im Freien stattfinden.","Provided that the weather permits, the event will take place outdoors.","Si le temps le permet, l'événement se déroulera en extérieur.",,,"sofern = provided, provided that ● Subordinating conjunction",sofern = à condition que ● Conjonctions de subordination,,
24,"Der Vertrag tritt in Kraft, _____ beide Parteien unterzeichnen.",sofern,sofern,"Der Vertrag tritt in Kraft, sofern beide Parteien unterzeichnen.",The contract comes into effect provided that both parties sign.,Le contrat entre en vigueur à condition que les deux parties le signent.,,,"sofern = provided, provided that ● Subordinating conjunction",sofern = à condition que ● Conjonctions de subordination,,
24,"Ich gehe heute nicht ins Büro, _____, es gibt ein dringendes Meeting.",es sei denn,es sei denn,"Ich gehe heute nicht ins Büro, es sei denn, es gibt ein dringendes Meeting.",I’m not going to the office today unless there’s an urgent meeting.,"Je ne vais pas au bureau aujourd’hui, à moins qu’il y ait une réunion urgente.",,,es sei denn = unless ● Coordinating conjunction,es sei denn = à moins que ● Conjonction de coordination,,
24,"Niemand darf den Raum betreten, _____, er hat eine spezielle Genehmigung.",es sei denn,es sei denn,"Niemand darf den Raum betreten, es sei denn, er hat eine spezielle Genehmigung.",No one is allowed to enter the room unless they have special permission.,"Personne n’est autorisé à entrer dans la salle, à moins d’avoir une autorisation spéciale.",,,es sei denn = unless ● Coordinating conjunction,es sei denn = à moins que ● Conjonction de coordination,,
24,"Wir verschieben das Projekt nicht, _____, neue Informationen machen das notwendig.",es sei denn,es sei denn,"Wir verschieben das Projekt nicht, es sei denn, neue Informationen machen das notwendig.",We won’t postpone the project unless new information makes it necessary.,"Nous ne reportons pas le projet, à moins que de nouvelles informations ne le rendent nécessaire.",,,es sei denn = unless ● Coordinating conjunction,es sei denn = à moins que ● Conjonction de coordination,,
24,"Du solltest dich nicht entschuldigen, _____, du meinst es wirklich ernst.",es sei denn,es sei denn,"Du solltest dich nicht entschuldigen, es sei denn, du meinst es wirklich ernst.",You shouldn’t apologize unless you truly mean it.,"Tu ne devrais pas t’excuser, à moins que tu ne le penses vraiment.",,,es sei denn = unless ● Coordinating conjunction,es sei denn = à moins que ● Conjonction de coordination,,
24,"Das Gesetz tritt nicht in Kraft, _____, der Bundestag stimmt erneut zu.",es sei denn,es sei denn,"Das Gesetz tritt nicht in Kraft, es sei denn, der Bundestag stimmt erneut zu.",The law will not come into effect unless the Bundestag approves it again.,"La loi n’entrera pas en vigueur, à moins que le Bundestag ne l’approuve à nouveau.",,,es sei denn = unless ● Coordinating conjunction,es sei denn = à moins que ● Conjonction de coordination,,
24,"Der Bericht enthält keine neuen Erkenntnisse, _____ er die bekannten Probleme nun klarer benennt.",außer dass,außer dass,"Der Bericht enthält keine neuen Erkenntnisse, außer dass er die bekannten Probleme nun klarer benennt.","The report contains no new insights, except that it now states the known problems more clearly.","Le rapport ne contient aucun nouvel élément, sauf qu’il formule plus clairement les problèmes déjà connus.",,,außer dass = except that ● Subordinating conjunction,"außer dass = sauf que, outre que, à part le fait que ● Conjonctions de subordination",,
24,"An der grundsätzlichen Einschätzung hat sich nichts geändert, _____ die Risiken inzwischen realistischer bewertet werden.",außer dass,außer dass,"An der grundsätzlichen Einschätzung hat sich nichts geändert, außer dass die Risiken inzwischen realistischer bewertet werden.","Nothing has changed in the fundamental assessment, except that the risks are now evaluated more realistically.","L’évaluation de fond n’a pas changé, sauf que les risques sont désormais appréciés de manière plus réaliste.",,,außer dass = except that ● Subordinating conjunction,"außer dass = sauf que, outre que, à part le fait que ● Conjonctions de subordination",,
24,"Seine Argumentation blieb weitgehend unverändert, _____ er sie rhetorisch deutlich zugespitzt hat.",außer dass,außer dass,"Seine Argumentation blieb weitgehend unverändert, außer dass er sie rhetorisch deutlich zugespitzt hat.","His line of argument remained largely unchanged, except that he sharpened it considerably on a rhetorical level.","Son argumentation est restée largement inchangée, sauf qu’il l’a nettement renforcée sur le plan rhétorique.",,,außer dass = except that ● Subordinating conjunction,"außer dass = sauf que, outre que, à part le fait que ● Conjonctions de subordination",,
24,"Die Rahmenbedingungen sind gleich geblieben, _____ der zeitliche Druck erheblich zugenommen hat.",außer dass,außer dass,"Die Rahmenbedingungen sind gleich geblieben, außer dass der zeitliche Druck erheblich zugenommen hat.","The framework conditions have remained the same, except that time pressure has increased significantly.","Les conditions-cadres sont restées identiques, sauf que la pression temporelle a fortement augmenté.",,,außer dass = except that ● Subordinating conjunction,"außer dass = sauf que, outre que, à part le fait que ● Conjonctions de subordination",,
24,"Der Vorschlag unterscheidet sich kaum vom vorherigen, _____ er nun konkreter formuliert ist.",außer dass,außer dass,"Der Vorschlag unterscheidet sich kaum vom vorherigen, außer dass er nun konkreter formuliert ist.","The proposal hardly differs from the previous one, except that it is now formulated more concretely.","La proposition diffère à peine de la précédente, sauf qu’elle est désormais formulée de manière plus concrète.",,,außer dass = except that ● Subordinating conjunction,"außer dass = sauf que, outre que, à part le fait que ● Conjonctions de subordination",,
24,"Die Regel gilt für alle Mitarbeitenden, _____ zwingende rechtliche Gründe dagegensprechen.",außer wenn,außer wenn,"Die Regel gilt für alle Mitarbeitenden, außer wenn zwingende rechtliche Gründe dagegensprechen.","The rule applies to all employees, except when compelling legal reasons speak against it.","La règle s’applique à tous les employés, sauf lorsque des raisons juridiques impérieuses s’y opposent.",,,außer wenn = except when ● Subordinating conjunction,"außer wenn = sauf lorsque, sauf quand ● Conjonctions de subordination",,
24,"Das System arbeitet zuverlässig, _____ mehrere sicherheitskritische Komponenten gleichzeitig ausfallen.",außer wenn,außer wenn,"Das System arbeitet zuverlässig, außer wenn mehrere sicherheitskritische Komponenten gleichzeitig ausfallen.","The system operates reliably, except when several safety-critical components fail at the same time.","Le système fonctionne de manière fiable, sauf lorsque plusieurs composants critiques tombent en panne simultanément.",,,außer wenn = except when ● Subordinating conjunction,"außer wenn = sauf lorsque, sauf quand ● Conjonctions de subordination",,
24,"Die Maßnahme zeigt Wirkung, _____ sie ohne ausreichende Vorbereitung umgesetzt wird.",außer wenn,außer wenn,"Die Maßnahme zeigt Wirkung, außer wenn sie ohne ausreichende Vorbereitung umgesetzt wird.","The measure proves effective, except when it is implemented without sufficient preparation.","La mesure est efficace, sauf lorsqu’elle est mise en œuvre sans préparation suffisante.",,,außer wenn = except when ● Subordinating conjunction,"außer wenn = sauf lorsque, sauf quand ● Conjonctions de subordination",,
24,"Die Daten sind konsistent, _____ externe Eingriffe die ursprüngliche Struktur verändern.",außer wenn,außer wenn,"Die Daten sind konsistent, außer wenn externe Eingriffe die ursprüngliche Struktur verändern.","The data is consistent, except when external interventions alter the original structure.","Les données sont cohérentes, sauf lorsque des interventions externes modifient la structure initiale.",,,außer wenn = except when ● Subordinating conjunction,"außer wenn = sauf lorsque, sauf quand ● Conjonctions de subordination",,
24,"Die Vereinbarung bleibt bestehen, _____ beide Parteien einer vorzeitigen Auflösung zustimmen.",außer wenn,außer wenn,"Die Vereinbarung bleibt bestehen, außer wenn beide Parteien einer vorzeitigen Auflösung zustimmen.","The agreement remains in force, except when both parties agree to an early termination.","L’accord reste valable, sauf lorsque les deux parties acceptent une résiliation anticipée.",,,außer wenn = except when ● Subordinating conjunction,"außer wenn = sauf lorsque, sauf quand ● Conjonctions de subordination",,
24,"Der Vertrag verlängert sich automatisch, _____ eine der Parteien fristgerecht widerspricht.",sofern nicht,sofern nicht,"Der Vertrag verlängert sich automatisch, sofern nicht eine der Parteien fristgerecht widerspricht.",The contract is automatically renewed unless one of the parties objects within the deadline.,"Le contrat est reconduit automatiquement, sauf si l’une des parties s’y oppose dans les délais.",,,sofern nicht = unless ● Subordinating conjunction,"sofern nicht = sauf si, à moins que ● Conjonctions de subordination",,
24,"Die Ergebnisse können veröffentlicht werden, _____ datenschutzrechtliche Bedenken entgegenstehen.",sofern nicht,sofern nicht,"Die Ergebnisse können veröffentlicht werden, sofern nicht datenschutzrechtliche Bedenken entgegenstehen.",The results may be published unless data protection concerns prevent it.,"Les résultats peuvent être publiés, sauf si des objections liées à la protection des données s’y opposent.",,,sofern nicht = unless ● Subordinating conjunction,"sofern nicht = sauf si, à moins que ● Conjonctions de subordination",,
24,"Die Maßnahme gilt als erfolgreich, _____ sich unerwartete Nebenwirkungen zeigen.",sofern nicht,sofern nicht,"Die Maßnahme gilt als erfolgreich, sofern nicht sich unerwartete Nebenwirkungen zeigen.",The measure is considered successful unless unexpected side effects emerge.,"La mesure est considérée comme un succès, sauf si des effets secondaires imprévus apparaissent.",,,sofern nicht = unless ● Subordinating conjunction,"sofern nicht = sauf si, à moins que ● Conjonctions de subordination",,
24,"Die Planung bleibt bestehen, _____ neue Erkenntnisse eine Anpassung erforderlich machen.",sofern nicht,sofern nicht,"Die Planung bleibt bestehen, sofern nicht neue Erkenntnisse eine Anpassung erforderlich machen.",The plan remains in place unless new findings make an adjustment necessary.,"La planification est maintenue, sauf si de nouvelles données rendent une adaptation nécessaire.",,,sofern nicht = unless ● Subordinating conjunction,"sofern nicht = sauf si, à moins que ● Conjonctions de subordination",,
24,"Die Sitzung findet wie vorgesehen statt, _____ äußere Umstände eine Verschiebung erzwingen.",sofern nicht,sofern nicht,"Die Sitzung findet wie vorgesehen statt, sofern nicht äußere Umstände eine Verschiebung erzwingen.",The meeting will take place as scheduled unless external circumstances force a postponement.,"La réunion aura lieu comme prévu, sauf si des circonstances extérieures imposent un report.",,,sofern nicht = unless ● Subordinating conjunction,"sofern nicht = sauf si, à moins que ● Conjonctions de subordination",,
25,,außerhalb davon,außerhalb davon,,"outside of it, outside of that",en dehors de cela,Adverb,Adverbe,"außerhalb davon = outside of it, outside of that ● Adverb",außerhalb davon = en dehors de cela ● Adverbe,,
25,,nämlich,nämlich,,namely,notamment,Adverb,Adverbe,nämlich = namely ● Adverb,nämlich = notamment ● Adverbe,,
25,,insgesamt,insgesamt,,"overall, all in all","dans l'ensemble, globalement",Adverb,Adverbe,"insgesamt = overall, all in all ● Adverb","insgesamt = dans l'ensemble, globalement ● Adverbe",,
25,,vielmehr,vielmehr,,"rather, but rather","mais plutôt, au contraire",Adverb,Adverbe,"vielmehr = rather, but rather ● Adverb","vielmehr = mais plutôt, au contraire ● Adverbe",,
25,,entsprechend,entsprechend,,"accordingly, correspondingly","en conséquence, par conséquent",Adverb,Adverbe,"entsprechend = accordingly, correspondingly ● Adverb","entsprechend = en conséquence, par conséquent ● Adverbe",,
25,,obendrein,obendrein,,"on top of that, on top of this","en plus de cela, en plus",Adverb,Adverbe,"obendrein = on top of that, on top of this ● Adverb","obendrein = en plus de cela, en plus ● Adverbe",,
25,,kurz Gesagt,kurz Gesagt,,"in short, in a nutshell","en bref, en un mot",Adverb,Adverbe,"kurz gesagt = in short, in a nutshell ● Adverb","kurz gesagt = en bref, en un mot ● Adverbe",,
25,,diesbezüglich,diesbezüglich,,"in this regard, regarding this","à cet égard, à propos de cela",Adverb,Adverbe,"diesbezüglich = in this regard, regarding this ● Adverb","diesbezüglich = à cet égard, à propos de cela ● Adverbe",,
26,"Wir haben das Thema ausführlich besprochen, aber _____ gab es keine Einigung.",außerhalb davon,außerhalb davon,"Wir haben das Thema ausführlich besprochen, aber außerhalb davon gab es keine Einigung.","We discussed the topic in detail, but outside of that, there was no agreement.","Nous avons discuté du sujet en détail, mais en dehors de cela, il n’y avait pas d’accord.",,,"außerhalb davon = outside of it, outside of that ● Adverb",außerhalb davon = en dehors de cela ● Adverbe,,
26,"Die Regeln gelten im Büro, _____ darf jeder machen, was er will.",außerhalb davon,außerhalb davon,"Die Regeln gelten im Büro, außerhalb davon darf jeder machen, was er will.","The rules apply in the office; outside of that, everyone can do what they want.","Au bureau, les règles s'appliquent ; en dehors, chacun peut faire ce qu'il veut.",,,"außerhalb davon = outside of it, outside of that ● Adverb",außerhalb davon = en dehors de cela ● Adverbe,,
26,"Sie arbeitet an einem Projekt, aber _____ hat sie wenig Kontakt zu Kollegen.",außerhalb davon,außerhalb davon,"Sie arbeitet an einem Projekt, aber außerhalb davon hat sie wenig Kontakt zu Kollegen.","She’s working on a project, but outside of that, she has little contact with colleagues.","Elle travaille sur un projet, mais en dehors de cela, elle a peu de contacts avec ses collègues.",,,"außerhalb davon = outside of it, outside of that ● Adverb",außerhalb davon = en dehors de cela ● Adverbe,,
26,"_____ gibt es kaum Möglichkeiten, praktische Erfahrungen zu sammeln.",Außerhalb davon,Außerhalb davon,"Außerhalb davon gibt es kaum Möglichkeiten, praktische Erfahrungen zu sammeln.","Outside of that, there are hardly any opportunities to gain practical experience.","En dehors de cela, il existe peu d’opportunités d’acquérir une expérience pratique.",,,"außerhalb davon = outside of it, outside of that ● Adverb",außerhalb davon = en dehors de cela ● Adverbe,,
26,"Die Diskussion war produktiv, aber _____ war die Stimmung eher angespannt.",außerhalb davon,außerhalb davon,"Die Diskussion war produktiv, aber außerhalb davon war die Stimmung eher angespannt.","The discussion was productive, but outside of that, the mood was rather tense.","La discussion a été productive, mais en dehors de cela, l’ambiance était plutôt tendue.",,,"außerhalb davon = outside of it, outside of that ● Adverb",außerhalb davon = en dehors de cela ● Adverbe,,
26,"Ich habe das Meeting abgesagt, _____ weil ich plötzlich krank wurde.",nämlich,nämlich,"Ich habe das Meeting abgesagt, nämlich weil ich plötzlich krank wurde.","I canceled the meeting, namely because I suddenly became sick.","J'ai annulé la réunion, notamment parce que je suis soudainement tombé malade.",,,nämlich = namely ● Adverb,nämlich = notamment ● Adverbe,,
26,"Wir müssen den Plan ändern, _____ wegen der unerwarteten Kosten.",nämlich,nämlich,"Wir müssen den Plan ändern, nämlich wegen der unerwarteten Kosten.","We have to change the plan, namely because of the unexpected costs.","Nous devons changer le plan, notamment à cause des coûts imprévus.",,,nämlich = namely ● Adverb,nämlich = notamment ● Adverbe,,
26,"Er hat das Projekt nicht abgeschlossen, _____ da er mit anderen Aufgaben beschäftigt war.",nämlich,nämlich,"Er hat das Projekt nicht abgeschlossen, nämlich da er mit anderen Aufgaben beschäftigt war.","He didn’t finish the project, namely because he was busy with other tasks.","Il n’a pas terminé le projet, notamment parce qu’il était occupé avec d’autres tâches.",,,nämlich = namely ● Adverb,nämlich = notamment ● Adverbe,,
26,"Ich konnte nicht teilnehmen, _____ ich war zur Zeit schon verplant.",nämlich,nämlich,"Ich konnte nicht teilnehmen, nämlich ich war zur Zeit schon verplant.","I couldn’t attend, namely because I was already booked at that time.","Je n’ai pas pu y assister, notamment parce que j’étais déjà réservé à ce moment-là.",,,nämlich = namely ● Adverb,nämlich = notamment ● Adverbe,,
26,"Die Veranstaltung wurde abgesagt, _____ aufgrund des schlechten Wetters.",nämlich,nämlich,"Die Veranstaltung wurde abgesagt, nämlich aufgrund des schlechten Wetters.","The event was canceled, namely due to the bad weather.","L'événement a été annulé, notamment en raison du mauvais temps.",,,nämlich = namely ● Adverb,nämlich = notamment ● Adverbe,,
26,"_____ lässt sich sagen, dass die Reform zwar gut gemeint war, aber ihre Ziele nur teilweise erreicht hat.",Insgesamt,Insgesamt,"Insgesamt lässt sich sagen, dass die Reform zwar gut gemeint war, aber ihre Ziele nur teilweise erreicht hat.","Overall, it can be said that the reform was well-intentioned but achieved its goals only partially.","Globalement, on peut dire que la réforme était bien intentionnée, mais n’a atteint ses objectifs que partiellement.",,,"insgesamt = overall, all in all ● Adverb","insgesamt = dans l'ensemble, globalement ● Adverbe",,
26,_____ betrachtet zeigte die Studie deutliche Schwächen im methodischen Aufbau.,Insgesamt,Insgesamt,Insgesamt betrachtet zeigte die Studie deutliche Schwächen im methodischen Aufbau.,"All in all, the study showed clear weaknesses in its methodological design.","Dans l’ensemble, l’étude présentait des faiblesses évidentes dans sa conception méthodologique.",,,"insgesamt = overall, all in all ● Adverb","insgesamt = dans l'ensemble, globalement ● Adverbe",,
26,"_____ waren die Reaktionen der Teilnehmer positiver, als die Organisatoren erwartet hatten.",Insgesamt,Insgesamt,"Insgesamt waren die Reaktionen der Teilnehmer positiver, als die Organisatoren erwartet hatten.","Overall, the participants’ reactions were more positive than the organizers had expected.","Globalement, les réactions des participants ont été plus positives que prévu par les organisateurs.",,,"insgesamt = overall, all in all ● Adverb","insgesamt = dans l'ensemble, globalement ● Adverbe",,
26,_____ führt die zunehmende Digitalisierung zu einer Verschiebung traditioneller Arbeitsstrukturen.,Insgesamt,Insgesamt,Insgesamt führt die zunehmende Digitalisierung zu einer Verschiebung traditioneller Arbeitsstrukturen.,"Overall, increasing digitalization is leading to a shift in traditional work structures.","Dans l’ensemble, la numérisation croissante entraîne un changement des structures de travail traditionnelles.",,,"insgesamt = overall, all in all ● Adverb","insgesamt = dans l'ensemble, globalement ● Adverbe",,
26,_____ blieb das Unternehmen trotz der schwierigen Marktbedingungen bemerkenswert stabil.,Insgesamt,Insgesamt,Insgesamt blieb das Unternehmen trotz der schwierigen Marktbedingungen bemerkenswert stabil.,"All in all, the company remained remarkably stable despite the challenging market conditions.","Dans l’ensemble, l’entreprise est restée remarquablement stable malgré des conditions de marché difficiles.",,,"insgesamt = overall, all in all ● Adverb","insgesamt = dans l'ensemble, globalement ● Adverbe",,
26,"Es war kein Missverständnis, _____ eine bewusste Täuschung.",vielmehr,vielmehr,"Es war kein Missverständnis, vielmehr eine bewusste Täuschung.","It wasn’t a misunderstanding, but rather a deliberate deception.","Il ne s'agissait pas d'un malentendu, mais bien d'une tromperie délibérée.",,,"vielmehr = rather, but rather ● Adverb","vielmehr = mais plutôt, au contraire ● Adverbe",,
26,"Er hat nicht aufgegeben, _____ hat er sich neue Ziele gesetzt.",vielmehr,vielmehr,"Er hat nicht aufgegeben, vielmehr hat er sich neue Ziele gesetzt.","He didn’t give up, rather, he set new goals for himself.","Il n’a pas abandonné, au contraire, il s’est fixé de nouveaux objectifs.",,,"vielmehr = rather, but rather ● Adverb","vielmehr = mais plutôt, au contraire ● Adverbe",,
26,"Die Entscheidung war nicht leichtfertig, _____ gründlich überlegt.",vielmehr,vielmehr,"Die Entscheidung war nicht leichtfertig, vielmehr gründlich überlegt.","The decision wasn’t made lightly, but rather carefully considered.","Cette décision n'a pas été prise à la légère, mais après mûre réflexion.",,,"vielmehr = rather, but rather ● Adverb","vielmehr = mais plutôt, au contraire ● Adverbe",,
26,"Es handelt sich nicht um ein technisches Problem, _____ um ein organisatorisches.",vielmehr,vielmehr,"Es handelt sich nicht um ein technisches Problem, vielmehr um ein organisatorisches.","It’s not a technical issue, but rather an organizational one.","Ce n’est pas un problème technique, mais plutôt un problème organisationnel.",,,"vielmehr = rather, but rather ● Adverb","vielmehr = mais plutôt, au contraire ● Adverbe",,
26,"Sie war nicht enttäuscht, _____ erleichtert über das Ergebnis.",vielmehr,vielmehr,"Sie war nicht enttäuscht, vielmehr erleichtert über das Ergebnis.","She wasn’t disappointed, but rather relieved by the outcome.","Elle n'était pas déçue, mais plutôt soulagée par le résultat.",,,"vielmehr = rather, but rather ● Adverb","vielmehr = mais plutôt, au contraire ● Adverbe",,
26,Er hat viel Erfahrung und handelt _____ professionell.,entsprechend,entsprechend,Er hat viel Erfahrung und handelt entsprechend professionell.,He has a lot of experience and acts accordingly professionally.,Il possède une grande expérience et agit en conséquence avec professionnalisme.,,,"entsprechend = accordingly, correspondingly ● Adverb","entsprechend = en conséquence, par conséquent ● Adverbe",,
26,"Die Anforderungen waren hoch, und _____ fiel auch der Druck auf das Team aus.",entsprechend,entsprechend,"Die Anforderungen waren hoch, und entsprechend fiel auch der Druck auf das Team aus.","The requirements were high, and the pressure on the team was correspondingly high.","Les exigences étaient élevées, et la pression sur l'équipe était donc proportionnellement élevée.",,,"entsprechend = accordingly, correspondingly ● Adverb","entsprechend = en conséquence, par conséquent ● Adverbe",,
26,"Die Mitarbeiter wurden _____ geschult, um den Anforderungen gerecht zu werden.",entsprechend,entsprechend,"Die Mitarbeiter wurden entsprechend geschult, um den Anforderungen gerecht zu werden.",The employees were trained accordingly to meet the requirements.,Les employés ont été formés en conséquence pour répondre aux exigences.,,,"entsprechend = accordingly, correspondingly ● Adverb","entsprechend = en conséquence, par conséquent ● Adverbe",,
26,"Die Diskussion wurde emotional, und _____ hitzig reagierten einige Teilnehmer.",entsprechend,entsprechend,"Die Diskussion wurde emotional, und entsprechend hitzig reagierten einige Teilnehmer.","The discussion became emotional, and some participants reacted heatedly.",La discussion s'est enflammée et certains participants ont réagi avec véhémence.,,,"entsprechend = accordingly, correspondingly ● Adverb","entsprechend = en conséquence, par conséquent ● Adverbe",,
26,"Die Datenlage ist unsicher, und _____ vorsichtig formulieren die Forschenden ihre Schlussfolgerungen.",entsprechend,entsprechend,"Die Datenlage ist unsicher, und entsprechend vorsichtig formulieren die Forschenden ihre Schlussfolgerungen.","The data situation is uncertain, and the researchers are therefore cautious in formulating their conclusions.","La situation des données est incertaine, et les chercheurs font donc preuve de prudence dans la formulation de leurs conclusions.",,,"entsprechend = accordingly, correspondingly ● Adverb","entsprechend = en conséquence, par conséquent ● Adverbe",,
26,"Er ist nicht nur unpünktlich, sondern _____ völlig unorganisiert.",obendrein,obendrein,"Er ist nicht nur unpünktlich, sondern obendrein völlig unorganisiert.","He’s not only unpunctual, but completely disorganized on top of that.","Il n’est pas seulement en retard, mais en plus totalement désorganisé.",,,"obendrein = on top of that, on top of this ● Adverb","obendrein = en plus de cela, en plus ● Adverbe",,
26,Das Hotel war teuer und _____ noch schmutzig.,obendrein,obendrein,Das Hotel war teuer und obendrein noch schmutzig.,"The hotel was expensive and, on top of that, dirty.",L’hôtel était cher et en plus sale.,,,"obendrein = on top of that, on top of this ● Adverb","obendrein = en plus de cela, en plus ● Adverbe",,
26,"Sie hat den Job bekommen, _____ mit einem besseren Gehalt als erwartet.",obendrein,obendrein,"Sie hat den Job bekommen, obendrein mit einem besseren Gehalt als erwartet.","She got the job, and on top of that, with a better salary than expected.","Elle a obtenu le poste, et en plus avec un meilleur salaire que prévu.",,,"obendrein = on top of that, on top of this ● Adverb","obendrein = en plus de cela, en plus ● Adverbe",,
26,Der Vortrag war langweilig und _____ viel zu lang.,obendrein,obendrein,Der Vortrag war langweilig und obendrein viel zu lang.,"The lecture was boring and, on top of that, far too long.","La conférence était ennuyeuse et, en plus de cela, beaucoup trop longue.",,,"obendrein = on top of that, on top of this ● Adverb","obendrein = en plus de cela, en plus ● Adverbe",,
26,"Er hat den Fehler gemacht und _____ versucht, ihn zu vertuschen.",obendrein,obendrein,"Er hat den Fehler gemacht und obendrein versucht, ihn zu vertuschen.","He made the mistake and, to top it off, tried to cover it up.","Il a fait l’erreur et, en plus, il a essayé de la cacher.",,,"obendrein = on top of that, on top of this ● Adverb","obendrein = en plus de cela, en plus ● Adverbe",,
26,_____: Er hat das Projekt erfolgreich abgeschlossen.,Kurz gesagt,kurz Gesagt,Kurz gesagt: Er hat das Projekt erfolgreich abgeschlossen.,In short: He completed the project successfully.,En bref : Il a mené à bien le projet.,,,"kurz gesagt = in short, in a nutshell ● Adverb","kurz gesagt = en bref, en un mot ● Adverbe",,
26,_____: Wir stehen vor einer großen Herausforderung.,Kurz gesagt,kurz Gesagt,Kurz gesagt: Wir stehen vor einer großen Herausforderung.,In short: We are facing a major challenge.,En résumé : nous sommes confrontés à un défi majeur.,,,"kurz gesagt = in short, in a nutshell ● Adverb","kurz gesagt = en bref, en un mot ● Adverbe",,
26,_____: Das Unternehmen muss dringend Maßnahmen ergreifen.,Kurz gesagt,kurz Gesagt,Kurz gesagt: Das Unternehmen muss dringend Maßnahmen ergreifen.,In short: The company urgently needs to take action.,En bref : L'entreprise doit agir de toute urgence.,,,"kurz gesagt = in short, in a nutshell ● Adverb","kurz gesagt = en bref, en un mot ● Adverbe",,
26,_____: Sie haben alle Anforderungen erfüllt.,Kurz gesagt,kurz Gesagt,Kurz gesagt: Sie haben alle Anforderungen erfüllt.,In short: They met all the requirements.,En résumé : ils remplissaient toutes les conditions.,,,"kurz gesagt = in short, in a nutshell ● Adverb","kurz gesagt = en bref, en un mot ● Adverbe",,
26,"_____: Das Problem ist komplexer, als es auf den ersten Blick scheint.",Kurz gesagt,kurz Gesagt,"Kurz gesagt: Das Problem ist komplexer, als es auf den ersten Blick scheint.",In short: The problem is more complex than it appears at first glance.,En bref : le problème est plus complexe qu'il n'y paraît au premier abord.,,,"kurz gesagt = in short, in a nutshell ● Adverb","kurz gesagt = en bref, en un mot ● Adverbe",,
26,"_____ bestehen noch erhebliche Unsicherheiten, da mehrere zentrale Fragen ungeklärt sind.",Diesbezüglich,diesbezüglich,"Diesbezüglich bestehen noch erhebliche Unsicherheiten, da mehrere zentrale Fragen ungeklärt sind.","In this regard, considerable uncertainties remain because several key questions are unresolved.","À cet égard, d’importantes incertitudes subsistent, car plusieurs questions essentielles restent non résolues.",,,"diesbezüglich = in this regard, regarding this ● Adverb","diesbezüglich = à cet égard, à propos de cela ● Adverbe",,
26,"Die Expertinnen betonten, dass _____ weitere Untersuchungen notwendig seien, bevor man konkrete Maßnahmen ergreife.",diesbezüglich,diesbezüglich,"Die Expertinnen betonten, dass diesbezüglich weitere Untersuchungen notwendig seien, bevor man konkrete Maßnahmen ergreife.",The experts emphasized that further investigations were needed in this respect before taking concrete action.,"Les expertes ont souligné qu’à cet égard, des recherches supplémentaires étaient nécessaires avant de prendre des mesures concrètes.",,,"diesbezüglich = in this regard, regarding this ● Adverb","diesbezüglich = à cet égard, à propos de cela ● Adverbe",,
26,"Der Bericht ist _____ missverständlich formuliert, was bereits zu mehreren Fehlinterpretationen geführt hat.",diesbezüglich,diesbezüglich,"Der Bericht ist diesbezüglich missverständlich formuliert, was bereits zu mehreren Fehlinterpretationen geführt hat.","The report is ambiguously worded in this respect, which has already led to several misinterpretations.","Le rapport est formulé de manière ambiguë à cet égard, ce qui a déjà entraîné plusieurs mauvaises interprétations.",,,"diesbezüglich = in this regard, regarding this ● Adverb","diesbezüglich = à cet égard, à propos de cela ● Adverbe",,
26,"Viele Unternehmen sind _____ zurückhaltend, weil die langfristigen Risiken schwer abzuschätzen sind.",diesbezüglich,diesbezüglich,"Viele Unternehmen sind diesbezüglich zurückhaltend, weil die langfristigen Risiken schwer abzuschätzen sind.",Many companies are cautious in this respect because the long-term risks are difficult to assess.,"De nombreuses entreprises se montrent prudentes à cet égard, car les risques à long terme sont difficiles à évaluer.",,,"diesbezüglich = in this regard, regarding this ● Adverb","diesbezüglich = à cet égard, à propos de cela ● Adverbe",,
26,"Die Hinweise der Aufsichtsbehörde seien _____ sehr klar, weshalb weitere Verzögerungen kaum zu rechtfertigen sind.",diesbezüglich,diesbezüglich,"Die Hinweise der Aufsichtsbehörde seien diesbezüglich sehr klar, weshalb weitere Verzögerungen kaum zu rechtfertigen sind.","The supervisory authority’s guidelines are very clear in this regard, which makes further delays hard to justify.","Les directives de l’autorité de supervision sont très claires à cet égard, ce qui rend difficile de justifier de nouveaux retards.",,,"diesbezüglich = in this regard, regarding this ● Adverb","diesbezüglich = à cet égard, à propos de cela ● Adverbe",,
27,,zu guter Letzt,zu guter Letzt,,last but not least,"entre autre et pas des moindres, en dernier lieu",Adverb,Adverbe,zu guter letzt = last but not least ● Adverb,"zu guter letzt = entre autre et pas des moindres, en dernier lieu ● Adverbe",,
27,,zu diesem Zweck,zu diesem Zweck,,"for this purpose, to that end","pour cela, à cette fin",Adverb,Adverbe,"zu diesem zweck = for this purpose, to that end ● Adverb","zu diesem zweck = pour cela, à cette fin ● Adverbe",,
27,,unter dem Strich,unter dem Strich,,"ultimately, at the end of the day, all things considered","au final, en fin de compte, tout compte fait",Adverb,Adverbe,"unter dem strich = ultimately, at the end of the day, all things considered ● Adverb","unter dem strich = au final, en fin de compte, tout compte fait ● Adverbe",,
27,,nicht zuletzt,nicht zuletzt,,not least,"notamment, entre autres",Adverb,Adverbe,nicht zuletzt = not least ● Adverb,"nicht zuletzt = notamment, entre autres ● Adverbe",,
27,,zu allem Überfluss,zu allem Überfluss,,"to make matters worse, to add insult to injury","pour couronner le tout, pour ne rien arranger",Adverb,Adverbe,"zu allem überfluss = to make matters worse, to add insult to injury ● Adverb","zu allem überfluss = pour couronner le tout, pour ne rien arranger ● Adverbe",,
27,,darüber hinaus,darüber hinaus,,"in addition to that, beyond that, additionally","par ailleurs, qui plus est, de surcroît",Adverb,Adverbe,"darüber hinaus = in addition to that, beyond that, additionally ● Adverb","darüber hinaus = par ailleurs, qui plus est, de surcroît ● Adverbe",,
27,,der Grund dafür,der Grund dafür,,the reason for this,"la raison pour cela, la raison est que",Adverb,Adverbe,der grund dafür = the reason for this ● Adverb,"der grund dafür = la raison pour cela, la raison est que ● Adverbe",,
27,,bis dahin,bis dahin,,until then,d'ici là,Adverb,Adverbe,bis dahin = until then ● Adverb,bis dahin = d'ici là ● Adverbe,,
28,"_____ entschied das Komitee, den Vorschlag trotz aller Bedenken anzunehmen.",Zu guter Letzt,Zu guter Letzt,"Zu guter Letzt entschied das Komitee, den Vorschlag trotz aller Bedenken anzunehmen.","Last but not least, the committee decided to accept the proposal despite all concerns.","En dernier lieu, le comité a décidé d’accepter la proposition malgré toutes les réserves.",,,zu guter letzt = last but not least ● Adverb,"zu guter letzt = entre autre et pas des moindres, en dernier lieu ● Adverbe",,
28,"_____ stellte sich heraus, dass die vermeintliche Lösung das Problem nur verschärft hatte.",Zu guter Letzt,Zu guter Letzt,"Zu guter Letzt stellte sich heraus, dass die vermeintliche Lösung das Problem nur verschärft hatte.","Last but not least, it turned out that the supposed solution had only made the problem worse.","Entre autre et pas des moindres, il s’est avéré que la solution supposée avait seulement aggravé le problème.",,,zu guter letzt = last but not least ● Adverb,"zu guter letzt = entre autre et pas des moindres, en dernier lieu ● Adverbe",,
28,"_____ gelang es ihr, die Argumentation so zu strukturieren, dass niemand mehr Zweifel hatte.",Zu guter Letzt,Zu guter Letzt,"Zu guter Letzt gelang es ihr, die Argumentation so zu strukturieren, dass niemand mehr Zweifel hatte.","Last but not least, she managed to structure the argument in a way that left no room for doubt.","En dernier lieu, elle a réussi à structurer l’argumentation de manière à ne laisser aucun doute.",,,zu guter letzt = last but not least ● Adverb,"zu guter letzt = entre autre et pas des moindres, en dernier lieu ● Adverbe",,
28,"_____ wurde klar, dass die unterschiedlichen Interessen nicht miteinander vereinbar waren.",Zu guter Letzt,Zu guter Letzt,"Zu guter Letzt wurde klar, dass die unterschiedlichen Interessen nicht miteinander vereinbar waren.","Last but not least, it became clear that the differing interests were not compatible.","Entre autre et pas des moindres, il est devenu clair que les différents intérêts n’étaient pas compatibles.",,,zu guter letzt = last but not least ● Adverb,"zu guter letzt = entre autre et pas des moindres, en dernier lieu ● Adverbe",,
28,_____ fasste der Moderator die wichtigsten Punkte zusammen und beendete die Sitzung.,Zu guter Letzt,Zu guter Letzt,Zu guter Letzt fasste der Moderator die wichtigsten Punkte zusammen und beendete die Sitzung.,"Last but not least, the moderator summarized the key points and closed the meeting.","En dernier lieu, le modérateur a résumé les points essentiels et a clos la séance.",,,zu guter letzt = last but not least ● Adverb,"zu guter letzt = entre autre et pas des moindres, en dernier lieu ● Adverbe",,
28,Wir brauchen mehr Informationen; _____ werden wir eine Umfrage durchführen.,zu diesem Zweck,zu diesem Zweck,Wir brauchen mehr Informationen; zu diesem Zweck werden wir eine Umfrage durchführen.,"We need more information; for this purpose, we will conduct a survey.","Nous avons besoin de plus d’informations ; pour cela, nous allons mener une enquête.",,,"zu diesem zweck = for this purpose, to that end ● Adverb","zu diesem zweck = pour cela, à cette fin ● Adverbe",,
28,"Die Firma hat ein neues Team eingestellt, _____ wurde ein spezielles Budget bereitgestellt.",zu diesem Zweck,zu diesem Zweck,"Die Firma hat ein neues Team eingestellt, zu diesem Zweck wurde ein spezielles Budget bereitgestellt.","The company hired a new team; for this purpose, a special budget was allocated.","L'entreprise a embauché une nouvelle équipe ; à cet effet, un budget spécial a été alloué.",,,"zu diesem zweck = for this purpose, to that end ● Adverb","zu diesem zweck = pour cela, à cette fin ● Adverbe",,
28,"_____ haben wir eine Präsentation vorbereitet, um alle Fragen zu klären.",Zu diesem Zweck,Zu diesem Zweck,"Zu diesem Zweck haben wir eine Präsentation vorbereitet, um alle Fragen zu klären.","For this purpose, we prepared a presentation to address all questions.","À cette fin, nous avons préparé une présentation pour répondre à toutes les questions.",,,"zu diesem zweck = for this purpose, to that end ● Adverb","zu diesem zweck = pour cela, à cette fin ● Adverbe",,
28,"Er hat extra einen Kurs besucht, _____ hat er seine Abende frei gehalten.",zu diesem Zweck,zu diesem Zweck,"Er hat extra einen Kurs besucht, zu diesem Zweck hat er seine Abende frei gehalten.",He attended a course specifically for this purpose and kept his evenings free.,Il a suivi un cours spécialement prévu à cet effet et a gardé ses soirées libres.,,,"zu diesem zweck = for this purpose, to that end ● Adverb","zu diesem zweck = pour cela, à cette fin ● Adverbe",,
28,"_____ wurde ein ausführlicher Bericht erstellt, der alle Details enthält.",Zu diesem Zweck,Zu diesem Zweck,"Zu diesem Zweck wurde ein ausführlicher Bericht erstellt, der alle Details enthält.","For this purpose, a detailed report was created that contains all the details.","À cette fin, un rapport détaillé a été créé contenant tous les détails.",,,"zu diesem zweck = for this purpose, to that end ● Adverb","zu diesem zweck = pour cela, à cette fin ● Adverbe",,
28,"_____ hat das Projekt mehr Ressourcen verschlungen, als zunächst kalkuliert wurde.",Unter dem Strich,Unter dem Strich,"Unter dem Strich hat das Projekt mehr Ressourcen verschlungen, als zunächst kalkuliert wurde.","At the end of the day, the project consumed more resources than originally calculated.","En fin de compte, le projet a consommé plus de ressources que prévu.",,,"unter dem strich = ultimately, at the end of the day, all things considered ● Adverb","unter dem strich = au final, en fin de compte, tout compte fait ● Adverbe",,
28,"_____ bleibt festzuhalten, dass die Risiken deutlich unterschätzt wurden.",Unter dem Strich,Unter dem Strich,"Unter dem Strich bleibt festzuhalten, dass die Risiken deutlich unterschätzt wurden.","Ultimately, it must be noted that the risks were clearly underestimated.","En fin de compte, il faut constater que les risques ont été clairement sous-estimés.",,,"unter dem strich = ultimately, at the end of the day, all things considered ● Adverb","unter dem strich = au final, en fin de compte, tout compte fait ● Adverbe",,
28,"_____ erwies sich die Kooperation als weniger vorteilhaft, als die Parteien gehofft hatten.",Unter dem Strich,Unter dem Strich,"Unter dem Strich erwies sich die Kooperation als weniger vorteilhaft, als die Parteien gehofft hatten.","All things considered, the cooperation turned out to be less advantageous than the parties had hoped.","Tout compte fait, la coopération s’est révélée moins avantageuse que ce que les parties espéraient.",,,"unter dem strich = ultimately, at the end of the day, all things considered ● Adverb","unter dem strich = au final, en fin de compte, tout compte fait ● Adverbe",,
28,_____ profitieren vor allem die Verbraucher von den neuen Regelungen.,Unter dem Strich,Unter dem Strich,Unter dem Strich profitieren vor allem die Verbraucher von den neuen Regelungen.,"Ultimately, it is the consumers who benefit most from the new regulations.","Au final, ce sont surtout les consommateurs qui bénéficient des nouvelles règles.",,,"unter dem strich = ultimately, at the end of the day, all things considered ● Adverb","unter dem strich = au final, en fin de compte, tout compte fait ● Adverbe",,
28,"_____ zeigt die Bilanz, dass das Unternehmen trotz Rückschlägen solide gewirtschaftet hat.",Unter dem Strich,Unter dem Strich,"Unter dem Strich zeigt die Bilanz, dass das Unternehmen trotz Rückschlägen solide gewirtschaftet hat.","All things considered, the balance sheet shows that the company managed its business solidly despite setbacks.","En fin de compte, le bilan montre que l’entreprise a été gérée de manière solide malgré les revers.",,,"unter dem strich = ultimately, at the end of the day, all things considered ● Adverb","unter dem strich = au final, en fin de compte, tout compte fait ● Adverbe",,
28,Die Entscheidung wurde _____ wegen des wachsenden öffentlichen Drucks getroffen.,nicht zuletzt,nicht zuletzt,Die Entscheidung wurde nicht zuletzt wegen des wachsenden öffentlichen Drucks getroffen.,The decision was made not least because of growing public pressure.,La décision a été prise notamment en raison de la pression publique croissante.,,,nicht zuletzt = not least ● Adverb,"nicht zuletzt = notamment, entre autres ● Adverbe",,
28,Der Erfolg des Projekts ist _____ auf die außergewöhnliche Teamarbeit zurückzuführen.,nicht zuletzt,nicht zuletzt,Der Erfolg des Projekts ist nicht zuletzt auf die außergewöhnliche Teamarbeit zurückzuführen.,The success of the project is due not least to the exceptional teamwork.,Le succès du projet est dû notamment à l’excellent travail d’équipe.,,,nicht zuletzt = not least ● Adverb,"nicht zuletzt = notamment, entre autres ● Adverbe",,
28,"Die Reform war notwendig, _____ weil die bisherigen Strukturen völlig überlastet waren.",nicht zuletzt,nicht zuletzt,"Die Reform war notwendig, nicht zuletzt weil die bisherigen Strukturen völlig überlastet waren.","The reform was necessary, not least because the existing structures were completely overloaded.","La réforme était nécessaire, notamment parce que les structures existantes étaient totalement surchargées.",,,nicht zuletzt = not least ● Adverb,"nicht zuletzt = notamment, entre autres ● Adverbe",,
28,Der Vortrag überzeugte _____ durch seine klare Argumentationslinie.,nicht zuletzt,nicht zuletzt,Der Vortrag überzeugte nicht zuletzt durch seine klare Argumentationslinie.,"The presentation was persuasive, not least because of its clear line of argument.",La présentation a convaincu notamment grâce à sa ligne d’argumentation claire.,,,nicht zuletzt = not least ● Adverb,"nicht zuletzt = notamment, entre autres ● Adverbe",,
28,"Die Branche steht unter Druck, _____ aufgrund der wachsenden internationalen Konkurrenz.",nicht zuletzt,nicht zuletzt,"Die Branche steht unter Druck, nicht zuletzt aufgrund der wachsenden internationalen Konkurrenz.","The industry is under pressure, not least due to increasing international competition.","Le secteur est sous pression, notamment en raison de la concurrence internationale croissante.",,,nicht zuletzt = not least ● Adverb,"nicht zuletzt = notamment, entre autres ● Adverbe",,
28,_____ fiel am Tag der Präsentation auch noch das gesamte Netzwerk aus.,Zu allem Überfluss,Zu allem Überfluss,Zu allem Überfluss fiel am Tag der Präsentation auch noch das gesamte Netzwerk aus.,"To make matters worse, the entire network went down on the day of the presentation.","Pour couronner le tout, tout le réseau est tombé en panne le jour de la présentation.",,,"zu allem überfluss = to make matters worse, to add insult to injury ● Adverb","zu allem überfluss = pour couronner le tout, pour ne rien arranger ● Adverbe",,
28,"_____ zeigte sich nach der Reparatur, dass ein zweiter, noch gravierender Fehler übersehen worden war.",Zu allem Überfluss,Zu allem Überfluss,"Zu allem Überfluss zeigte sich nach der Reparatur, dass ein zweiter, noch gravierender Fehler übersehen worden war.","To make matters worse, it turned out after the repair that a second, even more serious error had been overlooked.","Pour ne rien arranger, on a découvert après la réparation qu’une seconde erreur, encore plus grave, avait été ignorée.",,,"zu allem überfluss = to make matters worse, to add insult to injury ● Adverb","zu allem überfluss = pour couronner le tout, pour ne rien arranger ● Adverbe",,
28,"_____ musste das Team auch noch eine Frist einhalten, die unrealistisch kurz war.",Zu allem Überfluss,Zu allem Überfluss,"Zu allem Überfluss musste das Team auch noch eine Frist einhalten, die unrealistisch kurz war.","To make matters worse, the team also had to meet a deadline that was unrealistically short.","Pour couronner le tout, l’équipe devait également respecter un délai irréaliste.",,,"zu allem überfluss = to make matters worse, to add insult to injury ● Adverb","zu allem überfluss = pour couronner le tout, pour ne rien arranger ● Adverbe",,
28,"_____ eskalierte die Diskussion genau in dem Moment, als der Direktor den Raum betrat.",Zu allem Überfluss,Zu allem Überfluss,"Zu allem Überfluss eskalierte die Diskussion genau in dem Moment, als der Direktor den Raum betrat.","To make matters worse, the discussion escalated precisely when the director entered the room.","Comme si ça ne suffisait pas, la discussion a dégénéré au moment même où le directeur est entré.",,,"zu allem überfluss = to make matters worse, to add insult to injury ● Adverb","zu allem überfluss = pour couronner le tout, pour ne rien arranger ● Adverbe",,
28,"_____ kündigte der wichtigste Partner seine Unterstützung, was das Projekt ernsthaft gefährdete.",Zu allem Überfluss,Zu allem Überfluss,"Zu allem Überfluss kündigte der wichtigste Partner seine Unterstützung, was das Projekt ernsthaft gefährdete.","To make matters worse, the most important partner withdrew its support, which seriously jeopardized the project.","Pour ne rien arranger, le partenaire le plus important a retiré son soutien, mettant le projet en danger.",,,"zu allem überfluss = to make matters worse, to add insult to injury ● Adverb","zu allem überfluss = pour couronner le tout, pour ne rien arranger ● Adverbe",,
28,"_____ zeigte die Analyse, dass mehrere zentrale Annahmen von Anfang an fehlerhaft waren.",Darüber hinaus,Darüber hinaus,"Darüber hinaus zeigte die Analyse, dass mehrere zentrale Annahmen von Anfang an fehlerhaft waren.","Beyond that, the analysis showed that several key assumptions were flawed from the start.","Par ailleurs, l’analyse a révélé que plusieurs hypothèses centrales étaient erronées dès le début.",,,"darüber hinaus = in addition to that, beyond that, additionally ● Adverb","darüber hinaus = par ailleurs, qui plus est, de surcroît ● Adverbe",,
28,"_____ ist zu berücksichtigen, dass die langfristigen Folgen noch kaum abzuschätzen sind.",Darüber hinaus,Darüber hinaus,"Darüber hinaus ist zu berücksichtigen, dass die langfristigen Folgen noch kaum abzuschätzen sind.","In addition to that, it must be taken into account that the long-term consequences are still difficult to assess.","Qui plus est, il faut prendre en compte que les conséquences à long terme sont encore difficiles à estimer.",,,"darüber hinaus = in addition to that, beyond that, additionally ● Adverb","darüber hinaus = par ailleurs, qui plus est, de surcroît ● Adverbe",,
28,_____ erwies sich das neue Verfahren als deutlich effizienter als die bisherigen Methoden.,Darüber hinaus,Darüber hinaus,Darüber hinaus erwies sich das neue Verfahren als deutlich effizienter als die bisherigen Methoden.,"Beyond that, the new procedure proved to be significantly more efficient than the previous methods.","Par ailleurs, la nouvelle procédure s’est révélée nettement plus efficace que les méthodes précédentes.",,,"darüber hinaus = in addition to that, beyond that, additionally ● Adverb","darüber hinaus = par ailleurs, qui plus est, de surcroît ● Adverbe",,
28,"_____ wurde betont, dass ohne internationale Kooperation keine nachhaltige Lösung möglich sei.",Darüber hinaus,Darüber hinaus,"Darüber hinaus wurde betont, dass ohne internationale Kooperation keine nachhaltige Lösung möglich sei.","Additionally, it was emphasized that without international cooperation no sustainable solution would be possible.","Par ailleurs, il a été souligné que sans coopération internationale, aucune solution durable ne serait possible.",,,"darüber hinaus = in addition to that, beyond that, additionally ● Adverb","darüber hinaus = par ailleurs, qui plus est, de surcroît ● Adverbe",,
28,"_____ vermittelte der Bericht den Eindruck, dass die Verantwortlichen den Überblick verloren hatten.",Darüber hinaus,Darüber hinaus,"Darüber hinaus vermittelte der Bericht den Eindruck, dass die Verantwortlichen den Überblick verloren hatten.","Additionally, the report gave the impression that those in charge had lost control of the situation.","De surcroît, le rapport donnait l’impression que les responsables avaient perdu la maîtrise de la situation.",,,"darüber hinaus = in addition to that, beyond that, additionally ● Adverb","darüber hinaus = par ailleurs, qui plus est, de surcroît ● Adverbe",,
28,Die Investitionen in erneuerbare Energien sind in den letzten Jahren stark gestiegen; _____ liegt vor allem in den steigenden Kosten fossiler Brennstoffe.,der Grund dafür,der Grund dafür,Die Investitionen in erneuerbare Energien sind in den letzten Jahren stark gestiegen; der Grund dafür liegt vor allem in den steigenden Kosten fossiler Brennstoffe.,Investments in renewable energy have risen sharply in recent years; the reason for this lies mainly in the rising costs of fossil fuels.,Les investissements dans les énergies renouvelables ont fortement augmenté ces dernières années ; la raison en est surtout la hausse des coûts des combustibles fossiles.,,,der grund dafür = the reason for this ● Adverb,"der grund dafür = la raison pour cela, la raison est que ● Adverbe",,
28,"Viele kleine Geschäfte mussten während der Pandemie schließen. _____ war nicht nur der Rückgang der Kundschaft, sondern auch die steigenden Fixkosten.",Der Grund dafür,der Grund dafür,"Viele kleine Geschäfte mussten während der Pandemie schließen. Der Grund dafür war nicht nur der Rückgang der Kundschaft, sondern auch die steigenden Fixkosten.",Many small shops had to close during the pandemic. The reason for this was not only the decline in customers but also rising fixed costs.,"De nombreux petits commerces ont dû fermer pendant la pandémie. La raison en était non seulement la baisse de la clientèle, mais aussi l’augmentation des coûts fixes.",,,der grund dafür = the reason for this ● Adverb,"der grund dafür = la raison pour cela, la raison est que ● Adverbe",,
28,"Er reagierte ungewöhnlich zurückhaltend auf die Kritik; _____ könnte sein, dass er die Einwände bereits erwartet hatte.",der Grund dafür,der Grund dafür,"Er reagierte ungewöhnlich zurückhaltend auf die Kritik; der Grund dafür könnte sein, dass er die Einwände bereits erwartet hatte.",He reacted unusually reserved to the criticism; the reason for this may be that he had already expected the objections.,Il a réagi de manière inhabituellement réservée à la critique ; la raison pourrait être qu’il s’attendait déjà aux objections.,,,der grund dafür = the reason for this ● Adverb,"der grund dafür = la raison pour cela, la raison est que ● Adverbe",,
28,Die Sitzung wurde kurzfristig abgesagt. _____ wurde jedoch erst später öffentlich bekannt gegeben.,Der Grund dafür,der Grund dafür,Die Sitzung wurde kurzfristig abgesagt. Der Grund dafür wurde jedoch erst später öffentlich bekannt gegeben.,"The meeting was cancelled at short notice. The reason for this, however, was only made public later.","La réunion a été annulée à la dernière minute. La raison en, cependant, n’a été rendue publique que plus tard.",,,der grund dafür = the reason for this ● Adverb,"der grund dafür = la raison pour cela, la raison est que ● Adverbe",,
28,Die Ergebnisse der Studie überraschten viele Fachleute; _____ liegt vermutlich in einer bislang unterschätzten Wechselwirkung zwischen den Variablen.,der Grund dafür,der Grund dafür,Die Ergebnisse der Studie überraschten viele Fachleute; der Grund dafür liegt vermutlich in einer bislang unterschätzten Wechselwirkung zwischen den Variablen.,The results of the study surprised many experts; the reason for this probably lies in a previously underestimated interaction between the variables.,Les résultats de l’étude ont surpris de nombreux spécialistes ; la raison en réside probablement dans une interaction jusque-là sous-estimée entre les variables.,,,der grund dafür = the reason for this ● Adverb,"der grund dafür = la raison pour cela, la raison est que ● Adverbe",,
28,Die Bauarbeiten sollen im Oktober abgeschlossen sein. _____ müssen die Anwohner mit Verkehrseinschränkungen rechnen.,Bis dahin,bis dahin,Die Bauarbeiten sollen im Oktober abgeschlossen sein. Bis dahin müssen die Anwohner mit Verkehrseinschränkungen rechnen.,"The construction work is expected to be completed in October. Until then, residents will have to expect traffic restrictions.","Les travaux devraient être terminés en octobre. D'ici là, les habitants devront s'attendre à des restrictions de circulation.",,,bis dahin = until then ● Adverb,bis dahin = d'ici là ● Adverbe,,
28,Der endgültige Bericht wird erst nächste Woche veröffentlicht. _____ bleiben alle Zwischenergebnisse vertraulich.,Bis dahin,bis dahin,Der endgültige Bericht wird erst nächste Woche veröffentlicht. Bis dahin bleiben alle Zwischenergebnisse vertraulich.,"The final report will not be published until next week. Until then, all interim results will remain confidential.","Le rapport définitif ne sera publié que la semaine prochaine. D'ici là, tous les résultats intermédiaires resteront confidentiels.",,,bis dahin = until then ● Adverb,bis dahin = d'ici là ● Adverbe,,
28,"Ich hoffe, dass wir _____ genügend Informationen gesammelt haben, um eine fundierte Entscheidung treffen zu können.",bis dahin,bis dahin,"Ich hoffe, dass wir bis dahin genügend Informationen gesammelt haben, um eine fundierte Entscheidung treffen zu können.",I hope that by then we will have gathered enough information to make a well-founded decision.,"J'espère que d'ici là, nous aurons recueilli suffisamment d'informations pour pouvoir prendre une décision éclairée.",,,bis dahin = until then ● Adverb,bis dahin = d'ici là ● Adverbe,,
28,Die neue Software wird voraussichtlich im kommenden Monat eingeführt. _____ arbeiten wir weiterhin mit dem bisherigen System.,Bis dahin,bis dahin,Die neue Software wird voraussichtlich im kommenden Monat eingeführt. Bis dahin arbeiten wir weiterhin mit dem bisherigen System.,"The new software is expected to be introduced next month. Until then, we will continue working with the current system.","Le nouveau logiciel devrait être déployé le mois prochain. D'ici là, nous continuerons à travailler avec le système actuel.",,,bis dahin = until then ● Adverb,bis dahin = d'ici là ● Adverbe,,
28,Der Zug hat Verspätung und trifft erst in zwanzig Minuten ein. _____ können wir noch einen Kaffee trinken.,Bis dahin,bis dahin,Der Zug hat Verspätung und trifft erst in zwanzig Minuten ein. Bis dahin können wir noch einen Kaffee trinken.,"The train is delayed and will not arrive for another twenty minutes. Until then, we can have a coffee.","Le train est en retard et n'arrivera que dans vingt minutes. D'ici là, nous pouvons prendre un café.",,,bis dahin = until then ● Adverb,bis dahin = d'ici là ● Adverbe,,
29,,anstatt dass,anstatt dass,,instead of,"au lieu que, à la place que",Subordinating conjunction,Conjonctions de subordination,anstatt dass = instead of ● Subordinating conjunction,"anstatt dass = au lieu que, à la place que ● Conjonctions de subordination",,
29,,ohne dass,ohne dass,,without (+ -ing),sans que,Subordinating conjunction,Conjonctions de subordination,ohne dass = without (+ -ing) ● Subordinating conjunction,ohne dass = sans que ● Conjonctions de subordination,,
29,,"angenommen, dass","angenommen, dass",,assuming that,en supposant que,Subordinating conjunction,Conjonctions de subordination,"angenommen, dass = assuming that ● Subordinating conjunction","angenommen, dass = en supposant que ● Conjonctions de subordination",,
29,,wenn ja,wenn ja,,if so,si c'est le cas,Adverb,Adverbe,wenn ja = if so ● Adverb,wenn ja = si c'est le cas ● Adverbe,,
29,,wenn nicht,wenn nicht,,if not,"si ça n'est pas le cas, sinon",Adverb,Adverbe,wenn nicht = if not ● Adverb,"wenn nicht = si ça n'est pas le cas, sinon ● Adverbe",,
29,,wenn überhaupt,wenn überhaupt,,if at all,"si tant est que, si jamais",Adverb,Adverbe,wenn überhaupt = if at all ● Adverb,"wenn überhaupt = si tant est que, si jamais ● Adverbe",,
30,"Die Kommission wird zunächst prüfen, ob die vorgeschlagenen Maßnahmen mit europäischem Recht vereinbar sind, und _____, unter welchen Bedingungen sie umgesetzt werden könnten.",wenn ja,wenn ja,"Die Kommission wird zunächst prüfen, ob die vorgeschlagenen Maßnahmen mit europäischem Recht vereinbar sind, und wenn ja, unter welchen Bedingungen sie umgesetzt werden könnten.","The commission will first examine whether the proposed measures are compatible with European law and, if so, under which conditions they could be implemented.","La commission examinera d’abord si les mesures proposées sont compatibles avec le droit européen et, si oui, dans quelles conditions elles pourraient être mises en œuvre.",,,wenn ja = if so ● Adverb,wenn ja = si c'est le cas ● Adverbe,,
30,"Man sollte sich fragen, ob künstliche Intelligenz tatsächlich die Produktivität langfristig erhöht und _____, welche gesellschaftlichen Folgen daraus entstehen könnten.",wenn ja,wenn ja,"Man sollte sich fragen, ob künstliche Intelligenz tatsächlich die Produktivität langfristig erhöht und wenn ja, welche gesellschaftlichen Folgen daraus entstehen könnten.","One should ask whether artificial intelligence truly increases productivity in the long term and, if so, what societal consequences could arise from it.","Il faudrait se demander si l’intelligence artificielle augmente réellement la productivité à long terme et, si oui, quelles conséquences sociétales pourraient en découler.",,,wenn ja = if so ● Adverb,wenn ja = si c'est le cas ● Adverbe,,
30,"Die Geschäftsführung konnte nicht eindeutig beantworten, ob die Firma im kommenden Jahr weitere Stellen abbauen wird und _____, welche Abteilungen besonders betroffen wären.",wenn ja,wenn ja,"Die Geschäftsführung konnte nicht eindeutig beantworten, ob die Firma im kommenden Jahr weitere Stellen abbauen wird und wenn ja, welche Abteilungen besonders betroffen wären.","Management could not clearly answer whether the company will cut more jobs next year and, if so, which departments would be particularly affected.","La direction n’a pas pu répondre clairement à la question de savoir si l’entreprise supprimerait encore des postes l’année prochaine et, si oui, quels départements seraient particulièrement touchés.",,,wenn ja = if so ● Adverb,wenn ja = si c'est le cas ● Adverbe,,
30,"Historiker diskutieren seit Jahrzehnten darüber, ob sich der Niedergang des Reiches hätte verhindern lassen und _____, welche Reformen dafür notwendig gewesen wären.",wenn ja,wenn ja,"Historiker diskutieren seit Jahrzehnten darüber, ob sich der Niedergang des Reiches hätte verhindern lassen und wenn ja, welche Reformen dafür notwendig gewesen wären.","Historians have debated for decades whether the decline of the empire could have been prevented and, if so, which reforms would have been necessary for that.","Les historiens débattent depuis des décennies de la question de savoir si le déclin de l’empire aurait pu être évité et, si oui, quelles réformes auraient été nécessaires.",,,wenn ja = if so ● Adverb,wenn ja = si c'est le cas ● Adverbe,,
30,"Bevor wir weitere Investitionen tätigen, sollten wir analysieren, ob der Markt überhaupt noch Wachstumspotenzial bietet und _____, in welchen Regionen die Nachfrage am stärksten zunimmt.",wenn ja,wenn ja,"Bevor wir weitere Investitionen tätigen, sollten wir analysieren, ob der Markt überhaupt noch Wachstumspotenzial bietet und wenn ja, in welchen Regionen die Nachfrage am stärksten zunimmt.","Before making further investments, we should analyze whether the market still offers growth potential at all and, if so, in which regions demand is increasing the most.",,,,wenn ja = if so ● Adverb,wenn ja = si c'est le cas ● Adverbe,,
30,"Zunächst muss geklärt werden, ob alle Beteiligten mit dem Vorschlag einverstanden sind, und _____, welche Punkte noch überarbeitet werden müssen.",wenn nicht,wenn nicht,"Zunächst muss geklärt werden, ob alle Beteiligten mit dem Vorschlag einverstanden sind, und wenn nicht, welche Punkte noch überarbeitet werden müssen.","First, it must be clarified whether all parties agree with the proposal and, if not, which points still need to be revised.","Il faut d’abord clarifier si toutes les parties sont d’accord avec la proposition et, sinon, quels points doivent encore être retravaillés.",,,wenn nicht = if not ● Adverb,"wenn nicht = si ça n'est pas le cas, sinon ● Adverbe",,
30,"Die Universität wollte wissen, ob die Studierenden mit den neuen Prüfungsregelungen zufrieden seien und _____, welche Alternativen sie bevorzugen würden.",wenn nicht,wenn nicht,"Die Universität wollte wissen, ob die Studierenden mit den neuen Prüfungsregelungen zufrieden seien und wenn nicht, welche Alternativen sie bevorzugen würden.","The university wanted to know whether the students were satisfied with the new examination rules and, if not, which alternatives they would prefer.","L’université voulait savoir si les étudiants étaient satisfaits des nouvelles règles d’examen et, sinon, quelles alternatives ils préféreraient.",,,wenn nicht = if not ● Adverb,"wenn nicht = si ça n'est pas le cas, sinon ● Adverbe",,
30,"Man sollte prüfen, ob die bisherigen Maßnahmen tatsächlich wirksam waren und _____, ob eine grundlegend andere Strategie erforderlich ist.",wenn nicht,wenn nicht,"Man sollte prüfen, ob die bisherigen Maßnahmen tatsächlich wirksam waren und wenn nicht, ob eine grundlegend andere Strategie erforderlich ist.","One should examine whether the previous measures were actually effective and, if not, whether a fundamentally different strategy is required.","Il faudrait vérifier si les mesures prises jusqu’à présent ont réellement été efficaces et, sinon, si une stratégie fondamentalement différente est nécessaire.",,,wenn nicht = if not ● Adverb,"wenn nicht = si ça n'est pas le cas, sinon ● Adverbe",,
30,"Die Verhandlungen werden davon abhängen, ob beide Seiten zu Kompromissen bereit sind und _____, wie lange der Konflikt noch andauern könnte.",wenn nicht,wenn nicht,"Die Verhandlungen werden davon abhängen, ob beide Seiten zu Kompromissen bereit sind und wenn nicht, wie lange der Konflikt noch andauern könnte.","The negotiations will depend on whether both sides are willing to compromise and, if not, how long the conflict could continue.","Les négociations dépendront du fait que les deux parties soient prêtes à faire des compromis et, sinon, combien de temps le conflit pourrait encore durer.",,,wenn nicht = if not ● Adverb,"wenn nicht = si ça n'est pas le cas, sinon ● Adverbe",,
30,"Bevor das Projekt gestartet wird, muss entschieden werden, ob ausreichend finanzielle Mittel vorhanden sind und _____, wie die fehlenden Ressourcen beschafft werden sollen.",wenn nicht,wenn nicht,"Bevor das Projekt gestartet wird, muss entschieden werden, ob ausreichend finanzielle Mittel vorhanden sind und wenn nicht, wie die fehlenden Ressourcen beschafft werden sollen.","Before the project is launched, it must be decided whether sufficient financial resources are available and, if not, how the missing resources are to be obtained.",,,,wenn nicht = if not ● Adverb,"wenn nicht = si ça n'est pas le cas, sinon ● Adverbe",,
30,"Viele Experten bezweifeln, dass sich das Problem kurzfristig lösen lässt und _____, dann nur mit erheblichem finanziellen Aufwand.",wenn überhaupt,wenn überhaupt,"Viele Experten bezweifeln, dass sich das Problem kurzfristig lösen lässt und wenn überhaupt, dann nur mit erheblichem finanziellen Aufwand.","Many experts doubt that the problem can be solved in the short term and, if at all, only with considerable financial effort.","De nombreux experts doutent que le problème puisse être résolu à court terme et, si tant est qu’il puisse l’être, seulement avec des efforts financiers considérables.",,,wenn überhaupt = if at all ● Adverb,"wenn überhaupt = si tant est que, si jamais ● Adverbe",,
30,"Er äußert seine Meinung nur selten und _____, dann ausschließlich im engsten Freundeskreis.",wenn überhaupt,wenn überhaupt,"Er äußert seine Meinung nur selten und wenn überhaupt, dann ausschließlich im engsten Freundeskreis.","He rarely expresses his opinion and, if at all, only within his closest circle of friends.","Il exprime rarement son opinion et, si jamais il le fait, uniquement dans son cercle d’amis le plus proche.",,,wenn überhaupt = if at all ● Adverb,"wenn überhaupt = si tant est que, si jamais ● Adverbe",,
30,"Historische Veränderungen vollziehen sich oft nur langsam und _____, dann über mehrere Generationen hinweg.",wenn überhaupt,wenn überhaupt,"Historische Veränderungen vollziehen sich oft nur langsam und wenn überhaupt, dann über mehrere Generationen hinweg.","Historical changes often occur only slowly and, if at all, over the course of several generations.","Les changements historiques ne se produisent souvent que lentement et, le cas échéant, sur plusieurs générations.",,,wenn überhaupt = if at all ● Adverb,"wenn überhaupt = si tant est que, si jamais ● Adverbe",,
30,"Das Unternehmen wird seine Produktion vermutlich nicht nach Europa zurückverlagern und _____, dann nur teilweise.",wenn überhaupt,wenn überhaupt,"Das Unternehmen wird seine Produktion vermutlich nicht nach Europa zurückverlagern und wenn überhaupt, dann nur teilweise.","The company will probably not relocate its production back to Europe and, if at all, only partially.","L’entreprise ne relocalisera probablement pas sa production en Europe et, si jamais elle le fait, ce ne sera que partiellement.",,,wenn überhaupt = if at all ● Adverb,"wenn überhaupt = si tant est que, si jamais ● Adverbe",,
30,"Solche philosophischen Fragen lassen sich nicht eindeutig beantworten und _____, dann eher intuitiv als wissenschaftlich.",wenn überhaupt,wenn überhaupt,"Solche philosophischen Fragen lassen sich nicht eindeutig beantworten und wenn überhaupt, dann eher intuitiv als wissenschaftlich.","Such philosophical questions cannot be answered clearly and, if at all, more intuitively than scientifically.","De telles questions philosophiques ne peuvent pas être clairement résolues et, si tant est qu’elles puissent l’être, ce sera plutôt de manière intuitive que scientifique.",,,wenn überhaupt = if at all ● Adverb,"wenn überhaupt = si tant est que, si jamais ● Adverbe",,
30,"_____ die Regierung langfristige Reformen einleitet, reagiert sie weiterhin nur auf akute Krisen.",Anstatt dass,anstatt dass,"Anstatt dass die Regierung langfristige Reformen einleitet, reagiert sie weiterhin nur auf akute Krisen.","Instead of the government introducing long-term reforms, it continues to react only to acute crises.","Au lieu que le gouvernement mette en place des réformes à long terme, il continue seulement à réagir aux crises immédiates.",,,anstatt dass = instead of ● Subordinating conjunction,"anstatt dass = au lieu que, à la place que ● Conjonctions de subordination",,
30,"_____ sich die beiden Unternehmen gegenseitig konkurrieren, könnten sie von einer engeren Zusammenarbeit profitieren.",Anstatt dass,anstatt dass,"Anstatt dass sich die beiden Unternehmen gegenseitig konkurrieren, könnten sie von einer engeren Zusammenarbeit profitieren.","Instead of the two companies competing against each other, they could benefit from closer cooperation.","Au lieu que les deux entreprises se fassent concurrence, elles pourraient profiter d’une coopération plus étroite.",,,anstatt dass = instead of ● Subordinating conjunction,"anstatt dass = au lieu que, à la place que ● Conjonctions de subordination",,
30,"_____ man den Mitarbeitern ständig neue Vorschriften auferlegt, sollte man ihnen mehr Eigenverantwortung zutrauen.",Anstatt dass,anstatt dass,"Anstatt dass man den Mitarbeitern ständig neue Vorschriften auferlegt, sollte man ihnen mehr Eigenverantwortung zutrauen.","Instead of constantly imposing new regulations on employees, one should trust them with more responsibility.","Au lieu d’imposer constamment de nouvelles règles aux employés, il faudrait leur accorder davantage de responsabilités.",,,anstatt dass = instead of ● Subordinating conjunction,"anstatt dass = au lieu que, à la place que ● Conjonctions de subordination",,
30,"_____ öffentliche Debatten differenziert geführt werden, dominieren oft vereinfachende Schlagzeilen die Diskussion.",Anstatt dass,anstatt dass,"Anstatt dass öffentliche Debatten differenziert geführt werden, dominieren oft vereinfachende Schlagzeilen die Diskussion.","Instead of public debates being conducted in a nuanced way, oversimplified headlines often dominate the discussion.","Au lieu que les débats publics soient menés de manière nuancée, ce sont souvent des titres simplificateurs qui dominent la discussion.",,,anstatt dass = instead of ● Subordinating conjunction,"anstatt dass = au lieu que, à la place que ● Conjonctions de subordination",,
30,"_____ er seine Fehler eingesteht, versucht er seit Monaten, die Verantwortung auf andere abzuwälzen.",Anstatt dass,anstatt dass,"Anstatt dass er seine Fehler eingesteht, versucht er seit Monaten, die Verantwortung auf andere abzuwälzen.","Instead of admitting his mistakes, he has been trying for months to shift the responsibility onto others.","Au lieu d’admettre ses erreurs, il essaie depuis des mois de rejeter la responsabilité sur les autres.",,,anstatt dass = instead of ● Subordinating conjunction,"anstatt dass = au lieu que, à la place que ● Conjonctions de subordination",,
30,"Die Verhandlungen wurden abgeschlossen, _____ beide Seiten ihre ursprünglichen Forderungen vollständig aufgegeben hätten.",ohne dass,ohne dass,"Die Verhandlungen wurden abgeschlossen, ohne dass beide Seiten ihre ursprünglichen Forderungen vollständig aufgegeben hätten.",The negotiations were concluded without both sides having completely abandoned their original demands.,Les négociations ont été conclues sans que les deux parties aient complètement abandonné leurs revendications initiales.,,,ohne dass = without (+ -ing) ● Subordinating conjunction,ohne dass = sans que ● Conjonctions de subordination,,
30,"Er verließ das Unternehmen, _____ die Geschäftsführung die genauen Gründe für seine Entscheidung öffentlich erläuterte.",ohne dass,ohne dass,"Er verließ das Unternehmen, ohne dass die Geschäftsführung die genauen Gründe für seine Entscheidung öffentlich erläuterte.",He left the company without management publicly explaining the exact reasons for his decision.,Il a quitté l’entreprise sans que la direction explique publiquement les raisons exactes de sa décision.,,,ohne dass = without (+ -ing) ● Subordinating conjunction,ohne dass = sans que ● Conjonctions de subordination,,
30,"Viele Menschen nutzen soziale Medien täglich, _____ sie sich der langfristigen Auswirkungen auf ihre Aufmerksamkeit bewusst sind.",ohne dass,ohne dass,"Viele Menschen nutzen soziale Medien täglich, ohne dass sie sich der langfristigen Auswirkungen auf ihre Aufmerksamkeit bewusst sind.",Many people use social media daily without being aware of the long-term effects on their attention span.,Beaucoup de personnes utilisent les réseaux sociaux quotidiennement sans être conscientes des effets à long terme sur leur attention.,,,ohne dass = without (+ -ing) ● Subordinating conjunction,ohne dass = sans que ● Conjonctions de subordination,,
30,"Die Wissenschaftler konnten wertvolle Daten sammeln, _____ zusätzliche Experimente durchgeführt werden mussten.",ohne dass,ohne dass,"Die Wissenschaftler konnten wertvolle Daten sammeln, ohne dass zusätzliche Experimente durchgeführt werden mussten.",The scientists were able to collect valuable data without additional experiments having to be conducted.,Les scientifiques ont pu recueillir des données précieuses sans qu’il soit nécessaire de réaliser des expériences supplémentaires.,,,ohne dass = without (+ -ing) ● Subordinating conjunction,ohne dass = sans que ● Conjonctions de subordination,,
30,"Der Autor beschreibt komplexe philosophische Ideen, _____ der Text dabei unnötig akademisch oder schwer verständlich wirkt.",ohne dass,ohne dass,"Der Autor beschreibt komplexe philosophische Ideen, ohne dass der Text dabei unnötig akademisch oder schwer verständlich wirkt.",The author describes complex philosophical ideas without the text appearing unnecessarily academic or difficult to understand.,L’auteur décrit des idées philosophiques complexes sans que le texte paraisse inutilement académique ou difficile à comprendre.,,,ohne dass = without (+ -ing) ● Subordinating conjunction,ohne dass = sans que ● Conjonctions de subordination,,
30,"_____ die wirtschaftliche Lage sich in den kommenden Monaten weiter verschlechtert, müssten zahlreiche Unternehmen ihre Investitionspläne überdenken.","Angenommen, dass","angenommen, dass","Angenommen, dass die wirtschaftliche Lage sich in den kommenden Monaten weiter verschlechtert, müssten zahlreiche Unternehmen ihre Investitionspläne überdenken.","Assuming that the economic situation continues to deteriorate in the coming months, numerous companies would have to reconsider their investment plans.","En supposant que la situation économique continue de se détériorer dans les prochains mois, de nombreuses entreprises devraient revoir leurs plans d’investissement.",,,"angenommen, dass = assuming that ● Subordinating conjunction","angenommen, dass = en supposant que ● Conjonctions de subordination",,
30,"_____ die neuen Technologien tatsächlich zu höherer Produktivität führen, stellt sich dennoch die Frage nach ihren sozialen Auswirkungen.","Angenommen, dass","angenommen, dass","Angenommen, dass die neuen Technologien tatsächlich zu höherer Produktivität führen, stellt sich dennoch die Frage nach ihren sozialen Auswirkungen.","Assuming that the new technologies do indeed lead to higher productivity, the question of their social effects still remains.","En supposant que les nouvelles technologies conduisent réellement à une productivité plus élevée, la question de leurs effets sociaux demeure néanmoins.",,,"angenommen, dass = assuming that ● Subordinating conjunction","angenommen, dass = en supposant que ● Conjonctions de subordination",,
30,"_____ der Zeuge die Wahrheit gesagt hat, wäre die bisherige Darstellung der Ereignisse kaum noch haltbar.","Angenommen, dass","angenommen, dass","Angenommen, dass der Zeuge die Wahrheit gesagt hat, wäre die bisherige Darstellung der Ereignisse kaum noch haltbar.","Assuming that the witness told the truth, the previous account of the events would hardly remain defensible.","En supposant que le témoin ait dit la vérité, la version des faits présentée jusqu’à présent serait difficilement tenable.",,,"angenommen, dass = assuming that ● Subordinating conjunction","angenommen, dass = en supposant que ● Conjonctions de subordination",,
30,"_____ sich die politischen Spannungen weiter verschärfen, könnte dies erhebliche Auswirkungen auf die internationalen Märkte haben.","Angenommen, dass","angenommen, dass","Angenommen, dass sich die politischen Spannungen weiter verschärfen, könnte dies erhebliche Auswirkungen auf die internationalen Märkte haben.","Assuming that political tensions continue to intensify, this could have considerable effects on international markets.","En supposant que les tensions politiques continuent de s’aggraver, cela pourrait avoir des répercussions importantes sur les marchés internationaux.",,,"angenommen, dass = assuming that ● Subordinating conjunction","angenommen, dass = en supposant que ● Conjonctions de subordination",,
30,"_____ man sämtliche verfügbaren Daten berücksichtigen würde, käme man vermutlich zu einem deutlich differenzierteren Ergebnis.","Angenommen, dass","angenommen, dass","Angenommen, dass man sämtliche verfügbaren Daten berücksichtigen würde, käme man vermutlich zu einem deutlich differenzierteren Ergebnis.","Assuming that all available data were taken into account, one would probably arrive at a far more nuanced result.","En supposant que l’on prenne en compte toutes les données disponibles, on parviendrait probablement à un résultat beaucoup plus nuancé.",,,"angenommen, dass = assuming that ● Subordinating conjunction","angenommen, dass = en supposant que ● Conjonctions de subordination",,
31,,das heißt,das heißt,,"that is, that means, that is to say",c'est-à-dire que,Coordinating conjunction,Conjonction de coordination,"das heißt = that is, that means, that is to say ● Coordinating conjunction",das heißt = c'est-à-dire que ● Conjonction de coordination,,
31,,zumal,zumal,,"especially since, particularly because",d'autant plus que,Subordinating conjunction,Conjonctions de subordination,"zumal = especially since, particularly because ● Subordinating conjunction",zumal = d'autant plus que ● Conjonctions de subordination,,
31,,bald bald,bald bald,,one moment ... the next,tantôt ... tantôt,Correlative conjunction,Conjonction corrélative,bald bald = one moment ... the next ● Correlative conjunction,bald bald = tantôt ... tantôt ● Conjonction corrélative,,
31,,teils teils,teils teils,,partly ... partly,en partie ... en partie,Correlative conjunction,Conjonction corrélative,teils teils = partly ... partly ● Correlative conjunction,teils teils = en partie ... en partie ● Conjonction corrélative,,
31,,nun da,nun da,,"now that, seeing that",maintenant que,Subordinating conjunction,Conjonctions de subordination,"nun da = now that, seeing that ● Subordinating conjunction",nun da = maintenant que ● Conjonctions de subordination,,
31,,sosehr,sosehr,,"no matter how, however much",aussi ... que,Subordinating conjunction,Conjonctions de subordination,"sosehr = no matter how, however much ● Subordinating conjunction",sosehr = aussi ... que ● Conjonctions de subordination,,
31,,gerade als,gerade als,,just as,juste au moment où,Subordinating conjunction,Conjonctions de subordination,gerade als = just as ● Subordinating conjunction,gerade als = juste au moment où ● Conjonctions de subordination,,
31,,woraufhin,woraufhin,,"whereupon, as a result of which","après quoi, à la suite de quoi",Subordinating conjunction,Conjonctions de subordination,"woraufhin = whereupon, as a result of which ● Subordinating conjunction","woraufhin = après quoi, à la suite de quoi ● Conjonctions de subordination",,
32,"Das Unternehmen strebt eine Diversifizierung seiner Investitionen an, _____, es investiert nicht nur in Immobilien, sondern auch in Technologie-Start-ups.",das heißt,das heißt,"Das Unternehmen strebt eine Diversifizierung seiner Investitionen an, das heißt, es investiert nicht nur in Immobilien, sondern auch in Technologie-Start-ups.","The company is aiming to diversify its investments, that is, it is investing not only in real estate but also in tech start-ups.","L'entreprise souhaite diversifier ses investissements, c'est-à-dire qu'elle investit non seulement dans l'immobilier mais aussi dans des start-ups technologiques.",,,"das heißt = that is, that means, that is to say ● Coordinating conjunction",das heißt = c'est-à-dire que ● Conjonction de coordination,,
32,"Die neue Gesetzgebung wird bald in Kraft treten, _____, Unternehmen müssen sich an die neuen Regelungen anpassen, um Strafen zu vermeiden.",das heißt,das heißt,"Die neue Gesetzgebung wird bald in Kraft treten, das heißt, Unternehmen müssen sich an die neuen Regelungen anpassen, um Strafen zu vermeiden.","The new legislation will soon come into effect, that is, companies must adapt to the new regulations to avoid penalties.","La nouvelle législation entrera bientôt en vigueur, c'est-à-dire que les entreprises devront s'adapter à la nouvelle réglementation pour éviter les sanctions.",,,"das heißt = that is, that means, that is to say ● Coordinating conjunction",das heißt = c'est-à-dire que ● Conjonction de coordination,,
32,"Er hat sich für ein duales Studium entschieden, _____, er wird gleichzeitig studieren und praktische Erfahrungen im Betrieb sammeln.",das heißt,das heißt,"Er hat sich für ein duales Studium entschieden, das heißt, er wird gleichzeitig studieren und praktische Erfahrungen im Betrieb sammeln.","He has chosen a dual study program, that is, he will study and gain practical experience in the company simultaneously.","Il a choisi un programme d'études en alternance, c'est-à-dire qu'il étudiera et acquerra simultanément une expérience pratique dans l'entreprise.",,,"das heißt = that is, that means, that is to say ● Coordinating conjunction",das heißt = c'est-à-dire que ● Conjonction de coordination,,
32,"Das Budget wurde aufgestockt, _____, es stehen nun zusätzliche Mittel für innovative Projekte zur Verfügung.",das heißt,das heißt,"Das Budget wurde aufgestockt, das heißt, es stehen nun zusätzliche Mittel für innovative Projekte zur Verfügung.","The budget has been increased, that is, additional funds are now available for innovative projects.","Le budget a été augmenté, c'est-à-dire que des fonds supplémentaires sont désormais disponibles pour des projets innovants.",,,"das heißt = that is, that means, that is to say ● Coordinating conjunction",das heißt = c'est-à-dire que ● Conjonction de coordination,,
32,"Das Konzept basiert auf einem hybriden Lernmodell, _____, die Studierenden lernen sowohl online als auch in Präsenzveranstaltungen.",das heißt,das heißt,"Das Konzept basiert auf einem hybriden Lernmodell, das heißt, die Studierenden lernen sowohl online als auch in Präsenzveranstaltungen.","The concept is based on a hybrid learning model, that is, students learn both online and in face-to-face classes.","Le concept repose sur un modèle d’apprentissage hybride, c’est-à-dire que les étudiants apprennent à la fois en ligne et en cours en présentiel.",,,"das heißt = that is, that means, that is to say ● Coordinating conjunction",das heißt = c'est-à-dire que ● Conjonction de coordination,,
32,"Ich werde das Angebot annehmen, _____ es sehr vorteilhaft ist.",zumal,zumal,"Ich werde das Angebot annehmen, zumal es sehr vorteilhaft ist.","I will accept the offer, especially since it is very advantageous.","J'accepterai l'offre, d'autant plus qu'elle est très avantageuse.",,,"zumal = especially since, particularly because ● Subordinating conjunction",zumal = d'autant plus que ● Conjonctions de subordination,,
32,"Wir bleiben heute zu Hause, _____ das Wetter schlecht ist.",zumal,zumal,"Wir bleiben heute zu Hause, zumal das Wetter schlecht ist.","We are staying home today, particularly because the weather is bad.","Nous restons à la maison aujourd'hui, surtout parce que le temps est mauvais.",,,"zumal = especially since, particularly because ● Subordinating conjunction",zumal = d'autant plus que ● Conjonctions de subordination,,
32,"Er hat sich für das Studium entschieden, _____ er großes Interesse an der Thematik hat.",zumal,zumal,"Er hat sich für das Studium entschieden, zumal er großes Interesse an der Thematik hat.","He decided to study this subject, especially since he has a great interest in it.","Il a décidé d’étudier ce sujet, d’autant plus qu’il s’y intéresse beaucoup.",,,"zumal = especially since, particularly because ● Subordinating conjunction",zumal = d'autant plus que ● Conjonctions de subordination,,
32,"Ich esse weniger Süßigkeiten, _____ sie nicht gesund sind.",zumal,zumal,"Ich esse weniger Süßigkeiten, zumal sie nicht gesund sind.","I eat fewer sweets, particularly because they are not healthy.","Je mange moins de sucreries, notamment parce qu’elles ne sont pas saines.",,,"zumal = especially since, particularly because ● Subordinating conjunction",zumal = d'autant plus que ● Conjonctions de subordination,,
32,"Wir sollten mit dem Fahrrad fahren, _____ es umweltfreundlicher ist.",zumal,zumal,"Wir sollten mit dem Fahrrad fahren, zumal es umweltfreundlicher ist.","We should go by bike, especially since it is more environmentally friendly.","On devrait y aller à vélo, surtout que c'est plus écologique.",,,"zumal = especially since, particularly because ● Subordinating conjunction",zumal = d'autant plus que ● Conjonctions de subordination,,
32,"_____ zeigte er sich zuversichtlich, bald zweifelte er offen an der Sinnhaftigkeit des gesamten Projekts.",Bald,bald bald,"Bald zeigte er sich zuversichtlich, bald zweifelte er offen an der Sinnhaftigkeit des gesamten Projekts.","One moment he appeared confident, the next he openly doubted the value of the entire project.","Tantôt il se montrait confiant, tantôt il doutait ouvertement du bien-fondé de l’ensemble du projet.",,,bald bald = one moment ... the next ● Correlative conjunction,bald bald = tantôt ... tantôt ● Conjonction corrélative,,
32,"Bald reagierte sie sachlich und kontrolliert, _____ ließ sie sich von ihren Emotionen leiten.",bald,bald bald,"Bald reagierte sie sachlich und kontrolliert, bald ließ sie sich von ihren Emotionen leiten.","One moment she reacted calmly and rationally, the next she let her emotions take over.","Tantôt elle réagissait de manière posée et rationnelle, tantôt elle se laissait guider par ses émotions.",,,bald bald = one moment ... the next ● Correlative conjunction,bald bald = tantôt ... tantôt ● Conjonction corrélative,,
32,"_____ herrschte gespannte Stille im Raum, bald brach die Diskussion erneut heftig aus.",Bald,bald bald,"Bald herrschte gespannte Stille im Raum, bald brach die Diskussion erneut heftig aus.","One moment there was tense silence in the room, the next the discussion flared up again.","Tantôt un silence tendu régnait dans la pièce, tantôt la discussion reprenait violemment.",,,bald bald = one moment ... the next ● Correlative conjunction,bald bald = tantôt ... tantôt ● Conjonction corrélative,,
32,"Bald sprach er von langfristiger Planung, _____ traf er impulsive Entscheidungen ohne Rücksprache.",bald,bald bald,"Bald sprach er von langfristiger Planung, bald traf er impulsive Entscheidungen ohne Rücksprache.","One moment he spoke of long-term planning, the next he made impulsive decisions without consulting anyone.","Tantôt il parlait de planification à long terme, tantôt il prenait des décisions impulsives sans concertation.",,,bald bald = one moment ... the next ● Correlative conjunction,bald bald = tantôt ... tantôt ● Conjonction corrélative,,
32,"_____ wirkte die Lage unter Kontrolle, bald drohte sie vollständig zu eskalieren.",Bald,bald bald,"Bald wirkte die Lage unter Kontrolle, bald drohte sie vollständig zu eskalieren.","One moment the situation seemed under control, the next it threatened to spiral out of control.","Tantôt la situation semblait maîtrisée, tantôt elle menaçait d’échapper totalement à tout contrôle.",,,bald bald = one moment ... the next ● Correlative conjunction,bald bald = tantôt ... tantôt ● Conjonction corrélative,,
32,"_____ beruhte die Entscheidung auf sachlichen Argumenten, teils wurde sie von persönlichen Interessen beeinflusst.",Teils,teils teils,"Teils beruhte die Entscheidung auf sachlichen Argumenten, teils wurde sie von persönlichen Interessen beeinflusst.",The decision was based partly on objective arguments and partly influenced by personal interests.,La décision reposait en partie sur des arguments objectifs et en partie sur des intérêts personnels.,,,teils teils = partly ... partly ● Correlative conjunction,teils teils = en partie ... en partie ● Conjonction corrélative,,
32,"Teils wurde das Projekt aus Kostengründen kritisiert, _____ wegen seiner langfristigen Risiken infrage gestellt.",teils,teils teils,"Teils wurde das Projekt aus Kostengründen kritisiert, teils wegen seiner langfristigen Risiken infrage gestellt.",The project was criticized partly for cost reasons and partly questioned because of its long-term risks.,Le projet a été critiqué en partie pour des raisons de coûts et en partie pour ses risques à long terme.,,,teils teils = partly ... partly ● Correlative conjunction,teils teils = en partie ... en partie ● Conjonction corrélative,,
32,"_____ reagierte das Team mit Skepsis, teils mit vorsichtigem Optimismus auf die neuen Vorgaben.",Teils,teils teils,"Teils reagierte das Team mit Skepsis, teils mit vorsichtigem Optimismus auf die neuen Vorgaben.",The team reacted partly with skepticism and partly with cautious optimism to the new guidelines.,L’équipe a réagi en partie avec scepticisme et en partie avec un optimisme prudent face aux nouvelles directives.,,,teils teils = partly ... partly ● Correlative conjunction,teils teils = en partie ... en partie ● Conjonction corrélative,,
32,"Teils war die Verzögerung technisch bedingt, _____ auf mangelhafte Abstimmung zurückzuführen.",teils,teils teils,"Teils war die Verzögerung technisch bedingt, teils auf mangelhafte Abstimmung zurückzuführen.",The delay was partly due to technical issues and partly attributable to poor coordination.,Le retard était dû en partie à des problèmes techniques et en partie à un manque de coordination.,,,teils teils = partly ... partly ● Correlative conjunction,teils teils = en partie ... en partie ● Conjonction corrélative,,
32,"_____ spiegeln die Ergebnisse reale Trends wider, teils sind sie statistisch verzerrt.",Teils,teils teils,"Teils spiegeln die Ergebnisse reale Trends wider, teils sind sie statistisch verzerrt.",The results partly reflect real trends and partly are statistically distorted.,Les résultats reflètent en partie des tendances réelles et sont en partie statistiquement biaisés.,,,teils teils = partly ... partly ● Correlative conjunction,teils teils = en partie ... en partie ● Conjonction corrélative,,
32,"_____ alle relevanten Daten vorliegen, kann eine fundierte Entscheidung getroffen werden.",Nun da,nun da,"Nun da alle relevanten Daten vorliegen, kann eine fundierte Entscheidung getroffen werden.","Now that all relevant data is available, a well-founded decision can be made.","Maintenant que toutes les données pertinentes sont disponibles, une décision éclairée peut être prise.",,,"nun da = now that, seeing that ● Subordinating conjunction",nun da = maintenant que ● Conjonctions de subordination,,
32,"_____ sich die wirtschaftlichen Rahmenbedingungen geändert haben, wirkt die ursprüngliche Strategie überholt.",Nun da,nun da,"Nun da sich die wirtschaftlichen Rahmenbedingungen geändert haben, wirkt die ursprüngliche Strategie überholt.","Now that the economic conditions have changed, the original strategy seems outdated.","Maintenant que le cadre économique a changé, la stratégie initiale paraît dépassée.",,,"nun da = now that, seeing that ● Subordinating conjunction",nun da = maintenant que ● Conjonctions de subordination,,
32,"_____ der Konflikt offen benannt wurde, lässt sich konstruktiver darüber sprechen.",Nun da,nun da,"Nun da der Konflikt offen benannt wurde, lässt sich konstruktiver darüber sprechen.","Now that the conflict has been openly addressed, it can be discussed more constructively.","Maintenant que le conflit a été nommé ouvertement, il est possible d’en discuter de manière plus constructive.",,,"nun da = now that, seeing that ● Subordinating conjunction",nun da = maintenant que ● Conjonctions de subordination,,
32,"_____ seine Rolle klar definiert ist, übernimmt er deutlich mehr Verantwortung.",Nun da,nun da,"Nun da seine Rolle klar definiert ist, übernimmt er deutlich mehr Verantwortung.","Now that his role is clearly defined, he takes on significantly more responsibility.","Maintenant que son rôle est clairement défini, il assume nettement plus de responsabilités.",,,"nun da = now that, seeing that ● Subordinating conjunction",nun da = maintenant que ● Conjonctions de subordination,,
32,"_____ die anfängliche Euphorie verflogen ist, treten die strukturellen Probleme deutlicher zutage.",Nun da,nun da,"Nun da die anfängliche Euphorie verflogen ist, treten die strukturellen Probleme deutlicher zutage.","Now that the initial enthusiasm has faded, the structural problems are becoming more apparent.","Maintenant que l’enthousiasme initial est retombé, les problèmes structurels apparaissent plus clairement.",,,"nun da = now that, seeing that ● Subordinating conjunction",nun da = maintenant que ● Conjonctions de subordination,,
32,"Die persönlichen Spannungen ließen sich nicht völlig ausblenden, _____ er sich um eine sachliche Lösung bemühte.",sosehr,sosehr,"Die persönlichen Spannungen ließen sich nicht völlig ausblenden, sosehr er sich um eine sachliche Lösung bemühte.","The personal tensions could not be completely ignored, however much he tried to find an objective solution.","Les tensions personnelles ne pouvaient pas être totalement mises de côté, aussi fort qu’il s’efforce de trouver une solution objective.",,,"sosehr = no matter how, however much ● Subordinating conjunction",sosehr = aussi ... que ● Conjonctions de subordination,,
32,"Eine gewisse Skepsis blieb bestehen, _____ ihn die Argumente überzeugten.",sosehr,sosehr,"Eine gewisse Skepsis blieb bestehen, sosehr ihn die Argumente überzeugten.","A certain skepticism remained, much as the arguments convinced him.","Un certain scepticisme subsistait, aussi convaincants que fussent les arguments.",,,"sosehr = no matter how, however much ● Subordinating conjunction",sosehr = aussi ... que ● Conjonctions de subordination,,
32,"_____ die Reform politisch gewollt war, scheiterte sie letztlich an ihrer praktischen Umsetzung.",Sosehr,sosehr,"Sosehr die Reform politisch gewollt war, scheiterte sie letztlich an ihrer praktischen Umsetzung.","However strongly the reform was politically desired, it ultimately failed in its practical implementation.","Aussi souhaitée que fût la réforme sur le plan politique, elle a finalement échoué dans sa mise en œuvre concrète.",,,"sosehr = no matter how, however much ● Subordinating conjunction",sosehr = aussi ... que ● Conjonctions de subordination,,
32,"_____ das Ergebnis auf den ersten Blick plausibel erschien, war eine erneute Prüfung erforderlich.",Sosehr,sosehr,"Sosehr das Ergebnis auf den ersten Blick plausibel erschien, war eine erneute Prüfung erforderlich.","However plausible the result seemed at first glance, a renewed review was necessary.","Aussi plausible que le résultat paraisse à première vue, un nouvel examen était nécessaire.",,,"sosehr = no matter how, however much ● Subordinating conjunction",sosehr = aussi ... que ● Conjonctions de subordination,,
32,"_____ man den historischen Kontext berücksichtigen muss, dürfen grundlegende methodische Fehler nicht relativiert werden.",Sosehr,sosehr,"Sosehr man den historischen Kontext berücksichtigen muss, dürfen grundlegende methodische Fehler nicht relativiert werden.","However much the historical context must be taken into account, fundamental methodological errors must not be relativized.","Aussi nécessaire que soit la prise en compte du contexte historique, des erreurs méthodologiques fondamentales ne doivent pas être relativisées.",,,"sosehr = no matter how, however much ● Subordinating conjunction",sosehr = aussi ... que ● Conjonctions de subordination,,
32,"_____ ich begann, an der Entscheidung zu zweifeln, erhielt ich eine Nachricht, die alles veränderte.",Gerade als,gerade als,"Gerade als ich begann, an der Entscheidung zu zweifeln, erhielt ich eine Nachricht, die alles veränderte.","Just as I began to doubt the decision, I received a message that changed everything.","Juste au moment où je commençais à douter de la décision, j’ai reçu un message qui a tout changé.",,,gerade als = just as ● Subordinating conjunction,gerade als = juste au moment où ● Conjonctions de subordination,,
32,"_____ das Team glaubte, die Krise überwunden zu haben, traten neue Probleme auf.",Gerade als,gerade als,"Gerade als das Team glaubte, die Krise überwunden zu haben, traten neue Probleme auf.","Just as the team believed it had overcome the crisis, new problems emerged.","Juste au moment où l’équipe pensait avoir surmonté la crise, de nouveaux problèmes sont apparus.",,,gerade als = just as ● Subordinating conjunction,gerade als = juste au moment où ● Conjonctions de subordination,,
32,"_____ er seine Rede beenden wollte, wurde er von einer unerwarteten Frage unterbrochen.",Gerade als,gerade als,"Gerade als er seine Rede beenden wollte, wurde er von einer unerwarteten Frage unterbrochen.","Just as he was about to finish his speech, he was interrupted by an unexpected question.","Juste au moment où il voulait terminer son discours, il a été interrompu par une question inattendue.",,,gerade als = just as ● Subordinating conjunction,gerade als = juste au moment où ● Conjonctions de subordination,,
32,"_____ man eine Einigung für sicher hielt, scheiterten die Verhandlungen an einem Detail.",Gerade als,gerade als,"Gerade als man eine Einigung für sicher hielt, scheiterten die Verhandlungen an einem Detail.","Just as an agreement seemed certain, the negotiations failed because of a detail.","Juste au moment où l’on croyait l’accord assuré, les négociations ont échoué à cause d’un détail.",,,gerade als = just as ● Subordinating conjunction,gerade als = juste au moment où ● Conjonctions de subordination,,
32,"_____ sie beschlossen hatte, das Angebot abzulehnen, änderten sich die Rahmenbedingungen grundlegend.",Gerade als,gerade als,"Gerade als sie beschlossen hatte, das Angebot abzulehnen, änderten sich die Rahmenbedingungen grundlegend.","Just as she had decided to reject the offer, the conditions fundamentally changed.","Juste au moment où elle avait décidé de refuser l’offre, les conditions ont changé de manière fondamentale.",,,gerade als = just as ● Subordinating conjunction,gerade als = juste au moment où ● Conjonctions de subordination,,
32,"Die Regierung kündigte überraschend neue Sanktionen an, _____ mehrere internationale Unternehmen ihre Investitionspläne überdachten.",woraufhin,woraufhin,"Die Regierung kündigte überraschend neue Sanktionen an, woraufhin mehrere internationale Unternehmen ihre Investitionspläne überdachten.","The government unexpectedly announced new sanctions, whereupon several international companies reconsidered their investment plans.","Le gouvernement a annoncé de manière inattendue de nouvelles sanctions, à la suite de quoi plusieurs entreprises internationales ont reconsidéré leurs projets d’investissement.",Subordinating conjunction,Conjonctions de subordination,"woraufhin = whereupon, as a result of which ● Subordinating conjunction","woraufhin = après quoi, à la suite de quoi ● Conjonctions de subordination",,
32,"Er stellte die bisherigen Annahmen des Forschungsteams öffentlich infrage, _____ eine lebhafte wissenschaftliche Debatte entstand.",woraufhin,woraufhin,"Er stellte die bisherigen Annahmen des Forschungsteams öffentlich infrage, woraufhin eine lebhafte wissenschaftliche Debatte entstand.","He publicly questioned the research team’s previous assumptions, whereupon a lively scientific debate arose.","Il a remis publiquement en question les hypothèses précédentes de l’équipe de recherche, à la suite de quoi un débat scientifique animé s’est engagé.",Subordinating conjunction,Conjonctions de subordination,"woraufhin = whereupon, as a result of which ● Subordinating conjunction","woraufhin = après quoi, à la suite de quoi ● Conjonctions de subordination",,
32,"Die Zentralbank erhöhte unerwartet den Leitzins, _____ die Finanzmärkte kurzfristig stark reagierten.",woraufhin,woraufhin,"Die Zentralbank erhöhte unerwartet den Leitzins, woraufhin die Finanzmärkte kurzfristig stark reagierten.","The central bank unexpectedly raised the key interest rate, whereupon the financial markets reacted strongly in the short term.","La banque centrale a relevé de manière inattendue son taux directeur, à la suite de quoi les marchés financiers ont fortement réagi à court terme.",Subordinating conjunction,Conjonctions de subordination,"woraufhin = whereupon, as a result of which ● Subordinating conjunction","woraufhin = après quoi, à la suite de quoi ● Conjonctions de subordination",,
32,"Sie wies auf mehrere methodische Schwächen der Studie hin, _____ die Autoren ihre Ergebnisse präzisieren mussten.",woraufhin,woraufhin,"Sie wies auf mehrere methodische Schwächen der Studie hin, woraufhin die Autoren ihre Ergebnisse präzisieren mussten.","She pointed out several methodological weaknesses in the study, whereupon the authors had to refine their results.","Elle a signalé plusieurs faiblesses méthodologiques de l’étude, à la suite de quoi les auteurs ont dû préciser leurs résultats.",Subordinating conjunction,Conjonctions de subordination,"woraufhin = whereupon, as a result of which ● Subordinating conjunction","woraufhin = après quoi, à la suite de quoi ● Conjonctions de subordination",,
32,"Der Zeuge änderte plötzlich seine Aussage, _____ das Gericht eine erneute Befragung anordnete.",woraufhin,woraufhin,"Der Zeuge änderte plötzlich seine Aussage, woraufhin das Gericht eine erneute Befragung anordnete.","The witness suddenly changed his testimony, whereupon the court ordered a new questioning.","Le témoin a soudainement modifié sa déclaration, à la suite de quoi le tribunal a ordonné un nouvel interrogatoire.",Subordinating conjunction,Conjonctions de subordination,"woraufhin = whereupon, as a result of which ● Subordinating conjunction","woraufhin = après quoi, à la suite de quoi ● Conjonctions de subordination",,
33,sooft,immer wenn,immer wenn,"Sooft er neue Daten erhält, passt er seine Analyse sofort an.","everytime, whenever",à chaque fois que,Subordinating conjunction,Conjonctions de subordination,"immer wenn = everytime, whenever ● Subordinating conjunction",immer wenn = à chaque fois que ● Conjonctions de subordination,,
33,selbst wenn,auch wenn,auch wenn,"Selbst wenn ich dir die Wahrheit erzählt hätte, würdest du mir übrigens nicht glauben.",even if,"même si, même quand",Subordinating conjunction,Conjonctions de subordination,auch wenn = even if ● Subordinating conjunction,"auch wenn = même si, même quand ● Conjonctions de subordination",,
33,somit,also,also,"Er hatte alle Argumente sorgfältig geprüft, somit wirkte seine Entscheidung besonders fundiert.","so, thus, hence","donc, ainsi, d'où",Adverb,Adverbe,"also = so, thus, hence ● Adverb","also = donc, ainsi, d'où ● Adverbe",,
33,hingegen,dagegen,dagegen,"Sie bevorzugt strukturierte Abläufe, hingegen arbeitet ihr Team eher spontan.","by contrast, in contrast, on the other hand","par contre, en revanche, au contraire",Adverb,Adverbe,"dagegen = by contrast, in contrast, on the other hand ● Adverb","dagegen = par contre, en revanche, au contraire ● Adverbe",,
33,im Gegensatz dazu,dagegen,dagegen,"Das Unternehmen setzt auf klassische Methoden, im Gegensatz dazu experimentieren Start-ups viel mehr.","by contrast, in contrast, on the other hand","par contre, en revanche, au contraire",Adverb,Adverbe,"dagegen = by contrast, in contrast, on the other hand ● Adverb","dagegen = par contre, en revanche, au contraire ● Adverbe",,
33,demnach,folglich,folglich,"Die Hinweise waren eindeutig, demnach musste die Theorie überarbeitet werden.","consequently, as a result, thereupon","par conséquent, en conséquence",Adverb,Adverbe,"folglich = consequently, as a result, thereupon ● Adverb","folglich = par conséquent, en conséquence ● Adverbe",,
33,daraufhin,folglich,folglich,"Der Bericht enthielt mehrere Unklarheiten, daraufhin forderte die Kommission weitere Unterlagen an.","consequently, as a result, thereupon","par conséquent, en conséquence",Adverb,Adverbe,"folglich = consequently, as a result, thereupon ● Adverb","folglich = par conséquent, en conséquence ● Adverbe",,
33,mithin,folglich,folglich,"Die Ergebnisse waren widersprüchlich, mithin bleibt die Frage vorerst ungeklärt.","consequently, as a result, thereupon","par conséquent, en conséquence",Adverb,Adverbe,"folglich = consequently, as a result, thereupon ● Adverb","folglich = par conséquent, en conséquence ● Adverbe",,
33,wenngleich,obwohl,obwohl,"Er präsentierte ein überzeugendes Konzept, wenngleich einige Details noch unausgereift wirkten.","although, even though","bien que, même si",Subordinating conjunction,Conjonctions de subordination,"obwohl = although, even though ● Subordinating conjunction","obwohl = bien que, même si ● Conjonctions de subordination",,
33,gleichwohl,trotzdem,trotzdem,"Die Kritik war scharf, gleichwohl blieb der Autor ruhig und sachlich.","despite it, nevertheless, yet, nonetheless, anyway","malgré cela, tout de même, néanmoins, pourtant",Adverb,Adverbe,"trotzdem = despite it, nevertheless, yet, nonetheless, anyway ● Adverb","trotzdem = malgré cela, tout de même, néanmoins, pourtant ● Adverbe",,
33,nichtsdestotrotz,trotzdem,trotzdem,"Die Bedingungen waren ungünstig, nichtsdestotrotz erzielte das Team ein bemerkenswertes Ergebnis.","despite it, nevertheless, yet, nonetheless, anyway","malgré cela, tout de même, néanmoins, pourtant",Adverb,Adverbe,"trotzdem = despite it, nevertheless, yet, nonetheless, anyway ● Adverb","trotzdem = malgré cela, tout de même, néanmoins, pourtant ● Adverbe",,
33,weiterhin,außerdem,außerdem,"Das Projekt war komplex, weiterhin kamen neue Anforderungen hinzu.","besides, moreover, furthermore","en outre, de plus",Adverb,Adverbe,"außerdem = besides, moreover, furthermore ● Adverb","außerdem = en outre, de plus ● Adverbe",,
33,daneben,außerdem,außerdem,"Die Studie untersucht das Konsumverhalten, daneben berücksichtigt sie auch ökologische Kriterien.","besides, moreover, furthermore","en outre, de plus",Adverb,Adverbe,"außerdem = besides, moreover, furthermore ● Adverb","außerdem = en outre, de plus ● Adverbe",,
33,ferner,außerdem,außerdem,"Der Bericht fasst die wichtigsten Trends zusammen, ferner bietet er konkrete Handlungsempfehlungen.","besides, moreover, furthermore","en outre, de plus",Adverb,Adverbe,"außerdem = besides, moreover, furthermore ● Adverb","außerdem = en outre, de plus ● Adverbe",,
33,zunächst,zuerst,zuerst,"Zunächst wollten wir die wichtigsten Annahmen klären, bevor wir mit der Analyse beginnen.","first, at first","d'abord, tout d'abord, au début",Adverb,Adverbe,"zuerst = first, at first ● Adverb","zuerst = d'abord, tout d'abord, au début ● Adverbe",,
33,sogar wenn,auch wenn,auch wenn,"Sogar wenn alle Beteiligten zustimmen, wird die Umsetzung des Projekts voraussichtlich mehr Zeit in Anspruch nehmen als geplant.",even if,"même si, même quand",Subordinating conjunction,Conjonctions de subordination,auch wenn = even if ● Subordinating conjunction,"auch wenn = même si, même quand ● Conjonctions de subordination",,
34,auf diese Weise,so,so,Die Probleme wurden diskutiert und auf diese Weise gelöst.,"like that, that way","ainsi, comme ça, de cette manière, de cette façon",Adverb,Adverbe,"so = like that, that way ● Adverb","so = ainsi, comme ça, de cette manière, de cette façon ● Adverbe",,
34,ansonsten,sonst,sonst,"Sie hätte die Anleitung sorgfältiger lesen müssen, ansonsten wären die Fehler leicht vermeidbar gewesen.","otherwise, else","sinon, autrement",Adverb,Adverbe,"sonst = otherwise, else ● Adverb","sonst = sinon, autrement ● Adverbe",,
34,anschließend,danach,danach,"Wir klärten die wichtigsten Fragen, anschließend begann die praktische Umsetzung.","afterwards, thereafter","ensuite, par la suite, après cela",Adverb,Adverbe,"danach = afterwards, thereafter ● Adverb","danach = ensuite, par la suite, après cela ● Adverbe",,
34,hernach,danach,danach,"Die Ergebnisse wurden ausgewertet, hernach folgte eine ausführliche Diskussion im Team.","afterwards, thereafter","ensuite, par la suite, après cela",Adverb,Adverbe,"danach = afterwards, thereafter ● Adverb","danach = ensuite, par la suite, après cela ● Adverbe",,
34,hinterher,danach,danach,"Er präsentierte sein Konzept, hinterher wurde es intern weiter verfeinert.","afterwards, thereafter","ensuite, par la suite, après cela",Adverb,Adverbe,"danach = afterwards, thereafter ● Adverb","danach = ensuite, par la suite, après cela ● Adverbe",,
34,allein,aber,aber,"Der Vorschlag klingt auf den ersten Blick überzeugend, allein die praktischen Konsequenzen wurden dabei völlig unterschätzt.",but,mais,Coordinating conjunction,Conjonction de coordination,aber = but ● Coordinating conjunction,aber = mais ● Conjonction de coordination,,
34,beispielsweise,zum Beispiel,zum Beispiel,"Mehrere Faktoren, beispielsweise steigende Energiekosten, beeinflussen derzeit die Produktionsplanung.",for example,par exemple,Adverb,Adverbe,zum beispiel = for example ● Adverb,zum beispiel = par exemple ● Adverbe,,
34,nichtsdestoweniger,trotzdem,trotzdem,"Die Datenlage ist lückenhaft und erlaubt keine eindeutige Schlussfolgerung, nichtsdestoweniger spricht die Gesamttendenz klar für eine vorsichtige Umsetzung.","despite it, nevertheless, yet, nonetheless, anyway","malgré cela, tout de même, néanmoins, pourtant",Adverb,Adverbe,"trotzdem = despite it, nevertheless, yet, nonetheless, anyway ● Adverb","trotzdem = malgré cela, tout de même, néanmoins, pourtant ● Adverbe",,
34,in der Zwischenzeit,währenddessen,währenddessen,In der Zwischenzeit haben wir mehrere alternative Ansätze entwickelt.,"meanwhile, in the meantime, by now","pendant ce temps, en attendant",Adverb,Adverbe,"währenddessen = meanwhile, in the meantime, by now ● Adverb","währenddessen = pendant ce temps, en attendant ● Adverbe",,
34,mittlerweile,währenddessen,währenddessen,"Mittlerweile ist deutlich erkennbar, wie stark sich die Branche wandelt.","meanwhile, in the meantime, by now","pendant ce temps, en attendant",Adverb,Adverbe,"währenddessen = meanwhile, in the meantime, by now ● Adverb","währenddessen = pendant ce temps, en attendant ● Adverbe",,
34,unterdessen,währenddessen,währenddessen,Unterdessen prüft ein Expertenteam die technischen Risiken.,"meanwhile, in the meantime, by now","pendant ce temps, en attendant",Adverb,Adverbe,"währenddessen = meanwhile, in the meantime, by now ● Adverb","währenddessen = pendant ce temps, en attendant ● Adverbe",,
34,derweil,währenddessen,währenddessen,"Derweil die Verhandlungen offiziell noch stockten, wurden hinter verschlossenen Türen längst die entscheidenden Kompromisse vorbereitet.","meanwhile, in the meantime, by now","pendant ce temps, en attendant",Adverb,Adverbe,"währenddessen = meanwhile, in the meantime, by now ● Adverb","währenddessen = pendant ce temps, en attendant ● Adverbe",,
34,inzwischen,währenddessen,währenddessen,"Wir mussten lange auf den Zug warten, also haben wir uns inzwischen einen Kaffee geholt.","meanwhile, in the meantime, by now","pendant ce temps, en attendant",Adverb,Adverbe,"währenddessen = meanwhile, in the meantime, by now ● Adverb","währenddessen = pendant ce temps, en attendant ● Adverbe",,
34,des Weiteren,außerdem,außerdem,"Des Weiteren wurde betont, dass nachhaltige Lösungen nur dann wirksam sein können, wenn sie nicht nur technisch, sondern auch gesellschaftlich mitgetragen werden.","besides, moreover, furthermore","en outre, de plus",Adverb,Adverbe,"außerdem = besides, moreover, furthermore ● Adverb","außerdem = en outre, de plus ● Adverbe",,
34,bis dato,bisher,bisher,Bis dato gibt es keine endgültige Entscheidung.,"so far, until now, hitherto","jusqu'à présent, jusqu'à maintenant",Adverb,Adverbe,"bisher = so far, until now, hitherto ● Adverb","bisher = jusqu'à présent, jusqu'à maintenant ● Adverbe",,
34,wobei,obwohl,obwohl,"Er behauptet, vollkommen unabhängig zu sein, wobei er doch stark von staatlichen Fördermitteln profitiert.","although, even though","bien que, même si",Subordinating conjunction,Conjonctions de subordination,"obwohl = although, even though ● Subordinating conjunction","obwohl = bien que, même si ● Conjonctions de subordination",,
35,zum Abschluss,abschließend,abschließend,Zum Abschluss fassten wir die offenen Fragen zusammen und legten die nächsten Schritte fest.,"to conclude, in conclusion","pour conclure, en conclusion",Adverb,Adverbe,"abschließend = to conclude, in conclusion ● Adverb","abschließend = pour conclure, en conclusion ● Adverbe",,
35,zum Schluss,abschließend,abschließend,"Zum Schluss zeigte sich, dass die Alternative deutlich effizienter war als erwartet.","to conclude, in conclusion","pour conclure, en conclusion",Adverb,Adverbe,"abschließend = to conclude, in conclusion ● Adverb","abschließend = pour conclure, en conclusion ● Adverbe",,
35,als wenn,als ob,als ob,"Er tat so, als wenn ihn die Situation überhaupt nicht betreffen würde.",as if,comme si,Subordinating conjunction,Conjonctions de subordination,als ob = as if ● Subordinating conjunction,als ob = comme si ● Conjonctions de subordination,,
35,wie wenn,als ob,als ob,"Sie reagierte, wie wenn sie die Nachricht schon vorher geahnt hätte.",as if,comme si,Subordinating conjunction,Conjonctions de subordination,als ob = as if ● Subordinating conjunction,als ob = comme si ● Conjonctions de subordination,,
35,insoweit,insofern,insofern,"Das Projekt war insoweit erfolgreich, als dass alle Hauptziele erreicht wurden.","insofar as, in that respect, to that extent","dans la mesure où, tant que",Subordinating conjunction,Conjonctions de subordination,"insofern = insofar as, in that respect, to that extent ● Subordinating conjunction","insofern = dans la mesure où, tant que ● Conjonctions de subordination",,
35,vorausgesetzt,sofern,sofern,"Wir können den Vorschlag übernehmen, vorausgesetzt die Finanzierung ist gesichert.","provided, provided that",à condition que,Subordinating conjunction,Conjonctions de subordination,"sofern = provided, provided that ● Subordinating conjunction",sofern = à condition que ● Conjonctions de subordination,,
35,soviel,soweit,soweit,"Soviel ich weiß, hat das Gutachten noch keine endgültige Freigabe erhalten.",as far as,"d'après ce que, en ce qui concerne",Subordinating conjunction,Conjonctions de subordination,soweit = as far as ● Subordinating conjunction,"soweit = d'après ce que, en ce qui concerne ● Conjonctions de subordination",,
35,alles in allem,insgesamt,insgesamt,"Alles in allem war die Zusammenarbeit konstruktiv, trotz einiger anfänglicher Schwierigkeiten.","overall, all in all","dans l'ensemble, globalement",Adverb,Adverbe,"insgesamt = overall, all in all ● Adverb","insgesamt = dans l'ensemble, globalement ● Adverbe",,
35,im Großen und Ganzen,insgesamt,insgesamt,Im Großen und Ganzen entspricht das Ergebnis unseren Erwartungen.,"overall, all in all","dans l'ensemble, globalement",Adverb,Adverbe,"insgesamt = overall, all in all ● Adverb","insgesamt = dans l'ensemble, globalement ● Adverbe",,
35,im Endeffekt,unter dem Strich,unter dem Strich,Im Endeffekt führten mehrere kleine Entscheidungen zu einer grundlegenden Änderung der Strategie.,"ultimately, at the end of the day, all things considered","au final, en fin de compte, tout compte fait",Adverb,Adverbe,"unter dem strich = ultimately, at the end of the day, all things considered ● Adverb","unter dem strich = au final, en fin de compte, tout compte fait ● Adverbe",,
36,desgleichen,ebenfalls,ebenfalls,"Die erste Studie bestätigte die Hypothese, desgleichen kamen spätere Untersuchungen zu ähnlichen Ergebnissen.","likewise, as well","également, de même",Adverb,Adverbe,"ebenfalls = likewise, as well ● Adverb","ebenfalls = également, de même ● Adverbe",,
36,gleichfalls,ebenfalls,ebenfalls,"Er würdigte ihren Einsatz ausdrücklich, gleichfalls bedankte sie sich bei ihm für die Unterstützung.","likewise, as well","également, de même",Adverb,Adverbe,"ebenfalls = likewise, as well ● Adverb","ebenfalls = également, de même ● Adverbe",,
36,dementsprechend,entsprechend,entsprechend,Die Ergebnisse sind dementsprechend interpretiert worden.,"accordingly, correspondingly","en conséquence, par conséquent",Adverb,Adverbe,"entsprechend = accordingly, correspondingly ● Adverb","entsprechend = en conséquence, par conséquent ● Adverbe",,
36,demgemäß,entsprechend,entsprechend,Die Maßnahmen wurden demgemäß angepasst.,"accordingly, correspondingly","en conséquence, par conséquent",Adverb,Adverbe,"entsprechend = accordingly, correspondingly ● Adverb","entsprechend = en conséquence, par conséquent ● Adverbe",,
36,auf dass,damit,damit,"Er formulierte die Richtlinien bewusst klar und präzise, auf dass spätere Missverständnisse von vornherein vermieden würden.","so that, in order to","pour que, afin que, afin de (+ infinitif)",Subordinating conjunction,Conjonctions de subordination,"damit = so that, in order to ● Subordinating conjunction","damit = pour que, afin que, afin de (+ infinitif) ● Conjonctions de subordination",,
36,kurzum,kurz Gesagt,kurz Gesagt,"Kurzum war das Ergebnis überzeugend, auch wenn der Weg schwierig war.","in short, in a nutshell","en bref, en un mot",Adverb,Adverbe,"kurz gesagt = in short, in a nutshell ● Adverb","kurz gesagt = en bref, en un mot ● Adverbe",,
36,ganz nebenbei,übrigens,übrigens,"Ganz nebenbei bemerkte sie, dass ein Wechsel geplant ist.","by the way, incidentally","au fait, soit dit en passant, d'ailleurs",Adverb,Adverbe,"übrigens = by the way, incidentally ● Adverb","übrigens = au fait, soit dit en passant, d'ailleurs ● Adverbe",,
36,im Übrigen,übrigens,übrigens,Im Übrigen wurde das Budget bereits angepasst.,"by the way, incidentally","au fait, soit dit en passant, d'ailleurs",Adverb,Adverbe,"übrigens = by the way, incidentally ● Adverb","übrigens = au fait, soit dit en passant, d'ailleurs ● Adverbe",,
36,nebenbei,übrigens,übrigens,Nebenbei ergaben sich interessante neue Kontakte.,"by the way, incidentally","au fait, soit dit en passant, d'ailleurs",Adverb,Adverbe,"übrigens = by the way, incidentally ● Adverb","übrigens = au fait, soit dit en passant, d'ailleurs ● Adverbe",,
36,"abgesehen davon, dass",außer dass,außer dass,"Abgesehen davon, dass der Vorschlag finanziell kaum realisierbar ist, fehlt ihm auch eine klare strategische Ausrichtung.",except that,"sauf que, outre que, à part le fait que",Subordinating conjunction,Conjonctions de subordination,außer dass = except that ● Subordinating conjunction,"außer dass = sauf que, outre que, à part le fait que ● Conjonctions de subordination",,
1000,,dabei,dabei,,,,,,,,,
1000,,wobei,wobei,,,,,,,,,
1000,,außer zu,außer zu,,,,,,,,,
1000,,nicht nur ... sondern auch,nicht nur ... sondern auch,nicht nur ... sondern auch,not only ... but also,non seulement ... mais aussi,Correlative conjunction,Conjonction corrélative,nicht nur ... sondern auch = not only ... but also ● Correlative conjunction,nicht nur ... sondern auch = non seulement ... mais aussi ● Conjonction corrélative,,
1000,,einerseits ... andererseits,einerseits ... andererseits,einerseits ... andererseits,on the one hand ... and the other hand,d'un côté ... de l'autre,Correlative conjunction (Adverbs),Conjonction corrélative (Adverbes),einerseits ... andererseits = on the one hand ... and the other hand ● Correlative conjunction (Adverbs),einerseits ... andererseits = d'un côté ... de l'autre ● Conjonction corrélative (Adverbes),,
1000,,zum einen zum anderen,,,,,,,,,,
1000,,sei es sei es,,,,,,,,,,
1000,,mal mal,,,,,,,,,,
1000,,"nicht so sehr ..., als vielmehr ...",,,,,,,,,,
1000,,"ob ..., ob ...",,,,,,,,,,
1000,,"kaum ..., da/schon ...",,,,,,,,,,
1000,,auf der einem seite,,,,,,,,,,