exercise,question,answer,german,english,french,case_english,case_french,gender_english,gender_french,person
1,,der,der/die/das,the,le/la,Nominative,Nominatif,Masculine,Masculin,
1,,das,der/die/das,the,le/la,Nominative,Nominatif,Neuter,Neutre,
1,,die,der/die/das,the,le/la,Nominative,Nominatif,Feminine,Féminin,
1,,die,der/die/das,the,les,Nominative,Nominatif,Plural,Pluriel,
1,,den,der/die/das,the,le/la,Accusative,Accusatif,Masculine,Masculin,
1,,das,der/die/das,the,le/la,Accusative,Accusatif,Neuter,Neutre,
1,,die,der/die/das,the,le/la,Accusative,Accusatif,Feminine,Féminin,
1,,die,der/die/das,the,les,Accusative,Accusatif,Plural,Pluriel,
1,,dem,der/die/das,the,le/la,Dative,Datif,Masculine,Masculin,
1,,dem,der/die/das,the,le/la,Dative,Datif,Neuter,Neutre,
1,,der,der/die/das,the,le/la,Dative,Datif,Feminine,Féminin,
1,,den,der/die/das,the,les,Dative,Datif,Plural,Pluriel,
2,_____ Woche hat sieben Tage.,Die,Die Woche hat sieben Tage.,The week has seven days.,La semaine compte sept jours.,Nominative,Nominatif,Feminine,Féminin,
2,_____ Schule ist groß.,Die,Die Schule ist groß.,The school is big.,L'école est grande.,Nominative,Nominatif,Feminine,Féminin,
2,_____ Mutter ist nett.,Die,Die Mutter ist nett.,The mother is kind.,La mère est gentille.,Nominative,Nominatif,Feminine,Féminin,
2,_____ Katze schläft auf dem Sofa.,Die,Die Katze schläft auf dem Sofa.,The cat is sleeping on the sofa.,Le chat dort sur le canapé.,Nominative,Nominatif,Feminine,Féminin,
2,_____ Sprache ist schwer.,Die,Die Sprache ist schwer.,The language is difficult.,La langue est difficile.,Nominative,Nominatif,Feminine,Féminin,
2,_____ Wohnung ist teuer.,Die,Die Wohnung ist teuer.,The apartment is expensive.,L'appartement est cher.,Nominative,Nominatif,Feminine,Féminin,
2,_____ Person ist freundlich.,Die,Die Person ist freundlich.,The person is friendly.,La personne est sympathique.,Nominative,Nominatif,Feminine,Féminin,
2,_____ Nacht ist dunkel.,Die,Die Nacht ist dunkel.,The night is dark.,La nuit est sombre.,Nominative,Nominatif,Feminine,Féminin,
2,_____ Tochter ist freundlich.,Die,Die Tochter ist freundlich.,The daughter is kind.,La fille est gentille.,Nominative,Nominatif,Feminine,Féminin,
2,_____ Frage ist einfach.,Die,Die Frage ist einfach.,The question is simple.,La question est simple.,Nominative,Nominatif,Feminine,Féminin,
2,_____ Vater ist müde.,Der,Der Vater ist müde.,The father is tired.,Le père est fatigué.,Nominative,Nominatif,Masculine,Masculin,
2,_____ Name ist bekannt.,Der,Der Name ist bekannt.,The name is familiar.,Le nom est familier.,Nominative,Nominatif,Masculine,Masculin,
2,_____ Kopf tut weh.,Der,Der Kopf tut weh.,The head hurts.,La tête me fait mal.,Nominative,Nominatif,Masculine,Masculin,
2,_____ Lehrer ist nett.,Der,Der Lehrer ist nett.,The teacher is kind.,Le professeur est gentil.,Nominative,Nominatif,Masculine,Masculin,
2,_____ Monat hat vier Wochen.,Der,Der Monat hat vier Wochen.,The month has four weeks.,Le mois a quatre semaines.,Nominative,Nominatif,Masculine,Masculin,
2,_____ Morgen ist schön.,Der,Der Morgen ist schön.,The morning is beautiful.,La matinée est belle.,Nominative,Nominatif,Masculine,Masculin,
2,_____ Abend ist ruhig.,Der,Der Abend ist ruhig.,The evening is quiet.,La soirée est calme.,Nominative,Nominatif,Masculine,Masculin,
2,_____ Staat ist reich.,Der,Der Staat ist reich.,The state is rich.,L'État est riche.,Nominative,Nominatif,Masculine,Masculin,
2,_____ Schüler ist fleißig.,Der,Der Schüler ist fleißig.,The student is hardworking.,L'étudiant est travailleur.,Nominative,Nominatif,Masculine,Masculin,
2,_____ Sohn ist klug.,Der,Der Sohn ist klug.,The son is smart.,Le fils est intelligent.,Nominative,Nominatif,Masculine,Masculin,
2,_____ Leben ist schön.,Das,Das Leben ist schön.,Life is beautiful.,La vie est belle.,Nominative,Nominatif,Neuter,Neutre,
2,_____ Haus ist neu.,Das,Das Haus ist neu.,The house is new.,La maison est neuve.,Nominative,Nominatif,Neuter,Neutre,
2,_____ Paar ist glücklich.,Das,Das Paar ist glücklich.,The couple is happy.,Le couple est heureux.,Nominative,Nominatif,Neuter,Neutre,
2,_____ Unternehmen ist groß.,Das,Das Unternehmen ist groß.,The company is big.,L'entreprise est grande.,Nominative,Nominatif,Neuter,Neutre,
2,_____ Bild ist schön.,Das,Das Bild ist schön.,The picture is beautiful.,La photo est belle.,Nominative,Nominatif,Neuter,Neutre,
2,_____ Buch ist spannend.,Das,Das Buch ist spannend.,The book is exciting.,Le livre est passionnant.,Nominative,Nominatif,Neuter,Neutre,
2,_____ Stück ist small.,Das,Das Stück ist small.,The piece is small.,La pièce est petite.,Nominative,Nominatif,Neuter,Neutre,
2,_____ Auto ist schnell.,Das,Das Auto ist schnell.,The car is fast.,La voiture est rapide.,Nominative,Nominatif,Neuter,Neutre,
2,_____ Auge ist blau.,Das,Das Auge ist blau.,The eye is blue.,L'œil est bleu.,Nominative,Nominatif,Neuter,Neutre,
2,_____ Ziel ist weit.,Das,Das Ziel ist weit.,The destination is far.,La destination est loin.,Nominative,Nominatif,Neuter,Neutre,
2,_____ Eltern sind nett.,Die,Die Eltern sind nett.,The parents are kind.,Les parents sont gentils.,Nominative,Nominatif,Plural,Pluriel,
2,_____ Straßen sind lang.,Die,Die Straßen sind lang.,The roads are long.,Les routes sont longues.,Nominative,Nominatif,Plural,Pluriel,
2,_____ Wörter sind lang.,Die,Die Wörter sind lang.,The words are long.,Les mots sont longs.,Nominative,Nominatif,Plural,Pluriel,
2,_____ Preise sind hoch.,Die,Die Preise sind hoch.,The prices are high. ,Les prix sont élevés.,Nominative,Nominatif,Plural,Pluriel,
2,_____ Freunde sind nett.,Die,Die Freunde sind nett.,The friends are nice.,Les amis sont sympas.,Nominative,Nominatif,Plural,Pluriel,
2,_____ Kirchen sind alt.,Die,Die Kirchen sind alt.,The churches are old.,Les églises sont vieilles.,Nominative,Nominatif,Plural,Pluriel,
2,_____ Gruppen sind klein.,Die,Die Gruppen sind klein.,The groups are small.,Les groupes sont petits.,Nominative,Nominatif,Plural,Pluriel,
2,_____ Türen sind offen.,Die,Die Türen sind offen.,The doors are open.,Les portes sont ouvertes.,Nominative,Nominatif,Plural,Pluriel,
2,_____ Orangen sind frisch.,Die,Die Orangen sind frisch.,The oranges are fresh.,Les oranges sont fraîches.,Nominative,Nominatif,Plural,Pluriel,
2,_____ Tische sind aus Holz.,Die,Die Tische sind aus Holz.,The tables are of wood.,Les tables sont en bois.,Nominative,Nominatif,Plural,Pluriel,
3,Wir besuchen _____ Schule jeden Tag.,die,Wir besuchen die Schule jeden Tag.,We visit the school every day.,Nous visitons l'école tous les jours.,Accusative,Accusatif,Feminine,Féminin,
3,Ich plane _____ Woche im Voraus.,die,Ich plane die Woche im Voraus.,I plan the week in advance.,Je planifie la semaine à l'avance.,Accusative,Accusatif,Feminine,Féminin,
3,Wir besuchen _____ Mutter am Wochenende.,die,Wir besuchen die Mutter am Wochenende.,We visit the mother on the weekend.,Nous rendons visite à la mère le week-end.,Accusative,Accusatif,Feminine,Féminin,
3,Ich kenne _____ Person nicht.,die,Ich kenne die Person nicht.,I don't know the person.,Je ne connais pas la personne.,Accusative,Accusatif,Feminine,Féminin,
3,Sie verbringt _____ Nacht im Hotel.,die,Sie verbringt die Nacht im Hotel.,She spends the night in a hotel.,Elle passe la nuit dans un hôtel.,Accusative,Accusatif,Feminine,Féminin,
3,Ich sehe _____ Katze.,die,Ich sehe die Katze.,I see the cat.,Je vois le chat.,Accusative,Accusatif,Feminine,Féminin,
3,Wir lernen _____ Sprache in der Schule.,die,Wir lernen die Sprache in der Schule.,We learn the language at school.,Nous apprenons la langue à l'école.,Accusative,Accusatif,Feminine,Féminin,
3,Wir mieten _____ Wohnung.,die,Wir mieten die Wohnung.,We rent the apartment.,Nous louons l'appartement.,Accusative,Accusatif,Feminine,Féminin,
3,Er liebt _____ Tochter sehr.,die,Er liebt die Tochter sehr.,He loves the daughter very much.,Il aime beaucoup sa fille.,Accusative,Accusatif,Feminine,Féminin,
3,Er beantwortet _____ Frage richtig.,die,Er beantwortet die Frage richtig.,He answers the question correctly.,Il répond correctement à la question.,Accusative,Accusatif,Feminine,Féminin,
3,Sie ruft _____ Vater an.,den,Sie ruft den Vater an.,She calls the father.,Elle appelle le père.,Accusative,Accusatif,Masculine,Masculin,
3,Ich kenne _____ Namen nicht.,den,Ich kenne den Namen nicht.,I don't know the name.,Je ne connais pas le nom.,Accusative,Accusatif,Masculine,Masculin,
3,Er hält _____ Kopf hoch.,den,Er hält den Kopf hoch.,He holds his head high.,Il garde la tête haute.,Accusative,Accusatif,Masculine,Masculin,
3,Wir feiern _____ Monat der Liebe.,den,Wir feiern den Monat der Liebe.,We celebrate the month of love.,Nous célébrons le mois de l'amour.,Accusative,Accusatif,Masculine,Masculin,
3,Ich genieße _____ Morgen mit Kaffee.,den,Ich genieße den Morgen mit Kaffee.,I enjoy the morning with coffee.,J'apprécie la matinée avec un café.,Accusative,Accusatif,Masculine,Masculin,
3,Wir verbringen _____ Abend zusammen.,den,Wir verbringen den Abend zusammen.,We spend the evening together.,Nous passons la soirée ensemble.,Accusative,Accusatif,Masculine,Masculin,
3,Er kennt _____ Staat gut.,den,Er kennt den Staat gut.,He knows the state well.,Il connaît bien l’État.,Accusative,Accusatif,Masculine,Masculin,
3,Der Bus bringt _____ Schüler zur Schule.,den,Der Bus bringt den Schüler zur Schule.,The bus brings the student to school.,Le bus amène l'élève à l'école.,Accusative,Accusatif,Masculine,Masculin,
3,Ich sehe _____ Lehrer in der Schule.,den,Ich sehe den Lehrer in der Schule.,I see the teacher at school.,Je vois le professeur à l'école.,Accusative,Accusatif,Masculine,Masculin,
3,Sie sieht _____ Sohn im Garten.,den,Sie sieht den Sohn im Garten.,She sees the son in the garden.,Elle voit le fils dans le jardin.,Accusative,Accusatif,Masculine,Masculin,
3,Er genießt _____ Leben.,das,Er genießt das Leben.,He enjoys life.,Il profite de la vie.,Accusative,Accusatif,Neuter,Neutre,
3,Sie schützt _____ Auge mit einer Brille.,das,Sie schützt das Auge mit einer Brille.,She protects the eye with glasses.,Elle protège ses yeux avec des lunettes.,Accusative,Accusatif,Neuter,Neutre,
3,Ich sehe _____ Haus.,das,Ich sehe das Haus.,I see the house.,Je vois la maison.,Accusative,Accusatif,Neuter,Neutre,
3,Ich sehe _____ Paar auf der Straße.,das,Ich sehe das Paar auf der Straße.,I see the couple on the street.,Je vois le couple dans la rue.,Accusative,Accusatif,Neuter,Neutre,
3,Wir unterstützen _____ Unternehmen.,das,Wir unterstützen das Unternehmen.,We support the company.,Nous accompagnons l'entreprise.,Accusative,Accusatif,Neuter,Neutre,
3,Sie malt _____ Bild.,das,Sie malt das Bild.,She paints the picture.,Elle peint le tableau.,Accusative,Accusatif,Neuter,Neutre,
3,Er liest _____ Buch.,das,Er liest das Buch.,He reads the book.,Il lit le livre.,Accusative,Accusatif,Neuter,Neutre,
3,Ich liebe _____ Möbelstück.,das,Ich liebe das Möbelstück.,I love the piece of furniture.,J'adore le meuble.,Accusative,Accusatif,Neuter,Neutre,
3,Wir erreichen _____ Ziel bald.,das,Wir erreichen das Ziel bald.,We'll reach the destination soon.,Nous arriverons bientôt à destination.,Accusative,Accusatif,Neuter,Neutre,
3,Er bringt _____ Auto zum Mechaniker.,das,Er bringt das Auto zum Mechaniker.,He brings the car to the mechanic.,Il amène la voiture chez le mécanicien.,Accusative,Accusatif,Neuter,Neutre,
3,Ich überquere _____ Straßen.,die,Ich überquere die Straßen.,I cross the streets.,Je traverse les rues.,Accusative,Accusatif,Plural,Pluriel,
3,Er schreibt _____ Wörter auf.,die,Er schreibt die Wörter auf.,He writes down the words.,Il écrit les mots.,Accusative,Accusatif,Plural,Pluriel,
3,Ich besuche _____ Freunde in Berlin.,die,Ich besuche die Freunde in Berlin.,I'm visiting friends in Berlin.,Je rends visite à des amis à Berlin.,Accusative,Accusatif,Plural,Pluriel,
3,Wir besuchen _____ Eltern am Sonntag.,die,Wir besuchen die Eltern am Sonntag.,We visit the parents on Sunday.,Nous rendons visite aux parents dimanche.,Accusative,Accusatif,Plural,Pluriel,
3,Er sieht _____ Gruppen im Park.,die,Er sieht die Gruppen im Park.,He sees the groups in the park.,Il voit les groupes dans le parc.,Accusative,Accusatif,Plural,Pluriel,
3,Sie öffnet _____ Türen.,die,Sie öffnet die Türen.,She opens the doors.,Elle ouvre les portes.,Accusative,Accusatif,Plural,Pluriel,
3,Er vergleicht _____ Preise.,die,Er vergleicht die Preise.,He compares the prices.,Il compare les prix.,Accusative,Accusatif,Plural,Pluriel,
3,Ich kaufe _____ Orangen.,die,Ich kaufe die Orangen.,I buy the oranges.,J'achète les oranges.,Accusative,Accusatif,Plural,Pluriel,
3,Sie deckt _____ Tische für das Abendessen.,die,Sie deckt die Tische für das Abendessen.,She sets the tables for dinner.,Elle met la table pour le dîner.,Accusative,Accusatif,Plural,Pluriel,
3,Wir besuchen _____ Kirchen am Sonntag.,die,Wir besuchen die Kirchen am Sonntag.,We visit the churches on Sunday.,Nous visitons les églises le dimanche.,Accusative,Accusatif,Plural,Pluriel,
4,Sind Sie mit _____ Regel zufrieden?,der,Sind Sie mit der Regel zufrieden?,Are you satisfied with the rule?,Êtes-vous satisfait de la règle ?,Dative,Datif,Feminine,Féminin,
4,Er schenkt _____ Tochter eine Puppe.,der,Er schenkt der Tochter eine Puppe.,He gives his daughter a doll.,Il donne une poupée à sa fille.,Dative,Datif,Feminine,Féminin,
4,Ich spiele mit _____ Katze.,der,Ich spiele mit der Katze.,I play with the cat.,Je joue avec le chat.,Dative,Datif,Feminine,Féminin,
4,Ich warte in _____ Schule auf dich.,der,Ich warte in der Schule auf dich.,I'm waiting for you at the school.,Je t'attends à l'école.,Dative,Datif,Feminine,Féminin,
4,Ich habe _____ Person für ihre Hilfe gedankt.,der,Ich habe der Person für ihre Hilfe gedankt.,I thanked the person for her help.,J'ai remercié la personne pour son aide.,Dative,Datif,Feminine,Féminin,
4,Ich vertraue _____ Nacht.,der,Ich vertraue der Nacht.,I trust the night.,Je fais confiance à la nuit.,Dative,Datif,Feminine,Féminin,
4,Nach _____ Weihnachtswoche können Sie eine Pause einlegen.,der,Nach der Weihnachtswoche können Sie eine Pause einlegen.,After Christmas week you can take a break.,"Après la semaine de Noël, vous pourrez faire une pause.",Dative,Datif,Feminine,Féminin,
4,Wir helfen _____ Mutter im Haushalt.,der,Wir helfen der Mutter im Haushalt.,We help the mother with the housework.,Nous aidons la mère dans les tâches ménagères.,Dative,Datif,Feminine,Féminin,
4,Ich widme _____ Frage viel Zeit.,der,Ich widme der Frage viel Zeit.,I devote a lot of time to the question.,Je consacre beaucoup de temps à la question.,Dative,Datif,Feminine,Féminin,
4,Der Tisch passt zu _____ Wohnung.,der,Der Tisch passt zu der Wohnung.,The table fits the apartment.,La table s'adapte à l'appartement.,Dative,Datif,Feminine,Féminin,
4,Sie gibt _____ Sohn ein Geschenk.,dem,Sie gibt dem Sohn ein Geschenk.,She gives a gift to the son.,Elle offre un cadeau à son fils.,Dative,Datif,Masculine,Masculin,
4,Der Lehrer hilft _____ Schüler.,dem,Der Lehrer hilft dem Schüler.,The teacher helps the student.,L'enseignant aide l'élève.,Dative,Datif,Masculine,Masculin,
4,Ich danke _____ Lehrer für die Hilfe.,dem,Ich danke dem Lehrer für die Hilfe.,I thank the teacher for the help.,Je remercie le professeur pour l'aide.,Dative,Datif,Masculine,Masculin,
4,Sie sollten das zweimal in _____ Monat reinigen.,dem,Sie sollten das zweimal in dem Monat reinigen.,You should clean that twice a month.,Vous devriez nettoyer cela deux fois par mois.,Dative,Datif,Masculine,Masculin,
4,Es war noch früh an _____ Morgen.,dem,Es war noch früh an dem Morgen.,It was still early in the morning.,Il était encore tôt le matin.,Dative,Datif,Masculine,Masculin,
4,Wir danken _____ Abend für die Ruhe.,dem,Wir danken dem Abend für die Ruhe.,We thank the evening for the peace and quiet.,Nous remercions le soir pour le calme et la tranquillité.,Dative,Datif,Masculine,Masculin,
4,Er dient _____ Staat als Beamter.,dem,Er dient dem Staat als Beamter.,He serves the state as an official.,Il sert l’État en tant que fonctionnaire.,Dative,Datif,Masculine,Masculin,
4,Sie gibt _____ Vater ein Geschenk.,dem,Sie gibt dem Vater ein Geschenk.,She gives a gift to the father.,Elle offre un cadeau au père.,Dative,Datif,Masculine,Masculin,
4,Ich habe immer Probleme mit _____ Nachnamen.,dem,Ich habe immer Probleme mit dem Nachnamen.,I always struggle with the last name.,J'ai toujours du mal avec le nom de famille.,Dative,Datif,Masculine,Masculin,
4,Er nickte mit _____ Kopf.,dem,Er nickte mit dem Kopf.,He nodded with the head.,Il hocha la tête.,Dative,Datif,Masculine,Masculin,
4,Die Iris dient _____ Auge.,dem,Die Iris dient dem Auge.,The iris serves the eye.,L'iris sert l'œil.,Dative,Datif,Neuter,Neutre,
4,Ich gratuliere _____ Paar zur Hochzeit.,dem,Ich gratuliere dem Paar zur Hochzeit.,I congratulate the couple on their wedding.,Je félicite le couple pour leur mariage.,Dative,Datif,Neuter,Neutre,
4,Sie gibt _____ Buch eine neue Bedeutung.,dem,Sie gibt dem Buch eine neue Bedeutung.,She gives the book new meaning.,Elle donne au livre un nouveau sens.,Dative,Datif,Neuter,Neutre,
4,Ich nähere mich _____ Auto.,dem,Ich nähere mich dem Auto.,I approach the car.,Je m'approche de la voiture.,Dative,Datif,Neuter,Neutre,
4,Sie nähert sich _____ Ziel langsam.,dem,Sie nähert sich dem Ziel langsam.,She approaches the goal slowly.,Elle s'approche lentement du but.,Dative,Datif,Neuter,Neutre,
4,Er dankt _____ Leben für seine Erfahrungen.,dem,Er dankt dem Leben für seine Erfahrungen.,He thanks life for its experiences.,Il remercie la vie pour ses expériences.,Dative,Datif,Neuter,Neutre,
4,Ich wohne in _____ Haus.,dem,Ich wohne in dem Haus.,I live in the house.,J'habite dans la maison.,Dative,Datif,Neuter,Neutre,
4,Wir helfen _____ Unternehmen zu wachsen.,dem,Wir helfen dem Unternehmen zu wachsen.,We help the company grow.,Nous aidons l'entreprise à grandir.,Dative,Datif,Neuter,Neutre,
4,Ihr Telefon liegt neben _____ Bild.,dem,Ihr Telefon liegt neben dem Bild.,Your phone is next to the picture.,Votre téléphone est à côté de la photo.,Dative,Datif,Neuter,Neutre,
4,In _____ Theaterstück singt die Hauptfigur.,dem,In dem Theaterstück singt die Hauptfigur.,In the play the main character sings.,"Dans la pièce, le personnage principal chante.",Dative,Datif,Neuter,Neutre,
4,Ich folge _____ Straßen bis zum Park.,den,Ich folge den Straßen bis zum Park.,I follow the streets to the park.,Je suis les rues jusqu'au parc.,Dative,Datif,Plural,Pluriel,
4,Ich mache Saft aus _____ Orangen.,den,Ich mache Saft aus den Orangen.,I make juice from the oranges.,Je fais du jus à partir des oranges.,Dative,Datif,Plural,Pluriel,
4,Er gibt _____ Tische eine neue Farbe.,den,Er gibt den Tische eine neue Farbe.,He gives the tables a new color.,Il donne aux tables une nouvelle couleur.,Dative,Datif,Plural,Pluriel,
4,Wir danken _____ Kirchen für ihre Unterstützung.,den,Wir danken den Kirchen für ihre Unterstützung.,We thank the churches for their support.,Nous remercions les églises pour leur soutien.,Dative,Datif,Plural,Pluriel,
4,Ich nähere mich _____ riesigen Türen.,den,Ich nähere mich den riesigen Türen.,I'm approaching the gigantic doors.,Je m'approche des portes gigantesques.,Dative,Datif,Plural,Pluriel,
4,Er ist mit _____ Preisen des Produkts nicht einverstanden.,den,Er ist mit den Preisen des Produkts nicht einverstanden.,He disagrees with the prices of the product.,Il n’est pas d’accord avec les prix du produit.,Dative,Datif,Plural,Pluriel,
4,Ich helfe _____ Freunden mit der Arbeit.,den,Ich helfe den Freunden meiner Eltern.,I help the friends of my parents.,J'aide les amis de mes parents.,Dative,Datif,Plural,Pluriel,
4,Wir danken _____ Eltern für ihren Einsatz.,den,Wir danken den Eltern für ihren Einsatz.,We thank the parents for their effort.,Nous remercions les parents pour leurs efforts.,Dative,Datif,Plural,Pluriel,
4,Ich glaube _____ Wörtern des Lehrers.,den,Ich glaube den Wörtern des Lehrers.,I believe the teacher's words.,Je crois aux paroles du professeur.,Dative,Datif,Plural,Pluriel,
4,Er hilft _____ Gruppen mit den Aufgaben.,den,Er hilft den Gruppen mit den Aufgaben.,He helps the groups with their assignments.,Il aide les groupes dans leurs devoirs.,Dative,Datif,Plural,Pluriel,
5,_____ Woche hat sieben Tage.,Die,Die Woche hat sieben Tage.,The week has seven days.,La semaine compte sept jours.,Nominative,Nominatif,Feminine,Féminin,
5,_____ Schule ist groß.,Die,Die Schule ist groß.,The school is big.,L'école est grande.,Nominative,Nominatif,Feminine,Féminin,
5,_____ Mutter ist nett.,Die,Die Mutter ist nett.,The mother is kind.,La mère est gentille.,Nominative,Nominatif,Feminine,Féminin,
5,_____ Katze schläft auf dem Sofa.,Die,Die Katze schläft auf dem Sofa.,The cat is sleeping on the sofa.,Le chat dort sur le canapé.,Nominative,Nominatif,Feminine,Féminin,
5,_____ Sprache ist schwer.,Die,Die Sprache ist schwer.,The language is difficult.,La langue est difficile.,Nominative,Nominatif,Feminine,Féminin,
5,_____ Wohnung ist teuer.,Die,Die Wohnung ist teuer.,The apartment is expensive.,L'appartement est cher.,Nominative,Nominatif,Feminine,Féminin,
5,_____ Person ist freundlich.,Die,Die Person ist freundlich.,The person is friendly.,La personne est sympathique.,Nominative,Nominatif,Feminine,Féminin,
5,_____ Nacht ist dunkel.,Die,Die Nacht ist dunkel.,The night is dark.,La nuit est sombre.,Nominative,Nominatif,Feminine,Féminin,
5,_____ Tochter ist freundlich.,Die,Die Tochter ist freundlich.,The daughter is kind.,La fille est gentille.,Nominative,Nominatif,Feminine,Féminin,
5,_____ Frage ist einfach.,Die,Die Frage ist einfach.,The question is simple.,La question est simple.,Nominative,Nominatif,Feminine,Féminin,
5,Wir besuchen _____ Schule jeden Tag.,die,Wir besuchen die Schule jeden Tag.,We visit the school every day.,Nous visitons l'école tous les jours.,Accusative,Accusatif,Feminine,Féminin,
5,Ich plane _____ Woche im Voraus.,die,Ich plane die Woche im Voraus.,I plan the week in advance.,Je planifie la semaine à l'avance.,Accusative,Accusatif,Feminine,Féminin,
5,Wir besuchen _____ Mutter am Wochenende.,die,Wir besuchen die Mutter am Wochenende.,We visit the mother on the weekend.,Nous rendons visite à la mère le week-end.,Accusative,Accusatif,Feminine,Féminin,
5,Ich kenne _____ Person nicht.,die,Ich kenne die Person nicht.,I don't know the person.,Je ne connais pas la personne.,Accusative,Accusatif,Feminine,Féminin,
5,Sie verbringt _____ Nacht im Hotel.,die,Sie verbringt die Nacht im Hotel.,She spends the night in a hotel.,Elle passe la nuit dans un hôtel.,Accusative,Accusatif,Feminine,Féminin,
5,Ich sehe _____ Katze.,die,Ich sehe die Katze.,I see the cat.,Je vois le chat.,Accusative,Accusatif,Feminine,Féminin,
5,Wir lernen _____ Sprache in der Schule.,die,Wir lernen die Sprache in der Schule.,We learn the language at school.,Nous apprenons la langue à l'école.,Accusative,Accusatif,Feminine,Féminin,
5,Wir mieten _____ Wohnung.,die,Wir mieten die Wohnung.,We rent the apartment.,Nous louons l'appartement.,Accusative,Accusatif,Feminine,Féminin,
5,Er liebt _____ Tochter sehr.,die,Er liebt die Tochter sehr.,He loves the daughter very much.,Il aime beaucoup sa fille.,Accusative,Accusatif,Feminine,Féminin,
5,Er beantwortet _____ Frage richtig.,die,Er beantwortet die Frage richtig.,He answers the question correctly.,Il répond correctement à la question.,Accusative,Accusatif,Feminine,Féminin,
5,Sind Sie mit _____ Regel zufrieden?,der,Sind Sie mit der Regel zufrieden?,Are you satisfied with the rule?,Êtes-vous satisfait de la règle ?,Dative,Datif,Feminine,Féminin,
5,Er schenkt _____ Tochter eine Puppe.,der,Er schenkt der Tochter eine Puppe.,He gives his daughter a doll.,Il donne une poupée à sa fille.,Dative,Datif,Feminine,Féminin,
5,Ich spiele mit _____ Katze.,der,Ich spiele mit der Katze.,I play with the cat.,Je joue avec le chat.,Dative,Datif,Feminine,Féminin,
5,Ich warte in _____ Schule auf dich.,der,Ich warte in der Schule auf dich.,I'm waiting for you at the school.,Je t'attends à l'école.,Dative,Datif,Feminine,Féminin,
5,Ich habe _____ Person für ihre Hilfe gedankt.,der,Ich habe der Person für ihre Hilfe gedankt.,I thanked the person for her help.,J'ai remercié la personne pour son aide.,Dative,Datif,Feminine,Féminin,
5,Ich vertraue _____ Nacht.,der,Ich vertraue der Nacht.,I trust the night.,Je fais confiance à la nuit.,Dative,Datif,Feminine,Féminin,
5,Nach _____ Weihnachtswoche können Sie eine Pause einlegen.,der,Nach der Weihnachtswoche können Sie eine Pause einlegen.,After Christmas week you can take a break.,"Après la semaine de Noël, vous pourrez faire une pause.",Dative,Datif,Feminine,Féminin,
5,Wir helfen _____ Mutter im Haushalt.,der,Wir helfen der Mutter im Haushalt.,We help the mother with the housework.,Nous aidons la mère dans les tâches ménagères.,Dative,Datif,Feminine,Féminin,
5,Ich widme _____ Frage viel Zeit.,der,Ich widme der Frage viel Zeit.,I devote a lot of time to the question.,Je consacre beaucoup de temps à la question.,Dative,Datif,Feminine,Féminin,
5,Der Tisch passt zu _____ Wohnung.,der,Der Tisch passt zu der Wohnung.,The table fits the apartment.,La table s'adapte à l'appartement.,Dative,Datif,Feminine,Féminin,
6,_____ Vater ist müde.,Der,Der Vater ist müde.,The father is tired.,Le père est fatigué.,Nominative,Nominatif,Masculine,Masculin,
6,_____ Name ist bekannt.,Der,Der Name ist bekannt.,The name is familiar.,Le nom est familier.,Nominative,Nominatif,Masculine,Masculin,
6,_____ Kopf tut weh.,Der,Der Kopf tut weh.,The head hurts.,La tête me fait mal.,Nominative,Nominatif,Masculine,Masculin,
6,_____ Lehrer ist nett.,Der,Der Lehrer ist nett.,The teacher is kind.,Le professeur est gentil.,Nominative,Nominatif,Masculine,Masculin,
6,_____ Monat hat vier Wochen.,Der,Der Monat hat vier Wochen.,The month has four weeks.,Le mois a quatre semaines.,Nominative,Nominatif,Masculine,Masculin,
6,_____ Morgen ist schön.,Der,Der Morgen ist schön.,The morning is beautiful.,La matinée est belle.,Nominative,Nominatif,Masculine,Masculin,
6,_____ Abend ist ruhig.,Der,Der Abend ist ruhig.,The evening is quiet.,La soirée est calme.,Nominative,Nominatif,Masculine,Masculin,
6,_____ Staat ist reich.,Der,Der Staat ist reich.,The state is rich.,L'État est riche.,Nominative,Nominatif,Masculine,Masculin,
6,_____ Schüler ist fleißig.,Der,Der Schüler ist fleißig.,The student is hardworking.,L'étudiant est travailleur.,Nominative,Nominatif,Masculine,Masculin,
6,_____ Sohn ist klug.,Der,Der Sohn ist klug.,The son is smart.,Le fils est intelligent.,Nominative,Nominatif,Masculine,Masculin,
6,Sie ruft _____ Vater an.,den,Sie ruft den Vater an.,She calls the father.,Elle appelle le père.,Accusative,Accusatif,Masculine,Masculin,
6,Ich kenne _____ Namen nicht.,den,Ich kenne den Namen nicht.,I don't know the name.,Je ne connais pas le nom.,Accusative,Accusatif,Masculine,Masculin,
6,Er hält _____ Kopf hoch.,den,Er hält den Kopf hoch.,He holds his head high.,Il garde la tête haute.,Accusative,Accusatif,Masculine,Masculin,
6,Wir feiern _____ Monat der Liebe.,den,Wir feiern den Monat der Liebe.,We celebrate the month of love.,Nous célébrons le mois de l'amour.,Accusative,Accusatif,Masculine,Masculin,
6,Ich genieße _____ Morgen mit Kaffee.,den,Ich genieße den Morgen mit Kaffee.,I enjoy the morning with coffee.,J'apprécie la matinée avec un café.,Accusative,Accusatif,Masculine,Masculin,
6,Wir verbringen _____ Abend zusammen.,den,Wir verbringen den Abend zusammen.,We spend the evening together.,Nous passons la soirée ensemble.,Accusative,Accusatif,Masculine,Masculin,
6,Er kennt _____ Staat gut.,den,Er kennt den Staat gut.,He knows the state well.,Il connaît bien l’État.,Accusative,Accusatif,Masculine,Masculin,
6,Der Bus bringt _____ Schüler zur Schule.,den,Der Bus bringt den Schüler zur Schule.,The bus brings the student to school.,Le bus amène l'élève à l'école.,Accusative,Accusatif,Masculine,Masculin,
6,Ich sehe _____ Lehrer in der Schule.,den,Ich sehe den Lehrer in der Schule.,I see the teacher at school.,Je vois le professeur à l'école.,Accusative,Accusatif,Masculine,Masculin,
6,Sie sieht _____ Sohn im Garten.,den,Sie sieht den Sohn im Garten.,She sees the son in the garden.,Elle voit le fils dans le jardin.,Accusative,Accusatif,Masculine,Masculin,
6,Sie gibt _____ Sohn ein Geschenk.,dem,Sie gibt dem Sohn ein Geschenk.,She gives a gift to the son.,Elle offre un cadeau à son fils.,Dative,Datif,Masculine,Masculin,
6,Der Lehrer hilft _____ Schüler.,dem,Der Lehrer hilft dem Schüler.,The teacher helps the student.,L'enseignant aide l'élève.,Dative,Datif,Masculine,Masculin,
6,Ich danke _____ Lehrer für die Hilfe.,dem,Ich danke dem Lehrer für die Hilfe.,I thank the teacher for the help.,Je remercie le professeur pour l'aide.,Dative,Datif,Masculine,Masculin,
6,Sie sollten das zweimal in _____ Monat reinigen.,dem,Sie sollten das zweimal in dem Monat reinigen.,You should clean that twice a month.,Vous devriez nettoyer cela deux fois par mois.,Dative,Datif,Masculine,Masculin,
6,Es war noch früh an _____ Morgen.,dem,Es war noch früh an dem Morgen.,It was still early in the morning.,Il était encore tôt le matin.,Dative,Datif,Masculine,Masculin,
6,Wir danken _____ Abend für die Ruhe.,dem,Wir danken dem Abend für die Ruhe.,We thank the evening for the peace and quiet.,Nous remercions le soir pour le calme et la tranquillité.,Dative,Datif,Masculine,Masculin,
6,Er dient _____ Staat als Beamter.,dem,Er dient dem Staat als Beamter.,He serves the state as an official.,Il sert l’État en tant que fonctionnaire.,Dative,Datif,Masculine,Masculin,
6,Sie gibt _____ Vater ein Geschenk.,dem,Sie gibt dem Vater ein Geschenk.,She gives a gift to the father.,Elle offre un cadeau au père.,Dative,Datif,Masculine,Masculin,
6,Ich habe immer Probleme mit _____ Nachnamen.,dem,Ich habe immer Probleme mit dem Nachnamen.,I always struggle with the last name.,J'ai toujours du mal avec le nom de famille.,Dative,Datif,Masculine,Masculin,
6,Er nickte mit _____ Kopf.,dem,Er nickte mit dem Kopf.,He nodded with the head.,Il hocha la tête.,Dative,Datif,Masculine,Masculin,
7,_____ Leben ist schön.,Das,Das Leben ist schön.,Life is beautiful.,La vie est belle.,Nominative,Nominatif,Neuter,Neutre,
7,_____ Haus ist neu.,Das,Das Haus ist neu.,The house is new.,La maison est neuve.,Nominative,Nominatif,Neuter,Neutre,
7,_____ Paar ist glücklich.,Das,Das Paar ist glücklich.,The couple is happy.,Le couple est heureux.,Nominative,Nominatif,Neuter,Neutre,
7,_____ Unternehmen ist groß.,Das,Das Unternehmen ist groß.,The company is big.,L'entreprise est grande.,Nominative,Nominatif,Neuter,Neutre,
7,_____ Bild ist schön.,Das,Das Bild ist schön.,The picture is beautiful.,La photo est belle.,Nominative,Nominatif,Neuter,Neutre,
7,_____ Buch ist spannend.,Das,Das Buch ist spannend.,The book is exciting.,Le livre est passionnant.,Nominative,Nominatif,Neuter,Neutre,
7,_____ Stück ist small.,Das,Das Stück ist small.,The piece is small.,La pièce est petite.,Nominative,Nominatif,Neuter,Neutre,
7,_____ Auto ist schnell.,Das,Das Auto ist schnell.,The car is fast.,La voiture est rapide.,Nominative,Nominatif,Neuter,Neutre,
7,_____ Auge ist blau.,Das,Das Auge ist blau.,The eye is blue.,L'œil est bleu.,Nominative,Nominatif,Neuter,Neutre,
7,_____ Ziel ist weit.,Das,Das Ziel ist weit.,The destination is far.,La destination est loin.,Nominative,Nominatif,Neuter,Neutre,
7,Er genießt _____ Leben.,das,Er genießt das Leben.,He enjoys life.,Il profite de la vie.,Accusative,Accusatif,Neuter,Neutre,
7,Sie schützt _____ Auge mit einer Brille.,das,Sie schützt das Auge mit einer Brille.,She protects the eye with glasses.,Elle protège ses yeux avec des lunettes.,Accusative,Accusatif,Neuter,Neutre,
7,Ich sehe _____ Haus.,das,Ich sehe das Haus.,I see the house.,Je vois la maison.,Accusative,Accusatif,Neuter,Neutre,
7,Ich sehe _____ Paar auf der Straße.,das,Ich sehe das Paar auf der Straße.,I see the couple on the street.,Je vois le couple dans la rue.,Accusative,Accusatif,Neuter,Neutre,
7,Wir unterstützen _____ Unternehmen.,das,Wir unterstützen das Unternehmen.,We support the company.,Nous accompagnons l'entreprise.,Accusative,Accusatif,Neuter,Neutre,
7,Sie malt _____ Bild.,das,Sie malt das Bild.,She paints the picture.,Elle peint le tableau.,Accusative,Accusatif,Neuter,Neutre,
7,Er liest _____ Buch.,das,Er liest das Buch.,He reads the book.,Il lit le livre.,Accusative,Accusatif,Neuter,Neutre,
7,Ich liebe _____ Möbelstück.,das,Ich liebe das Möbelstück.,I love the piece of furniture.,J'adore le meuble.,Accusative,Accusatif,Neuter,Neutre,
7,Wir erreichen _____ Ziel bald.,das,Wir erreichen das Ziel bald.,We'll reach the destination soon.,Nous arriverons bientôt à destination.,Accusative,Accusatif,Neuter,Neutre,
7,Er bringt _____ Auto zum Mechaniker.,das,Er bringt das Auto zum Mechaniker.,He brings the car to the mechanic.,Il amène la voiture chez le mécanicien.,Accusative,Accusatif,Neuter,Neutre,
7,Die Iris dient _____ Auge.,dem,Die Iris dient dem Auge.,The iris serves the eye.,L'iris sert l'œil.,Dative,Datif,Neuter,Neutre,
7,Ich gratuliere _____ Paar zur Hochzeit.,dem,Ich gratuliere dem Paar zur Hochzeit.,I congratulate the couple on their wedding.,Je félicite le couple pour leur mariage.,Dative,Datif,Neuter,Neutre,
7,Sie gibt _____ Buch eine neue Bedeutung.,dem,Sie gibt dem Buch eine neue Bedeutung.,She gives the book new meaning.,Elle donne au livre un nouveau sens.,Dative,Datif,Neuter,Neutre,
7,Ich nähere mich _____ Auto.,dem,Ich nähere mich dem Auto.,I approach the car.,Je m'approche de la voiture.,Dative,Datif,Neuter,Neutre,
7,Sie nähert sich _____ Ziel langsam.,dem,Sie nähert sich dem Ziel langsam.,She approaches the goal slowly.,Elle s'approche lentement du but.,Dative,Datif,Neuter,Neutre,
7,Er dankt _____ Leben für seine Erfahrungen.,dem,Er dankt dem Leben für seine Erfahrungen.,He thanks life for its experiences.,Il remercie la vie pour ses expériences.,Dative,Datif,Neuter,Neutre,
7,Ich wohne in _____ Haus.,dem,Ich wohne in dem Haus.,I live in the house.,J'habite dans la maison.,Dative,Datif,Neuter,Neutre,
7,Wir helfen _____ Unternehmen zu wachsen.,dem,Wir helfen dem Unternehmen zu wachsen.,We help the company grow.,Nous aidons l'entreprise à grandir.,Dative,Datif,Neuter,Neutre,
7,Ihr Telefon liegt neben _____ Bild.,dem,Ihr Telefon liegt neben dem Bild.,Your phone is next to the picture.,Votre téléphone est à côté de la photo.,Dative,Datif,Neuter,Neutre,
7,In _____ Theaterstück singt die Hauptfigur.,dem,In dem Theaterstück singt die Hauptfigur.,In the play the main character sings.,"Dans la pièce, le personnage principal chante.",Dative,Datif,Neuter,Neutre,
8,_____ Eltern sind nett.,Die,Die Eltern sind nett.,The parents are kind.,Les parents sont gentils.,Nominative,Nominatif,Plural,Pluriel,
8,_____ Straßen sind lang.,Die,Die Straßen sind lang.,The roads are long.,Les routes sont longues.,Nominative,Nominatif,Plural,Pluriel,
8,_____ Wörter sind lang.,Die,Die Wörter sind lang.,The words are long.,Les mots sont longs.,Nominative,Nominatif,Plural,Pluriel,
8,_____ Preise sind hoch.,Die,Die Preise sind hoch.,The prices are high. ,Les prix sont élevés.,Nominative,Nominatif,Plural,Pluriel,
8,_____ Freunde sind nett.,Die,Die Freunde sind nett.,The friends are nice.,Les amis sont sympas.,Nominative,Nominatif,Plural,Pluriel,
8,_____ Kirchen sind alt.,Die,Die Kirchen sind alt.,The churches are old.,Les églises sont vieilles.,Nominative,Nominatif,Plural,Pluriel,
8,_____ Gruppen sind klein.,Die,Die Gruppen sind klein.,The groups are small.,Les groupes sont petits.,Nominative,Nominatif,Plural,Pluriel,
8,_____ Türen sind offen.,Die,Die Türen sind offen.,The doors are open.,Les portes sont ouvertes.,Nominative,Nominatif,Plural,Pluriel,
8,_____ Orangen sind frisch.,Die,Die Orangen sind frisch.,The oranges are fresh.,Les oranges sont fraîches.,Nominative,Nominatif,Plural,Pluriel,
8,_____ Tische sind aus Holz.,Die,Die Tische sind aus Holz.,The tables are of wood.,Les tables sont en bois.,Nominative,Nominatif,Plural,Pluriel,
8,Ich überquere _____ Straßen.,die,Ich überquere die Straßen.,I cross the streets.,Je traverse les rues.,Accusative,Accusatif,Plural,Pluriel,
8,Er schreibt _____ Wörter auf.,die,Er schreibt die Wörter auf.,He writes down the words.,Il écrit les mots.,Accusative,Accusatif,Plural,Pluriel,
8,Ich besuche _____ Freunde in Berlin.,die,Ich besuche die Freunde in Berlin.,I'm visiting friends in Berlin.,Je rends visite à des amis à Berlin.,Accusative,Accusatif,Plural,Pluriel,
8,Wir besuchen _____ Eltern am Sonntag.,die,Wir besuchen die Eltern am Sonntag.,We visit the parents on Sunday.,Nous rendons visite aux parents dimanche.,Accusative,Accusatif,Plural,Pluriel,
8,Er sieht _____ Gruppen im Park.,die,Er sieht die Gruppen im Park.,He sees the groups in the park.,Il voit les groupes dans le parc.,Accusative,Accusatif,Plural,Pluriel,
8,Sie öffnet _____ Türen.,die,Sie öffnet die Türen.,She opens the doors.,Elle ouvre les portes.,Accusative,Accusatif,Plural,Pluriel,
8,Er vergleicht _____ Preise.,die,Er vergleicht die Preise.,He compares the prices.,Il compare les prix.,Accusative,Accusatif,Plural,Pluriel,
8,Ich kaufe _____ Orangen.,die,Ich kaufe die Orangen.,I buy the oranges.,J'achète les oranges.,Accusative,Accusatif,Plural,Pluriel,
8,Sie deckt _____ Tische für das Abendessen.,die,Sie deckt die Tische für das Abendessen.,She sets the tables for dinner.,Elle met la table pour le dîner.,Accusative,Accusatif,Plural,Pluriel,
8,Wir besuchen _____ Kirchen am Sonntag.,die,Wir besuchen die Kirchen am Sonntag.,We visit the churches on Sunday.,Nous visitons les églises le dimanche.,Accusative,Accusatif,Plural,Pluriel,
8,Ich folge _____ Straßen bis zum Park.,den,Ich folge den Straßen bis zum Park.,I follow the streets to the park.,Je suis les rues jusqu'au parc.,Dative,Datif,Plural,Pluriel,
8,Ich mache Saft aus _____ Orangen.,den,Ich mache Saft aus den Orangen.,I make juice from the oranges.,Je fais du jus à partir des oranges.,Dative,Datif,Plural,Pluriel,
8,Er gibt _____ Tische eine neue Farbe.,den,Er gibt den Tische eine neue Farbe.,He gives the tables a new color.,Il donne aux tables une nouvelle couleur.,Dative,Datif,Plural,Pluriel,
8,Wir danken _____ Kirchen für ihre Unterstützung.,den,Wir danken den Kirchen für ihre Unterstützung.,We thank the churches for their support.,Nous remercions les églises pour leur soutien.,Dative,Datif,Plural,Pluriel,
8,Ich nähere mich _____ riesigen Türen.,den,Ich nähere mich den riesigen Türen.,I'm approaching the gigantic doors.,Je m'approche des portes gigantesques.,Dative,Datif,Plural,Pluriel,
8,Er ist mit _____ Preisen des Produkts nicht einverstanden.,den,Er ist mit den Preisen des Produkts nicht einverstanden.,He disagrees with the prices of the product.,Il n’est pas d’accord avec les prix du produit.,Dative,Datif,Plural,Pluriel,
8,Ich helfe _____ Freunden mit der Arbeit.,den,Ich helfe den Freunden meiner Eltern.,I help the friends of my parents.,J'aide les amis de mes parents.,Dative,Datif,Plural,Pluriel,
8,Wir danken _____ Eltern für ihren Einsatz.,den,Wir danken den Eltern für ihren Einsatz.,We thank the parents for their effort.,Nous remercions les parents pour leurs efforts.,Dative,Datif,Plural,Pluriel,
8,Ich glaube _____ Wörtern des Lehrers.,den,Ich glaube den Wörtern des Lehrers.,I believe the teacher's words.,Je crois aux paroles du professeur.,Dative,Datif,Plural,Pluriel,
8,Er hilft _____ Gruppen mit den Aufgaben.,den,Er hilft den Gruppen mit den Aufgaben.,He helps the groups with their assignments.,Il aide les groupes dans leurs devoirs.,Dative,Datif,Plural,Pluriel,
9,Wir besuchen _____ Schule jeden Tag.,die,Wir besuchen die Schule jeden Tag.,We visit the school every day.,Nous visitons l'école tous les jours.,Accusative,Accusatif,Feminine,Féminin,
9,Ich plane _____ Woche im Voraus.,die,Ich plane die Woche im Voraus.,I plan the week in advance.,Je planifie la semaine à l'avance.,Accusative,Accusatif,Feminine,Féminin,
9,Wir besuchen _____ Mutter am Wochenende.,die,Wir besuchen die Mutter am Wochenende.,We visit the mother on the weekend.,Nous rendons visite à la mère le week-end.,Accusative,Accusatif,Feminine,Féminin,
9,Er beantwortet _____ Frage richtig.,die,Er beantwortet die Frage richtig.,He answers the question correctly.,Il répond correctement à la question.,Accusative,Accusatif,Feminine,Féminin,
9,Sie ruft _____ Vater an.,den,Sie ruft den Vater an.,She calls the father.,Elle appelle le père.,Accusative,Accusatif,Masculine,Masculin,
9,Ich kenne _____ Namen nicht.,den,Ich kenne den Namen nicht.,I don't know the name.,Je ne connais pas le nom.,Accusative,Accusatif,Masculine,Masculin,
9,Ich sehe _____ Lehrer in der Schule.,den,Ich sehe den Lehrer in der Schule.,I see the teacher at school.,Je vois le professeur à l'école.,Accusative,Accusatif,Masculine,Masculin,
9,Sie sieht _____ Sohn im Garten.,den,Sie sieht den Sohn im Garten.,She sees the son in the garden.,Elle voit le fils dans le jardin.,Accusative,Accusatif,Masculine,Masculin,
9,Er genießt _____ Leben.,das,Er genießt das Leben.,He enjoys life.,Il profite de la vie.,Accusative,Accusatif,Neuter,Neutre,
9,Ich liebe _____ Möbelstück.,das,Ich liebe das Möbelstück.,I love the piece of furniture.,J'adore le meuble.,Accusative,Accusatif,Neuter,Neutre,
9,Wir erreichen _____ Ziel bald.,das,Wir erreichen das Ziel bald.,We'll reach the destination soon.,Nous arriverons bientôt à destination.,Accusative,Accusatif,Neuter,Neutre,
9,Er bringt _____ Auto zum Mechaniker.,das,Er bringt das Auto zum Mechaniker.,He brings the car to the mechanic.,Il amène la voiture chez le mécanicien.,Accusative,Accusatif,Neuter,Neutre,
9,Er vergleicht _____ Preise.,die,Er vergleicht die Preise.,He compares the prices.,Il compare les prix.,Accusative,Accusatif,Plural,Pluriel,
9,Ich kaufe _____ Orangen.,die,Ich kaufe die Orangen.,I buy the oranges.,J'achète les oranges.,Accusative,Accusatif,Plural,Pluriel,
9,Sie deckt _____ Tische für das Abendessen.,die,Sie deckt die Tische für das Abendessen.,She sets the tables for dinner.,Elle met la table pour le dîner.,Accusative,Accusatif,Plural,Pluriel,
9,Ich vertraue _____ Nacht.,der,Ich vertraue der Nacht.,I trust the night.,Je fais confiance à la nuit.,Dative,Datif,Feminine,Féminin,
9,Nach _____ Weihnachtswoche können Sie eine Pause einlegen.,der,Nach der Weihnachtswoche können Sie eine Pause einlegen.,After Christmas week you can take a break.,"Après la semaine de Noël, vous pourrez faire une pause.",Dative,Datif,Feminine,Féminin,
9,Wir helfen _____ Mutter im Haushalt.,der,Wir helfen der Mutter im Haushalt.,We help the mother with the housework.,Nous aidons la mère dans les tâches ménagères.,Dative,Datif,Feminine,Féminin,
9,Es war noch früh an _____ Morgen.,dem,Es war noch früh an dem Morgen.,It was still early in the morning.,Il était encore tôt le matin.,Dative,Datif,Masculine,Masculin,
9,Wir danken _____ Abend für die Ruhe.,dem,Wir danken dem Abend für die Ruhe.,We thank the evening for the peace and quiet.,Nous remercions le soir pour le calme et la tranquillité.,Dative,Datif,Masculine,Masculin,
9,Er dient _____ Staat als Beamter.,dem,Er dient dem Staat als Beamter.,He serves the state as an official.,Il sert l’État en tant que fonctionnaire.,Dative,Datif,Masculine,Masculin,
9,Ich nähere mich _____ Auto.,dem,Ich nähere mich dem Auto.,I approach the car.,Je m'approche de la voiture.,Dative,Datif,Neuter,Neutre,
9,Sie nähert sich _____ Ziel langsam.,dem,Sie nähert sich dem Ziel langsam.,She approaches the goal slowly.,Elle s'approche lentement du but.,Dative,Datif,Neuter,Neutre,
9,Er dankt _____ Leben für seine Erfahrungen.,dem,Er dankt dem Leben für seine Erfahrungen.,He thanks life for its experiences.,Il remercie la vie pour ses expériences.,Dative,Datif,Neuter,Neutre,
9,Er gibt _____ Tische eine neue Farbe.,den,Er gibt den Tische eine neue Farbe.,He gives the tables a new color.,Il donne aux tables une nouvelle couleur.,Dative,Datif,Plural,Pluriel,
9,Wir danken _____ Kirchen für ihre Unterstützung.,den,Wir danken den Kirchen für ihre Unterstützung.,We thank the churches for their support.,Nous remercions les églises pour leur soutien.,Dative,Datif,Plural,Pluriel,
9,Ich nähere mich _____ riesigen Türen.,den,Ich nähere mich den riesigen Türen.,I'm approaching the gigantic doors.,Je m'approche des portes gigantesques.,Dative,Datif,Plural,Pluriel,
9,_____ Schule ist groß.,Die,Die Schule ist groß.,The school is big.,L'école est grande.,Nominative,Nominatif,Feminine,Féminin,
9,_____ Mutter ist nett.,Die,Die Mutter ist nett.,The mother is kind.,La mère est gentille.,Nominative,Nominatif,Feminine,Féminin,
9,_____ Katze schläft auf dem Sofa.,Die,Die Katze schläft auf dem Sofa.,The cat is sleeping on the sofa.,Le chat dort sur le canapé.,Nominative,Nominatif,Feminine,Féminin,
9,_____ Vater ist müde.,Der,Der Vater ist müde.,The father is tired.,Le père est fatigué.,Nominative,Nominatif,Masculine,Masculin,
9,_____ Name ist bekannt.,Der,Der Name ist bekannt.,The name is familiar.,Le nom est familier.,Nominative,Nominatif,Masculine,Masculin,
9,_____ Kopf tut weh.,Der,Der Kopf tut weh.,The head hurts.,La tête me fait mal.,Nominative,Nominatif,Masculine,Masculin,
9,_____ Sohn ist klug.,Der,Der Sohn ist klug.,The son is smart.,Le fils est intelligent.,Nominative,Nominatif,Masculine,Masculin,
9,_____ Leben ist schön.,Das,Das Leben ist schön.,Life is beautiful.,La vie est belle.,Nominative,Nominatif,Neuter,Neutre,
9,_____ Haus ist neu.,Das,Das Haus ist neu.,The house is new.,La maison est neuve.,Nominative,Nominatif,Neuter,Neutre,
9,_____ Auge ist blau.,Das,Das Auge ist blau.,The eye is blue.,L'œil est bleu.,Nominative,Nominatif,Neuter,Neutre,
9,_____ Ziel ist weit.,Das,Das Ziel ist weit.,The destination is far.,La destination est loin.,Nominative,Nominatif,Neuter,Neutre,
9,_____ Eltern sind nett.,Die,Die Eltern sind nett.,The parents are kind.,Les parents sont gentils.,Nominative,Nominatif,Plural,Pluriel,
9,_____ Türen sind offen.,Die,Die Türen sind offen.,The doors are open.,Les portes sont ouvertes.,Nominative,Nominatif,Plural,Pluriel,
10,Ich kenne _____ Person nicht.,die,Ich kenne die Person nicht.,I don't know the person.,Je ne connais pas la personne.,Accusative,Accusatif,Feminine,Féminin,
10,Sie verbringt _____ Nacht im Hotel.,die,Sie verbringt die Nacht im Hotel.,She spends the night in a hotel.,Elle passe la nuit dans un hôtel.,Accusative,Accusatif,Feminine,Féminin,
10,Ich sehe _____ Katze.,die,Ich sehe die Katze.,I see the cat.,Je vois le chat.,Accusative,Accusatif,Feminine,Féminin,
10,Er hält _____ Kopf hoch.,den,Er hält den Kopf hoch.,He holds his head high.,Il garde la tête haute.,Accusative,Accusatif,Masculine,Masculin,
10,Wir feiern _____ Monat der Liebe.,den,Wir feiern den Monat der Liebe.,We celebrate the month of love.,Nous célébrons le mois de l'amour.,Accusative,Accusatif,Masculine,Masculin,
10,Ich genieße _____ Morgen mit Kaffee.,den,Ich genieße den Morgen mit Kaffee.,I enjoy the morning with coffee.,J'apprécie la matinée avec un café.,Accusative,Accusatif,Masculine,Masculin,
10,Sie schützt _____ Auge mit einer Brille.,das,Sie schützt das Auge mit einer Brille.,She protects the eye with glasses.,Elle protège ses yeux avec des lunettes.,Accusative,Accusatif,Neuter,Neutre,
10,Ich sehe _____ Haus.,das,Ich sehe das Haus.,I see the house.,Je vois la maison.,Accusative,Accusatif,Neuter,Neutre,
10,Ich sehe _____ Paar auf der Straße.,das,Ich sehe das Paar auf der Straße.,I see the couple on the street.,Je vois le couple dans la rue.,Accusative,Accusatif,Neuter,Neutre,
10,Ich überquere _____ Straßen.,die,Ich überquere die Straßen.,I cross the streets.,Je traverse les rues.,Accusative,Accusatif,Plural,Pluriel,
10,Er schreibt _____ Wörter auf.,die,Er schreibt die Wörter auf.,He writes down the words.,Il écrit les mots.,Accusative,Accusatif,Plural,Pluriel,
10,Ich besuche _____ Freunde in Berlin.,die,Ich besuche die Freunde in Berlin.,I'm visiting friends in Berlin.,Je rends visite à des amis à Berlin.,Accusative,Accusatif,Plural,Pluriel,
10,Wir besuchen _____ Kirchen am Sonntag.,die,Wir besuchen die Kirchen am Sonntag.,We visit the churches on Sunday.,Nous visitons les églises le dimanche.,Accusative,Accusatif,Plural,Pluriel,
10,Sind Sie mit _____ Regel zufrieden?,der,Sind Sie mit der Regel zufrieden?,Are you satisfied with the rule?,Êtes-vous satisfait de la règle ?,Dative,Datif,Feminine,Féminin,
10,Er schenkt _____ Tochter eine Puppe.,der,Er schenkt der Tochter eine Puppe.,He gives his daughter a doll.,Il donne une poupée à sa fille.,Dative,Datif,Feminine,Féminin,
10,Ich widme _____ Frage viel Zeit.,der,Ich widme der Frage viel Zeit.,I devote a lot of time to the question.,Je consacre beaucoup de temps à la question.,Dative,Datif,Feminine,Féminin,
10,Der Tisch passt zu _____ Wohnung.,der,Der Tisch passt zu der Wohnung.,The table fits the apartment.,La table s'adapte à l'appartement.,Dative,Datif,Feminine,Féminin,
10,Sie gibt _____ Sohn ein Geschenk.,dem,Sie gibt dem Sohn ein Geschenk.,She gives a gift to the son.,Elle offre un cadeau à son fils.,Dative,Datif,Masculine,Masculin,
10,Sie gibt _____ Vater ein Geschenk.,dem,Sie gibt dem Vater ein Geschenk.,She gives a gift to the father.,Elle offre un cadeau au père.,Dative,Datif,Masculine,Masculin,
10,Ich habe immer Probleme mit _____ Nachnamen.,dem,Ich habe immer Probleme mit dem Nachnamen.,I always struggle with the last name.,J'ai toujours du mal avec le nom de famille.,Dative,Datif,Masculine,Masculin,
10,Er nickte mit _____ Kopf.,dem,Er nickte mit dem Kopf.,He nodded with the head.,Il hocha la tête.,Dative,Datif,Masculine,Masculin,
10,Ich wohne in _____ Haus.,dem,Ich wohne in dem Haus.,I live in the house.,J'habite dans la maison.,Dative,Datif,Neuter,Neutre,
10,Wir helfen _____ Unternehmen zu wachsen.,dem,Wir helfen dem Unternehmen zu wachsen.,We help the company grow.,Nous aidons l'entreprise à grandir.,Dative,Datif,Neuter,Neutre,
10,Ihr Telefon liegt neben _____ Bild.,dem,Ihr Telefon liegt neben dem Bild.,Your phone is next to the picture.,Votre téléphone est à côté de la photo.,Dative,Datif,Neuter,Neutre,
10,Er ist mit _____ Preisen des Produkts nicht einverstanden.,den,Er ist mit den Preisen des Produkts nicht einverstanden.,He disagrees with the prices of the product.,Il n’est pas d’accord avec les prix du produit.,Dative,Datif,Plural,Pluriel,
10,Ich helfe _____ Freunden mit der Arbeit.,den,Ich helfe den Freunden meiner Eltern.,I help the friends of my parents.,J'aide les amis de mes parents.,Dative,Datif,Plural,Pluriel,
10,Wir danken _____ Eltern für ihren Einsatz.,den,Wir danken den Eltern für ihren Einsatz.,We thank the parents for their effort.,Nous remercions les parents pour leurs efforts.,Dative,Datif,Plural,Pluriel,
10,_____ Sprache ist schwer.,Die,Die Sprache ist schwer.,The language is difficult.,La langue est difficile.,Nominative,Nominatif,Feminine,Féminin,
10,_____ Wohnung ist teuer.,Die,Die Wohnung ist teuer.,The apartment is expensive.,L'appartement est cher.,Nominative,Nominatif,Feminine,Féminin,
10,_____ Person ist freundlich.,Die,Die Person ist freundlich.,The person is friendly.,La personne est sympathique.,Nominative,Nominatif,Feminine,Féminin,
10,_____ Lehrer ist nett.,Der,Der Lehrer ist nett.,The teacher is kind.,Le professeur est gentil.,Nominative,Nominatif,Masculine,Masculin,
10,_____ Monat hat vier Wochen.,Der,Der Monat hat vier Wochen.,The month has four weeks.,Le mois a quatre semaines.,Nominative,Nominatif,Masculine,Masculin,
10,_____ Morgen ist schön.,Der,Der Morgen ist schön.,The morning is beautiful.,La matinée est belle.,Nominative,Nominatif,Masculine,Masculin,
10,_____ Paar ist glücklich.,Das,Das Paar ist glücklich.,The couple is happy.,Le couple est heureux.,Nominative,Nominatif,Neuter,Neutre,
10,_____ Unternehmen ist groß.,Das,Das Unternehmen ist groß.,The company is big.,L'entreprise est grande.,Nominative,Nominatif,Neuter,Neutre,
10,_____ Bild ist schön.,Das,Das Bild ist schön.,The picture is beautiful.,La photo est belle.,Nominative,Nominatif,Neuter,Neutre,
10,_____ Straßen sind lang.,Die,Die Straßen sind lang.,The roads are long.,Les routes sont longues.,Nominative,Nominatif,Plural,Pluriel,
10,_____ Wörter sind lang.,Die,Die Wörter sind lang.,The words are long.,Les mots sont longs.,Nominative,Nominatif,Plural,Pluriel,
10,_____ Preise sind hoch.,Die,Die Preise sind hoch.,The prices are high. ,Les prix sont élevés.,Nominative,Nominatif,Plural,Pluriel,
10,_____ Orangen sind frisch.,Die,Die Orangen sind frisch.,The oranges are fresh.,Les oranges sont fraîches.,Nominative,Nominatif,Plural,Pluriel,
11,Wir lernen _____ Sprache in der Schule.,die,Wir lernen die Sprache in der Schule.,We learn the language at school.,Nous apprenons la langue à l'école.,Accusative,Accusatif,Feminine,Féminin,
11,Wir mieten _____ Wohnung.,die,Wir mieten die Wohnung.,We rent the apartment.,Nous louons l'appartement.,Accusative,Accusatif,Feminine,Féminin,
11,Er liebt _____ Tochter sehr.,die,Er liebt die Tochter sehr.,He loves the daughter very much.,Il aime beaucoup sa fille.,Accusative,Accusatif,Feminine,Féminin,
11,Wir verbringen _____ Abend zusammen.,den,Wir verbringen den Abend zusammen.,We spend the evening together.,Nous passons la soirée ensemble.,Accusative,Accusatif,Masculine,Masculin,
11,Er kennt _____ Staat gut.,den,Er kennt den Staat gut.,He knows the state well.,Il connaît bien l’État.,Accusative,Accusatif,Masculine,Masculin,
11,Der Bus bringt _____ Schüler zur Schule.,den,Der Bus bringt den Schüler zur Schule.,The bus brings the student to school.,Le bus amène l'élève à l'école.,Accusative,Accusatif,Masculine,Masculin,
11,Wir unterstützen _____ Unternehmen.,das,Wir unterstützen das Unternehmen.,We support the company.,Nous accompagnons l'entreprise.,Accusative,Accusatif,Neuter,Neutre,
11,Sie malt _____ Bild.,das,Sie malt das Bild.,She paints the picture.,Elle peint le tableau.,Accusative,Accusatif,Neuter,Neutre,
11,Er liest _____ Buch.,das,Er liest das Buch.,He reads the book.,Il lit le livre.,Accusative,Accusatif,Neuter,Neutre,
11,Wir besuchen _____ Eltern am Sonntag.,die,Wir besuchen die Eltern am Sonntag.,We visit the parents on Sunday.,Nous rendons visite aux parents dimanche.,Accusative,Accusatif,Plural,Pluriel,
11,Er sieht _____ Gruppen im Park.,die,Er sieht die Gruppen im Park.,He sees the groups in the park.,Il voit les groupes dans le parc.,Accusative,Accusatif,Plural,Pluriel,
11,Sie öffnet _____ Türen.,die,Sie öffnet die Türen.,She opens the doors.,Elle ouvre les portes.,Accusative,Accusatif,Plural,Pluriel,
11,Ich spiele mit _____ Katze.,der,Ich spiele mit der Katze.,I play with the cat.,Je joue avec le chat.,Dative,Datif,Feminine,Féminin,
11,Ich warte in _____ Schule auf dich.,der,Ich warte in der Schule auf dich.,I'm waiting for you at the school.,Je t'attends à l'école.,Dative,Datif,Feminine,Féminin,
11,Ich habe _____ Person für ihre Hilfe gedankt.,der,Ich habe der Person für ihre Hilfe gedankt.,I thanked the person for her help.,J'ai remercié la personne pour son aide.,Dative,Datif,Feminine,Féminin,
11,Der Lehrer hilft _____ Schüler.,dem,Der Lehrer hilft dem Schüler.,The teacher helps the student.,L'enseignant aide l'élève.,Dative,Datif,Masculine,Masculin,
11,Ich danke _____ Lehrer für die Hilfe.,dem,Ich danke dem Lehrer für die Hilfe.,I thank the teacher for the help.,Je remercie le professeur pour l'aide.,Dative,Datif,Masculine,Masculin,
11,Sie sollten das zweimal in _____ Monat reinigen.,dem,Sie sollten das zweimal in dem Monat reinigen.,You should clean that twice a month.,Vous devriez nettoyer cela deux fois par mois.,Dative,Datif,Masculine,Masculin,
11,Die Iris dient _____ Auge.,dem,Die Iris dient dem Auge.,The iris serves the eye.,L'iris sert l'œil.,Dative,Datif,Neuter,Neutre,
11,Ich gratuliere _____ Paar zur Hochzeit.,dem,Ich gratuliere dem Paar zur Hochzeit.,I congratulate the couple on their wedding.,Je félicite le couple pour leur mariage.,Dative,Datif,Neuter,Neutre,
11,Sie gibt _____ Buch eine neue Bedeutung.,dem,Sie gibt dem Buch eine neue Bedeutung.,She gives the book new meaning.,Elle donne au livre un nouveau sens.,Dative,Datif,Neuter,Neutre,
11,In _____ Theaterstück singt die Hauptfigur.,dem,In dem Theaterstück singt die Hauptfigur.,In the play the main character sings.,"Dans la pièce, le personnage principal chante.",Dative,Datif,Neuter,Neutre,
11,Ich folge _____ Straßen bis zum Park.,den,Ich folge den Straßen bis zum Park.,I follow the streets to the park.,Je suis les rues jusqu'au parc.,Dative,Datif,Plural,Pluriel,
11,Ich mache Saft aus _____ Orangen.,den,Ich mache Saft aus den Orangen.,I make juice from the oranges.,Je fais du jus à partir des oranges.,Dative,Datif,Plural,Pluriel,
11,Ich glaube _____ Wörtern des Lehrers.,den,Ich glaube den Wörtern des Lehrers.,I believe the teacher's words.,Je crois aux paroles du professeur.,Dative,Datif,Plural,Pluriel,
11,Er hilft _____ Gruppen mit den Aufgaben.,den,Er hilft den Gruppen mit den Aufgaben.,He helps the groups with their assignments.,Il aide les groupes dans leurs devoirs.,Dative,Datif,Plural,Pluriel,
11,_____ Woche hat sieben Tage.,Die,Die Woche hat sieben Tage.,The week has seven days.,La semaine compte sept jours.,Nominative,Nominatif,Feminine,Féminin,
11,_____ Nacht ist dunkel.,Die,Die Nacht ist dunkel.,The night is dark.,La nuit est sombre.,Nominative,Nominatif,Feminine,Féminin,
11,_____ Tochter ist freundlich.,Die,Die Tochter ist freundlich.,The daughter is kind.,La fille est gentille.,Nominative,Nominatif,Feminine,Féminin,
11,_____ Frage ist einfach.,Die,Die Frage ist einfach.,The question is simple.,La question est simple.,Nominative,Nominatif,Feminine,Féminin,
11,_____ Abend ist ruhig.,Der,Der Abend ist ruhig.,The evening is quiet.,La soirée est calme.,Nominative,Nominatif,Masculine,Masculin,
11,_____ Staat ist reich.,Der,Der Staat ist reich.,The state is rich.,L'État est riche.,Nominative,Nominatif,Masculine,Masculin,
11,_____ Schüler ist fleißig.,Der,Der Schüler ist fleißig.,The student is hardworking.,L'étudiant est travailleur.,Nominative,Nominatif,Masculine,Masculin,
11,_____ Buch ist spannend.,Das,Das Buch ist spannend.,The book is exciting.,Le livre est passionnant.,Nominative,Nominatif,Neuter,Neutre,
11,_____ Stück ist small.,Das,Das Stück ist small.,The piece is small.,La pièce est petite.,Nominative,Nominatif,Neuter,Neutre,
11,_____ Auto ist schnell.,Das,Das Auto ist schnell.,The car is fast.,La voiture est rapide.,Nominative,Nominatif,Neuter,Neutre,
11,_____ Freunde sind nett.,Die,Die Freunde sind nett.,The friends are nice.,Les amis sont sympas.,Nominative,Nominatif,Plural,Pluriel,
11,_____ Kirchen sind alt.,Die,Die Kirchen sind alt.,The churches are old.,Les églises sont vieilles.,Nominative,Nominatif,Plural,Pluriel,
11,_____ Gruppen sind klein.,Die,Die Gruppen sind klein.,The groups are small.,Les groupes sont petits.,Nominative,Nominatif,Plural,Pluriel,
11,_____ Tische sind aus Holz.,Die,Die Tische sind aus Holz.,The tables are of wood.,Les tables sont en bois.,Nominative,Nominatif,Plural,Pluriel,
12,,ein,ein,a,"un, une",Nominative,Nominatif,Masculine,Masculin,
12,,ein,ein,a,"un, une",Nominative,Nominatif,Neuter,Neutre,
12,,eine,ein,a,"un, une",Nominative,Nominatif,Feminine,Féminin,
12,,einen,ein,a,"un, une",Accusative,Accusatif,Masculine,Masculin,
12,,ein,ein,a,"un, une",Accusative,Accusatif,Neuter,Neutre,
12,,eine,ein,a,"un, une",Accusative,Accusatif,Feminine,Féminin,
12,,einem,ein,a,"un, une",Dative,Datif,Masculine,Masculin,
12,,einem,ein,a,"un, une",Dative,Datif,Neuter,Neutre,
12,,einer,ein,a,"un, une",Dative,Datif,Feminine,Féminin,
13,_____ Woche hat sieben Tage.,Eine,Eine Woche hat sieben Tage.,A week has seven days.,Une semaine compte sept jours.,Nominative,Nominatif,Feminine,Féminin,
13,_____ Schule steht in meiner Straße.,Eine,Eine Schule steht in meiner Straße.,A school is on my street.,Il y a une école dans ma rue.,Nominative,Nominatif,Feminine,Féminin,
13,_____ Mutter kocht das Abendessen.,Eine,Eine Mutter kocht das Abendessen.,A mother is cooking dinner.,Une mère prépare le dîner.,Nominative,Nominatif,Feminine,Féminin,
13,_____ Katze sitzt auf dem Stuhl.,Eine,Eine Katze sitzt auf dem Stuhl.,A cat sits on the chair.,Un chat est assis sur la chaise.,Nominative,Nominatif,Feminine,Féminin,
13,_____ Sprache zu lernen ist interessant.,Eine,Eine Sprache zu lernen ist interessant.,Learning a language is interesting.,Apprendre une langue est intéressant.,Nominative,Nominatif,Feminine,Féminin,
13,_____ Wohnung in Berlin ist teuer.,Eine,Eine Wohnung in Berlin ist teuer.,An apartment in Berlin is expensive.,Un appartement à Berlin coûte cher.,Nominative,Nominatif,Feminine,Féminin,
13,_____ Person wartet auf den Bus.,Eine,Eine Person wartet auf den Bus.,A person is waiting for the bus.,Une personne attend le bus.,Nominative,Nominatif,Feminine,Féminin,
13,_____ Nacht im Hotel kostet 80 Euro.,Eine,Eine Nacht im Hotel kostet 80 Euro.,A night in a hotel costs 80 euros.,Une nuit d'hôtel coûte 80 euros.,Nominative,Nominatif,Feminine,Féminin,
13,_____ Tochter spielt im Garten.,Eine,Eine Tochter spielt im Garten.,A daughter is playing in the garden.,Une fille joue dans le jardin.,Nominative,Nominatif,Feminine,Féminin,
13,_____ Frage ist schwierig.,Eine,Eine Frage ist schwierig.,A question is difficult.,Une question est difficile.,Nominative,Nominatif,Feminine,Féminin,
13,_____ Vater liest die Zeitung.,Ein,Ein Vater liest die Zeitung.,A father is reading the newspaper.,Un père lit le journal.,Nominative,Nominatif,Masculine,Masculin,
13,_____ Name ist wichtig.,Ein,Ein Name ist wichtig.,A name is important.,Un nom est important.,Nominative,Nominatif,Masculine,Masculin,
13,_____ Kopf tut weh.,Ein,Ein Kopf tut weh.,A head hurts.,J'ai mal à la tête.,Nominative,Nominatif,Masculine,Masculin,
13,_____ Lehrer erklärt die Übung.,Ein,Ein Lehrer erklärt die Übung.,A teacher is explaining an exercise.,Un professeur explique un exercice.,Nominative,Nominatif,Masculine,Masculin,
13,_____ Monat hat dreißig Tage.,Ein,Ein Monat hat dreißig Tage.,A month has thirty days.,Un mois a trente jours.,Nominative,Nominatif,Masculine,Masculin,
13,_____ Morgen beginnt mit Kaffee.,Ein,Ein Morgen beginnt mit Kaffee.,A morning begins with coffee.,Une matinée commence par un café.,Nominative,Nominatif,Masculine,Masculin,
13,_____ Abend ist ruhig.,Ein,Ein Abend ist ruhig.,An evening is quiet.,Une soirée est calme.,Nominative,Nominatif,Masculine,Masculin,
13,_____ Staat hat viele Regeln.,Ein,Ein Staat hat viele Regeln.,A country has many rules.,Un pays a de nombreuses règles.,Nominative,Nominatif,Masculine,Masculin,
13,_____ Schüler schreibt einen Test.,Ein,Ein Schüler schreibt einen Test.,A student is writing a test.,Un étudiant écrit un test.,Nominative,Nominatif,Masculine,Masculin,
13,_____ Sohn hilft seiner Mutter.,Ein,Ein Sohn hilft seiner Mutter.,A son is helping his mother.,Un fils aide sa mère.,Nominative,Nominatif,Masculine,Masculin,
13,_____ Leben ist kostbar.,Ein,Ein Leben ist kostbar.,A life is precious.,Une vie est précieuse.,Nominative,Nominatif,Neuter,Neutre,
13,_____ Haus steht in der Straße.,Ein,Ein Haus steht in der Straße.,There is a house on the street.,Il y a une maison dans la rue.,Nominative,Nominatif,Neuter,Neutre,
13,_____ Paar tanzt im Park.,Ein,Ein Paar tanzt im Park.,A couple is dancing in the park.,Un couple danse dans le parc.,Nominative,Nominatif,Neuter,Neutre,
13,_____ Unternehmen wächst schnell.,Ein,Ein Unternehmen wächst schnell.,A company is growing fast.,Une entreprise connaît une croissance rapide.,Nominative,Nominatif,Neuter,Neutre,
13,_____ Bild hängt an der Wand.,Ein,Ein Bild hängt an der Wand.,A picture hangs on the wall.,Un tableau est accroché au mur.,Nominative,Nominatif,Neuter,Neutre,
13,_____ Buch liegt auf dem Tisch.,Ein,Ein Buch liegt auf dem Tisch.,A book is on the table.,Un livre est sur la table.,Nominative,Nominatif,Neuter,Neutre,
13,_____ Stück fehlt.,Ein,Ein Stück fehlt.,A piece is missing.,Il manque une pièce.,Nominative,Nominatif,Neuter,Neutre,
13,_____ Auto steht vor dem Haus.,Ein,Ein Auto steht vor dem Haus.,A car is parked in front of the house.,Une voiture est garée devant la maison.,Nominative,Nominatif,Neuter,Neutre,
13,_____ Auge ist rot.,Ein,Ein Auge ist rot.,An eye is red.,Un œil est rouge.,Nominative,Nominatif,Neuter,Neutre,
13,_____ Ziel ist wichtig.,Ein,Ein Ziel ist wichtig.,A goal is important.,Un objectif est important.,Nominative,Nominatif,Neuter,Neutre,
14,Ich brauche _____ Woche Urlaub.,eine,Ich brauche eine Woche Urlaub.,I need a week's vacation.,J'ai besoin d'une semaine de vacances.,Accusative,Accusatif,Feminine,Féminin,
14,Er besucht _____ Schule in Berlin.,eine,Er besucht eine Schule in Berlin.,He attends a school in Berlin.,Il fréquente une école à Berlin.,Accusative,Accusatif,Feminine,Féminin,
14,Wir sehen _____ Mutter im Park.,eine,Wir sehen eine Mutter im Park.,We see a mother in the park.,Nous voyons une mère dans le parc.,Accusative,Accusatif,Feminine,Féminin,
14,Er streichelt _____ Katze.,eine,Er streichelt eine Katze.,He strokes a cat.,Il caresse un chat.,Accusative,Accusatif,Feminine,Féminin,
14,Ich lerne _____ Sprache.,eine,Ich lerne eine Sprache.,I'm learning a language.,J'apprends une langue.,Accusative,Accusatif,Feminine,Féminin,
14,Wir suchen _____ Wohnung.,eine,Wir suchen eine Wohnung.,We're looking for an apartment.,Nous recherchons un appartement.,Accusative,Accusatif,Feminine,Féminin,
14,Ich sehe _____ Person.,eine,Ich sehe eine Person.,I see a person.,Je vois une personne.,Accusative,Accusatif,Feminine,Féminin,
14,Ich habe _____ Nacht nicht geschlafen.,eine,Ich habe eine Nacht nicht geschlafen.,I didn't sleep one night.,Je n'ai pas dormi une nuit.,Accusative,Accusatif,Feminine,Féminin,
14,Sie hat _____ Tochter.,eine,Sie hat eine Tochter.,She has a daughter.,Elle a une fille.,Accusative,Accusatif,Feminine,Féminin,
14,Kannst du _____ Frage stellen?,eine,Kannst du eine Frage stellen?,Can you ask a question?,Peux-tu poser une question ?,Accusative,Accusatif,Feminine,Féminin,
14,Ich habe _____ Vater.,einen,Ich habe einen Vater.,I have a father.,J'ai un père.,Accusative,Accusatif,Masculine,Masculin,
14,Sie kennt _____ Namen.,einen,Sie kennt einen Namen.,She knows a name.,Elle connaît un nom.,Accusative,Accusatif,Masculine,Masculin,
14,Er reinigt _____ Kopf.,einen,Er reinigt einen Kopf.,He cleans a head.,Il nettoie une tête.,Accusative,Accusatif,Masculine,Masculin,
14,Wir treffen _____ Lehrer.,einen,Wir treffen einen Lehrer.,We meet a teacher.,Nous rencontrons un professeur.,Accusative,Accusatif,Masculine,Masculin,
14,Ich brauche _____ Monat Zeit.,einen,Ich brauche einen Monat Zeit.,I need a month's time.,J'ai besoin d'un mois.,Accusative,Accusatif,Masculine,Masculin,
14,Ich mag _____ sonnigen Morgen.,einen,Ich mag einen sonnigen Morgen.,I like a sunny morning.,J'aime une matinée ensoleillée.,Accusative,Accusatif,Masculine,Masculin,
14,Wir planen _____ Abend zu Hause.,einen,Wir planen einen Abend zu Hause.,We plan an evening at home.,Nous prévoyons une soirée à la maison.,Accusative,Accusatif,Masculine,Masculin,
14,Sie regieren _____ Staat.,einen,Sie regieren einen Staat.,They govern a country.,Ils gouvernent un pays.,Accusative,Accusatif,Masculine,Masculin,
14,Ich sehe _____ Schüler im Klassenzimmer.,einen,Ich sehe einen Schüler im Klassenzimmer.,I see a student in the classroom.,Je vois un élève dans la classe.,Accusative,Accusatif,Masculine,Masculin,
14,Er hat _____ Sohn.,einen,Er hat einen Sohn.,He has a son.,Il a un fils.,Accusative,Accusatif,Masculine,Masculin,
14,Ich möchte _____ Leben ohne Stress.,ein,Ich möchte ein Leben ohne Stress.,I want a life without stress.,Je veux une vie sans stress.,Accusative,Accusatif,Neuter,Neutre,
14,Wir kaufen _____ Haus.,ein,Wir kaufen ein Haus.,We are buying a house.,Nous achetons une maison.,Accusative,Accusatif,Neuter,Neutre,
14,Sie sieht _____ Paar im Café.,ein,Sie sieht ein Paar im Café.,She sees a couple in a café.,Elle voit un couple dans un café.,Accusative,Accusatif,Neuter,Neutre,
14,Wir gründen _____ Unternehmen.,ein,Wir gründen ein Unternehmen.,We start a business.,Nous démarrons une entreprise.,Accusative,Accusatif,Neuter,Neutre,
14,Ich male _____ Bild.,ein,Ich male ein Bild.,I paint a picture.,Je peins un tableau.,Accusative,Accusatif,Neuter,Neutre,
14,Er liest _____ Buch.,ein,Er liest ein Buch.,He reads a book.,Il lit un livre.,Accusative,Accusatif,Neuter,Neutre,
14,Er betrachtet _____ Möbelstück.,ein,Er betrachtet ein Möbelstück.,He looks at a piece of furniture.,Il regarde un meuble.,Accusative,Accusatif,Neuter,Neutre,
14,Sie kauft _____ Auto.,ein,Sie kauft ein Auto.,She buys a car.,Elle achète une voiture.,Accusative,Accusatif,Neuter,Neutre,
14,Der Arzt untersucht _____ Auge.,ein,Der Arzt untersucht ein Auge.,The doctor examines an eye.,Le médecin examine un œil.,Accusative,Accusatif,Neuter,Neutre,
14,Wir haben _____ Ziel.,ein,Wir haben ein Ziel.,We have a goal.,Nous avons un objectif.,Accusative,Accusatif,Neuter,Neutre,
15,In _____ Woche bin ich mit diesem Projekt fertig.,einer,In einer Woche bin ich mit diesem Projekt fertig.,In one week I'm done with this project.,"Dans une semaine, j'aurai terminé ce projet.",Dative,Datif,Feminine,Féminin,
15,Möchten Sie an _____ Schule oder einer Universität unterrichten?,einer,Möchten Sie an einer Schule oder einer Universität unterrichten?,Do you want to teach in a school or in a university?,Vous souhaitez enseigner dans une école ou dans une université ?,Dative,Datif,Feminine,Féminin,
15,Wir danken _____ Mutter für das Essen.,einer,Wir danken einer Mutter für das Essen.,We thank a mother for the meal.,Nous remercions une mère pour le repas.,Dative,Datif,Feminine,Féminin,
15,Er gibt _____ Katze Futter.,einer,Er gibt einer Katze Futter.,He feeds a cat.,Il nourrit un chat.,Dative,Datif,Feminine,Féminin,
15,Mit _____ Sprache kannst du viel reisen.,einer,Mit einer Sprache kannst du viel reisen.,"With one language, you can travel a lot.","Avec une seule langue, on peut beaucoup voyager.",Dative,Datif,Feminine,Féminin,
15,Wir wohnen in _____ Wohnung.,einer,Wir wohnen in einer Wohnung.,We live in an apartment.,Nous vivons dans un appartement.,Dative,Datif,Feminine,Féminin,
15,Ich spreche mit _____ Person.,einer,Ich spreche mit einer Person.,I talk to a person.,Je parle à une personne.,Dative,Datif,Feminine,Féminin,
15,Nach _____ Nacht war alles besser.,einer,Nach einer Nacht war alles besser.,"After one night, everything was better.","Après une nuit, tout allait mieux.",Dative,Datif,Feminine,Féminin,
15,Er schreibt _____ Tochter einen Brief.,einer,Er schreibt einer Tochter einen Brief.,He writes a letter to a daughter.,Il écrit une lettre à sa fille.,Dative,Datif,Feminine,Féminin,
15,Ich kann Ihnen bei _____ weiteren Frage weiterhelfen.,einer,Ich kann Ihnen bei einer weiteren Frage weiterhelfen.,I can help with one more question.,Je peux vous aider avec une autre question.,Dative,Datif,Feminine,Féminin,
15,Ich helfe _____ Vater.,einem,Ich helfe einem Vater.,I help a father.,J'aide un père.,Dative,Datif,Masculine,Masculin,
15,Sie gibt _____ Namen Bedeutung.,einem,Sie gibt einem Namen Bedeutung.,She gives meaning to a name.,Elle donne un sens à un nom.,Dative,Datif,Masculine,Masculin,
15,In _____ Kopf sind viele Ideen.,einem,In einem Kopf sind viele Ideen.,There are many ideas in one head.,Il y a beaucoup d'idées dans une tête.,Dative,Datif,Masculine,Masculin,
15,Wir danken _____ Lehrer.,einem,Wir danken einem Lehrer.,We thank a teacher.,Nous remercions un enseignant.,Dative,Datif,Masculine,Masculin,
15,Nach _____ Monat fühle ich mich besser.,einem,Nach einem Monat fühle ich mich besser.,"After a month, I feel better.","Après un mois, je me sens mieux.",Dative,Datif,Masculine,Masculin,
15,An _____ Morgen wurden bis zu einhundert Kinder angemeldet.,einem,An einem Morgen wurden bis zu einhundert Kinder angemeldet.,Up to one hundred children were registered in one morning.,Jusqu'à cent enfants ont été enregistrés en une matinée.,Dative,Datif,Masculine,Masculin,
15,An _____ Abend spielten wir Gitarre.,einem,An einem Abend spielten wir Gitarre.,One evening we played guitar.,"Un soir, nous avons joué de la guitare.",Dative,Datif,Masculine,Masculin,
15,Sie vertrauen _____ Staat.,einem,Sie vertrauen einem Staat.,They trust a state.,Ils font confiance à un État.,Dative,Datif,Masculine,Masculin,
15,Ich erkläre es _____ Schüler.,einem,Ich erkläre es einem Schüler.,I explain it to a schoolboy.,Je l'explique à un écolier.,Dative,Datif,Masculine,Masculin,
15,Können Sie eine Familie mit _____ Sohn und einer Tochter zeichnen?,einem,Können Sie eine Familie mit einem Sohn und einer Tochter zeichnen?,Can you draw a family with a son and a daughter.,Peux-tu dessiner une famille avec un fils et une fille.,Dative,Datif,Masculine,Masculin,
15,Er hatte drei Karrieren in nur _____ Leben.,einem,Er hatte drei Karrieren in nur einem Leben.,He had three careers in just one life.,Il a eu trois carrières en une seule vie.,Dative,Datif,Neuter,Neutre,
15,Heute leben wir in _____ Haus.,einem,Heute leben wir in einem Haus.,Today we live in a house.,"Aujourd'hui, nous vivons dans une maison.",Dative,Datif,Neuter,Neutre,
15,Er half _____ Paar bei ihrer Hochzeit.,einem,Er half einem Paar bei ihrer Hochzeit.,He helped a couple with their wedding.,Il a aidé un couple à organiser leur mariage.,Dative,Datif,Neuter,Neutre,
15,Wir vertrauen _____ Unternehmen.,einem,Wir vertrauen einem Unternehmen.,We trust a company.,Nous faisons confiance à une entreprise.,Dative,Datif,Neuter,Neutre,
15,"Ich glaube, ich habe Sie auf _____ Bild gesehen.",einem,"Ich glaube, ich habe Sie auf einem Bild gesehen.",I think I saw you in a picture.,Je crois que je t'ai vu sur une photo.,Dative,Datif,Neuter,Neutre,
15,Er erzählt von _____ Buch.,einem,Er erzählt von einem Buch.,He talks about a book.,Il parle d'un livre.,Dative,Datif,Neuter,Neutre,
15,Können Sie mir Gemüse mit _____ Stück Fleisch besorgen?,einem,Können Sie mir Gemüse mit einem Stück Fleisch besorgen?,Can you get me vegetables with a piece of meat?,Peux-tu m'apporter des légumes avec un morceau de viande ?,Dative,Datif,Neuter,Neutre,
15,Ich fahre mit _____ Auto.,einem,Ich fahre mit einem Auto.,I'm driving a car.,Je conduis une voiture.,Dative,Datif,Neuter,Neutre,
15,Er ist auf _____ Auge blind.,einem,Er ist auf einem Auge blind.,He is blind in one eye.,Il est aveugle d'un œil.,Dative,Datif,Neuter,Neutre,
15,Wir nähern uns _____ Ziel.,einem,Wir nähern uns einem Ziel.,We're approaching a destination.,Nous approchons d'une destination.,Dative,Datif,Neuter,Neutre,
16,_____ Woche hat sieben Tage.,Eine,Eine Woche hat sieben Tage.,A week has seven days.,Une semaine compte sept jours.,Nominative,Nominatif,Feminine,Féminin,
16,_____ Schule steht in meiner Straße.,Eine,Eine Schule steht in meiner Straße.,A school is on my street.,Il y a une école dans ma rue.,Nominative,Nominatif,Feminine,Féminin,
16,_____ Mutter kocht das Abendessen.,Eine,Eine Mutter kocht das Abendessen.,A mother is cooking dinner.,Une mère prépare le dîner.,Nominative,Nominatif,Feminine,Féminin,
16,_____ Katze sitzt auf dem Stuhl.,Eine,Eine Katze sitzt auf dem Stuhl.,A cat sits on the chair.,Un chat est assis sur la chaise.,Nominative,Nominatif,Feminine,Féminin,
16,_____ Sprache zu lernen ist interessant.,Eine,Eine Sprache zu lernen ist interessant.,Learning a language is interesting.,Apprendre une langue est intéressant.,Nominative,Nominatif,Feminine,Féminin,
16,_____ Wohnung in Berlin ist teuer.,Eine,Eine Wohnung in Berlin ist teuer.,An apartment in Berlin is expensive.,Un appartement à Berlin coûte cher.,Nominative,Nominatif,Feminine,Féminin,
16,_____ Person wartet auf den Bus.,Eine,Eine Person wartet auf den Bus.,A person is waiting for the bus.,Une personne attend le bus.,Nominative,Nominatif,Feminine,Féminin,
16,_____ Nacht im Hotel kostet 80 Euro.,Eine,Eine Nacht im Hotel kostet 80 Euro.,A night in a hotel costs 80 euros.,Une nuit d'hôtel coûte 80 euros.,Nominative,Nominatif,Feminine,Féminin,
16,_____ Tochter spielt im Garten.,Eine,Eine Tochter spielt im Garten.,A daughter is playing in the garden.,Une fille joue dans le jardin.,Nominative,Nominatif,Feminine,Féminin,
16,_____ Frage ist schwierig.,Eine,Eine Frage ist schwierig.,A question is difficult.,Une question est difficile.,Nominative,Nominatif,Feminine,Féminin,
16,Ich brauche _____ Woche Urlaub.,eine,Ich brauche eine Woche Urlaub.,I need a week's vacation.,J'ai besoin d'une semaine de vacances.,Accusative,Accusatif,Feminine,Féminin,
16,Er besucht _____ Schule in Berlin.,eine,Er besucht eine Schule in Berlin.,He attends a school in Berlin.,Il fréquente une école à Berlin.,Accusative,Accusatif,Feminine,Féminin,
16,Wir sehen _____ Mutter im Park.,eine,Wir sehen eine Mutter im Park.,We see a mother in the park.,Nous voyons une mère dans le parc.,Accusative,Accusatif,Feminine,Féminin,
16,Er streichelt _____ Katze.,eine,Er streichelt eine Katze.,He strokes a cat.,Il caresse un chat.,Accusative,Accusatif,Feminine,Féminin,
16,Ich lerne _____ Sprache.,eine,Ich lerne eine Sprache.,I'm learning a language.,J'apprends une langue.,Accusative,Accusatif,Feminine,Féminin,
16,Wir suchen _____ Wohnung.,eine,Wir suchen eine Wohnung.,We're looking for an apartment.,Nous recherchons un appartement.,Accusative,Accusatif,Feminine,Féminin,
16,Ich sehe _____ Person.,eine,Ich sehe eine Person.,I see a person.,Je vois une personne.,Accusative,Accusatif,Feminine,Féminin,
16,Ich habe _____ Nacht nicht geschlafen.,eine,Ich habe eine Nacht nicht geschlafen.,I didn't sleep one night.,Je n'ai pas dormi une nuit.,Accusative,Accusatif,Feminine,Féminin,
16,Sie hat _____ Tochter.,eine,Sie hat eine Tochter.,She has a daughter.,Elle a une fille.,Accusative,Accusatif,Feminine,Féminin,
16,Kannst du _____ Frage stellen?,eine,Kannst du eine Frage stellen?,Can you ask a question?,Peux-tu poser une question ?,Accusative,Accusatif,Feminine,Féminin,
16,In _____ Woche bin ich mit diesem Projekt fertig.,einer,In einer Woche bin ich mit diesem Projekt fertig.,In one week I'm done with this project.,"Dans une semaine, j'aurai terminé ce projet.",Dative,Datif,Feminine,Féminin,
16,Möchten Sie an _____ Schule oder einer Universität unterrichten?,einer,Möchten Sie an einer Schule oder einer Universität unterrichten?,Do you want to teach in a school or in a university?,Vous souhaitez enseigner dans une école ou dans une université ?,Dative,Datif,Feminine,Féminin,
16,Wir danken _____ Mutter für das Essen.,einer,Wir danken einer Mutter für das Essen.,We thank a mother for the meal.,Nous remercions une mère pour le repas.,Dative,Datif,Feminine,Féminin,
16,Er gibt _____ Katze Futter.,einer,Er gibt einer Katze Futter.,He feeds a cat.,Il nourrit un chat.,Dative,Datif,Feminine,Féminin,
16,Mit _____ Sprache kannst du viel reisen.,einer,Mit einer Sprache kannst du viel reisen.,"With one language, you can travel a lot.","Avec une seule langue, on peut beaucoup voyager.",Dative,Datif,Feminine,Féminin,
16,Wir wohnen in _____ Wohnung.,einer,Wir wohnen in einer Wohnung.,We live in an apartment.,Nous vivons dans un appartement.,Dative,Datif,Feminine,Féminin,
16,Ich spreche mit _____ Person.,einer,Ich spreche mit einer Person.,I talk to a person.,Je parle à une personne.,Dative,Datif,Feminine,Féminin,
16,Nach _____ Nacht war alles besser.,einer,Nach einer Nacht war alles besser.,"After one night, everything was better.","Après une nuit, tout allait mieux.",Dative,Datif,Feminine,Féminin,
16,Er schreibt _____ Tochter einen Brief.,einer,Er schreibt einer Tochter einen Brief.,He writes a letter to a daughter.,Il écrit une lettre à sa fille.,Dative,Datif,Feminine,Féminin,
16,Ich kann Ihnen bei _____ weiteren Frage weiterhelfen.,einer,Ich kann Ihnen bei einer weiteren Frage weiterhelfen.,I can help with one more question.,Je peux vous aider avec une autre question.,Dative,Datif,Feminine,Féminin,
17,_____ Vater liest die Zeitung.,Ein,Ein Vater liest die Zeitung.,A father is reading the newspaper.,Un père lit le journal.,Nominative,Nominatif,Masculine,Masculin,
17,_____ Name ist wichtig.,Ein,Ein Name ist wichtig.,A name is important.,Un nom est important.,Nominative,Nominatif,Masculine,Masculin,
17,_____ Kopf tut weh.,Ein,Ein Kopf tut weh.,A head hurts.,J'ai mal à la tête.,Nominative,Nominatif,Masculine,Masculin,
17,_____ Lehrer erklärt die Übung.,Ein,Ein Lehrer erklärt die Übung.,A teacher is explaining an exercise.,Un professeur explique un exercice.,Nominative,Nominatif,Masculine,Masculin,
17,_____ Monat hat dreißig Tage.,Ein,Ein Monat hat dreißig Tage.,A month has thirty days.,Un mois a trente jours.,Nominative,Nominatif,Masculine,Masculin,
17,_____ Morgen beginnt mit Kaffee.,Ein,Ein Morgen beginnt mit Kaffee.,A morning begins with coffee.,Une matinée commence par un café.,Nominative,Nominatif,Masculine,Masculin,
17,_____ Abend ist ruhig.,Ein,Ein Abend ist ruhig.,An evening is quiet.,Une soirée est calme.,Nominative,Nominatif,Masculine,Masculin,
17,_____ Staat hat viele Regeln.,Ein,Ein Staat hat viele Regeln.,A country has many rules.,Un pays a de nombreuses règles.,Nominative,Nominatif,Masculine,Masculin,
17,_____ Schüler schreibt einen Test.,Ein,Ein Schüler schreibt einen Test.,A student is writing a test.,Un étudiant écrit un test.,Nominative,Nominatif,Masculine,Masculin,
17,_____ Sohn hilft seiner Mutter.,Ein,Ein Sohn hilft seiner Mutter.,A son is helping his mother.,Un fils aide sa mère.,Nominative,Nominatif,Masculine,Masculin,
17,Ich habe _____ Vater.,einen,Ich habe einen Vater.,I have a father.,J'ai un père.,Accusative,Accusatif,Masculine,Masculin,
17,Sie kennt _____ Namen.,einen,Sie kennt einen Namen.,She knows a name.,Elle connaît un nom.,Accusative,Accusatif,Masculine,Masculin,
17,Er reinigt _____ Kopf.,einen,Er reinigt einen Kopf.,He cleans a head.,Il nettoie une tête.,Accusative,Accusatif,Masculine,Masculin,
17,Wir treffen _____ Lehrer.,einen,Wir treffen einen Lehrer.,We meet a teacher.,Nous rencontrons un professeur.,Accusative,Accusatif,Masculine,Masculin,
17,Ich brauche _____ Monat Zeit.,einen,Ich brauche einen Monat Zeit.,I need a month's time.,J'ai besoin d'un mois.,Accusative,Accusatif,Masculine,Masculin,
17,Ich mag _____ sonnigen Morgen.,einen,Ich mag einen sonnigen Morgen.,I like a sunny morning.,J'aime une matinée ensoleillée.,Accusative,Accusatif,Masculine,Masculin,
17,Wir planen _____ Abend zu Hause.,einen,Wir planen einen Abend zu Hause.,We plan an evening at home.,Nous prévoyons une soirée à la maison.,Accusative,Accusatif,Masculine,Masculin,
17,Sie regieren _____ Staat.,einen,Sie regieren einen Staat.,They govern a country.,Ils gouvernent un pays.,Accusative,Accusatif,Masculine,Masculin,
17,Ich sehe _____ Schüler im Klassenzimmer.,einen,Ich sehe einen Schüler im Klassenzimmer.,I see a student in the classroom.,Je vois un élève dans la classe.,Accusative,Accusatif,Masculine,Masculin,
17,Er hat _____ Sohn.,einen,Er hat einen Sohn.,He has a son.,Il a un fils.,Accusative,Accusatif,Masculine,Masculin,
17,Ich helfe _____ Vater.,einem,Ich helfe einem Vater.,I help a father.,J'aide un père.,Dative,Datif,Masculine,Masculin,
17,Sie gibt _____ Namen Bedeutung.,einem,Sie gibt einem Namen Bedeutung.,She gives meaning to a name.,Elle donne un sens à un nom.,Dative,Datif,Masculine,Masculin,
17,In _____ Kopf sind viele Ideen.,einem,In einem Kopf sind viele Ideen.,There are many ideas in one head.,Il y a beaucoup d'idées dans une tête.,Dative,Datif,Masculine,Masculin,
17,Wir danken _____ Lehrer.,einem,Wir danken einem Lehrer.,We thank a teacher.,Nous remercions un enseignant.,Dative,Datif,Masculine,Masculin,
17,Nach _____ Monat fühle ich mich besser.,einem,Nach einem Monat fühle ich mich besser.,"After a month, I feel better.","Après un mois, je me sens mieux.",Dative,Datif,Masculine,Masculin,
17,An _____ Morgen wurden bis zu einhundert Kinder angemeldet.,einem,An einem Morgen wurden bis zu einhundert Kinder angemeldet.,Up to one hundred children were registered in one morning.,Jusqu'à cent enfants ont été enregistrés en une matinée.,Dative,Datif,Masculine,Masculin,
17,An _____ Abend spielten wir Gitarre.,einem,An einem Abend spielten wir Gitarre.,One evening we played guitar.,"Un soir, nous avons joué de la guitare.",Dative,Datif,Masculine,Masculin,
17,Sie vertrauen _____ Staat.,einem,Sie vertrauen einem Staat.,They trust a state.,Ils font confiance à un État.,Dative,Datif,Masculine,Masculin,
17,Ich erkläre es _____ Schüler.,einem,Ich erkläre es einem Schüler.,I explain it to a schoolboy.,Je l'explique à un écolier.,Dative,Datif,Masculine,Masculin,
17,Können Sie eine Familie mit _____ Sohn und einer Tochter zeichnen?,einem,Können Sie eine Familie mit einem Sohn und einer Tochter zeichnen?,Can you draw a family with a son and a daughter.,Peux-tu dessiner une famille avec un fils et une fille.,Dative,Datif,Masculine,Masculin,
18,_____ Leben ist kostbar.,Ein,Ein Leben ist kostbar.,A life is precious.,Une vie est précieuse.,Nominative,Nominatif,Neuter,Neutre,
18,_____ Haus steht in der Straße.,Ein,Ein Haus steht in der Straße.,There is a house on the street.,Il y a une maison dans la rue.,Nominative,Nominatif,Neuter,Neutre,
18,_____ Paar tanzt im Park.,Ein,Ein Paar tanzt im Park.,A couple is dancing in the park.,Un couple danse dans le parc.,Nominative,Nominatif,Neuter,Neutre,
18,_____ Unternehmen wächst schnell.,Ein,Ein Unternehmen wächst schnell.,A company is growing fast.,Une entreprise connaît une croissance rapide.,Nominative,Nominatif,Neuter,Neutre,
18,_____ Bild hängt an der Wand.,Ein,Ein Bild hängt an der Wand.,A picture hangs on the wall.,Un tableau est accroché au mur.,Nominative,Nominatif,Neuter,Neutre,
18,_____ Buch liegt auf dem Tisch.,Ein,Ein Buch liegt auf dem Tisch.,A book is on the table.,Un livre est sur la table.,Nominative,Nominatif,Neuter,Neutre,
18,_____ Stück fehlt.,Ein,Ein Stück fehlt.,A piece is missing.,Il manque une pièce.,Nominative,Nominatif,Neuter,Neutre,
18,_____ Auto steht vor dem Haus.,Ein,Ein Auto steht vor dem Haus.,A car is parked in front of the house.,Une voiture est garée devant la maison.,Nominative,Nominatif,Neuter,Neutre,
18,_____ Auge ist rot.,Ein,Ein Auge ist rot.,An eye is red.,Un œil est rouge.,Nominative,Nominatif,Neuter,Neutre,
18,_____ Ziel ist wichtig.,Ein,Ein Ziel ist wichtig.,A goal is important.,Un objectif est important.,Nominative,Nominatif,Neuter,Neutre,
18,Ich möchte _____ Leben ohne Stress.,ein,Ich möchte ein Leben ohne Stress.,I want a life without stress.,Je veux une vie sans stress.,Accusative,Accusatif,Neuter,Neutre,
18,Wir kaufen _____ Haus.,ein,Wir kaufen ein Haus.,We are buying a house.,Nous achetons une maison.,Accusative,Accusatif,Neuter,Neutre,
18,Sie sieht _____ Paar im Café.,ein,Sie sieht ein Paar im Café.,She sees a couple in a café.,Elle voit un couple dans un café.,Accusative,Accusatif,Neuter,Neutre,
18,Wir gründen _____ Unternehmen.,ein,Wir gründen ein Unternehmen.,We start a business.,Nous démarrons une entreprise.,Accusative,Accusatif,Neuter,Neutre,
18,Ich male _____ Bild.,ein,Ich male ein Bild.,I paint a picture.,Je peins un tableau.,Accusative,Accusatif,Neuter,Neutre,
18,Er liest _____ Buch.,ein,Er liest ein Buch.,He reads a book.,Il lit un livre.,Accusative,Accusatif,Neuter,Neutre,
18,Er betrachtet _____ Möbelstück.,ein,Er betrachtet ein Möbelstück.,He looks at a piece of furniture.,Il regarde un meuble.,Accusative,Accusatif,Neuter,Neutre,
18,Sie kauft _____ Auto.,ein,Sie kauft ein Auto.,She buys a car.,Elle achète une voiture.,Accusative,Accusatif,Neuter,Neutre,
18,Der Arzt untersucht _____ Auge.,ein,Der Arzt untersucht ein Auge.,The doctor examines an eye.,Le médecin examine un œil.,Accusative,Accusatif,Neuter,Neutre,
18,Wir haben _____ Ziel.,ein,Wir haben ein Ziel.,We have a goal.,Nous avons un objectif.,Accusative,Accusatif,Neuter,Neutre,
18,Er hatte drei Karrieren in nur _____ Leben.,einem,Er hatte drei Karrieren in nur einem Leben.,He had three careers in just one life.,Il a eu trois carrières en une seule vie.,Dative,Datif,Neuter,Neutre,
18,Heute leben wir in _____ Haus.,einem,Heute leben wir in einem Haus.,Today we live in a house.,"Aujourd'hui, nous vivons dans une maison.",Dative,Datif,Neuter,Neutre,
18,Er half _____ Paar bei ihrer Hochzeit.,einem,Er half einem Paar bei ihrer Hochzeit.,He helped a couple with their wedding.,Il a aidé un couple à organiser leur mariage.,Dative,Datif,Neuter,Neutre,
18,Wir vertrauen _____ Unternehmen.,einem,Wir vertrauen einem Unternehmen.,We trust a company.,Nous faisons confiance à une entreprise.,Dative,Datif,Neuter,Neutre,
18,"Ich glaube, ich habe Sie auf _____ Bild gesehen.",einem,"Ich glaube, ich habe Sie auf einem Bild gesehen.",I think I saw you in a picture.,Je crois que je t'ai vu sur une photo.,Dative,Datif,Neuter,Neutre,
18,Er erzählt von _____ Buch.,einem,Er erzählt von einem Buch.,He talks about a book.,Il parle d'un livre.,Dative,Datif,Neuter,Neutre,
18,Können Sie mir Gemüse mit _____ Stück Fleisch besorgen?,einem,Können Sie mir Gemüse mit einem Stück Fleisch besorgen?,Can you get me vegetables with a piece of meat?,Peux-tu m'apporter des légumes avec un morceau de viande ?,Dative,Datif,Neuter,Neutre,
18,Ich fahre mit _____ Auto.,einem,Ich fahre mit einem Auto.,I'm driving a car.,Je conduis une voiture.,Dative,Datif,Neuter,Neutre,
18,Er ist auf _____ Auge blind.,einem,Er ist auf einem Auge blind.,He is blind in one eye.,Il est aveugle d'un œil.,Dative,Datif,Neuter,Neutre,
18,Wir nähern uns _____ Ziel.,einem,Wir nähern uns einem Ziel.,We're approaching a destination.,Nous approchons d'une destination.,Dative,Datif,Neuter,Neutre,
19,_____ Woche hat sieben Tage.,Eine,Eine Woche hat sieben Tage.,A week has seven days.,Une semaine compte sept jours.,Nominative,Nominatif,Feminine,Féminin,
19,_____ Schule steht in meiner Straße.,Eine,Eine Schule steht in meiner Straße.,A school is on my street.,Il y a une école dans ma rue.,Nominative,Nominatif,Feminine,Féminin,
19,_____ Mutter kocht das Abendessen.,Eine,Eine Mutter kocht das Abendessen.,A mother is cooking dinner.,Une mère prépare le dîner.,Nominative,Nominatif,Feminine,Féminin,
19,_____ Katze sitzt auf dem Stuhl.,Eine,Eine Katze sitzt auf dem Stuhl.,A cat sits on the chair.,Un chat est assis sur la chaise.,Nominative,Nominatif,Feminine,Féminin,
19,_____ Sprache zu lernen ist interessant.,Eine,Eine Sprache zu lernen ist interessant.,Learning a language is interesting.,Apprendre une langue est intéressant.,Nominative,Nominatif,Feminine,Féminin,
19,_____ Vater liest die Zeitung.,Ein,Ein Vater liest die Zeitung.,A father is reading the newspaper.,Un père lit le journal.,Nominative,Nominatif,Masculine,Masculin,
19,_____ Name ist wichtig.,Ein,Ein Name ist wichtig.,A name is important.,Un nom est important.,Nominative,Nominatif,Masculine,Masculin,
19,_____ Kopf tut weh.,Ein,Ein Kopf tut weh.,A head hurts.,J'ai mal à la tête.,Nominative,Nominatif,Masculine,Masculin,
19,_____ Lehrer erklärt die Übung.,Ein,Ein Lehrer erklärt die Übung.,A teacher is explaining an exercise.,Un professeur explique un exercice.,Nominative,Nominatif,Masculine,Masculin,
19,_____ Monat hat dreißig Tage.,Ein,Ein Monat hat dreißig Tage.,A month has thirty days.,Un mois a trente jours.,Nominative,Nominatif,Masculine,Masculin,
19,_____ Leben ist kostbar.,Ein,Ein Leben ist kostbar.,A life is precious.,Une vie est précieuse.,Nominative,Nominatif,Neuter,Neutre,
19,_____ Haus steht in der Straße.,Ein,Ein Haus steht in der Straße.,There is a house on the street.,Il y a une maison dans la rue.,Nominative,Nominatif,Neuter,Neutre,
19,_____ Paar tanzt im Park.,Ein,Ein Paar tanzt im Park.,A couple is dancing in the park.,Un couple danse dans le parc.,Nominative,Nominatif,Neuter,Neutre,
19,_____ Unternehmen wächst schnell.,Ein,Ein Unternehmen wächst schnell.,A company is growing fast.,Une entreprise connaît une croissance rapide.,Nominative,Nominatif,Neuter,Neutre,
19,_____ Bild hängt an der Wand.,Ein,Ein Bild hängt an der Wand.,A picture hangs on the wall.,Un tableau est accroché au mur.,Nominative,Nominatif,Neuter,Neutre,
19,Ich brauche _____ Woche Urlaub.,eine,Ich brauche eine Woche Urlaub.,I need a week's vacation.,J'ai besoin d'une semaine de vacances.,Accusative,Accusatif,Feminine,Féminin,
19,Er besucht _____ Schule in Berlin.,eine,Er besucht eine Schule in Berlin.,He attends a school in Berlin.,Il fréquente une école à Berlin.,Accusative,Accusatif,Feminine,Féminin,
19,Wir sehen _____ Mutter im Park.,eine,Wir sehen eine Mutter im Park.,We see a mother in the park.,Nous voyons une mère dans le parc.,Accusative,Accusatif,Feminine,Féminin,
19,Er streichelt _____ Katze.,eine,Er streichelt eine Katze.,He strokes a cat.,Il caresse un chat.,Accusative,Accusatif,Feminine,Féminin,
19,Ich lerne _____ Sprache.,eine,Ich lerne eine Sprache.,I'm learning a language.,J'apprends une langue.,Accusative,Accusatif,Feminine,Féminin,
19,Ich habe _____ Vater.,einen,Ich habe einen Vater.,I have a father.,J'ai un père.,Accusative,Accusatif,Masculine,Masculin,
19,Sie kennt _____ Namen.,einen,Sie kennt einen Namen.,She knows a name.,Elle connaît un nom.,Accusative,Accusatif,Masculine,Masculin,
19,Er reinigt _____ Kopf.,einen,Er reinigt einen Kopf.,He cleans a head.,Il nettoie une tête.,Accusative,Accusatif,Masculine,Masculin,
19,Wir treffen _____ Lehrer.,einen,Wir treffen einen Lehrer.,We meet a teacher.,Nous rencontrons un professeur.,Accusative,Accusatif,Masculine,Masculin,
19,Ich brauche _____ Monat Zeit.,einen,Ich brauche einen Monat Zeit.,I need a month's time.,J'ai besoin d'un mois.,Accusative,Accusatif,Masculine,Masculin,
19,Ich möchte _____ Leben ohne Stress.,ein,Ich möchte ein Leben ohne Stress.,I want a life without stress.,Je veux une vie sans stress.,Accusative,Accusatif,Neuter,Neutre,
19,Wir kaufen _____ Haus.,ein,Wir kaufen ein Haus.,We are buying a house.,Nous achetons une maison.,Accusative,Accusatif,Neuter,Neutre,
19,Sie sieht _____ Paar im Café.,ein,Sie sieht ein Paar im Café.,She sees a couple in a café.,Elle voit un couple dans un café.,Accusative,Accusatif,Neuter,Neutre,
19,Wir gründen _____ Unternehmen.,ein,Wir gründen ein Unternehmen.,We start a business.,Nous démarrons une entreprise.,Accusative,Accusatif,Neuter,Neutre,
19,Ich male _____ Bild.,ein,Ich male ein Bild.,I paint a picture.,Je peins un tableau.,Accusative,Accusatif,Neuter,Neutre,
19,In _____ Woche bin ich mit diesem Projekt fertig.,einer,In einer Woche bin ich mit diesem Projekt fertig.,In one week I'm done with this project.,"Dans une semaine, j'aurai terminé ce projet.",Dative,Datif,Feminine,Féminin,
19,Möchten Sie an _____ Schule oder einer Universität unterrichten?,einer,Möchten Sie an einer Schule oder einer Universität unterrichten?,Do you want to teach in a school or in a university?,Vous souhaitez enseigner dans une école ou dans une université ?,Dative,Datif,Feminine,Féminin,
19,Wir danken _____ Mutter für das Essen.,einer,Wir danken einer Mutter für das Essen.,We thank a mother for the meal.,Nous remercions une mère pour le repas.,Dative,Datif,Feminine,Féminin,
19,Er gibt _____ Katze Futter.,einer,Er gibt einer Katze Futter.,He feeds a cat.,Il nourrit un chat.,Dative,Datif,Feminine,Féminin,
19,Mit _____ Sprache kannst du viel reisen.,einer,Mit einer Sprache kannst du viel reisen.,"With one language, you can travel a lot.","Avec une seule langue, on peut beaucoup voyager.",Dative,Datif,Feminine,Féminin,
19,Ich helfe _____ Vater.,einem,Ich helfe einem Vater.,I help a father.,J'aide un père.,Dative,Datif,Masculine,Masculin,
19,Sie gibt _____ Namen Bedeutung.,einem,Sie gibt einem Namen Bedeutung.,She gives meaning to a name.,Elle donne un sens à un nom.,Dative,Datif,Masculine,Masculin,
19,In _____ Kopf sind viele Ideen.,einem,In einem Kopf sind viele Ideen.,There are many ideas in one head.,Il y a beaucoup d'idées dans une tête.,Dative,Datif,Masculine,Masculin,
19,Wir danken _____ Lehrer.,einem,Wir danken einem Lehrer.,We thank a teacher.,Nous remercions un enseignant.,Dative,Datif,Masculine,Masculin,
19,Nach _____ Monat fühle ich mich besser.,einem,Nach einem Monat fühle ich mich besser.,"After a month, I feel better.","Après un mois, je me sens mieux.",Dative,Datif,Masculine,Masculin,
19,Er hatte drei Karrieren in nur _____ Leben.,einem,Er hatte drei Karrieren in nur einem Leben.,He had three careers in just one life.,Il a eu trois carrières en une seule vie.,Dative,Datif,Neuter,Neutre,
19,Heute leben wir in _____ Haus.,einem,Heute leben wir in einem Haus.,Today we live in a house.,"Aujourd'hui, nous vivons dans une maison.",Dative,Datif,Neuter,Neutre,
19,Er half _____ Paar bei ihrer Hochzeit.,einem,Er half einem Paar bei ihrer Hochzeit.,He helped a couple with their wedding.,Il a aidé un couple à organiser leur mariage.,Dative,Datif,Neuter,Neutre,
19,Wir vertrauen _____ Unternehmen.,einem,Wir vertrauen einem Unternehmen.,We trust a company.,Nous faisons confiance à une entreprise.,Dative,Datif,Neuter,Neutre,
19,"Ich glaube, ich habe Sie auf _____ Bild gesehen.",einem,"Ich glaube, ich habe Sie auf einem Bild gesehen.",I think I saw you in a picture.,Je crois que je t'ai vu sur une photo.,Dative,Datif,Neuter,Neutre,
20,_____ Wohnung in Berlin ist teuer.,Eine,Eine Wohnung in Berlin ist teuer.,An apartment in Berlin is expensive.,Un appartement à Berlin coûte cher.,Nominative,Nominatif,Feminine,Féminin,
20,_____ Person wartet auf den Bus.,Eine,Eine Person wartet auf den Bus.,A person is waiting for the bus.,Une personne attend le bus.,Nominative,Nominatif,Feminine,Féminin,
20,_____ Nacht im Hotel kostet 80 Euro.,Eine,Eine Nacht im Hotel kostet 80 Euro.,A night in a hotel costs 80 euros.,Une nuit d'hôtel coûte 80 euros.,Nominative,Nominatif,Feminine,Féminin,
20,_____ Tochter spielt im Garten.,Eine,Eine Tochter spielt im Garten.,A daughter is playing in the garden.,Une fille joue dans le jardin.,Nominative,Nominatif,Feminine,Féminin,
20,_____ Frage ist schwierig.,Eine,Eine Frage ist schwierig.,A question is difficult.,Une question est difficile.,Nominative,Nominatif,Feminine,Féminin,
20,_____ Morgen beginnt mit Kaffee.,Ein,Ein Morgen beginnt mit Kaffee.,A morning begins with coffee.,Une matinée commence par un café.,Nominative,Nominatif,Masculine,Masculin,
20,_____ Abend ist ruhig.,Ein,Ein Abend ist ruhig.,An evening is quiet.,Une soirée est calme.,Nominative,Nominatif,Masculine,Masculin,
20,_____ Staat hat viele Regeln.,Ein,Ein Staat hat viele Regeln.,A country has many rules.,Un pays a de nombreuses règles.,Nominative,Nominatif,Masculine,Masculin,
20,_____ Schüler schreibt einen Test.,Ein,Ein Schüler schreibt einen Test.,A student is writing a test.,Un étudiant écrit un test.,Nominative,Nominatif,Masculine,Masculin,
20,_____ Sohn hilft seiner Mutter.,Ein,Ein Sohn hilft seiner Mutter.,A son is helping his mother.,Un fils aide sa mère.,Nominative,Nominatif,Masculine,Masculin,
20,_____ Buch liegt auf dem Tisch.,Ein,Ein Buch liegt auf dem Tisch.,A book is on the table.,Un livre est sur la table.,Nominative,Nominatif,Neuter,Neutre,
20,_____ Stück fehlt.,Ein,Ein Stück fehlt.,A piece is missing.,Il manque une pièce.,Nominative,Nominatif,Neuter,Neutre,
20,_____ Auto steht vor dem Haus.,Ein,Ein Auto steht vor dem Haus.,A car is parked in front of the house.,Une voiture est garée devant la maison.,Nominative,Nominatif,Neuter,Neutre,
20,_____ Auge ist rot.,Ein,Ein Auge ist rot.,An eye is red.,Un œil est rouge.,Nominative,Nominatif,Neuter,Neutre,
20,_____ Ziel ist wichtig.,Ein,Ein Ziel ist wichtig.,A goal is important.,Un objectif est important.,Nominative,Nominatif,Neuter,Neutre,
20,Wir suchen _____ Wohnung.,eine,Wir suchen eine Wohnung.,We're looking for an apartment.,Nous recherchons un appartement.,Accusative,Accusatif,Feminine,Féminin,
20,Ich sehe _____ Person.,eine,Ich sehe eine Person.,I see a person.,Je vois une personne.,Accusative,Accusatif,Feminine,Féminin,
20,Ich habe _____ Nacht nicht geschlafen.,eine,Ich habe eine Nacht nicht geschlafen.,I didn't sleep one night.,Je n'ai pas dormi une nuit.,Accusative,Accusatif,Feminine,Féminin,
20,Sie hat _____ Tochter.,eine,Sie hat eine Tochter.,She has a daughter.,Elle a une fille.,Accusative,Accusatif,Feminine,Féminin,
20,Kannst du _____ Frage stellen?,eine,Kannst du eine Frage stellen?,Can you ask a question?,Peux-tu poser une question ?,Accusative,Accusatif,Feminine,Féminin,
20,Ich mag _____ sonnigen Morgen.,einen,Ich mag einen sonnigen Morgen.,I like a sunny morning.,J'aime une matinée ensoleillée.,Accusative,Accusatif,Masculine,Masculin,
20,Wir planen _____ Abend zu Hause.,einen,Wir planen einen Abend zu Hause.,We plan an evening at home.,Nous prévoyons une soirée à la maison.,Accusative,Accusatif,Masculine,Masculin,
20,Sie regieren _____ Staat.,einen,Sie regieren einen Staat.,They govern a country.,Ils gouvernent un pays.,Accusative,Accusatif,Masculine,Masculin,
20,Ich sehe _____ Schüler im Klassenzimmer.,einen,Ich sehe einen Schüler im Klassenzimmer.,I see a student in the classroom.,Je vois un élève dans la classe.,Accusative,Accusatif,Masculine,Masculin,
20,Er hat _____ Sohn.,einen,Er hat einen Sohn.,He has a son.,Il a un fils.,Accusative,Accusatif,Masculine,Masculin,
20,Er liest _____ Buch.,ein,Er liest ein Buch.,He reads a book.,Il lit un livre.,Accusative,Accusatif,Neuter,Neutre,
20,Er betrachtet _____ Möbelstück.,ein,Er betrachtet ein Möbelstück.,He looks at a piece of furniture.,Il regarde un meuble.,Accusative,Accusatif,Neuter,Neutre,
20,Sie kauft _____ Auto.,ein,Sie kauft ein Auto.,She buys a car.,Elle achète une voiture.,Accusative,Accusatif,Neuter,Neutre,
20,Der Arzt untersucht _____ Auge.,ein,Der Arzt untersucht ein Auge.,The doctor examines an eye.,Le médecin examine un œil.,Accusative,Accusatif,Neuter,Neutre,
20,Wir haben _____ Ziel.,ein,Wir haben ein Ziel.,We have a goal.,Nous avons un objectif.,Accusative,Accusatif,Neuter,Neutre,
20,Wir wohnen in _____ Wohnung.,einer,Wir wohnen in einer Wohnung.,We live in an apartment.,Nous vivons dans un appartement.,Dative,Datif,Feminine,Féminin,
20,Ich spreche mit _____ Person.,einer,Ich spreche mit einer Person.,I talk to a person.,Je parle à une personne.,Dative,Datif,Feminine,Féminin,
20,Nach _____ Nacht war alles besser.,einer,Nach einer Nacht war alles besser.,"After one night, everything was better.","Après une nuit, tout allait mieux.",Dative,Datif,Feminine,Féminin,
20,Er schreibt _____ Tochter einen Brief.,einer,Er schreibt einer Tochter einen Brief.,He writes a letter to a daughter.,Il écrit une lettre à sa fille.,Dative,Datif,Feminine,Féminin,
20,Ich kann Ihnen bei _____ weiteren Frage weiterhelfen.,einer,Ich kann Ihnen bei einer weiteren Frage weiterhelfen.,I can help with one more question.,Je peux vous aider avec une autre question.,Dative,Datif,Feminine,Féminin,
20,An _____ Morgen wurden bis zu einhundert Kinder angemeldet.,einem,An einem Morgen wurden bis zu einhundert Kinder angemeldet.,Up to one hundred children were registered in one morning.,Jusqu'à cent enfants ont été enregistrés en une matinée.,Dative,Datif,Masculine,Masculin,
20,An _____ Abend spielten wir Gitarre.,einem,An einem Abend spielten wir Gitarre.,One evening we played guitar.,"Un soir, nous avons joué de la guitare.",Dative,Datif,Masculine,Masculin,
20,Sie vertrauen _____ Staat.,einem,Sie vertrauen einem Staat.,They trust a state.,Ils font confiance à un État.,Dative,Datif,Masculine,Masculin,
20,Ich erkläre es _____ Schüler.,einem,Ich erkläre es einem Schüler.,I explain it to a schoolboy.,Je l'explique à un écolier.,Dative,Datif,Masculine,Masculin,
20,Können Sie eine Familie mit _____ Sohn und einer Tochter zeichnen?,einem,Können Sie eine Familie mit einem Sohn und einer Tochter zeichnen?,Can you draw a family with a son and a daughter.,Peux-tu dessiner une famille avec un fils et une fille.,Dative,Datif,Masculine,Masculin,
20,Er erzählt von _____ Buch.,einem,Er erzählt von einem Buch.,He talks about a book.,Il parle d'un livre.,Dative,Datif,Neuter,Neutre,
20,Können Sie mir Gemüse mit _____ Stück Fleisch besorgen?,einem,Können Sie mir Gemüse mit einem Stück Fleisch besorgen?,Can you get me vegetables with a piece of meat?,Peux-tu m'apporter des légumes avec un morceau de viande ?,Dative,Datif,Neuter,Neutre,
20,Ich fahre mit _____ Auto.,einem,Ich fahre mit einem Auto.,I'm driving a car.,Je conduis une voiture.,Dative,Datif,Neuter,Neutre,
20,Er ist auf _____ Auge blind.,einem,Er ist auf einem Auge blind.,He is blind in one eye.,Il est aveugle d'un œil.,Dative,Datif,Neuter,Neutre,
20,Wir nähern uns _____ Ziel.,einem,Wir nähern uns einem Ziel.,We're approaching a destination.,Nous approchons d'une destination.,Dative,Datif,Neuter,Neutre,
21,,kein,kein,,,Nominative,Nominatif,Masculine,Masculin,
21,,keine,kein,,,Nominative,Nominatif,Feminine,Féminin,
21,,kein,kein,,,Nominative,Nominatif,Neuter,Neutre,
21,,keine,kein,,,Nominative,Nominatif,Plural,Pluriel,
21,,keinen,kein,,,Accusative,Accusatif,Masculine,Masculin,
21,,keine,kein,,,Accusative,Accusatif,Feminine,Féminin,
21,,kein,kein,,,Accusative,Accusatif,Neuter,Neutre,
21,,keine,kein,,,Accusative,Accusatif,Plural,Pluriel,
21,,keinem,kein,,,Dative,Datif,Masculine,Masculin,
21,,keiner,kein,,,Dative,Datif,Feminine,Féminin,
21,,keinem,kein,,,Dative,Datif,Neuter,Neutre,
21,,keinen,kein,,,Dative,Datif,Plural,Pluriel,
22,_____ Hund ist im Garten.,Kein,Kein Hund ist im Garten.,There is no dog in the garden.,Il n'y a pas de chien dans le jardin.,Nominative,Nominatif,Masculine,Masculin,
22,Er ist _____ Bettler.,kein,Er ist kein Bettler.,He is not a beggar.,Ce n'est pas un mendiant.,Nominative,Nominatif,Masculine,Masculin,
22,_____ Mann ist zu Hause.,Kein,Kein Mann ist zu Hause.,No man is at home.,Il n'y a pas d'homme à la maison.,Nominative,Nominatif,Masculine,Masculin,
22,Das ist _____ Lehrer.,kein,Das ist kein Lehrer.,That is no teacher.,Ce n’est pas un professeur.,Nominative,Nominatif,Masculine,Masculin,
22,_____ Schüler fehlt heute.,Kein,Kein Schüler fehlt heute.,No student is absent today.,Aucun étudiant n'est absent aujourd'hui.,Nominative,Nominatif,Masculine,Masculin,
22,_____ Katze ist auf dem Sofa.,Keine,Keine Katze ist auf dem Sofa.,No cat is on the sofa.,Il n'y a pas de chat sur le canapé.,Nominative,Nominatif,Feminine,Féminin,
22,Sie hat _____ Schwester.,keine,Sie hat keine Schwester.,She has no sister.,Elle n'a pas de sœur.,Nominative,Nominatif,Feminine,Féminin,
22,_____ Frau arbeitet heute.,Keine,Keine Frau arbeitet heute.,No woman is working today.,Aucune femme ne travaille aujourd’hui.,Nominative,Nominatif,Feminine,Féminin,
22,Das ist _____ Schule.,keine,Das ist keine Schule.,That is no school.,Ce n'est pas une école.,Nominative,Nominatif,Feminine,Féminin,
22,_____ Mutter ist da.,Keine,Keine Mutter ist da.,No mother is here.,Il n'y a pas de mère ici.,Nominative,Nominatif,Feminine,Féminin,
22,_____ Kind spielt draußen.,Kein,Kein Kind spielt draußen.,No child is playing outside.,Aucun enfant ne joue dehors.,Nominative,Nominatif,Neuter,Neutre,
22,Das ist _____ Auto.,kein,Das ist kein Auto.,That is no car.,Ce n'est pas une voiture.,Nominative,Nominatif,Neuter,Neutre,
22,_____ Buch liegt auf dem Tisch.,Kein,Kein Buch liegt auf dem Tisch.,No book is on the table.,Il n’y a pas de livre sur la table.,Nominative,Nominatif,Neuter,Neutre,
22,Ich sehe _____ Tier.,kein,Ich sehe kein Tier.,I see no animal.,Je ne vois aucun animal.,Nominative,Nominatif,Neuter,Neutre,
22,_____ Auge bleibt trocken.,Kein,Kein Auge bleibt trocken.,Not a single eye remains dry.,Pas un seul œil ne reste sec.,Nominative,Nominatif,Neuter,Neutre,
22,_____ Kinder sind im Park.,Keine,Keine Kinder sind im Park.,No children are in the park.,Il n'y a pas d'enfants dans le parc.,Nominative,Nominatif,Plural,Pluriel,
22,Das sind _____ Bücher.,keine,Das sind keine Bücher.,Those are no books.,Ce ne sont pas des livres.,Nominative,Nominatif,Plural,Pluriel,
22,_____ Autos fahren heute.,Keine,Keine Autos fahren heute.,No cars are driving today.,Aucune voiture ne circule aujourd'hui.,Nominative,Nominatif,Plural,Pluriel,
22,Wir werden _____ Freunde.,keine,Wir werden keine Freunde.,We don't become friends.,Nous ne devenons pas amis.,Nominative,Nominatif,Plural,Pluriel,
22,_____ Fragen bleiben offen.,Keine,Keine Fragen bleiben offen.,No questions remain unanswered.,Aucune question ne reste sans réponse.,Nominative,Nominatif,Plural,Pluriel,
22,Ich sehe _____ Hund.,keinen,Ich sehe keinen Hund.,I see no dog.,Je ne vois pas de chien.,Accusative,Accusatif,Masculine,Masculin,
22,Er hat _____ Bruder.,keinen,Er hat keinen Bruder.,He has no brother.,Il n'a pas de frère.,Accusative,Accusatif,Masculine,Masculin,
22,Wir treffen _____ Mann.,keinen,Wir treffen keinen Mann.,We meet no man.,Nous ne rencontrons aucun homme.,Accusative,Accusatif,Masculine,Masculin,
22,Sie kennt _____ Lehrer.,keinen,Sie kennt keinen Lehrer.,She knows no teacher.,Elle ne connaît aucun professeur.,Accusative,Accusatif,Masculine,Masculin,
22,Ich finde _____ Schüler.,keinen,Ich finde keinen Schüler.,I find no student.,Je ne trouve aucun étudiant.,Accusative,Accusatif,Masculine,Masculin,
22,Ich habe _____ Schwester.,keine,Ich habe keine Schwester.,I have no sister.,Je n'ai pas de sœur.,Accusative,Accusatif,Feminine,Féminin,
22,Wir besuchen _____ Schule.,keine,Wir besuchen keine Schule.,We attend no school.,Nous ne fréquentons aucune école.,Accusative,Accusatif,Feminine,Féminin,
22,Er sieht _____ Frau.,keine,Er sieht keine Frau.,He sees no woman.,Il ne voit aucune femme.,Accusative,Accusatif,Feminine,Féminin,
22,Sie kennt _____ Mutter.,keine,Sie kennt keine Mutter.,She knows no mother.,Elle ne connaît pas de mère.,Accusative,Accusatif,Feminine,Féminin,
22,Ich finde _____ Wohnung.,keine,Ich finde keine Wohnung.,I find no apartment.,Je ne trouve pas d'appartement.,Accusative,Accusatif,Feminine,Féminin,
22,Ich habe _____ Buch.,kein,Ich habe kein Buch.,I have no book.,Je n'ai pas de livre.,Accusative,Accusatif,Neuter,Neutre,
22,Sie sieht _____ Kind.,kein,Sie sieht kein Kind.,She sees no child.,Elle ne voit aucun enfant.,Accusative,Accusatif,Neuter,Neutre,
22,Wir kaufen _____ Auto.,kein,Wir kaufen kein Auto.,We don't buy a car.,Nous n'achetons pas de voiture.,Accusative,Accusatif,Neuter,Neutre,
22,Er trinkt _____ Wasser.,kein,Er trinkt kein Wasser.,He doesn't drink water.,Il ne boit pas d'eau.,Accusative,Accusatif,Neuter,Neutre,
22,Du brauchst _____ Bild.,kein,Du brauchst kein Bild.,You don't need a picture.,Vous n'avez pas besoin d'une photo.,Accusative,Accusatif,Neuter,Neutre,
22,Ich sehe _____ Kinder.,keine,Ich sehe keine Kinder.,I don't see children.,Je ne vois pas d'enfants.,Accusative,Accusatif,Plural,Pluriel,
22,Wir kaufen _____ Bücher.,keine,Wir kaufen keine Bücher.,We don't buy books.,Nous n'achetons pas de livres.,Accusative,Accusatif,Plural,Pluriel,
22,Sie hat _____ Freunde.,keine,Sie hat keine Freunde.,She has no friends.,Elle n'a pas d'amis.,Accusative,Accusatif,Plural,Pluriel,
22,Er kennt _____ Lehrer.,keine,Er kennt keine Lehrer.,He knows no teachers.,Il ne connaît pas de professeurs.,Accusative,Accusatif,Plural,Pluriel,
22,Du brauchst _____ Antworten.,keine,Du brauchst keine Antworten.,You don't need answers.,Vous n'avez pas besoin de réponses.,Accusative,Accusatif,Plural,Pluriel,
22,Ich helfe _____ Mann.,keinem,Ich helfe keinem Mann.,I don't help any man.,Je n'aide aucun homme.,Dative,Datif,Masculine,Masculin,
22,Sie spricht mit _____ Lehrer.,keinem,Sie spricht mit keinem Lehrer.,She doesn't speak to any teacher.,Elle ne parle à aucun professeur.,Dative,Datif,Masculine,Masculin,
22,Wir folgen _____ Hund.,keinem,Wir folgen keinem Hund.,We don't follow any dog.,Nous ne suivons aucun chien.,Dative,Datif,Masculine,Masculin,
22,Er vertraut _____ Vater.,keinem,Er vertraut keinem Vater.,He trusts no father.,Il ne fait confiance à aucun père.,Dative,Datif,Masculine,Masculin,
22,Du dankst _____ Freund.,keinem,Du dankst keinem Freund.,You thank no friend.,Tu ne remercies aucun ami.,Dative,Datif,Masculine,Masculin,
22,Ich helfe _____ Frau.,keiner,Ich helfe keiner Frau.,I help no woman.,Je n'aide aucune femme.,Dative,Datif,Feminine,Féminin,
22,Er schreibt _____ Mutter.,keiner,Er schreibt keiner Mutter.,He doesn't write to any mother.,Il n'écrit à aucune mère.,Dative,Datif,Feminine,Féminin,
22,Wir danken _____ Lehrerin.,keiner,Wir danken keiner Lehrerin.,We thank no teacher.,Nous ne remercions aucun enseignant.,Dative,Datif,Feminine,Féminin,
22,Ich vertraue _____ Stimme.,keiner,Ich vertraue keiner Stimme.,I don't trust any voice.,Je ne fais confiance à aucune voix.,Dative,Datif,Feminine,Féminin,
22,Sie folgt _____ Regel.,keiner,Sie folgt keiner Regel.,She follows no rule.,Elle ne suit aucune règle.,Dative,Datif,Feminine,Féminin,
22,Ich traue _____ Auto.,keinem,Ich traue keinem Auto.,I don't trust any car.,Je ne fais confiance à aucune voiture.,Dative,Datif,Neuter,Neutre,
22,Er hilft _____ Kind.,keinem,Er hilft keinem Kind.,He doesn't help any child.,Il n'aide aucun enfant.,Dative,Datif,Neuter,Neutre,
22,Wir gehören _____ Unternehmen.,keinem,Wir gehören keinem Unternehmen.,We don't belong to any company.,Nous n'appartenons à aucune entreprise.,Dative,Datif,Neuter,Neutre,
22,Sie glaubt _____ Wort.,keinem,Sie glaubt keinem Wort.,She doesn't believe a word.,Elle ne croit pas un mot.,Dative,Datif,Neuter,Neutre,
22,Du folgst _____ Geräusch.,keinem,Du folgst keinem Geräusch.,You don't follow any sound.,Vous ne suivez aucun son.,Dative,Datif,Neuter,Neutre,
22,Ich helfe _____ Kindern.,keinen,Ich helfe keinen Kindern.,I don't help any children.,Je n'aide aucun enfant.,Dative,Datif,Plural,Pluriel,
22,Er spricht mit _____ Freunden.,keinen,Er spricht mit keinen Freunden.,He doesn't speak to any friends.,Il ne parle à aucun ami.,Dative,Datif,Plural,Pluriel,
22,Wir danken _____ Leuten.,keinen,Wir danken keinen Leuten.,We thank no people.,Nous ne remercions personne.,Dative,Datif,Plural,Pluriel,
22,Sie vertraut _____ Kollegen.,keinen,Sie vertraut keinen Kollegen.,She doesn't trust any colleagues.,Elle ne fait confiance à aucun collègue.,Dative,Datif,Plural,Pluriel,
22,Du folgst _____ Regeln.,keinen,Du folgst keinen Regeln.,You follow no rules.,Vous ne suivez aucune règle.,Dative,Datif,Plural,Pluriel,
23,,mein,mein,my,mon/ma,Nominative,Nominatif,Masculine,Masculin,
23,,mein,mein,my,mon/ma,Nominative,Nominatif,Neuter,Neutre,
23,,meine,mein,my,mon/ma,Nominative,Nominatif,Feminine,Féminin,
23,,meine,mein,my,mon/ma,Nominative,Nominatif,Plural,Pluriel,
23,,dein,dein,your,ton/ta,Nominative,Nominatif,Masculine,Masculin,
23,,dein,dein,your,ton/ta,Nominative,Nominatif,Neuter,Neutre,
23,,deine,dein,your,ton/ta,Nominative,Nominatif,Feminine,Féminin,
23,,deine,dein,your,ton/ta,Nominative,Nominatif,Plural,Pluriel,
23,,sein,sein,his/its,son/sa,Nominative,Nominatif,Masculine,Masculin,
23,,sein,sein,his/its,son/sa,Nominative,Nominatif,Neuter,Neutre,
23,,seine,sein,his/its,son/sa,Nominative,Nominatif,Feminine,Féminin,
23,,seine,sein,his/its,son/sa,Nominative,Nominatif,Plural,Pluriel,
23,,ihr,ihr,her,son/sa,Nominative,Nominatif,Masculine,Masculin,
23,,ihr,ihr,her,son/sa,Nominative,Nominatif,Neuter,Neutre,
23,,ihre,ihr,her,son/sa,Nominative,Nominatif,Feminine,Féminin,
23,,ihre,ihr,her,son/sa,Nominative,Nominatif,Plural,Pluriel,
23,,meinen,mein,my,mon/ma,Accusative,Accusatif,Masculine,Masculin,
23,,mein,mein,my,mon/ma,Accusative,Accusatif,Neuter,Neutre,
23,,meine,mein,my,mon/ma,Accusative,Accusatif,Feminine,Féminin,
23,,meine,mein,my,mon/ma,Accusative,Accusatif,Plural,Pluriel,
23,,deinen,dein,your,ton/ta,Accusative,Accusatif,Masculine,Masculin,
23,,dein,dein,your,ton/ta,Accusative,Accusatif,Neuter,Neutre,
23,,deine,dein,your,ton/ta,Accusative,Accusatif,Feminine,Féminin,
23,,deine,dein,your,ton/ta,Accusative,Accusatif,Plural,Pluriel,
23,,seinen,sein,his/its,son/sa,Accusative,Accusatif,Masculine,Masculin,
23,,sein,sein,his/its,son/sa,Accusative,Accusatif,Neuter,Neutre,
23,,seine,sein,his/its,son/sa,Accusative,Accusatif,Feminine,Féminin,
23,,seine,sein,his/its,son/sa,Accusative,Accusatif,Plural,Pluriel,
23,,ihren,ihr,her,son/sa,Accusative,Accusatif,Masculine,Masculin,
23,,ihr,ihr,her,son/sa,Accusative,Accusatif,Neuter,Neutre,
23,,ihre,ihr,her,son/sa,Accusative,Accusatif,Feminine,Féminin,
23,,ihre,ihr,her,son/sa,Accusative,Accusatif,Plural,Pluriel,
23,,meinem,mein,my,mon/ma,Dative,Datif,Masculine,Masculin,
23,,meinem,mein,my,mon/ma,Dative,Datif,Neuter,Neutre,
23,,meiner,mein,my,mon/ma,Dative,Datif,Feminine,Féminin,
23,,meinen,mein,my,mon/ma,Dative,Datif,Plural,Pluriel,
23,,deinem,dein,your,ton/ta,Dative,Datif,Masculine,Masculin,
23,,deinem,dein,your,ton/ta,Dative,Datif,Neuter,Neutre,
23,,deiner,dein,your,ton/ta,Dative,Datif,Feminine,Féminin,
23,,deinen,dein,your,ton/ta,Dative,Datif,Plural,Pluriel,
23,,seinem,sein,his/its,son/sa,Dative,Datif,Masculine,Masculin,
23,,seinem,sein,his/its,son/sa,Dative,Datif,Neuter,Neutre,
23,,seiner,sein,his/its,son/sa,Dative,Datif,Feminine,Féminin,
23,,seinen,sein,his/its,son/sa,Dative,Datif,Plural,Pluriel,
23,,ihrem,ihr,her,son/sa,Dative,Datif,Masculine,Masculin,
23,,ihrem,ihr,her,son/sa,Dative,Datif,Neuter,Neutre,
23,,ihrer,ihr,her,son/sa,Dative,Datif,Feminine,Féminin,
23,,ihren,ihr,her,son/sa,Dative,Datif,Plural,Pluriel,
24,_____ Hund ist freundlich.,Mein,Mein Hund ist freundlich.,My dog ​​is friendly.,Mon chien est amical.,Nominative,Nominatif,Masculine,Masculin,
24,_____ Auto ist neu.,Mein,Mein Auto ist neu.,My car is new.,Ma voiture est neuve.,Nominative,Nominatif,Neuter,Neutre,
24,_____ Mutter ist nett.,Meine,Meine Mutter ist nett.,My mother is nice.,Ma mère est gentille.,Nominative,Nominatif,Feminine,Féminin,
24,_____ Bücher sind interessant.,Meine,Meine Bücher sind interessant.,My books are interesting.,Mes livres sont intéressants.,Nominative,Nominatif,Plural,Pluriel,
24,_____ Bruder spielt Fußball.,Dein,Dein Bruder spielt Fußball.,Your brother plays soccer.,Ton frère joue au football.,Nominative,Nominatif,Masculine,Masculin,
24,_____ Haus ist groß.,Dein,Dein Haus ist groß.,Your house is big.,Ta maison est grande.,Nominative,Nominatif,Neuter,Neutre,
24,_____ Schwester liest ein Buch.,Deine,Deine Schwester liest ein Buch.,Your sister is reading a book.,Ta sœur lit un livre.,Nominative,Nominatif,Feminine,Féminin,
24,_____ Schuhe sind schmutzig.,Deine,Deine Schuhe sind schmutzig.,Your shoes are dirty.,Tes chaussures sont sales.,Nominative,Nominatif,Plural,Pluriel,
24,_____ Hund ist laut.,Sein,Sein Hund ist laut.,His dog is loud.,Son chien est bruyant.,Nominative,Nominatif,Masculine,Masculin,
24,_____ Auto ist schnell.,Sein,Sein Auto ist schnell.,His car is fast.,Sa voiture est rapide.,Nominative,Nominatif,Neuter,Neutre,
24,_____ Tasche ist rot.,Seine,Seine Tasche ist rot.,His bag is red.,Son sac est rouge.,Nominative,Nominatif,Feminine,Féminin,
24,_____ Sachen sind hier.,Seine,Seine Sachen sind hier.,His things are here.,Ses affaires sont ici.,Nominative,Nominatif,Plural,Pluriel,
24,_____ Hund ist süß.,Ihr,Ihr Hund ist süß.,Her dog is cute.,Son chien est mignon.,Nominative,Nominatif,Masculine,Masculin,
24,_____ Auto steht draußen.,Ihr,Ihr Auto steht draußen.,Her car is outside.,Sa voiture est dehors.,Nominative,Nominatif,Neuter,Neutre,
24,_____ Mutter kommt später.,Ihre,Ihre Mutter kommt später.,Her mother is coming later.,Sa mère viendra plus tard.,Nominative,Nominatif,Feminine,Féminin,
24,_____ Bücher sind spannend.,Ihre,Ihre Bücher sind spannend.,Her books are exciting.,Ses livres sont passionnants.,Nominative,Nominatif,Plural,Pluriel,
24,Ich sehe _____ Hund.,meinen,Ich sehe meinen Hund.,I see my dog.,Je vois mon chien.,Accusative,Accusatif,Masculine,Masculin,
24,Ich habe _____ Auto gewaschen.,mein,Ich habe mein Auto gewaschen.,I washed my car.,J'ai lavé ma voiture.,Accusative,Accusatif,Neuter,Neutre,
24,Ich besuche _____ Mutter.,meine,Ich besuche meine Mutter.,I visit my mother.,Je rends visite à ma mère.,Accusative,Accusatif,Feminine,Féminin,
24,Ich kaufe _____ Bücher.,meine,Ich kaufe meine Bücher.,I buy my books.,J'achète mes livres.,Accusative,Accusatif,Plural,Pluriel,
24,Ich kenne _____ Bruder.,deinen,Ich kenne deinen Bruder.,I know your brother.,Je connais ton frère.,Accusative,Accusatif,Masculine,Masculin,
24,Ich finde _____ Handy.,dein,Ich finde dein Handy.,I find your cell phone.,Je trouve ton téléphone portable.,Accusative,Accusatif,Neuter,Neutre,
24,Ich sehe _____ Schwester.,deine,Ich sehe deine Schwester.,I see your sister.,Je vois ta sœur.,Accusative,Accusatif,Feminine,Féminin,
24,Ich lese _____ Bücher.,deine,Ich lese deine Bücher.,I read your books.,J'ai lu vos livres.,Accusative,Accusatif,Plural,Pluriel,
24,Er trifft _____ Freund.,seinen,Er trifft seinen Freund.,He meets his friend.,Il rencontre son ami.,Accusative,Accusatif,Masculine,Masculin,
24,Er verkauft _____ Auto.,sein,Er verkauft sein Auto.,He sells his car.,Il vend sa voiture.,Accusative,Accusatif,Neuter,Neutre,
24,Das Kind sucht _____ Puppe.,seine,Das Kind sucht seine Puppe.,The child looks for its doll.,L'enfant cherche sa poupée.,Accusative,Accusatif,Feminine,Féminin,
24,Der Vogel sammelt _____ Federn.,seine,Der Vogel sammelt seine Federn.,The bird gathers its feathers.,L'oiseau rassemble ses plumes.,Accusative,Accusatif,Plural,Pluriel,
24,Ich rufe _____ Bruder.,ihren,Ich rufe ihren Bruder.,I call her brother.,Je l'appelle frère.,Accusative,Accusatif,Masculine,Masculin,
24,Ich sehe _____ Fahrrad.,ihr,Ich sehe ihr Fahrrad.,I see her bicycle.,Je vois son vélo.,Accusative,Accusatif,Neuter,Neutre,
24,Ich höre _____ Stimme.,ihre,Ich höre ihre Stimme.,I hear her voice.,J'entends sa voix.,Accusative,Accusatif,Feminine,Féminin,
24,Ich ordne _____ Sachen.,ihre,Ich ordne ihre Sachen.,I organize her things.,J'organise ses affaires.,Accusative,Accusatif,Plural,Pluriel,
24,Ich helfe _____ Freund.,meinem,Ich helfe meinem Freund.,I help my friend.,J'aide mon ami.,Dative,Datif,Masculine,Masculin,
24,Ich danke _____ Kind.,meinem,Ich danke meinem Kind.,I thank my child.,Je remercie mon enfant.,Dative,Datif,Neuter,Neutre,
24,Ich zeige es _____ Mutter.,meiner,Ich zeige es meiner Mutter.,I show it to my mother.,Je la montre à ma mère.,Dative,Datif,Feminine,Féminin,
24,Ich gebe _____ Kindern Bücher.,meinen,Ich gebe meinen Kindern Bücher.,I give my children books.,Je donne des livres à mes enfants.,Dative,Datif,Plural,Pluriel,
24,Ich gratuliere _____ Bruder.,deinem,Ich gratuliere deinem Bruder.,I congratulate your brother.,Je félicite ton frère.,Dative,Datif,Masculine,Masculin,
24,Ich vertraue _____ Tier.,deinem,Ich vertraue deinem Tier.,I trust your pet.,Je fais confiance à ton animal de compagnie.,Dative,Datif,Neuter,Neutre,
24,Ich erzähle es _____ Schwester.,deiner,Ich erzähle es deiner Schwester.,I tell your sister.,Je le dis à ta sœur.,Dative,Datif,Feminine,Féminin,
24,Ich schenke _____ Eltern etwas.,deinen,Ich schenke deinen Eltern etwas.,I give something to your parents.,Je donne quelque chose à tes parents.,Dative,Datif,Plural,Pluriel,
24,Er hilft _____ Vater.,seinem,Er hilft seinem Vater.,He helps his father.,Il aide son père.,Dative,Datif,Masculine,Masculin,
24,Er gibt _____ Baby Milch.,seinem,Er gibt seinem Baby Milch.,He gives his baby milk.,Il donne du lait à son bébé.,Dative,Datif,Neuter,Neutre,
24,Das Kind spielt mit _____ Puppe.,seiner,Das Kind spielt mit seiner Puppe.,The child plays with its doll.,L'enfant joue avec sa poupée.,Dative,Datif,Feminine,Féminin,
24,Der Vogel bringt _____ Jungen Futter.,seinen,Der Vogel bringt seinen Jungen Futter.,The bird brings food to its young.,L'oiseau apporte de la nourriture à ses petits.,Dative,Datif,Plural,Pluriel,
24,Ich danke _____ Bruder.,ihrem,Ich danke ihrem Bruder.,I thank her brother.,Je remercie son frère.,Dative,Datif,Masculine,Masculin,
24,Ich helfe _____ Kind.,ihrem,Ich helfe ihrem Kind.,I help her child.,J'aide son enfant.,Dative,Datif,Neuter,Neutre,
24,Ich höre _____ Mutter zu.,ihrer,Ich höre ihrer Mutter zu.,I listen to her mother.,J'écoute sa mère.,Dative,Datif,Feminine,Féminin,
24,Ich zeige es _____ Freunden.,ihren,Ich zeige es ihren Freunden.,I show her friends.,Je lui montre ses amis.,Dative,Datif,Plural,Pluriel,
25,,unser,unser,our,notre,Nominative,Nominatif,Masculine,Masculin,
25,,unser,unser,our,notre,Nominative,Nominatif,Neuter,Neutre,
25,,unsere,unser,our,notre,Nominative,Nominatif,Feminine,Féminin,
25,,unsere,unser,our,notre,Nominative,Nominatif,Plural,Pluriel,
25,,euer,euer,your,votre,Nominative,Nominatif,Masculine,Masculin,
25,,euer,euer,your,votre,Nominative,Nominatif,Neuter,Neutre,
25,,eure,euer,your,votre,Nominative,Nominatif,Feminine,Féminin,
25,,eure,euer,your,votre,Nominative,Nominatif,Plural,Pluriel,
25,,ihr,ihr,their,leur,Nominative,Nominatif,Masculine,Masculin,
25,,ihr,ihr,their,leur,Nominative,Nominatif,Neuter,Neutre,
25,,ihre,ihr,their,leur,Nominative,Nominatif,Feminine,Féminin,
25,,ihre,ihr,their,leur,Nominative,Nominatif,Plural,Pluriel,
25,,Ihr,Ihr,Your,votre,Nominative,Nominatif,Masculine,Masculin,
25,,Ihr,Ihr,Your,votre,Nominative,Nominatif,Neuter,Neutre,
25,,Ihre,Ihr,Your,votre,Nominative,Nominatif,Feminine,Féminin,
25,,Ihre,Ihr,Your,votre,Nominative,Nominatif,Plural,Pluriel,
25,,unseren,unser,our,notre,Accusative,Accusatif,Masculine,Masculin,
25,,unser,unser,our,notre,Accusative,Accusatif,Neuter,Neutre,
25,,unsere,unser,our,notre,Accusative,Accusatif,Feminine,Féminin,
25,,unsere,unser,our,notre,Accusative,Accusatif,Plural,Pluriel,
25,,euren,euer,your,votre,Accusative,Accusatif,Masculine,Masculin,
25,,euer,euer,your,votre,Accusative,Accusatif,Neuter,Neutre,
25,,eure,euer,your,votre,Accusative,Accusatif,Feminine,Féminin,
25,,eure,euer,your,votre,Accusative,Accusatif,Plural,Pluriel,
25,,ihren,ihr,their,leur,Accusative,Accusatif,Masculine,Masculin,
25,,ihr,ihr,their,leur,Accusative,Accusatif,Neuter,Neutre,
25,,ihre,ihr,their,leur,Accusative,Accusatif,Feminine,Féminin,
25,,ihre,ihr,their,leur,Accusative,Accusatif,Plural,Pluriel,
25,,Ihren,Ihr - Formal,Your,votre,Accusative,Accusatif,Masculine,Masculin,
25,,Ihr,Ihr - Formal,Your,votre,Accusative,Accusatif,Neuter,Neutre,
25,,Ihre,Ihr - Formal,Your,votre,Accusative,Accusatif,Feminine,Féminin,
25,,Ihre,Ihr - Formal,Your,votre,Accusative,Accusatif,Plural,Pluriel,
25,,unserem,unser,our,notre,Dative,Datif,Masculine,Masculin,
25,,unserem,unser,our,notre,Dative,Datif,Neuter,Neutre,
25,,unserer,unser,our,notre,Dative,Datif,Feminine,Féminin,
25,,unseren,unser,our,notre,Dative,Datif,Plural,Pluriel,
25,,eurem,euer,your,votre,Dative,Datif,Masculine,Masculin,
25,,eurem,euer,your,votre,Dative,Datif,Neuter,Neutre,
25,,eurer,euer,your,votre,Dative,Datif,Feminine,Féminin,
25,,euren,euer,your,votre,Dative,Datif,Plural,Pluriel,
25,,ihrem,ihr,their,leur,Dative,Datif,Masculine,Masculin,
25,,ihrem,ihr,their,leur,Dative,Datif,Neuter,Neutre,
25,,ihrer,ihr,their,leur,Dative,Datif,Feminine,Féminin,
25,,ihren,ihr,their,leur,Dative,Datif,Plural,Pluriel,
25,,Ihrem,Ihr - Formal,Your,votre,Dative,Datif,Masculine,Masculin,
25,,Ihrem,Ihr - Formal,Your,votre,Dative,Datif,Neuter,Neutre,
25,,Ihrer,Ihr - Formal,Your,votre,Dative,Datif,Feminine,Féminin,
25,,Ihren,Ihr - Formal,Your,votre,Dative,Datif,Plural,Pluriel,
26,_____ Hund ist alt.,Unser,Unser Hund ist alt.,Our dog is old.,Notre chien est vieux.,Nominative,Nominatif,Masculine,Masculin,
26,_____ Haus ist groß.,Unser,Unser Haus ist groß.,Our house is big.,Notre maison est grande.,Nominative,Nominatif,Neuter,Neutre,
26,_____ Mutter ist nett.,Unsere,Unsere Mutter ist nett.,Our mother is nice.,Notre mère est gentille.,Nominative,Nominatif,Feminine,Féminin,
26,_____ Bücher sind neu.,Unsere,Unsere Bücher sind neu.,Our books are new.,Nos livres sont neufs.,Nominative,Nominatif,Plural,Pluriel,
26,_____ Vater ist Lehrer.,Euer,Euer Vater ist Lehrer.,Your father is a teacher. (2nd person plural),Ton père est professeur. (2e personne du pluriel),Nominative,Nominatif,Masculine,Masculin,
26,_____ Auto steht draußen.,Euer,Euer Auto steht draußen.,Your car is outside. (2nd person plural),Ta voiture est dehors. (2e personne du pluriel),Nominative,Nominatif,Neuter,Neutre,
26,_____ Schwester spielt Gitarre.,Eure,Eure Schwester spielt Gitarre.,Your sister plays the guitar. (2nd person plural),Ta sœur joue de la guitare. (2e personne du pluriel),Nominative,Nominatif,Feminine,Féminin,
26,_____ Freunde sind hier.,Eure,Eure Freunde sind hier.,Your friends are here. (2nd person plural),Tes amis sont ici. (2e personne du pluriel),Nominative,Nominatif,Plural,Pluriel,
26,_____ Hund bellt viel.,Ihr,Ihr Hund bellt viel.,Their dog barks a lot.,Leur chien aboie beaucoup.,Nominative,Nominatif,Masculine,Masculin,
26,_____ Haus ist schön.,Ihr,Ihr Haus ist schön.,Their house is beautiful.,Leur maison est belle.,Nominative,Nominatif,Neuter,Neutre,
26,_____ Mutter arbeitet dort.,Ihre,Ihre Mutter arbeitet dort.,Their mother works there.,Leur mère travaille là-bas.,Nominative,Nominatif,Feminine,Féminin,
26,_____ Kinder spielen draußen.,Ihre,Ihre Kinder spielen draußen.,Their children are playing outside.,Leurs enfants jouent dehors.,Nominative,Nominatif,Plural,Pluriel,
26,_____ Sohn ist Student.,Ihr,Ihr Sohn ist Student.,Your son is a student. (Formal),Votre fils est étudiant. (Formel),Nominative,Nominatif,Masculine,Masculin,
26,_____ Auto ist neu.,Ihr,Ihr Auto ist neu.,Your car is new. (Formal),Votre voiture est neuve. (Formel),Nominative,Nominatif,Neuter,Neutre,
26,_____ Tochter kommt später.,Ihre,Ihre Tochter kommt später.,Your daughter is coming later. (Formal),Votre fille arrive plus tard. (Formel),Nominative,Nominatif,Feminine,Féminin,
26,_____ Bücher liegen auf dem Tisch.,Ihre,Ihre Bücher liegen auf dem Tisch.,Your books are on the table. (Formal),Vos livres sont sur la table. (Formel),Nominative,Nominatif,Plural,Pluriel,
26,Wir sehen _____ Hund.,unseren,Wir sehen unseren Hund.,We see our dog.,Nous voyons notre chien.,Accusative,Accusatif,Masculine,Masculin,
26,Wir verkaufen _____ Haus.,unser,Wir verkaufen unser Haus.,We are selling our house.,Nous vendons notre maison.,Accusative,Accusatif,Neuter,Neutre,
26,Wir besuchen _____ Tante.,unsere,Wir besuchen unsere Tante.,We are visiting our aunt.,Nous rendons visite à notre tante.,Accusative,Accusatif,Feminine,Féminin,
26,Wir lesen _____ Bücher.,unsere,Wir lesen unsere Bücher.,We are reading our books.,Nous lisons nos livres.,Accusative,Accusatif,Plural,Pluriel,
26,Wir treffen _____ Freund.,euren,Wir treffen euren Freund.,We are meeting your friend. (2nd person plural),Nous rencontrons votre ami. (2e personne du pluriel),Accusative,Accusatif,Masculine,Masculin,
26,Wir brauchen _____ Zelt.,euer,Wir brauchen euer Zelt.,We need your tent. (2nd person plural),Nous avons besoin de votre tente. (2e personne du pluriel),Accusative,Accusatif,Neuter,Neutre,
26,Wir kennen _____ Schwester.,eure,Wir kennen eure Schwester.,We know your sister. (2nd person plural),Nous connaissons ta sœur. (2e personne du pluriel),Accusative,Accusatif,Feminine,Féminin,
26,Wir holen _____ Koffer.,eure,Wir holen eure Koffer.,We are getting your suitcases. (2nd person plural),Nous prenons vos valises. (2e personne du pluriel),Accusative,Accusatif,Plural,Pluriel,
26,Sie lieben _____ Hund.,ihren,Sie lieben ihren Hund.,They love their dog.,Ils aiment leur chien.,Accusative,Accusatif,Masculine,Masculin,
26,Sie renovieren _____ Haus.,ihr,Sie renovieren ihr Haus.,They are renovating their house.,Ils rénovent leur maison.,Accusative,Accusatif,Neuter,Neutre,
26,Sie besuchen _____ Oma.,ihre,Sie besuchen ihre Oma.,They are visiting their grandmother.,Ils rendent visite à leur grand-mère.,Accusative,Accusatif,Feminine,Féminin,
26,Sie tragen _____ Koffer.,ihre,Sie tragen ihre Koffer.,They are carrying their suitcases.,Ils portent leurs valises.,Accusative,Accusatif,Plural,Pluriel,
26,Ich sehe _____ Sohn.,Ihren,Ich sehe Ihren Sohn.,I am seeing your son. (Formal),Je vois votre fils. (Formel),Accusative,Accusatif,Masculine,Masculin,
26,Ich repariere _____ Auto.,Ihr,Ich repariere Ihr Auto.,I am fixing your car. (Formal),Je répare ta voiture. (Formel),Accusative,Accusatif,Neuter,Neutre,
26,Ich rufe _____ Tochter an.,Ihre,Ich rufe Ihre Tochter an.,I am calling your daughter. (Formal),J'appelle votre fille. (Formel),Accusative,Accusatif,Feminine,Féminin,
26,Ich bringe _____ Sachen.,Ihre,Ich bringe Ihre Sachen.,I am bringing your things. (Formal),J'apporte tes affaires. (Formel),Accusative,Accusatif,Plural,Pluriel,
26,Wir helfen _____ Bruder.,unserem,Wir helfen unserem Bruder.,We help our brother.,Nous aidons notre frère.,Dative,Datif,Masculine,Masculin,
26,Wir zeigen es _____ Kind.,unserem,Wir zeigen es unserem Kind.,We show it to our child.,Nous le montrons à notre enfant.,Dative,Datif,Neuter,Neutre,
26,Wir danken _____ Mutter.,unserer,Wir danken unserer Mutter.,We thank our mother.,Nous remercions notre mère.,Dative,Datif,Feminine,Féminin,
26,Wir geben _____ Freunden Geschenke.,unseren,Wir geben unseren Freunden Geschenke.,We give gifts to our friends.,Nous offrons des cadeaux à nos amis.,Dative,Datif,Plural,Pluriel,
26,Ihr gratuliert _____ Vater.,eurem,Ihr gratuliert eurem Vater.,You congratulate your father. (2nd person plural),Tu félicites ton père. (2e personne du pluriel),Dative,Datif,Masculine,Masculin,
26,Ihr bringt _____ Baby ein Spielzeug.,eurem,Ihr bringt eurem Baby ein Spielzeug.,You bring your baby a toy. (2nd person plural),Vous apportez un jouet à votre bébé. (2e personne du pluriel),Dative,Datif,Neuter,Neutre,
26,Ihr hört _____ Schwester zu.,eurer,Ihr hört eurer Schwester zu.,You listen to your sister. (2nd person plural),Tu écoutes ta sœur. (2e personne du pluriel),Dative,Datif,Feminine,Féminin,
26,Ihr schreibt _____ Großeltern.,euren,Ihr schreibt euren Großeltern.,You write to your grandparents. (2nd person plural),Vous écrivez à vos grands-parents. (2e personne du pluriel),Dative,Datif,Plural,Pluriel,
26,Sie helfen _____ Vater.,ihrem,Sie helfen ihrem Vater.,They help their father.,Ils aident leur père.,Dative,Datif,Masculine,Masculin,
26,Sie zeigen es _____ Kind.,ihrem,Sie zeigen es ihrem Kind.,They show it to their child.,Ils le montrent à leur enfant.,Dative,Datif,Neuter,Neutre,
26,Sie danken _____ Mutter.,ihrer,Sie danken ihrer Mutter.,They thank their mother.,Ils remercient leur mère.,Dative,Datif,Feminine,Féminin,
26,Sie schreiben _____ Freunden.,ihren,Sie schreiben ihren Freunden.,They write to their friends.,Ils écrivent à leurs amis.,Dative,Datif,Plural,Pluriel,
26,Ich gratuliere _____ Sohn.,Ihrem,Ich gratuliere Ihrem Sohn.,I congratulate your son. (Formal),Je félicite votre fils. (Formel),Dative,Datif,Masculine,Masculin,
26,Ich gebe _____ Kind ein Buch.,Ihrem,Ich gebe Ihrem Kind ein Buch.,I give your child a book. (Formal),Je donne un livre à votre enfant. (Formel),Dative,Datif,Neuter,Neutre,
26,Ich höre _____ Kollegin zu.,Ihrer,Ich höre Ihrer Kollegin zu.,I listen to your colleague. (Formal),J'écoute votre collègue. (Formel),Dative,Datif,Feminine,Féminin,
26,Ich bringe _____ Gästen Wasser.,Ihren,Ich bringe Ihren Gästen Wasser.,I bring water to your guests. (Formal),J'apporte de l'eau à vos invités. (Formel),Dative,Datif,Plural,Pluriel,
27,,dieser,diese,this,ce,Nominative,Nominatif,Masculine,Masculin,
27,,diese,diese,this,ce,Nominative,Nominatif,Feminine,Féminin,
27,,dieses,diese,this,ce,Nominative,Nominatif,Neuter,Neutre,
27,,diese,diese,these,ces,Nominative,Nominatif,Plural,Pluriel,
27,,diesen,diese,this,ce,Accusative,Accusatif,Masculine,Masculin,
27,,diese,diese,this,ce,Accusative,Accusatif,Feminine,Féminin,
27,,dieses,diese,this,ce,Accusative,Accusatif,Neuter,Neutre,
27,,diese,diese,these,ces,Accusative,Accusatif,Plural,Pluriel,
27,,diesem,diese,this,ce,Dative,Datif,Masculine,Masculin,
27,,dieser,diese,this,ce,Dative,Datif,Feminine,Féminin,
27,,diesem,diese,this,ce,Dative,Datif,Neuter,Neutre,
27,,diesen,diese,these,ces,Dative,Datif,Plural,Pluriel,
28,_____ Mann spricht sehr schnell.,Dieser,Dieser Mann spricht sehr schnell.,This man speaks very quickly.,Cet homme parle très vite.,Nominative,Nominatif,Masculine,Masculin,
28,"Ich glaube, _____ Hund gehört dem Nachbarn.",dieser,"Ich glaube, dieser Hund gehört dem Nachbarn.",I think this dog belongs to the neighbor.,Je pense que ce chien appartient au voisin.,Nominative,Nominatif,Masculine,Masculin,
28,_____ Film ist wirklich spannend.,Dieser,Dieser Film ist wirklich spannend.,This movie is really exciting.,Ce film est vraiment passionnant.,Nominative,Nominatif,Masculine,Masculin,
28,_____ Lehrer erklärt alles gut.,Dieser,Dieser Lehrer erklärt alles gut.,This teacher explains everything well.,Ce professeur explique tout bien.,Nominative,Nominatif,Masculine,Masculin,
28,Was macht eigentlich _____ Junge da?,dieser,Was macht eigentlich dieser Junge da?,What is this boy actually doing there?,Que fait réellement ce garçon là ?,Nominative,Nominatif,Masculine,Masculin,
28,_____ Frau arbeitet im Krankenhaus.,Diese,Diese Frau arbeitet im Krankenhaus.,This woman works in the hospital.,Cette femme travaille à l'hôpital.,Nominative,Nominatif,Feminine,Féminin,
28,_____ Stadt ist sehr alt und schön.,Diese,Diese Stadt ist sehr alt und schön.,This city is very old and beautiful.,Cette ville est très ancienne et belle.,Nominative,Nominatif,Feminine,Féminin,
28,_____ Blume riecht wunderbar.,Diese,Diese Blume riecht wunderbar.,This flower smells wonderful.,Cette fleur sent merveilleusement bon.,Nominative,Nominatif,Feminine,Féminin,
28,_____ Lampe ist zu hell.,Diese,Diese Lampe ist zu hell.,This lamp is too bright.,Cette lampe est trop lumineuse.,Nominative,Nominatif,Feminine,Féminin,
28,"Ich finde, _____ Frage ist interessant.",diese,"Ich finde, diese Frage ist interessant.",I think this question is interesting.,Je pense que cette question est intéressante.,Nominative,Nominatif,Feminine,Féminin,
28,_____ Kind spielt gern draußen.,Dieses,Dieses Kind spielt gern draußen.,This child likes to play outside.,Cet enfant aime jouer dehors.,Nominative,Nominatif,Neuter,Neutre,
28,_____ Buch gefällt mir sehr.,Dieses,Dieses Buch gefällt mir sehr.,I really like this book.,J'aime vraiment ce livre.,Nominative,Nominatif,Neuter,Neutre,
28,_____ Auto ist wirklich teuer.,Dieses,Dieses Auto ist wirklich teuer.,This car is really expensive.,Cette voiture est vraiment chère.,Nominative,Nominatif,Neuter,Neutre,
28,_____ Tier lebt im Zoo.,Dieses,Dieses Tier lebt im Zoo.,This animal lives in the zoo.,Cet animal vit au zoo.,Nominative,Nominatif,Neuter,Neutre,
28,_____ Problem ist nicht einfach.,Dieses,Dieses Problem ist nicht einfach.,This problem is not easy.,Ce problème n’est pas facile.,Nominative,Nominatif,Neuter,Neutre,
28,_____ Bücher sind sehr hilfreich.,Diese,Diese Bücher sind sehr hilfreich.,These books are very helpful.,Ces livres sont très utiles.,Nominative,Nominatif,Plural,Pluriel,
28,_____ Kinder machen viel Lärm.,Diese,Diese Kinder machen viel Lärm.,These children make a lot of noise.,Ces enfants font beaucoup de bruit.,Nominative,Nominatif,Plural,Pluriel,
28,_____ Schuhe passen mir nicht.,Diese,Diese Schuhe passen mir nicht.,These shoes don't fit me.,Ces chaussures ne me vont pas.,Nominative,Nominatif,Plural,Pluriel,
28,_____ Leute warten auf den Bus.,Diese,Diese Leute warten auf den Bus.,These people are waiting for the bus.,Ces gens attendent le bus.,Nominative,Nominatif,Plural,Pluriel,
28,_____ Bilder gefallen mir besonders gut.,Diese,Diese Bilder gefallen mir besonders gut.,I particularly like these pictures.,J'aime particulièrement ces photos.,Nominative,Nominatif,Plural,Pluriel,
28,Ich sehe _____ Mann jeden Tag.,diesen,Ich sehe diesen Mann jeden Tag.,I see this man every day.,Je vois cet homme tous les jours.,Accusative,Accusatif,Masculine,Masculin,
28,Wir treffen _____ Lehrer im Park.,diesen,Wir treffen diesen Lehrer im Park.,We meet this teacher in the park.,Nous rencontrons ce professeur dans le parc.,Accusative,Accusatif,Masculine,Masculin,
28,Magst du _____ Film wirklich?,diesen,Magst du diesen Film wirklich?,Do you really like this movie?,Aimez-vous vraiment ce film ?,Accusative,Accusatif,Masculine,Masculin,
28,Ich nehme _____ Apfel.,diesen,Ich nehme diesen Apfel.,I'll take this apple.,Je prendrai cette pomme.,Accusative,Accusatif,Masculine,Masculin,
28,Kennst du _____ Hund?,diesen,Kennst du diesen Hund?,Do you know this dog?,Connaissez-vous ce chien ?,Accusative,Accusatif,Masculine,Masculin,
28,Ich kenne _____ Frau gut.,diese,Ich kenne diese Frau gut.,I know this woman well.,Je connais bien cette femme.,Accusative,Accusatif,Feminine,Féminin,
28,Wir besuchen _____ Schule morgen.,diese,Wir besuchen diese Schule morgen.,We'll visit this school tomorrow.,Nous visiterons cette école demain.,Accusative,Accusatif,Feminine,Féminin,
28,Ich nehme _____ Jacke.,diese,Ich nehme diese Jacke.,I'll take this jacket.,Je prendrai cette veste.,Accusative,Accusatif,Feminine,Féminin,
28,Magst du _____ Musik?,diese,Magst du diese Musik?,Do you like this music?,Aimez-vous cette musique?,Accusative,Accusatif,Feminine,Féminin,
28,Er beantwortet _____ Frage sofort.,diese,Er beantwortet diese Frage sofort.,He answers this question immediately.,Il répond immédiatement à cette question.,Accusative,Accusatif,Feminine,Féminin,
28,Ich lese _____ Buch gerade.,dieses,Ich lese dieses Buch gerade.,I am reading this book right now.,Je suis en train de lire ce livre en ce moment.,Accusative,Accusatif,Neuter,Neutre,
28,Kannst du _____ Kind sehen?,dieses,Kannst du dieses Kind sehen?,Can you see this child?,Peux-tu voir cet enfant ?,Accusative,Accusatif,Neuter,Neutre,
28,Wir kaufen _____ Auto.,dieses,Wir kaufen dieses Auto.,We are buying this car.,Nous achetons cette voiture.,Accusative,Accusatif,Neuter,Neutre,
28,Er versteht _____ Problem nicht.,dieses,Er versteht dieses Problem nicht.,He doesn't understand this problem.,Il ne comprend pas ce problème.,Accusative,Accusatif,Neuter,Neutre,
28,Sie isst _____ Brot zum Frühstück.,dieses,Sie isst dieses Brot zum Frühstück.,She eats this bread for breakfast.,Elle mange ce pain au petit déjeuner.,Accusative,Accusatif,Neuter,Neutre,
28,Ich sehe _____ Leute oft im Café.,diese,Ich sehe diese Leute oft im Café.,I often see these people at the café.,Je vois souvent ces gens au café.,Accusative,Accusatif,Plural,Pluriel,
28,Wir kaufen _____ Schuhe morgen.,diese,Wir kaufen diese Schuhe morgen.,We are buying these shoes tomorrow.,Nous achèterons ces chaussures demain.,Accusative,Accusatif,Plural,Pluriel,
28,Kennst du _____ Bücher?,diese,Kennst du diese Bücher?,Do you know these books?,Connaissez-vous ces livres ?,Accusative,Accusatif,Plural,Pluriel,
28,Er fotografiert _____ Tiere im Zoo.,diese,Er fotografiert diese Tiere im Zoo.,He photographs these animals at the zoo.,Il photographie ces animaux au zoo.,Accusative,Accusatif,Plural,Pluriel,
28,Sie hört _____ Lieder jeden Tag.,diese,Sie hört diese Lieder jeden Tag.,She listens to these songs every day.,Elle écoute ces chansons tous les jours.,Accusative,Accusatif,Plural,Pluriel,
28,Ich helfe _____ Mann sofort.,diesem,Ich helfe diesem Mann sofort.,I help this man immediately.,J'aide cet homme immédiatement.,Dative,Datif,Masculine,Masculin,
28,Wir danken _____ Lehrer für die Hilfe.,diesem,Wir danken diesem Lehrer für die Hilfe.,We thank this teacher for his help.,Nous remercions ce professeur pour son aide.,Dative,Datif,Masculine,Masculin,
28,Er gibt dem Ball zu _____ Jungen.,diesem,Er gibt dem Ball zu diesem Jungen.,He gives the ball to this boy.,Il donne le ballon à ce garçon.,Dative,Datif,Masculine,Masculin,
28,Mit _____ Hund gehe ich oft spazieren.,diesem,Mit diesem Hund gehe ich oft spazieren.,I often walk this dog.,Je promène souvent ce chien.,Dative,Datif,Masculine,Masculin,
28,Ich spreche mit _____ Freund über das Problem.,diesem,Ich spreche mit diesem Freund über das Problem.,I talk to this friend about the problem.,Je parle du problème à cet ami.,Dative,Datif,Masculine,Masculin,
28,Ich vertraue _____ Frau.,dieser,Ich vertraue dieser Frau.,I trust this woman.,J'ai confiance en cette femme.,Dative,Datif,Feminine,Féminin,
28,Wir helfen _____ Lehrerin gern.,dieser,Wir helfen dieser Lehrerin gern.,We like to help this teacher.,Nous aimerions aider ce professeur.,Dative,Datif,Feminine,Féminin,
28,Er schreibt _____ Freundin eine Nachricht.,dieser,Er schreibt dieser Freundin eine Nachricht.,He writes a message to this friend.,Il écrit un message à cet ami.,Dative,Datif,Feminine,Féminin,
28,Mit _____ Lampe kann man gut lesen.,dieser,Mit dieser Lampe kann man gut lesen.,This lamp is easy to read.,Cette lampe est facile à lire.,Dative,Datif,Feminine,Féminin,
28,Ich spreche oft mit _____ Kollegin.,dieser,Ich spreche oft mit dieser Kollegin.,I often talk to this colleague.,Je parle souvent à ce collègue.,Dative,Datif,Feminine,Féminin,
28,Ich gebe _____ Kind ein Geschenk.,diesem,Ich gebe diesem Kind ein Geschenk.,I give this child a present.,Je donne un cadeau à cet enfant.,Dative,Datif,Neuter,Neutre,
28,Wir folgen _____ Auto bis zur Kreuzung.,diesem,Wir folgen diesem Auto bis zur Kreuzung.,We follow this car to the intersection.,Nous suivons cette voiture jusqu'à l'intersection.,Dative,Datif,Neuter,Neutre,
28,Mit _____ Buch lerne ich Deutsch.,diesem,Mit diesem Buch lerne ich Deutsch.,I am learning German with this book.,J'apprends l'allemand avec ce livre.,Dative,Datif,Neuter,Neutre,
28,Er vertraut _____ System nicht.,diesem,Er vertraut diesem System nicht.,He doesn't trust this system.,Il ne fait pas confiance à ce système.,Dative,Datif,Neuter,Neutre,
28,Ich spiele mit _____ Spielzeug.,diesem,Ich spiele mit diesem Spielzeug.,I play with this toy.,Je joue avec ce jouet.,Dative,Datif,Neuter,Neutre,
28,Ich danke _____ Leuten für ihre Hilfe.,diesen,Ich danke diesen Leuten für ihre Hilfe.,I thank these people for their help.,Je remercie ces personnes pour leur aide.,Dative,Datif,Plural,Pluriel,
28,Er hilft _____ Kindern bei den Hausaufgaben.,diesen,Er hilft diesen Kindern bei den Hausaufgaben.,He helps these children with their homework.,Il aide ces enfants à faire leurs devoirs.,Dative,Datif,Plural,Pluriel,
28,Wir sprechen mit _____ Freunden über das Wochenende.,diesen,Wir sprechen mit diesen Freunden über das Wochenende.,We talk to these friends about the weekend.,Nous parlons du week-end avec ces amis.,Dative,Datif,Plural,Pluriel,
28,Sie gibt _____ Tieren jeden Tag Futter.,diesen,Sie gibt diesen Tieren jeden Tag Futter.,She feeds these animals every day.,Elle nourrit ces animaux tous les jours.,Dative,Datif,Plural,Pluriel,
28,Mit _____ Büchern kannst du viel lernen.,diesen,Mit diesen Büchern kannst du viel lernen.,You can learn a lot with these books.,Vous pouvez apprendre beaucoup avec ces livres.,Dative,Datif,Plural,Pluriel,
29,,jeder,jede,each,chaque,Nominative,Nominatif,Masculine,Masculin,
29,,jede,jede,each,chaque,Nominative,Nominatif,Feminine,Féminin,
29,,jedes,jede,each,chaque,Nominative,Nominatif,Neuter,Neutre,
29,,jeden,jede,each,chaque,Accusative,Accusatif,Masculine,Masculin,
29,,jede,jede,each,chaque,Accusative,Accusatif,Feminine,Féminin,
29,,jedes,jede,each,chaque,Accusative,Accusatif,Neuter,Neutre,
29,,jedem,jede,each,chaque,Dative,Datif,Masculine,Masculin,
29,,jeder,jede,each,chaque,Dative,Datif,Feminine,Féminin,
29,,jedem,jede,each,chaque,Dative,Datif,Neuter,Neutre,
30,_____ Mann braucht eine Pause.,Jeder,Jeder Mann braucht eine Pause.,Every man needs a break.,Chaque homme a besoin d’une pause.,Nominative,Nominatif,Masculine,Masculin,
30,_____ Schüler bekommt ein Buch.,Jeder,Jeder Schüler bekommt ein Buch.,Every student gets a book.,Chaque étudiant reçoit un livre.,Nominative,Nominatif,Masculine,Masculin,
30,_____ Tag bringt etwas Neues.,Jeder,Jeder Tag bringt etwas Neues.,Every day brings something new.,Chaque jour apporte quelque chose de nouveau.,Nominative,Nominatif,Masculine,Masculin,
30,_____ Hund hat einen Namen.,Jeder,Jeder Hund hat einen Namen.,Every dog has a name.,Chaque chien a un nom.,Nominative,Nominatif,Masculine,Masculin,
30,_____ Lehrer erklärt das Thema anders.,Jeder,Jeder Lehrer erklärt das Thema anders.,Every teacher explains the topic differently.,Chaque enseignant explique le sujet différemment.,Nominative,Nominatif,Masculine,Masculin,
30,_____ Frau bekommt ein Geschenk.,Jede,Jede Frau bekommt ein Geschenk.,Every woman receives a gift.,Chaque femme reçoit un cadeau.,Nominative,Nominatif,Feminine,Féminin,
30,_____ Schülerin muss die Aufgabe machen.,Jede,Jede Schülerin muss die Aufgabe machen.,Every student must do the assignment.,Chaque étudiant doit faire le devoir.,Nominative,Nominatif,Feminine,Féminin,
30,_____ Stadt hat ihre Geschichte.,Jede,Jede Stadt hat ihre Geschichte.,Every city has its story.,Chaque ville a son histoire.,Nominative,Nominatif,Feminine,Féminin,
30,_____ Blume braucht Wasser.,Jede,Jede Blume braucht Wasser.,Every flower needs water.,Chaque fleur a besoin d'eau.,Nominative,Nominatif,Feminine,Féminin,
30,_____ Mutter liebt ihr Kind.,Jede,Jede Mutter liebt ihr Kind.,Every mother loves her child.,Chaque mère aime son enfant.,Nominative,Nominatif,Feminine,Féminin,
30,_____ Kind spielt gern draußen.,Jedes,Jedes Kind spielt gern draußen.,Every child loves playing outside.,Chaque enfant aime jouer dehors.,Nominative,Nominatif,Neuter,Neutre,
30,_____ Haus hat ein Dach.,Jedes,Jedes Haus hat ein Dach.,Every house has a roof.,Chaque maison a un toit.,Nominative,Nominatif,Neuter,Neutre,
30,_____ Buch in dieser Reihe ist spannend.,Jedes,Jedes Buch in dieser Reihe ist spannend.,Every book in this series is exciting.,Chaque livre de cette série est passionnant.,Nominative,Nominatif,Neuter,Neutre,
30,_____ Tier braucht Futter.,Jedes,Jedes Tier braucht Futter.,Every animal needs food.,Chaque animal a besoin de nourriture.,Nominative,Nominatif,Neuter,Neutre,
30,_____ Zimmer hat ein Fenster.,Jedes,Jedes Zimmer hat ein Fenster.,Every room has a window.,Chaque pièce dispose d'une fenêtre.,Nominative,Nominatif,Neuter,Neutre,
30,Ich sehe _____ Tag meinen Freund.,jeden,Ich sehe jeden Tag meinen Freund.,I see my boyfriend every day.,Je vois mon petit ami tous les jours.,Accusative,Accusatif,Masculine,Masculin,
30,Wir besuchen _____ Sonntag unsere Großeltern.,jeden,Wir besuchen jeden Sonntag unsere Großeltern.,We visit our grandparents every Sunday.,Nous rendons visite à nos grands-parents tous les dimanches.,Accusative,Accusatif,Masculine,Masculin,
30,Sie trifft _____ Lehrer einzeln.,jeden,Sie trifft jeden Lehrer einzeln.,She meets each teacher individually.,Elle rencontre chaque enseignant individuellement.,Accusative,Accusatif,Masculine,Masculin,
30,Ich nehme _____ Apfel aus dem Korb.,jeden,Ich nehme jeden Apfel aus dem Korb.,I take every apple from the basket.,Je prends toutes les pommes du panier.,Accusative,Accusatif,Masculine,Masculin,
30,Er ruft _____ Morgen seine Mutter an.,jeden,Er ruft jeden Morgen seine Mutter an.,He calls his mother every morning.,Il appelle sa mère tous les matins.,Accusative,Accusatif,Masculine,Masculin,
30,Ich besuche _____ Woche meine Oma.,jede,Ich besuche jede Woche meine Oma.,I visit my grandmother every week.,Je rends visite à ma grand-mère chaque semaine.,Accusative,Accusatif,Feminine,Féminin,
30,Er kennt _____ Lehrerin an der Schule.,jede,Er kennt jede Lehrerin an der Schule.,He knows every teacher at school.,Il connaît tous les professeurs de l’école.,Accusative,Accusatif,Feminine,Féminin,
30,Sie liest _____ Zeitung am Morgen.,jede,Sie liest jede Zeitung am Morgen.,She reads every newspaper in the morning.,Elle lit tous les journaux le matin.,Accusative,Accusatif,Feminine,Féminin,
30,Wir brauchen _____ Information.,jede,Wir brauchen jede Information.,We need every piece of information.,Nous avons besoin de chaque information.,Accusative,Accusatif,Feminine,Féminin,
30,Ich höre _____ Musikrichtung gern.,jede,Ich höre jede Musikrichtung gern.,I enjoy listening to every type of music.,J'aime écouter tous les types de musique.,Accusative,Accusatif,Feminine,Féminin,
30,Ich lese _____ Buch in der Reihe.,jedes,Ich lese jedes Buch in der Reihe.,I read every book in the series.,J'ai lu tous les livres de la série.,Accusative,Accusatif,Neuter,Neutre,
30,Sie versteht _____ Wort.,jedes,Sie versteht jedes Wort.,She understands every word.,Elle comprend chaque mot.,Accusative,Accusatif,Neuter,Neutre,
30,Wir besuchen _____ Museum in der Stadt.,jedes,Wir besuchen jedes Museum in der Stadt.,We visit every museum in the city.,Nous visitons tous les musées de la ville.,Accusative,Accusatif,Neuter,Neutre,
30,Er liebt _____ Tier.,jedes,Er liebt jedes Tier.,He loves every animal.,Il aime tous les animaux.,Accusative,Accusatif,Neuter,Neutre,
30,Ich kenne _____ Lied auf dem Album.,jedes,Ich kenne jedes Lied auf dem Album.,I know every song on the album.,Je connais toutes les chansons de l'album.,Accusative,Accusatif,Neuter,Neutre,
30,"Ich helfe _____ Mann, der fragt.",jedem,"Ich helfe jedem Mann, der fragt.",I help every man who asks.,J'aide chaque homme qui le demande.,Dative,Datif,Masculine,Masculin,
30,Wir danken _____ Lehrer für die Unterstützung.,jedem,Wir danken jedem Lehrer für die Unterstützung.,We thank every teacher for their support.,Nous remercions chaque enseignant pour son soutien.,Dative,Datif,Masculine,Masculin,
30,Er gibt _____ Freund ein Geschenk.,jedem,Er gibt jedem Freund ein Geschenk.,He gives every friend a gift.,Il offre un cadeau à chaque ami.,Dative,Datif,Masculine,Masculin,
30,Mit _____ Hund geht sie spazieren.,jedem,Mit jedem Hund geht sie spazieren.,She walks every dog.,Elle promène tous les chiens.,Dative,Datif,Masculine,Masculin,
30,Ich spreche mit _____ Schüler.,jedem,Ich spreche mit jedem Schüler.,I talk to every student.,Je parle à chaque étudiant.,Dative,Datif,Masculine,Masculin,
30,Ich erzähle es _____ Frau.,jeder,Ich erzähle es jeder Frau.,I tell every woman.,Je le dis à toutes les femmes.,Dative,Datif,Feminine,Féminin,
30,Wir helfen _____ Schülerin bei den Aufgaben.,jeder,Wir helfen jeder Schülerin bei den Aufgaben.,We help every student with their homework.,Nous aidons chaque élève avec ses devoirs.,Dative,Datif,Feminine,Féminin,
30,Er gibt _____ Mutter eine Rose.,jeder,Er gibt jeder Mutter eine Rose.,He gives every mother a rose.,Il offre une rose à chaque mère.,Dative,Datif,Feminine,Féminin,
30,Mit _____ Kollegin spricht er freundlich.,jeder,Mit jeder Kollegin spricht er freundlich.,He speaks kindly to every colleague.,Il parle gentiment à chaque collègue.,Dative,Datif,Feminine,Féminin,
30,Ich schreibe _____ Freundin einen Brief.,jeder,Ich schreibe jeder Freundin einen Brief.,I write every friend a letter.,J'écris une lettre à chaque ami.,Dative,Datif,Feminine,Féminin,
30,Ich gebe _____ Kind ein Eis.,jedem,Ich gebe jedem Kind ein Eis.,I give every child an ice cream.,Je donne une glace à chaque enfant.,Dative,Datif,Neuter,Neutre,
30,Mit _____ Buch lerne ich etwas Neues.,jedem,Mit jedem Buch lerne ich etwas Neues.,I learn something new with every book.,J'apprends quelque chose de nouveau avec chaque livre.,Dative,Datif,Neuter,Neutre,
30,Wir helfen _____ Tier im Tierheim.,jedem,Wir helfen jedem Tier im Tierheim.,We help every animal in the shelter.,Nous aidons tous les animaux du refuge.,Dative,Datif,Neuter,Neutre,
30,Er vertraut _____ System blind.,jedem,Er vertraut jedem System blind.,He trusts every system blindly.,Il fait aveuglément confiance à chaque système.,Dative,Datif,Neuter,Neutre,
30,Ich spiele mit _____ Spielzeug gern.,jedem,Ich spiele mit jedem Spielzeug gern.,I enjoy playing with every toy.,J'aime jouer avec tous les jouets.,Dative,Datif,Neuter,Neutre,
31,,viel,,"a lot, much",beaucoup de (indénombrable),,,,,
31,,viele,,many,"beaucoup de, de nombreux (dénombrable)",,,,,
31,,wenig,,"few, little","peu, pas beaucoup de (indénombrable)",,,,,
31,,wenige,,few,"peu, pas beaucoup de (dénombrable)",,,,,
31,,manche,,"some, several","certains, plusieurs",,,,,
31,,mehr,,more,plus de,,,,,
31,,weniger,,"fewer, less",moins de,,,,,
31,,andere,,others,d'autres,,,,,
31,,beide,,both,les deux,,,,,
31,,ein paar,,"a couple of, a few",quelques,,,,,
31,,genug,,enough,assez de,,,,,
32,Ich möchte _____ Zeit zum Lernen haben.,mehr,Ich möchte mehr Zeit zum Lernen haben.,I would like to have more time to study.,J'aimerais avoir plus de temps pour étudier.,,,,,
32,Kannst du mir _____ Informationen geben?,mehr,Kannst du mir mehr Informationen geben?,Can you give me more information?,Pouvez-vous me donner plus d'informations ?,,,,,
32,Er verbringt _____ Zeit als zuvor.,mehr,Er verbringt mehr Zeit als zuvor.,He spends more time than before.,Il passe plus de temps qu'avant.,,,,,
32,Ich brauche _____ Geduld mit diesem Projekt.,mehr,Ich brauche mehr Geduld mit diesem Projekt.,I need more patience with this project.,J'ai besoin de plus de patience avec ce projet.,,,,,
32,Es gibt immer _____ Autos auf den Straßen.,mehr,Es gibt immer mehr Autos auf den Straßen.,There are more and more cars on the streets.,Il y a de plus en plus de voitures dans les rues.,,,,,
32,"Er hat _____ Geld, aber er gibt wenig aus.",viel,"Er hat viel Geld, aber er gibt wenig aus.","He has a lot of money, but he spends little.","Il a beaucoup d’argent, mais il dépense peu.",,,,,
32,"Ich trinke _____ Wasser, weil es gesund ist.",viel,"Ich trinke viel Wasser, weil es gesund ist.",I drink a lot of water because it is healthy.,Je bois beaucoup d’eau parce que c’est sain.,,,,,
32,Es gibt _____ Verkehr in der Stadt am Morgen.,viel,Es gibt viel Verkehr in der Stadt am Morgen.,There is a lot of traffic in the city in the morning.,Il y a beaucoup de circulation dans la ville le matin.,,,,,
32,Sie lernt _____ für die Prüfung nächste Woche.,viel,Sie lernt viel für die Prüfung nächste Woche.,She studies a lot for the exam next week.,Elle étudie beaucoup pour l'examen de la semaine prochaine.,,,,,
32,Wir haben _____ Spaß im Urlaub gehabt.,viel,Wir haben viel Spaß im Urlaub gehabt.,We had a lot of fun on vacation.,Nous avons eu beaucoup de plaisir pendant les vacances.,,,,,
32,"Manche Leute mögen Pizza, _____ bevorzugen Pasta.",andere,"Manche Leute mögen Pizza, andere bevorzugen Pasta.","Some people like pizza, others prefer pasta.","Certaines personnes aiment la pizza, d’autres préfèrent les pâtes.",,,,,
32,"Einige arbeiten gerne im Büro, _____ lieber von zu Hause aus.",andere,"Einige arbeiten gerne im Büro, andere lieber von zu Hause aus.","Some like working in the office, others prefer working from home.","Certains aiment travailler au bureau, d’autres préfèrent travailler à domicile.",,,,,
32,"Manche Tiere sind tagaktiv, _____ sind nachtaktiv.",andere,"Manche Tiere sind tagaktiv, andere sind nachtaktiv.","Some animals are active during the day, others are active at night.","Certains animaux sont actifs pendant la journée, d’autres sont actifs la nuit.",,,,,
32,"Einige Schüler lernen schnell, _____ brauchen mehr Zeit.",andere,"Einige Schüler lernen schnell, andere brauchen mehr Zeit.","Some students learn quickly, others need more time.","Certains élèves apprennent rapidement, d’autres ont besoin de plus de temps.",,,,,
32,"Einige mögen klassische Musik, _____ hören lieber Pop.",andere,"Einige mögen klassische Musik, andere hören lieber Pop.","Some like classical music, others prefer listening to pop.","Certains aiment la musique classique, d’autres préfèrent écouter de la pop.",,,,,
32,_____ Eltern arbeiten in einem Krankenhaus.,Beide,Beide Eltern arbeiten in einem Krankenhaus.,Both parents work in a hospital.,Les deux parents travaillent dans un hôpital.,,,,,
32,Ich habe _____ Bücher gelesen.,beide,Ich habe beide Bücher gelesen.,I have read both books.,J'ai lu les deux livres.,,,,,
32,Er hat mit _____ Freunden gesprochen.,beiden,Er hat mit beiden Freunden gesprochen.,He talked to both friends.,Il a parlé aux deux amis.,,,,,
32,_____ Städte sind sehr schön.,Beide,Beide Städte sind sehr schön.,Both cities are very beautiful.,Les deux villes sont très belles.,,,,,
32,Der Preis _____ Autos ist sehr hoch.,beider,Der Preis beider Autos ist sehr hoch.,The price of both cars is very high.,Le prix des deux voitures est très élevé.,,,,,
32,_____ Leute fahren im Sommer ans Meer.,Viele,Viele Leute fahren im Sommer ans Meer.,Many people go to the sea in summer.,Beaucoup de gens vont à la mer en été.,,,,,
32,Ich habe _____ Bücher in meinem Regal.,viele,Ich habe viele Bücher in meinem Regal.,I have many books on my shelf.,J'ai beaucoup de livres sur mon étagère.,,,,,
32,Er kennt _____ interessante Geschichten.,viele,Er kennt viele interessante Geschichten.,He knows many interesting stories.,Il connaît beaucoup d'histoires intéressantes.,,,,,
32,_____ Kinder spielen gerne im Park.,Viele,Viele Kinder spielen gerne im Park.,Many children like to play in the park.,Beaucoup d’enfants aiment jouer dans le parc.,,,,,
32,In dieser Stadt gibt es _____ Museen.,viele,In dieser Stadt gibt es viele Museen.,There are many museums in this city.,Il y a de nombreux musées dans cette ville.,,,,,
32,_____ Menschen verstehen diese Sprache.,Wenige,Wenige Menschen verstehen diese Sprache.,Few people understand this language.,Peu de gens comprennent cette langue.,,,,,
32,_____ Schüler haben die Prüfung bestanden.,Wenige,Wenige Schüler haben die Prüfung bestanden.,Few students passed the exam.,Peu d’étudiants ont réussi l’examen.,,,,,
32,Es gibt nur _____ Plätze im Bus.,wenige,Es gibt nur wenige Plätze im Bus.,There are only a few seats on the bus.,Il n'y a que quelques sièges dans le bus.,,,,,
32,"_____ wissen, wie schwierig es war.",Wenige,"Wenige wissen, wie schwierig es war.",Few know how difficult it was.,Peu de gens savent à quel point cela a été difficile.,,,,,
32,In diesem Dorf gibt es nur _____ Geschäfte.,wenige,In diesem Dorf gibt es nur wenige Geschäfte.,There are only a few shops in this village.,Il n'y a que quelques commerces dans ce village.,,,,,
32,_____ Leute mögen keinen Kaffee.,Manche,Manche Leute mögen keinen Kaffee.,Some people don't like coffee.,Certaines personnes n'aiment pas le café.,,,,,
32,Ich kenne _____ dieser Geschichten.,manche,Ich kenne manche dieser Geschichten.,I know some of these stories.,Je connais certaines de ces histoires.,,,,,
32,Mit _____ Problemen muss man alleine klarkommen.,manchen,Mit manchen Problemen muss man alleine klarkommen.,"With some problems, you have to cope alone.",Certains problèmes sont à résoudre seul.,,,,,
32,_____ Tage sind schwieriger als andere.,Manche,Manche Tage sind schwieriger als andere.,Some days are harder than others.,Certains jours sont plus difficiles que d’autres.,,,,,
32,Der Wert _____ Dinge steigt mit der Zeit.,mancher,Der Wert mancher Dinge steigt mit der Zeit.,The value of some things increases over time.,La valeur de certaines choses augmente avec le temps.,,,,,
32,Ich habe heute _____ Zeit.,wenig,Ich habe heute wenig Zeit.,I have little time today.,J'ai peu de temps aujourd'hui.,,,,,
32,Er isst nur _____ Fleisch.,wenig,Er isst nur wenig Fleisch.,He eats only a little meat.,Il mange seulement un peu de viande.,,,,,
32,Es gibt _____ Schnee in diesem Winter.,wenig,Es gibt wenig Schnee in diesem Winter.,There is little snow this winter.,Il y a peu de neige cet hiver.,,,,,
32,"Sie spricht _____ Deutsch, aber sie lernt.",wenig,"Sie spricht wenig Deutsch, aber sie lernt.","She speaks little German, but she is learning.","Elle parle peu allemand, mais elle apprend.",,,,,
32,"Ich habe _____ Lust, heute Abend auszugehen.",wenig,"Ich habe wenig Lust, heute Abend auszugehen.",I have little desire to go out tonight.,J'ai peu envie de sortir ce soir.,,,,,
32,In diesem Jahr gab es _____ Regen.,weniger,In diesem Jahr gab es weniger Regen.,There was less rain this year.,Il y a eu moins de pluie cette année.,,,,,
32,Wir haben _____ Zeit für das Projekt.,weniger,Wir haben weniger Zeit für das Projekt.,We have less time for the project.,Nous avons moins de temps pour le projet.,,,,,
32,Sie hat _____ Freunde in der neuen Stadt.,weniger,Sie hat weniger Freunde in der neuen Stadt.,She has fewer friends in the new city.,Elle a moins d’amis dans la nouvelle ville.,,,,,
32,Ich werde _____ Fleisch essen.,weniger,Ich werde weniger Fleisch essen.,I will eat less meat.,Je mangerai moins de viande.,,,,,
32,Können Sie dieses Gericht mit _____ Sauce kochen?,weniger,Können Sie dieses Gericht mit weniger Sauce kochen?,Can you cook this dish with less sauce?,Pouvez-vous cuisiner ce plat avec moins de sauce ?,,,,,
32,Ich habe _____ Freunde in Berlin.,ein paar,Ich habe ein paar Freunde in Berlin.,I have a couple of friends in Berlin.,J'ai quelques amis à Berlin.,,,,,
32,Er hat _____ Bücher auf dem Tisch.,ein paar,Er hat ein paar Bücher auf dem Tisch.,He has a couple of books on the table.,Il a quelques livres sur la table.,,,,,
32,Kannst du mir _____ Äpfel kaufen?,ein paar,Kannst du mir ein paar Äpfel kaufen?,Can you buy me a few apples?,Peux-tu m'acheter quelques pommes ?,,,,,
32,Wir müssen _____ Minuten warten.,ein paar,Wir müssen ein paar Minuten warten.,We have to wait a couple of minutes.,Nous devons attendre quelques minutes.,,,,,
32,Ich habe _____ neue Wörter gelernt.,ein paar,Ich habe ein paar neue Wörter gelernt.,I learned a few new words.,J'ai appris quelques nouveaux mots.,,,,,
32,"Ich habe _____ Zeit, um dir zu helfen.",genug,"Ich habe genug Zeit, um dir zu helfen.",I have enough time to help you.,J'ai assez de temps pour t'aider.,,,,,
32,Wir haben _____ Brot für das Frühstück.,genug,Wir haben genug Brot für das Frühstück.,We have enough bread for breakfast.,Nous avons assez de pain pour le petit-déjeuner.,,,,,
32,Hast du _____ Geld für das Ticket?,genug,Hast du genug Geld für das Ticket?,Do you have enough money for the ticket?,As-tu assez d'argent pour le billet ?,,,,,
32,Im Kühlschrank sind _____ Eier für einen Kuchen.,genug,Im Kühlschrank sind genug Eier für einen Kuchen.,There are enough eggs in the refrigerator for a cake.,Il y a assez d'œufs dans le réfrigérateur pour un gâteau.,,,,,
32,Es gibt _____ Plätze für alle Gäste.,genug,Es gibt genug Plätze für alle Gäste.,There are enough seats for all the guests.,Il y a assez de places pour tous les invités.,,,,,
33,,keines,kein,no,pas,Genitive,Génitif,Masculine,Masculin,
33,,keines,kein,no,pas,Genitive,Génitif,Neuter,Neutre,
33,,keiner,kein,no,pas,Genitive,Génitif,Feminine,Féminin,
33,,keiner,kein,no,pas,Genitive,Génitif,Plural,Pluriel,
33,,des,der,the,du/de la,Genitive,Génitif,Masculine,Masculin,
33,,des,das,the,du/de la,Genitive,Génitif,Neuter,Neutre,
33,,der,die,the,du/de la,Genitive,Génitif,Feminine,Féminin,
33,,der,die,the,des,Genitive,Génitif,Plural,Pluriel,
33,,eines,ein,a,un,Genitive,Génitif,Masculine,Masculin,
33,,eines,ein,a,un,Genitive,Génitif,Neuter,Neutre,
33,,einer,ein,a,un,Genitive,Génitif,Feminine,Féminin,
34,Trotz _____ Beweises wurde er freigesprochen.,keines,Trotz keines Beweises wurde er freigesprochen.,"Despite no evidence, he was acquitted.","Malgré l'absence de preuves, il a été acquitté.",Genitive,Génitif,Masculine,Masculin,
34,Die Meinung _____ Experten konnte ihn überzeugen.,keines,Die Meinung keines Experten konnte ihn überzeugen.,No expert's opinion could convince him.,Aucun avis d’expert n’a pu le convaincre.,Genitive,Génitif,Masculine,Masculin,
34,Ich erinnere mich _____ Fehlers in diesem Text.,keines,Ich erinnere mich keines Fehlers in diesem Text.,I don't remember any error in this text.,Je ne me souviens d'aucune erreur dans ce texte.,Genitive,Génitif,Masculine,Masculin,
34,Wegen _____ Problems haben wir den Termin verschoben.,keines,Wegen keines Problems haben wir den Termin verschoben.,We didn't postpone the meeting because of any problem.,Nous n’avons pas reporté la réunion à cause d’un quelconque problème.,Genitive,Génitif,Masculine,Masculin,
34,Die Entscheidung wurde im Namen _____ Beteiligten getroffen.,keines,Die Entscheidung wurde im Namen keines Beteiligten getroffen.,The decision was not made on behalf of any party.,La décision n’a été prise au nom d’aucune partie.,Genitive,Génitif,Masculine,Masculin,
34,Trotz _____ Anzeichens blieb er misstrauisch.,keines,Trotz keines Anzeichens blieb er misstrauisch.,"Despite no indication, he remained suspicious.","Malgré aucune indication, il restait méfiant.",Genitive,Génitif,Neuter,Neutre,
34,Die Lösung _____ Problems war so einfach.,keines,Die Lösung keines Problems war so einfach.,The solution to no problem was so simple.,La solution à aucun problème n’était si simple.,Genitive,Génitif,Neuter,Neutre,
34,Wir bedürfen _____ weiteren Kommentars.,keines,Wir bedürfen keines weiteren Kommentars.,We need no further comment.,Nous n’avons pas besoin de plus de commentaires.,Genitive,Génitif,Neuter,Neutre,
34,_____ dieser Themen interessiert mich.,Keines,Keines dieser Themen interessiert mich.,None of these topics interests me.,Aucun de ces sujets ne m'intéresse.,Genitive,Génitif,Neuter,Neutre,
34,Die Bedeutung _____ Wörterbuchs ist zu unterschätzen.,keines,Die Bedeutung keines Wörterbuchs ist zu unterschätzen.,The importance of no dictionary should be underestimated.,L’importance de ne pas avoir de dictionnaire ne doit pas être sous-estimée.,Genitive,Génitif,Neuter,Neutre,
34,Trotz _____ Hilfe hat er es geschafft.,keiner,Trotz keiner Hilfe hat er es geschafft.,"Despite no help, he succeeded.","Malgré aucune aide, il a réussi.",Genitive,Génitif,Feminine,Féminin,
34,Die Farbe _____ Blume war so schön wie diese.,keiner,Die Farbe keiner Blume war so schön wie diese.,The color of no flower was as beautiful as this one.,La couleur d’aucune fleur n’était aussi belle que celle-ci.,Genitive,Génitif,Feminine,Féminin,
34,Ich bin mir _____ Schuld bewusst.,keiner,Ich bin mir keiner Schuld bewusst.,I am not aware of any guilt.,Je n’ai conscience d’aucune culpabilité.,Genitive,Génitif,Feminine,Féminin,
34,Die Entscheidung wurde ohne Zustimmung _____ Kollegin getroffen.,keiner,Die Entscheidung wurde ohne Zustimmung keiner Kollegin getroffen.,The decision was not made without the consent of any colleague.,La décision n’a pas été prise sans le consentement d’un quelconque collègue.,Genitive,Génitif,Feminine,Féminin,
34,Die Lösung entsprach den Erwartungen _____ Partei.,keiner,Die Lösung entsprach den Erwartungen keiner Partei.,The solution did not meet the expectations of any party.,La solution n’a répondu aux attentes d’aucune des parties.,Genitive,Génitif,Feminine,Féminin,
34,Die Stimmen _____ Gäste waren zu hören.,keiner,Die Stimmen keiner Gäste waren zu hören.,No guests' voices were heard.,Aucune voix d'invité n'a été entendue.,Genitive,Génitif,Plural,Pluriel,
34,Trotz _____ Hinweise wurde die Suche fortgesetzt.,keiner,Trotz keiner Hinweise wurde die Suche fortgesetzt.,"Despite no clues, the search continued.","Malgré l'absence d'indices, les recherches ont continué.",Genitive,Génitif,Plural,Pluriel,
34,Die Meinung _____ Experten wurde berücksichtigt.,keiner,Die Meinung keiner Experten wurde berücksichtigt.,No experts' opinions were taken into account.,Aucun avis d’expert n’a été pris en compte.,Genitive,Génitif,Plural,Pluriel,
34,Das Verhalten entsprach den Regeln _____ Organisationen.,keiner,Das Verhalten entsprach den Regeln keiner Organisationen.,The behavior did not conform to the rules of any organization.,Le comportement n’était conforme aux règles d’aucune organisation.,Genitive,Génitif,Plural,Pluriel,
34,Die Ergebnisse _____ Studien waren eindeutig.,keiner,Die Ergebnisse keiner Studien waren eindeutig.,The results of no studies were conclusive.,Les résultats d’aucune étude n’ont été concluants.,Genitive,Génitif,Plural,Pluriel,
34,Die Meinung _____ Lehrers war sehr hilfreich.,des,Die Meinung des Lehrers war sehr hilfreich.,The teacher's opinion was very helpful.,L'avis du professeur a été très utile.,Genitive,Génitif,Masculine,Masculin,
34,Ich erinnere mich an den Namen _____ Autors nicht.,des,Ich erinnere mich an den Namen des Autors nicht.,I don't remember the author's name.,Je ne me souviens pas du nom de l'auteur.,Genitive,Génitif,Masculine,Masculin,
34,Die Tür _____ Hauses war offen.,des,Die Tür des Hauses war offen.,The door of the house was open.,La porte de la maison était ouverte.,Genitive,Génitif,Masculine,Masculin,
34,Die Stimme _____ Mannes klang freundlich.,des,Die Stimme des Mannes klang freundlich.,The man's voice sounded friendly.,La voix de l’homme semblait amicale.,Genitive,Génitif,Masculine,Masculin,
34,Der Hund _____ Nachbarn bellt jede Nacht.,des,Der Hund des Nachbarn bellt jede Nacht.,The neighbor's dog barks every night.,Le chien du voisin aboie toutes les nuits.,Genitive,Génitif,Masculine,Masculin,
34,Die Farbe _____ Autos gefällt mir sehr.,des,Die Farbe des Autos gefällt mir sehr.,I really like the color of the car.,J'aime beaucoup la couleur de la voiture.,Genitive,Génitif,Neuter,Neutre,
34,Die Tür _____ Zimmers ist geschlossen.,des,Die Tür des Zimmers ist geschlossen.,The door of the room is closed.,La porte de la chambre est fermée.,Genitive,Génitif,Neuter,Neutre,
34,Die Bedeutung _____ Wortes ist unklar.,des,Die Bedeutung des Wortes ist unklar.,The meaning of the word is unclear.,Le sens du mot n'est pas clair.,Genitive,Génitif,Neuter,Neutre,
34,Die Qualität _____ Essens war hervorragend.,des,Die Qualität des Essens war hervorragend.,The quality of the food was excellent.,La qualité de la nourriture était excellente.,Genitive,Génitif,Neuter,Neutre,
34,Der Titel _____ Buches klingt interessant.,des,Der Titel des Buches klingt interessant.,The title of the book sounds interesting.,Le titre du livre semble intéressant.,Genitive,Génitif,Neuter,Neutre,
34,Die Farbe _____ Blume ist wunderschön.,der,Die Farbe der Blume ist wunderschön.,The color of the flower is beautiful.,La couleur de la fleur est belle.,Genitive,Génitif,Feminine,Féminin,
34,Das Ende _____ Geschichte war überraschend.,der,Das Ende der Geschichte war überraschend.,The ending of the story was surprising.,La fin de l’histoire était surprenante.,Genitive,Génitif,Feminine,Féminin,
34,Die Meinung _____ Lehrerin zählt viel.,der,Die Meinung der Lehrerin zählt viel.,The teacher's opinion counts a lot.,L'avis du professeur compte beaucoup.,Genitive,Génitif,Feminine,Féminin,
34,Die Tür _____ Wohnung war offen.,der,Die Tür der Wohnung war offen.,The door of the apartment was open.,La porte de l'appartement était ouverte.,Genitive,Génitif,Feminine,Féminin,
34,Der Klang _____ Musik hat mich berührt.,der,Der Klang der Musik hat mich berührt.,The sound of the music touched me.,Le son de la musique m'a touché.,Genitive,Génitif,Feminine,Féminin,
34,Die Bücher _____ Schüler liegen auf dem Tisch.,der,Die Bücher der Schüler liegen auf dem Tisch.,The students' books are on the table.,Les livres des élèves sont sur la table.,Genitive,Génitif,Plural,Pluriel,
34,Die Stimmen _____ Kinder waren laut.,der,Die Stimmen der Kinder waren laut.,The children's voices were loud.,Les voix des enfants étaient fortes.,Genitive,Génitif,Plural,Pluriel,
34,Die Ergebnisse _____ Prüfungen sind gut.,der,Die Ergebnisse der Prüfungen sind gut.,The exam results are good.,Les résultats des examens sont bons.,Genitive,Génitif,Plural,Pluriel,
34,Die Bedürfnisse _____ Menschen ändern sich.,der,Die Bedürfnisse der Menschen ändern sich.,People's needs change.,Les besoins des gens changent.,Genitive,Génitif,Plural,Pluriel,
34,Die Namen _____ Städte kenne ich nicht alle.,der,Die Namen der Städte kenne ich nicht alle.,I don't know all the names of the cities.,Je ne connais pas tous les noms des villes.,Genitive,Génitif,Plural,Pluriel,
34,Die Tasche _____ Mannes lag auf dem Stuhl.,eines,Die Tasche eines Mannes lag auf dem Stuhl.,A man's bag was on the chair.,Le sac d'un homme était sur la chaise.,Genitive,Génitif,Masculine,Masculin,
34,Die Idee _____ Freundes hat mir gefallen.,eines,Die Idee eines Freundes hat mir gefallen.,I liked a friend's idea.,J'ai aimé l'idée d'un ami.,Genitive,Génitif,Masculine,Masculin,
34,Das Verhalten _____ Hundes kann viel sagen.,eines,Das Verhalten eines Hundes kann viel sagen.,A dog's behavior can reveal a lot.,Le comportement d’un chien peut révéler beaucoup de choses.,Genitive,Génitif,Masculine,Masculin,
34,Die Meinung _____ Experten war entscheidend.,eines,Die Meinung eines Experten war entscheidend.,An expert's opinion was crucial.,L’avis d’un expert était crucial.,Genitive,Génitif,Masculine,Masculin,
34,Das Auto _____ Nachbarn wurde gestohlen.,eines,Das Auto eines Nachbarn wurde gestohlen.,A neighbor's car was stolen.,La voiture d'un voisin a été volée.,Genitive,Génitif,Masculine,Masculin,
34,Die Farbe _____ Autos sagt viel über den Besitzer.,eines,Die Farbe eines Autos sagt viel über den Besitzer.,The color of a car says a lot about its owner.,La couleur d’une voiture en dit long sur son propriétaire.,Genitive,Génitif,Neuter,Neutre,
34,Die Lösung _____ Problems braucht Zeit.,eines,Die Lösung eines Problems braucht Zeit.,Solving a problem takes time.,Résoudre un problème prend du temps.,Genitive,Génitif,Neuter,Neutre,
34,Der Titel _____ Buches ist oft sehr wichtig.,eines,Der Titel eines Buches ist oft sehr wichtig.,The title of a book is often very important.,Le titre d’un livre est souvent très important.,Genitive,Génitif,Neuter,Neutre,
34,Die Bedeutung _____ Wortes kann sich ändern.,eines,Die Bedeutung eines Wortes kann sich ändern.,The meaning of a word can change.,Le sens d’un mot peut changer.,Genitive,Génitif,Neuter,Neutre,
34,Die Tür _____ Zimmers war offen.,eines,Die Tür eines Zimmers war offen.,The door to a room was open.,La porte d'une pièce était ouverte.,Genitive,Génitif,Neuter,Neutre,
34,Die Meinung _____ Kollegin war entscheidend.,einer,Die Meinung einer Kollegin war entscheidend.,The opinion of a colleague was crucial.,L’avis d’un collègue était crucial.,Genitive,Génitif,Feminine,Féminin,
34,Das Ende _____ Geschichte kann überraschen.,einer,Das Ende einer Geschichte kann überraschen.,The ending of a story can be surprising.,La fin d’une histoire peut être surprenante.,Genitive,Génitif,Feminine,Féminin,
34,Die Tür _____ Wohnung war beschädigt.,einer,Die Tür einer Wohnung war beschädigt.,The door to an apartment was damaged.,La porte d'un appartement a été endommagée.,Genitive,Génitif,Feminine,Féminin,
34,Die Stimme _____ Frau rief nach Hilfe.,einer,Die Stimme einer Frau rief nach Hilfe.,A woman's voice called for help.,Une voix de femme a appelé à l’aide.,Genitive,Génitif,Feminine,Féminin,
34,Die Farbe _____ Blume verändert sich im Herbst.,einer,Die Farbe einer Blume verändert sich im Herbst.,The color of a flower changes in autumn.,La couleur d'une fleur change en automne.,Genitive,Génitif,Feminine,Féminin,
35,,jedes,jede,each,chaque,Genitive,Génitif,Masculine,Masculin,
35,,jedes,jede,each,chaque,Genitive,Génitif,Neuter,Neutre,
35,,jeder,jede,each,chaque,Genitive,Génitif,Feminine,Féminin,
35,,dieses,diese,this,ce,Genitive,Génitif,Masculine,Masculin,
35,,dieses,diese,this,ce,Genitive,Génitif,Neuter,Neutre,
35,,dieser,diese,this,ce,Genitive,Génitif,Feminine,Féminin,
35,,dieser,diese,these,ces,Genitive,Génitif,Plural,Pluriel,
36,Die Bedeutung _____ Satzes ist wichtig.,jedes,Die Bedeutung jedes Satzes ist wichtig.,The meaning of every sentence is important.,Le sens de chaque phrase est important.,Genitive,Génitif,Masculine,Masculin,
36,Die Stimme _____ Mannes war anders.,jedes,Die Stimme jedes Mannes war anders.,Every man's voice was different.,La voix de chaque homme était différente.,Genitive,Génitif,Masculine,Masculin,
36,Die Aufgabe _____ Schülers ist klar.,jedes,Die Aufgabe jedes Schülers ist klar.,Every student's task was clear.,La tâche de chaque élève était claire.,Genitive,Génitif,Masculine,Masculin,
36,Die Meinung _____ Teilnehmers wurde gehört.,jedes,Die Meinung jedes Teilnehmers wurde gehört.,Every participant's opinion was heard.,L’opinion de chaque participant a été entendue.,Genitive,Génitif,Masculine,Masculin,
36,Die Verantwortung _____ Arbeiters ist groß.,jedes,Die Verantwortung jedes Arbeiters ist groß.,Every worker's responsibility is great.,La responsabilité de chaque travailleur est grande.,Genitive,Génitif,Masculine,Masculin,
36,Die Seiten _____ Buches waren sauber gedruckt.,jedes,Die Seiten jedes Buches waren sauber gedruckt.,The pages of every book were neatly printed.,Les pages de chaque livre étaient soigneusement imprimées.,Genitive,Génitif,Neuter,Neutre,
36,Die Funktion _____ Geräts wird erklärt.,jedes,Die Funktion jedes Geräts wird erklärt.,The function of every device is explained.,La fonction de chaque appareil est expliquée.,Genitive,Génitif,Neuter,Neutre,
36,Die Farbe _____ Hauses war unterschiedlich.,jedes,Die Farbe jedes Hauses war unterschiedlich.,The color of every house was different.,La couleur de chaque maison était différente.,Genitive,Génitif,Neuter,Neutre,
36,Die Lösung _____ Problems ist möglich.,jedes,Die Lösung jedes Problems ist möglich.,The solution to every problem is possible.,La solution à chaque problème est possible.,Genitive,Génitif,Neuter,Neutre,
36,Die Bedeutung _____ Symbols ist tiefgründig.,jedes,Die Bedeutung jedes Symbols ist tiefgründig.,The meaning of every symbol is profound.,La signification de chaque symbole est profonde.,Genitive,Génitif,Neuter,Neutre,
36,Die Meinung _____ Frau wurde respektiert.,jeder,Die Meinung jeder Frau wurde respektiert.,Every woman's opinion was respected.,L’opinion de chaque femme était respectée.,Genitive,Génitif,Feminine,Féminin,
36,Die Verantwortung _____ Mitarbeiterin ist wichtig.,jeder,Die Verantwortung jeder Mitarbeiterin ist wichtig.,Every employee's responsibility is important.,La responsabilité de chaque employé est importante.,Genitive,Génitif,Feminine,Féminin,
36,Die Tür _____ Wohnung ist abgeschlossen.,jeder,Die Tür jeder Wohnung ist abgeschlossen.,Every apartment door is locked.,Chaque porte d'appartement est verrouillée.,Genitive,Génitif,Feminine,Féminin,
36,Die Entscheidung _____ Schülerin zählt.,jeder,Die Entscheidung jeder Schülerin zählt.,Every student's decision counts.,La décision de chaque étudiant compte.,Genitive,Génitif,Feminine,Féminin,
36,Die Rolle _____ Mutter in der Familie ist bedeutend.,jeder,Die Rolle jeder Mutter in der Familie ist bedeutend.,Every mother's role in the family is significant.,Le rôle de chaque mère dans la famille est important.,Genitive,Génitif,Feminine,Féminin,
36,Die Farbe _____ Mantels gefällt mir.,dieses,Die Farbe dieses Mantels gefällt mir.,I like the color of this coat.,J'aime la couleur de ce manteau.,Genitive,Génitif,Masculine,Masculin,
36,Der Name _____ Mannes ist mir entfallen.,dieses,Der Name dieses Mannes ist mir entfallen.,I've forgotten this man's name.,J'ai oublié le nom de cet homme.,Genitive,Génitif,Masculine,Masculin,
36,Die Idee _____ Lehrers war genial.,dieses,Die Idee dieses Lehrers war genial.,This teacher's idea was brilliant.,L’idée de ce professeur était brillante.,Genitive,Génitif,Masculine,Masculin,
36,Der Hund _____ Nachbarn ist sehr laut.,dieses,Der Hund dieses Nachbarn ist sehr laut.,This neighbor's dog is very loud.,Le chien de ce voisin est très bruyant.,Genitive,Génitif,Masculine,Masculin,
36,Die Stimme _____ Sängers ist einzigartig.,dieses,Die Stimme dieses Sängers ist einzigartig.,This singer's voice is unique.,La voix de ce chanteur est unique.,Genitive,Génitif,Masculine,Masculin,
36,Die Seiten _____ Buches sind spannend.,dieses,Die Seiten dieses Buches sind spannend.,The pages of this book are exciting.,Les pages de ce livre sont passionnantes.,Genitive,Génitif,Neuter,Neutre,
36,Der Preis _____ Autos ist ziemlich hoch.,dieses,Der Preis dieses Autos ist ziemlich hoch.,This car's price is quite high.,Le prix de cette voiture est assez élevé.,Genitive,Génitif,Neuter,Neutre,
36,Die Lösung _____ Problems war einfach.,dieses,Die Lösung dieses Problems war einfach.,The solution to this problem was simple.,La solution à ce problème était simple.,Genitive,Génitif,Neuter,Neutre,
36,Die Tür _____ Zimmers war offen.,dieses,Die Tür dieses Zimmers war offen.,This room's door was open.,La porte de cette pièce était ouverte.,Genitive,Génitif,Neuter,Neutre,
36,Die Farbe _____ Hauses gefällt mir sehr.,dieses,Die Farbe dieses Hauses gefällt mir sehr.,I really like the color of this house.,J'aime beaucoup la couleur de cette maison.,Genitive,Génitif,Neuter,Neutre,
36,Die Meinung _____ Frau ist interessant.,dieser,Die Meinung dieser Frau ist interessant.,This woman's opinion is interesting.,L'avis de cette femme est intéressant.,Genitive,Génitif,Feminine,Féminin,
36,Der Eingang _____ Wohnung ist neu gestrichen.,dieser,Der Eingang dieser Wohnung ist neu gestrichen.,The entrance to this apartment is newly painted.,L'entrée de cet appartement est fraîchement peinte.,Genitive,Génitif,Feminine,Féminin,
36,Die Bedeutung _____ Frage ist nicht klar.,dieser,Die Bedeutung dieser Frage ist nicht klar.,The meaning of this question is unclear.,Le sens de cette question n’est pas clair.,Genitive,Génitif,Feminine,Féminin,
36,Das Verhalten _____ Kollegin war professionell.,dieser,Das Verhalten dieser Kollegin war professionell.,This colleague's behavior was professional.,Le comportement de ce collègue était professionnel.,Genitive,Génitif,Feminine,Féminin,
36,Die Farbe _____ Blume ist wunderschön.,dieser,Die Farbe dieser Blume ist wunderschön.,The color of this flower is beautiful.,La couleur de cette fleur est magnifique.,Genitive,Génitif,Feminine,Féminin,
36,Die Stimmen _____ Kinder waren laut.,dieser,Die Stimmen dieser Kinder waren laut.,These children's voices were loud.,Les voix de ces enfants étaient fortes.,Genitive,Génitif,Plural,Pluriel,
36,Die Ergebnisse _____ Prüfungen sind gut.,dieser,Die Ergebnisse dieser Prüfungen sind gut.,The results of these exams are good.,Les résultats de ces examens sont bons.,Genitive,Génitif,Plural,Pluriel,
36,Die Türen _____ Häuser sind alt.,dieser,Die Türen dieser Häuser sind alt.,The doors of these houses are old.,Les portes de ces maisons sont vieilles.,Genitive,Génitif,Plural,Pluriel,
36,Die Namen _____ Städte kenne ich gut.,dieser,Die Namen dieser Städte kenne ich gut.,I know the names of these cities well.,Je connais bien les noms de ces villes.,Genitive,Génitif,Plural,Pluriel,
36,Die Meinungen _____ Leute sind sehr unterschiedlich.,dieser,Die Meinungen dieser Leute sind sehr unterschiedlich.,These people's opinions vary greatly.,Les opinions de ces personnes varient énormément.,Genitive,Génitif,Plural,Pluriel,
37,,meines,mein,my,mon,Genitive,Génitif,Masculine,Masculin,
37,,meines,mein,my,mon,Genitive,Génitif,Neuter,Neutre,
37,,meiner,mein,my,mon,Genitive,Génitif,Feminine,Féminin,
37,,meiner,mein,my,mon,Genitive,Génitif,Plural,Pluriel,
37,,deines,dein,your,ton,Genitive,Génitif,Masculine,Masculin,
37,,deines,dein,your,ton,Genitive,Génitif,Neuter,Neutre,
37,,deiner,dein,your,ton,Genitive,Génitif,Feminine,Féminin,
37,,deiner,dein,your,ton,Genitive,Génitif,Plural,Pluriel,
37,,seines,sein,his,son,Genitive,Génitif,Masculine,Masculin,
37,,seines,sein,his,son,Genitive,Génitif,Neuter,Neutre,
37,,seiner,sein,his,son,Genitive,Génitif,Feminine,Féminin,
37,,seiner,sein,his,son,Genitive,Génitif,Plural,Pluriel,
37,,seines,sein,its,son,Genitive,Génitif,Masculine,Masculin,
37,,seines,sein,its,son,Genitive,Génitif,Neuter,Neutre,
37,,seiner,sein,its,son,Genitive,Génitif,Feminine,Féminin,
37,,seiner,sein,its,son,Genitive,Génitif,Plural,Pluriel,
37,,ihres,ihr,her,son,Genitive,Génitif,Masculine,Masculin,
37,,ihres,ihr,her,son,Genitive,Génitif,Neuter,Neutre,
37,,ihrer,ihr,her,son,Genitive,Génitif,Feminine,Féminin,
37,,ihrer,ihr,her,son,Genitive,Génitif,Plural,Pluriel,
37,,unseres,unser,our,notre,Genitive,Génitif,Masculine,Masculin,
37,,unseres,unser,our,notre,Genitive,Génitif,Neuter,Neutre,
37,,unserer,unser,our,notre,Genitive,Génitif,Feminine,Féminin,
37,,unserer,unser,our,notre,Genitive,Génitif,Plural,Pluriel,
37,,eures,euer,your,ton,Genitive,Génitif,Masculine,Masculin,
37,,eures,euer,your,ton,Genitive,Génitif,Neuter,Neutre,
37,,eurer,euer,your,ton,Genitive,Génitif,Feminine,Féminin,
37,,eurer,euer,your,ton,Genitive,Génitif,Plural,Pluriel,
37,,ihres,ihr,their,leur,Genitive,Génitif,Masculine,Masculin,
37,,ihres,ihr,their,leur,Genitive,Génitif,Neuter,Neutre,
37,,ihrer,ihr,their,leur,Genitive,Génitif,Feminine,Féminin,
37,,ihrer,ihr,their,leur,Genitive,Génitif,Plural,Pluriel,
37,,Ihres,Ihr,your (Formal),votre,Genitive,Génitif,Masculine,Masculin,
37,,Ihres,Ihr,your (Formal),votre,Genitive,Génitif,Neuter,Neutre,
37,,Ihrer,Ihr,your (Formal),votre,Genitive,Génitif,Feminine,Féminin,
37,,Ihrer,Ihr,your (Formal),votre,Genitive,Génitif,Plural,Pluriel,
38,Die Meinung _____ Bruders ist mir wichtig.,meines,Die Meinung meines Bruders ist mir wichtig.,My brother's opinion is important to me.,L'avis de mon frère est important pour moi.,Genitive,Génitif,Masculine,Masculin,mein
38,"Die Farbe _____ Autos gefällt dir nicht, oder?",meines,"Die Farbe meines Autos gefällt dir nicht, oder?","You don't like the color of my car, do you?","Tu n'aimes pas la couleur de ma voiture, n'est-ce pas ?",Genitive,Génitif,Neuter,Neutre,mein
38,Die Tür _____ Wohnung klemmt schon wieder.,meiner,Die Tür meiner Wohnung klemmt schon wieder.,My apartment door is stuck again.,La porte de mon appartement est à nouveau bloquée.,Genitive,Génitif,Feminine,Féminin,mein
38,Die Noten _____ Prüfungen waren besser als erwartet.,meiner,Die Noten meiner Prüfungen waren besser als erwartet.,My exam grades were better than expected.,Mes notes d’examen ont été meilleures que prévu.,Genitive,Génitif,Plural,Pluriel,mein
38,Die Stimme _____ Vaters ist sehr angenehm.,deines,Die Stimme deines Vaters ist sehr angenehm.,Your father's voice is very pleasant.,La voix de ton père est très agréable.,Genitive,Génitif,Masculine,Masculin,dein
38,Die Größe _____ Zimmers überrascht mich.,deines,Die Größe deines Zimmers überrascht mich.,The size of your room surprises me.,La taille de ta chambre me surprend.,Genitive,Génitif,Neuter,Neutre,dein
38,Die Meinung _____ Schwester interessiert mich.,deiner,Die Meinung deiner Schwester interessiert mich.,Your sister's opinion interests me.,L'avis de ta sœur m'intéresse.,Genitive,Génitif,Feminine,Féminin,dein
38,Die Ergebnisse _____ Tests sind beeindruckend.,deiner,Die Ergebnisse deiner Tests sind beeindruckend.,Your test results are impressive.,Vos résultats de test sont impressionnants.,Genitive,Génitif,Plural,Pluriel,dein
38,Der Name _____ Bruders steht auf der Liste.,seines,Der Name seines Bruders steht auf der Liste.,His brother's name is on the list.,Le nom de son frère est sur la liste.,Genitive,Génitif,Masculine,Masculin,sein
38,Die Farbe _____ Fahrrads ist auffällig.,seines,Die Farbe seines Fahrrads ist auffällig.,The color of his bike is striking.,La couleur de son vélo est frappante.,Genitive,Génitif,Neuter,Neutre,sein
38,Die Kleidung _____ Mutter ist immer elegant.,seiner,Die Kleidung seiner Mutter ist immer elegant.,His mother's clothes are always elegant.,Les vêtements de sa mère sont toujours élégants.,Genitive,Génitif,Feminine,Féminin,sein
38,Die Freunde _____ Kinder sind sehr nett.,seiner,Die Freunde seiner Kinder sind sehr nett.,His children's friends are very nice.,Les amis de ses enfants sont très gentils.,Genitive,Génitif,Plural,Pluriel,sein
38,Die Stimme _____ Vaters klingt sehr ruhig.,seines,Die Stimme seines Vaters klingt sehr ruhig.,His father's voice sounds very calm.,La voix de son père semble très calme.,Genitive,Génitif,Masculine,Masculin,sein
38,Die Tür _____ Zimmers ist immer offen.,seines,Die Tür seines Zimmers ist immer offen.,His room door is always open.,La porte de sa chambre est toujours ouverte.,Genitive,Génitif,Neuter,Neutre,sein
38,Die Meinung _____ Schwester zählt viel.,seiner,Die Meinung seiner Schwester zählt viel.,His sister's opinion counts a lot.,L'avis de sa sœur compte beaucoup.,Genitive,Génitif,Feminine,Féminin,sein
38,Die Bücher _____ Freunde liegen überall herum.,seiner,Die Bücher seiner Freunde liegen überall herum.,His friends' books are lying around everywhere.,Les livres de ses amis traînent partout.,Genitive,Génitif,Plural,Pluriel,sein
38,Der Hund _____ Bruders ist sehr verspielt.,ihres,Der Hund ihres Bruders ist sehr verspielt.,Her brother's dog is very playful.,Le chien de son frère est très joueur.,Genitive,Génitif,Masculine,Masculin,ihr
38,Die Farbe _____ Autos ist wirklich schön.,ihres,Die Farbe ihres Autos ist wirklich schön.,The color of her car is really nice.,La couleur de sa voiture est vraiment sympa.,Genitive,Génitif,Neuter,Neutre,ihr
38,Die Tasche _____ Mutter ist neu.,ihrer,Die Tasche ihrer Mutter ist neu.,Her mother's bag is new.,Le sac de sa mère est neuf.,Genitive,Génitif,Feminine,Féminin,ihr
38,Die Noten _____ Kinder haben sich verbessert.,ihrer,Die Noten ihrer Kinder haben sich verbessert.,Her children's grades have improved.,Les notes de ses enfants se sont améliorées.,Genitive,Génitif,Plural,Pluriel,ihr
38,Die Entscheidung _____ Chefs war klar.,unseres,Die Entscheidung unseres Chefs war klar.,Our boss's decision was clear.,La décision de notre patron était claire.,Genitive,Génitif,Masculine,Masculin,unser
38,Die Tür _____ Hauses quietscht manchmal.,unseres,Die Tür unseres Hauses quietscht manchmal.,Our house door sometimes squeaks.,La porte de notre maison grince parfois.,Genitive,Génitif,Neuter,Neutre,unser
38,Die Meinung _____ Lehrerin war hilfreich.,unserer,Die Meinung unserer Lehrerin war hilfreich.,Our teacher's opinion was helpful.,L'avis de notre professeur a été utile.,Genitive,Génitif,Feminine,Féminin,unser
38,Die Spielzeuge _____ Kinder liegen überall.,unserer,Die Spielzeuge unserer Kinder liegen überall.,Our children's toys are everywhere.,Les jouets de nos enfants sont partout.,Genitive,Génitif,Plural,Pluriel,unser
38,Die Stimme _____ Vaters ist laut.,eures,Die Stimme eures Vaters ist laut.,Your father's voice is loud.,La voix de ton père est forte.,Genitive,Génitif,Masculine,Masculin,euer
38,Die Farbe _____ Zimmers gefällt mir.,eures,Die Farbe eures Zimmers gefällt mir.,I like the color of your room.,J'aime la couleur de ta chambre.,Genitive,Génitif,Neuter,Neutre,euer
38,Die Meinung _____ Mutter ist wichtig.,eurer,Die Meinung eurer Mutter ist wichtig.,Your mother's opinion is important.,L'avis de votre mère est important.,Genitive,Génitif,Feminine,Féminin,euer
38,Die Bücher _____ Freunde sind interessant.,eurer,Die Bücher eurer Freunde sind interessant.,Your friends' books are interesting.,Les livres de tes amis sont intéressants.,Genitive,Génitif,Plural,Pluriel,euer
38,Der Name _____ Bruders steht auf dem Dokument.,ihres,Der Name ihres Bruders steht auf dem Dokument.,Her brother's name is on the document.,Le nom de son frère figure sur le document.,Genitive,Génitif,Masculine,Masculin,ihr
38,Die Tür _____ Zimmers ist geschlossen.,ihres,Die Tür ihres Zimmers ist geschlossen.,Her room door is closed.,La porte de sa chambre est fermée.,Genitive,Génitif,Neuter,Neutre,ihr
38,Die Meinung _____ Schwester war entscheidend.,ihrer,Die Meinung ihrer Schwester war entscheidend.,Her sister's opinion was decisive.,L’avis de sa sœur a été déterminant.,Genitive,Génitif,Feminine,Féminin,ihr
38,Die Aufgaben _____ Kollegen sind sehr unterschiedlich.,ihrer,Die Aufgaben ihrer Kollegen sind sehr unterschiedlich.,Her colleagues' tasks vary greatly.,Les tâches de ses collègues sont très variées.,Genitive,Génitif,Plural,Pluriel,ihr
38,Die Meinung _____ Vaters interessiert uns sehr.,Ihres,Die Meinung Ihres Vaters interessiert uns sehr.,We are very interested in your father's opinion.,Nous sommes très intéressés par l’opinion de votre père.,Genitive,Génitif,Masculine,Masculin,Ihr - Formal
38,Die Ausstattung _____ Büros ist beeindruckend.,Ihres,Die Ausstattung Ihres Büros ist beeindruckend.,Your office layout is impressive.,L'aménagement de votre bureau est impressionnant.,Genitive,Génitif,Neuter,Neutre,Ihr - Formal
38,Die Entscheidung _____ Kollegin war überzeugend.,Ihrer,Die Entscheidung Ihrer Kollegin war überzeugend.,Your colleague's decision was convincing.,La décision de votre collègue était convaincante.,Genitive,Génitif,Feminine,Féminin,Ihr - Formal
38,Die Projekte _____ Mitarbeiter laufen gut.,Ihrer,Die Projekte Ihrer Mitarbeiter laufen gut.,Your employees' projects are going well.,Les projets de vos collaborateurs se déroulent bien.,Genitive,Génitif,Plural,Pluriel,Ihr - Formal
39,,jener,that,that,ce,Nominative,Nominatif,Masculine,Masculin,
39,,jenes,that,that,ce,Nominative,Nominatif,Neuter,Neutre,
39,,jene,that,that,ce,Nominative,Nominatif,Feminine,Féminin,
39,,jene,those,those,ces,Nominative,Nominatif,Plural,Pluriel,
39,,jenen,that,that,ce,Accusative,Accusatif,Masculine,Masculin,
39,,jenes,that,that,ce,Accusative,Accusatif,Neuter,Neutre,
39,,jene,that,that,ce,Accusative,Accusatif,Feminine,Féminin,
39,,jene,those,those,ces,Accusative,Accusatif,Plural,Pluriel,
39,,jenem,that,that,ce,Dative,Datif,Masculine,Masculin,
39,,jenem,that,that,ce,Dative,Datif,Neuter,Neutre,
39,,jener,that,that,ce,Dative,Datif,Feminine,Féminin,
39,,jenen,those,those,ces,Dative,Datif,Plural,Pluriel,
39,,jenes,that,that,ce,Genitive,Génitif,Masculine,Masculin,
39,,jenes,that,that,ce,Genitive,Génitif,Neuter,Neutre,
39,,jener,that,that,ce,Genitive,Génitif,Feminine,Féminin,
39,,jener,those,those,ces,Genitive,Génitif,Plural,Pluriel,
39,,einer der,one of the,one of the,"l'un des, l'une des",Nominative,Nominatif,Masculine,Masculin,
39,,eines der,one of the,one of the,"l'un des, l'une des",Nominative,Nominatif,Neuter,Neutre,
39,,eine der,one of the,one of the,"l'un des, l'une des",Nominative,Nominatif,Feminine,Féminin,
39,,manche der,some of the,some of the,certains des,Nominative,Nominatif,Plural,Pluriel,
39,,einen der,one of the,one of the,"l'un des, l'une des",Accusative,Accusatif,Masculine,Masculin,
39,,eines der,one of the,one of the,"l'un des, l'une des",Accusative,Accusatif,Neuter,Neutre,
39,,eine der,one of the,one of the,"l'un des, l'une des",Accusative,Accusatif,Feminine,Féminin,
39,,manche der,some of the,some of the,certains des,Accusative,Accusatif,Plural,Pluriel,
39,,einem der,one of the,one of the,"l'un des, l'une des",Dative,Datif,Masculine,Masculin,
39,,einem der,one of the,one of the,"l'un des, l'une des",Dative,Datif,Neuter,Neutre,
39,,einer der,one of the,one of the,"l'un des, l'une des",Dative,Datif,Feminine,Féminin,
39,,manchen der,some of the,some of the,certains des,Dative,Datif,Plural,Pluriel,
39,,eines der,one of the,one of the,"l'un des, l'une des",Genitive,Génitif,Masculine,Masculin,
39,,eines der,one of the,one of the,"l'un des, l'une des",Genitive,Génitif,Neuter,Neutre,
39,,einer der,one of the,one of the,"l'un des, l'une des",Genitive,Génitif,Feminine,Féminin,
39,,mancher der,some of the,some of the,certains des,Genitive,Génitif,Plural,Pluriel,
40,_____ Mann hat die Situation sehr gut gemeistert.,Jener,Jener Mann hat die Situation sehr gut gemeistert.,That man handled the situation very well.,Cet homme a très bien géré la situation.,Nominative,Nominatif,Masculine,Masculin,
40,_____ Haus wurde vor kurzem renoviert.,Jenes,Jenes Haus wurde vor kurzem renoviert.,That house was recently renovated.,Cette maison a été récemment rénovée.,Nominative,Nominatif,Neuter,Neutre,
40,_____ Frau hat das Problem erkannt.,Jene,Jene Frau hat das Problem erkannt.,That woman recognized the problem.,Cette femme a reconnu le problème.,Nominative,Nominatif,Feminine,Féminin,
40,_____ Leute haben ihre Meinung deutlich gemacht.,Jene,Jene Leute haben ihre Meinung deutlich gemacht.,Those people made their opinion clear.,Ces gens ont clairement exprimé leur opinion.,Nominative,Nominatif,Plural,Pluriel,
40,Ich habe _____ Mann gestern getroffen.,jenen,Ich habe jenen Mann gestern getroffen.,I met that man yesterday.,J'ai rencontré cet homme hier.,Accusative,Accusatif,Masculine,Masculin,
40,Ich habe _____ Buch noch nicht gelesen.,jenes,Ich habe jenes Buch noch nicht gelesen.,I haven’t read that book yet.,Je n’ai pas encore lu ce livre.,Accusative,Accusatif,Neuter,Neutre,
40,Ich habe _____ Frau nach dem Weg gefragt.,jene,Ich habe jene Frau nach dem Weg gefragt.,I asked that woman for directions.,J'ai demandé mon chemin à cette femme.,Accusative,Accusatif,Feminine,Féminin,
40,Ich habe _____ Leute schon einmal gesehen.,jene,Ich habe jene Leute schon einmal gesehen.,I have seen those people before.,J'ai déjà vu ces gens-là.,Accusative,Accusatif,Plural,Pluriel,
40,Ich habe mit _____ Mann gesprochen.,jenem,Ich habe mit jenem Mann gesprochen.,I spoke with that man.,J'ai parlé avec cet homme.,Dative,Datif,Masculine,Masculin,
40,Ich habe bei _____ Projekt mitgearbeitet.,jenem,Ich habe bei jenem Projekt mitgearbeitet.,I worked on that project.,J'ai travaillé sur ce projet.,Dative,Datif,Neuter,Neutre,
40,Ich habe von _____ Frau viel gelernt.,jener,Ich habe von jener Frau viel gelernt.,I learned a lot from that woman.,J'ai beaucoup appris de cette femme.,Dative,Datif,Feminine,Féminin,
40,Ich habe mit _____ Leuten zusammengearbeitet.,jenen,Ich habe mit jenen Leuten zusammengearbeitet.,I worked together with those people.,J'ai travaillé avec ces gens.,Dative,Datif,Plural,Pluriel,
40,Ich erinnere mich an den Rat _____ Mannes.,jenes,Ich erinnere mich an den Rat jenes Mannes.,I remember the advice of that man.,Je me souviens du conseil de cet homme.,Genitive,Génitif,Masculine,Masculin,
40,Ich war beeindruckt von der Architektur _____ Gebäudes.,jenes,Ich war beeindruckt von der Architektur jenes Gebäudes.,I was impressed by the architecture of that building.,J'ai été impressionné par l'architecture de ce bâtiment.,Genitive,Génitif,Neuter,Neutre,
40,Ich habe die Worte _____ Frau nie vergessen.,jener,Ich habe die Worte jener Frau nie vergessen.,I never forgot the words of that woman.,Je n’ai jamais oublié les paroles de cette femme.,Genitive,Génitif,Feminine,Féminin,
40,Ich habe die Reaktionen _____ Leute beobachtet.,jener,Ich habe die Reaktionen jener Leute beobachtet.,I observed the reactions of those people.,J'ai observé les réactions de ces gens.,Genitive,Génitif,Plural,Pluriel,
40,_____ wichtigsten Gründe für seinen Erfolg ist seine Disziplin.,Einer der,Einer der wichtigsten Gründe für seinen Erfolg ist seine Disziplin.,One of the most important reasons for his success is his discipline.,L’une des raisons les plus importantes de son succès est sa discipline.,Nominative,Nominatif,Masculine,Masculin,
40,_____ größten Probleme in der Stadt ist der Verkehr.,Eines der,Eines der größten Probleme in der Stadt ist der Verkehr.,One of the biggest problems in the city is the traffic.,L’un des plus gros problèmes de la ville est la circulation.,Nominative,Nominatif,Neuter,Neutre,
40,_____ ältesten Kirchen der Stadt wurde restauriert.,Eine der,Eine der ältesten Kirchen der Stadt wurde restauriert.,One of the oldest churches in the city has been restored.,L'une des plus anciennes églises de la ville a été restaurée.,Nominative,Nominatif,Feminine,Féminin,
40,_____ Teilnehmer haben sich über die langen Diskussionen beschwert.,Manche der,Manche der Teilnehmer haben sich über die langen Diskussionen beschwert.,Some of the participants complained about the long discussions.,Certains participants se sont plaints de la longueur des discussions.,Nominative,Nominatif,Plural,Pluriel,
40,Ich habe _____ besten Plätze im Theater reserviert.,einen der,Ich habe einen der besten Plätze im Theater reserviert.,I reserved one of the best seats in the theater.,J'ai réservé une des meilleures places du théâtre.,Accusative,Accusatif,Masculine,Masculin,
40,Ich habe _____ neuesten Geräte gekauft.,eines der,Ich habe eines der neuesten Geräte gekauft.,I bought one of the latest devices.,J'ai acheté l'un des derniers appareils.,Accusative,Accusatif,Neuter,Neutre,
40,Ich habe _____ wichtigsten Entscheidungen getroffen.,eine der,Ich habe eine der wichtigsten Entscheidungen getroffen.,I made one of the most important decisions.,J’ai pris l’une des décisions les plus importantes.,Accusative,Accusatif,Feminine,Féminin,
40,Ich habe _____ Gäste nicht erkannt.,manche der,Ich habe manche der Gäste nicht erkannt.,I didn’t recognize some of the guests.,Je n’ai pas reconnu certains invités.,Accusative,Accusatif,Plural,Pluriel,
40,Ich habe _____ besten Musiker zugehört.,einem der,Ich habe einem der besten Musiker zugehört.,I listened to one of the best musicians.,J'ai écouté l'un des meilleurs musiciens.,Dative,Datif,Masculine,Masculin,
40,Ich habe mit _____ neuesten Modelle gearbeitet.,einem der,Ich habe mit einem der neuesten Modelle gearbeitet.,I worked with one of the latest models.,J'ai travaillé avec l'un des derniers modèles.,Dative,Datif,Neuter,Neutre,
40,Ich habe mit _____ erfahrensten Mitarbeiterinnen gesprochen.,einer der,Ich habe mit einer der erfahrensten Mitarbeiterinnen gesprochen.,I spoke with one of the most experienced employees.,J'ai parlé avec l'un des employés les plus expérimentés.,Dative,Datif,Feminine,Féminin,
40,Ich habe mit _____ Teilnehmer gesprochen.,manchen der,Ich habe mit manchen der Teilnehmer gesprochen.,I spoke with some of the participants.,J'ai parlé avec certains des participants.,Dative,Datif,Plural,Pluriel,
40,Ich habe den Rat _____ erfahrensten Ärzte befolgt.,eines der,Ich habe den Rat eines der erfahrensten Ärzte befolgt.,I followed the advice of one of the most experienced doctors.,J'ai suivi les conseils d'un des médecins les plus expérimentés.,Genitive,Génitif,Masculine,Masculin,
40,Die Größe _____ modernsten Geräte hat mich beeindruckt.,eines der,Die Größe eines der modernsten Geräte hat mich beeindruckt.,The size of one of the most modern devices impressed me.,La taille de l’un des appareils les plus modernes m’a impressionné.,Genitive,Génitif,Neuter,Neutre,
40,Die Meinung _____ bekanntesten Professorinnen wurde oft zitiert.,einer der,Die Meinung einer der bekanntesten Professorinnen wurde oft zitiert.,The opinion of one of the most renowned professors was often quoted.,L’avis d’un des professeurs les plus renommés a souvent été cité.,Genitive,Génitif,Feminine,Féminin,
40,Die Erwartungen _____ Teilnehmer waren sehr hoch.,mancher der,Die Erwartungen mancher der Teilnehmer waren sehr hoch.,The expectations of some of the participants were very high.,Les attentes de certains participants étaient très élevées.,Genitive,Génitif,Plural,Pluriel,
41,,sämtliche,,"all, every single","tous, chacun des, chacune des",,,Feminine,Féminin,
41,,etliche,,quite a few,"un bon nombre de, plusieurs",,,Feminine,Féminin,
41,,einzelne,,"individual, single","certains, individuels",,,Feminine,Féminin,
41,,verschiedene,,"different, various","différents, plusieurs",,,Feminine,Féminin,
41,,zahlreiche,,numerous,de nombreux,,,Feminine,Féminin,
41,,solche,,"such, such kind of","tel, de tels. ce genre de",,,Feminine,Féminin,
41,,folgende,,"following, subsequent",suivant,,,Feminine,Féminin,
42,_____ Unterlagen müssen bis Freitag eingereicht werden.,Sämtliche,Sämtliche Unterlagen müssen bis Freitag eingereicht werden.,Every single document must be submitted by Friday.,Tous les documents doivent être remis avant vendredi.,,,,,
42,Die Firma hat _____ Mitarbeiter über die Änderungen informiert.,sämtliche,Die Firma hat sämtliche Mitarbeiter über die Änderungen informiert.,The company informed every single employee about the changes.,L'entreprise a informé tous les employés des changements.,,,,,
42,Nach dem Sturm wurden _____ Straßen in der Region gesperrt.,sämtliche,Nach dem Sturm wurden sämtliche Straßen in der Region gesperrt.,"After the storm, every single road in the region were closed.","Après la tempête, toutes les routes de la région ont été fermées.",,,,,
42,_____ Fragen wurden am Ende der Präsentation beantwortet.,Sämtliche,Sämtliche Fragen wurden am Ende der Präsentation beantwortet.,Every single question were answered at the end of the presentation.,Toutes les questions ont été répondues à la fin de la présentation.,,,,,
42,Der neue Sicherheitsstandard gilt für _____ Abteilungen des Unternehmens.,sämtliche,Der neue Sicherheitsstandard gilt für sämtliche Abteilungen des Unternehmens.,The new security standard applies to every single department of the company.,La nouvelle norme de sécurité s'applique à tous les départements de l'entreprise.,,,,,
42,_____ Teilnehmer hatten bereits Erfahrung mit dem Programm.,Etliche,Etliche Teilnehmer hatten bereits Erfahrung mit dem Programm.,Quite a few participants already had experience with the program.,Pas mal de participants avaient déjà de l'expérience avec le programme.,,,,,
42,Wegen des Unwetters wurden _____ Flüge gestrichen.,etliche,Wegen des Unwetters wurden etliche Flüge gestrichen.,Quite a few flights were cancelled because of the storm.,De nombreux vols ont été annulés à cause de la tempête.,,,,,
42,Sie hat _____ Bücher über Geschichte gelesen.,etliche,Sie hat etliche Bücher über Geschichte gelesen.,She has read quite a few books about history.,Elle a lu de nombreux livres sur l'histoire.,,,,,
42,_____ Kunden haben sich über die langen Wartezeiten beschwert.,Etliche,Etliche Kunden haben sich über die langen Wartezeiten beschwert.,Quite a few customers complained about the long waiting times.,De nombreux clients se sont plaints des longs délais d'attente.,,,,,
42,Das Projekt brachte _____ Vorteile für die gesamte Abteilung.,etliche,Das Projekt brachte etliche Vorteile für die gesamte Abteilung.,The project brought quite a few advantages for the entire department.,Le projet a apporté de nombreux avantages à tout le département.,,,,,
42,"_____ Schüler hatten Schwierigkeiten, die Aufgabe zu verstehen.",Einzelne,"Einzelne Schüler hatten Schwierigkeiten, die Aufgabe zu verstehen.",Individual students had difficulty understanding the task.,Certains élèves ont eu des difficultés à comprendre l'exercice.,,,,,
42,Trotz der neuen Regeln machten _____ Autofahrer weiterhin denselben Fehler.,einzelne,Trotz der neuen Regeln machten einzelne Autofahrer weiterhin denselben Fehler.,"Despite the new rules, individual drivers continued to make the same mistake.","Malgré les nouvelles règles, certains automobilistes continuaient à faire la même erreur.",,,,,
42,_____ Mitglieder des Teams arbeiteten auch am Wochenende.,Einzelne,Einzelne Mitglieder des Teams arbeiteten auch am Wochenende.,Individual members of the team also worked over the weekend.,Certains membres de l'équipe ont également travaillé pendant le week-end.,,,,,
42,Der Fehler trat nur bei _____ Geräten auf.,einzelnen,Der Fehler trat nur bei einzelnen Geräten auf.,The error occurred only on individual devices.,L'erreur ne s'est produite que sur certains appareils.,,,,,
42,_____ Fragen konnten während der Sitzung nicht beantwortet werden.,Einzelne,Einzelne Fragen konnten während der Sitzung nicht beantwortet werden.,Some individual questions could not be answered during the meeting.,Certaines questions n'ont pas pu être répondues pendant la réunion.,,,,,
42,_____ Experten kamen zu unterschiedlichen Ergebnissen.,Verschiedene,Verschiedene Experten kamen zu unterschiedlichen Ergebnissen.,Various experts came to different conclusions.,Différents experts sont arrivés à des conclusions différentes.,,,,,
42,Für das Projekt wurden _____ Methoden getestet.,verschiedene,Für das Projekt wurden verschiedene Methoden getestet.,Various methods were tested for the project.,Différentes méthodes ont été testées pour le projet.,,,,,
42,Die Universität bietet _____ Studiengänge im Bereich Informatik an.,verschiedene,Die Universität bietet verschiedene Studiengänge im Bereich Informatik an.,The university offers various degree programs in computer science.,L'université propose différents cursus en informatique.,,,,,
42,"Wir haben _____ Lösungen miteinander verglichen, bevor wir eine Entscheidung getroffen haben.",verschiedene,"Wir haben verschiedene Lösungen miteinander verglichen, bevor wir eine Entscheidung getroffen haben.",We compared various solutions before making a decision.,Nous avons comparé différentes solutions avant de prendre une décision.,,,,,
42,Im Museum werden _____ Kunstwerke aus dem 20. Jahrhundert ausgestellt.,verschiedene,Im Museum werden verschiedene Kunstwerke aus dem 20. Jahrhundert ausgestellt.,Various works of art from the 20th century are exhibited in the museum.,Le musée expose différentes œuvres d'art du XXᵉ siècle.,,,,,
42,_____ Unternehmen investieren inzwischen in künstliche Intelligenz.,Zahlreiche,Zahlreiche Unternehmen investieren inzwischen in künstliche Intelligenz.,Numerous companies are now investing in artificial intelligence.,De nombreuses entreprises investissent désormais dans l'intelligence artificielle.,,,,,
42,Nach dem Konzert erhielten die Musiker _____ Glückwünsche.,zahlreiche,Nach dem Konzert erhielten die Musiker zahlreiche Glückwünsche.,"After the concert, the musicians received numerous congratulations.","Après le concert, les musiciens ont reçu de nombreuses félicitations.",,,,,
42,Die Polizei erhielt _____ Hinweise von Zeugen.,zahlreiche,Die Polizei erhielt zahlreiche Hinweise von Zeugen.,The police received numerous tips from witnesses.,La police a reçu de nombreux témoignages de la part de témoins.,,,,,
42,_____ Besucher nutzten das schöne Wetter für einen Ausflug.,Zahlreiche,Zahlreiche Besucher nutzten das schöne Wetter für einen Ausflug.,Numerous visitors took advantage of the good weather for an outing.,De nombreux visiteurs ont profité du beau temps pour faire une excursion.,,,,,
42,"Der Bericht enthält _____ Beispiele, die die Ergebnisse verdeutlichen.",zahlreiche,"Der Bericht enthält zahlreiche Beispiele, die die Ergebnisse verdeutlichen.",The report contains numerous examples illustrating the findings.,Le rapport contient de nombreux exemples qui illustrent les résultats.,,,,,
42,_____ Probleme lassen sich oft durch eine bessere Planung vermeiden.,Solche,Solche Probleme lassen sich oft durch eine bessere Planung vermeiden.,Such problems can often be avoided through better planning.,De tels problèmes peuvent souvent être évités grâce à une meilleure planification.,,,,,
42,_____ Entscheidungen sollten nicht unter Zeitdruck getroffen werden.,Solche,Solche Entscheidungen sollten nicht unter Zeitdruck getroffen werden.,Such decisions should not be made under time pressure.,De telles décisions ne devraient pas être prises sous la pression du temps.,,,,,
42,Ich habe _____ Bücher schon als Kind gern gelesen.,solche,Ich habe solche Bücher schon als Kind gern gelesen.,I already enjoyed reading such books as a child.,J'aimais déjà lire ce genre de livres quand j'étais enfant.,,,,,
42,"_____ Situationen kommen im Berufsleben häufiger vor, als man denkt.",Solche,"Solche Situationen kommen im Berufsleben häufiger vor, als man denkt.",Such situations occur more often in professional life than one might think.,De telles situations sont plus fréquentes dans la vie professionnelle qu'on ne le pense.,,,,,
42,Niemand hätte mit _____ Reaktionen gerechnet.,solchen,Niemand hätte mit solchen Reaktionen gerechnet.,Nobody had expected such reactions.,Personne ne s'attendait à de telles réactions.,,,,,
42,_____ Punkte werden in der heutigen Sitzung besprochen.,Folgende,Folgende Punkte werden in der heutigen Sitzung besprochen.,The following points will be discussed in today's meeting.,Les points suivants seront abordés lors de la réunion d'aujourd'hui.,,,,,
42,Bitte bringen Sie _____ Unterlagen zum Termin mit.,folgende,Bitte bringen Sie folgende Unterlagen zum Termin mit.,Please bring the following documents to the appointment.,Veuillez apporter les documents suivants au rendez-vous.,,,,,
42,Der Bericht enthält _____ Empfehlungen für die Geschäftsleitung.,folgende,Der Bericht enthält folgende Empfehlungen für die Geschäftsleitung.,The report contains the following recommendations for the management.,Le rapport contient les recommandations suivantes à l'intention de la direction.,,,,,
42,Für die Anmeldung benötigen wir _____ Informationen.,folgende,Für die Anmeldung benötigen wir folgende Informationen.,We require the following information for the registration.,Nous avons besoin des informations suivantes pour l'inscription.,,,,,
42,Der Professor stellte _____ Frage an die Studierenden: „Wie lässt sich dieses Ergebnis erklären?“,folgende,Der Professor stellte folgende Frage an die Studierenden: „Wie lässt sich dieses Ergebnis erklären?“,"The professor asked the students the following question: ""How can this result be explained?""",Le professeur a posé la question suivante aux étudiants : « Comment peut-on expliquer ce résultat ? »,,,,,
43,"Der Redner, _____ erfahrener Journalist, erklärte die Hintergründe der Krise.",ein,"Der Redner, ein erfahrener Journalist, erklärte die Hintergründe der Krise.","The speaker, an experienced journalist, explained the background of the crisis.","L’orateur, un journaliste expérimenté, a expliqué le contexte de la crise.",Nominative,Nominatif,Masculine,Masculin,ein
43,"Der Präsident, _____ langjähriger Politiker, versprach schnelle Reformen.",ein,"Der Präsident, ein langjähriger Politiker, versprach schnelle Reformen.","The president, a long-time politician, promised quick reforms.","Le président, un homme politique de longue date, a promis des réformes rapides.",Nominative,Nominatif,Masculine,Masculin,ein
43,"Das Konzept, _____ ursprüngliches Modell, muss noch einmal überarbeitet werden.",unser,"Das Konzept, unser ursprüngliches Modell, muss noch einmal überarbeitet werden.","The concept, our original model, needs to be revised again.","Le concept, notre modèle original, doit encore être révisé.",Nominative,Nominatif,Neuter,Neutre,unser
43,"Das Dokument, _____ vertrauliches Schreiben, wurde gestern veröffentlicht.",ein,"Das Dokument, ein vertrauliches Schreiben, wurde gestern veröffentlicht.","The document, a confidential letter, was published yesterday.","Le document, une lettre confidentielle, a été publié hier.",Nominative,Nominatif,Neuter,Neutre,ein
43,"Das Ereignis, _____ seltene Naturphänomen, zog viele Besucher an.",jenes,"Das Ereignis, jenes seltene Naturphänomen, zog viele Besucher an.","The event, that rare natural phenomenon, attracted many visitors.","L’événement, ce rare phénomène naturel, a attiré de nombreux visiteurs.",Nominative,Nominatif,Neuter,Neutre,jene
43,"Die Sprecherin, _____ renommierte Expertin, erläuterte die neuen Richtlinien.",eine,"Die Sprecherin, eine renommierte Expertin, erläuterte die neuen Richtlinien.","The spokesperson, a renowned expert, explained the new guidelines.","La porte-parole, une experte renommée, a expliqué les nouvelles directives.",Nominative,Nominatif,Feminine,Féminin,ein
43,"Die Lehrerin, _____ ehemalige Mentorin, unterstützte das Projekt von Anfang an.",meine,"Die Lehrerin, meine ehemalige Mentorin, unterstützte das Projekt von Anfang an.","The teacher, my former mentor, supported the project from the very beginning.","L’enseignante, mon ancienne mentore, a soutenu le projet dès le début.",Nominative,Nominatif,Feminine,Féminin,mein
43,"Diese Ergebnisse, _____ wichtigen Indikatoren, verändern die aktuelle Debatte.",die,"Diese Ergebnisse, die wichtigen Indikatoren, verändern die aktuelle Debatte.","These results, the important indicators, are changing the current debate.","Ces résultats, les indicateurs importants, changent le débat actuel.",Nominative,Nominatif,Plural,Pluriel,der/die/das
43,"Die Kinder, _____ kleinen Entdecker, stellen ununterbrochen Fragen.",die,"Die Kinder, die kleinen Entdecker, stellen ununterbrochen Fragen.","The children, the little explorers, ask questions nonstop.","Les enfants, les petits explorateurs, posent des questions sans arrêt.",Nominative,Nominatif,Plural,Pluriel,der/die/das
43,"Die Gäste, _____ langjährigen Unterstützer, wurden feierlich begrüßt.",die,"Die Gäste, die langjährigen Unterstützer, wurden feierlich begrüßt.","The guests, the long-time supporters, were welcomed ceremonially.","Les invités, les soutiens de longue date, ont été accueillis solennellement.",Nominative,Nominatif,Plural,Pluriel,der/die/das
43,"Wir haben den Kandidaten, _____ erfahrenen Anwalt, für das Projekt ausgewählt.",einen,"Wir haben den Kandidaten, einen erfahrenen Anwalt, für das Projekt ausgewählt.","We selected the candidate, an experienced lawyer, for the project.","Nous avons choisi le candidat, un avocat expérimenté, pour le projet.",Accusative,Accusatif,Masculine,Masculin,ein
43,"Sie traf den Professor, _____ bekannten Historiker, nach der Vorlesung.",diesen,"Sie traf den Professor, diesen bekannten Historiker, nach der Vorlesung.","She met the professor, this well-known historian, after the lecture.","Elle a rencontré le professeur, cet historien connu, après le cours.",Accusative,Accusatif,Masculine,Masculin,diese
43,"Er bearbeitete das Dokument, _____ internes Protokoll, bis spät am Abend.",unser,"Er bearbeitete das Dokument, unser internes Protokoll, bis spät am Abend.","He edited the document, our internal protocol, until late in the evening.","Il a modifié le document, notre protocole interne, jusqu’à tard le soir.",Accusative,Accusatif,Neuter,Neutre,unser
43,"Das Team analysierte das Konzept, _____ neues Arbeitsmodell, gemeinsam im Meeting.",ein,"Das Team analysierte das Konzept, ein neues Arbeitsmodell, gemeinsam im Meeting.","The team analysed the concept, a new working model, together in the meeting.","L’équipe a analysé le concept, un nouveau modèle de travail, ensemble pendant la réunion.",Accusative,Accusatif,Neuter,Neutre,ein
43,"Wir müssen das Formular, _____ offizielle Schreiben, noch unterschreiben.",jenes,"Wir müssen das Formular, jenes offizielle Schreiben, noch unterschreiben.","We still need to sign the form, that official document.","Nous devons encore signer le formulaire, ce document officiel.",Accusative,Accusatif,Neuter,Neutre,jene
43,"Wir haben die Leiterin, _____ erfahrene Managerin, zu dem Treffen eingeladen.",eine,"Wir haben die Leiterin, eine erfahrene Managerin, zu dem Treffen eingeladen.","We invited the director, an experienced manager, to the meeting.","Nous avons invité la directrice, une manageuse expérimentée, à la réunion.",Accusative,Accusatif,Feminine,Féminin,ein
43,"Er traf die Forscherin, _____ engagierte Wissenschaftlerin, im Labor.",diese,"Er traf die Forscherin, diese engagierte Wissenschaftlerin, im Labor.","He met the researcher, this dedicated scientist, in the laboratory.","Il a rencontré la chercheuse, cette scientifique engagée, dans le laboratoire.",Accusative,Accusatif,Feminine,Féminin,diese
43,"Das Unternehmen unterstützt die Mitarbeitenden, _____ wichtigsten Kräfte, mit Fortbildungen.",unsere,"Das Unternehmen unterstützt die Mitarbeitenden, unsere wichtigsten Kräfte, mit Fortbildungen.","The company supports the employees, our most important workforce, with training courses.","L’entreprise soutient les employés, nos forces les plus essentielles, grâce à des formations.",Accusative,Accusatif,Plural,Pluriel,unser
43,"Die Redaktion interviewte die Künstler, _____ jungen Talente, für den neuen Artikel.",jene,"Die Redaktion interviewte die Künstler, jene jungen Talente, für den neuen Artikel.","The editorial team interviewed the artists, those young talents, for the new article.","La rédaction a interviewé les artistes, ces jeunes talents, pour le nouvel article.",Accusative,Accusatif,Plural,Pluriel,jene
43,"Wir kennen die Ergebnisse, _____ relevante Indikatoren, schon seit letzter Woche.",viele,"Wir kennen die Ergebnisse, viele relevante Indikatoren, schon seit letzter Woche.","We have known the results, many relevant indicators, since last week.","Nous connaissons les résultats, de nombreux indicateurs pertinents, depuis la semaine dernière.",Accusative,Accusatif,Plural,Pluriel,viele
43,"Wir haben dem Studenten, _____ talentierten Anfänger, zusätzliche Unterstützung angeboten.",einem,"Wir haben dem Studenten, einem talentierten Anfänger, zusätzliche Unterstützung angeboten.","We offered the student, a talented beginner, additional support.","Nous avons offert à l’étudiant, un débutant talentueux, un soutien supplémentaire.",Dative,Datif,Masculine,Masculin,ein
43,"Sie half dem Patienten, _____ älteren Herrn, beim Ausfüllen der Formulare.",diesem,"Sie half dem Patienten, diesem älteren Herrn, beim Ausfüllen der Formulare.","She helped the patient, this elderly gentleman, with filling out the forms.","Elle a aidé le patient, ce monsieur âgé, à remplir les formulaires.",Dative,Datif,Masculine,Masculin,diese
43,"Er folgte dem Konzept, _____ ursprünglichen Modell, ohne große Änderungen.",unserem,"Er folgte dem Konzept, unserem ursprünglichen Modell, ohne große Änderungen.","He followed the concept, our original model, without major changes.","Il a suivi le concept, notre modèle initial, sans grands changements.",Dative,Datif,Neuter,Neutre,unser
43,"Das Team passte sich dem Ereignis, _____ seltenen Naturphänomen, flexibel an.",einem,"Das Team passte sich dem Ereignis, einem seltenen Naturphänomen, flexibel an.","The team adapted flexibly to the event, a rare natural phenomenon.","L’équipe s’est adaptée avec flexibilité à l’événement, un phénomène naturel rare.",Dative,Datif,Neuter,Neutre,ein
43,"Wir widmen dem Dokument, _____ offiziellen Schreiben, ein eigenes Kapitel.",jenem,"Wir widmen dem Dokument, jenem offiziellen Schreiben, ein eigenes Kapitel.","We dedicate a separate chapter to the document, that official letter.","Nous consacrons un chapitre séparé au document, cette lettre officielle.",Dative,Datif,Neuter,Neutre,jene
43,"Wir haben der Leiterin, _____ erfahrenen Managerin, die Verantwortung übertragen.",einer,"Wir haben der Leiterin, einer erfahrenen Managerin, die Verantwortung übertragen.","We assigned the responsibility to the director, an experienced manager.","Nous avons confié la responsabilité à la directrice, une manageuse expérimentée.",Dative,Datif,Feminine,Féminin,ein
43,"Das Team half der Forscherin, _____ engagierten Wissenschaftlerin, bei ihrer Analyse.",dieser,"Das Team half der Forscherin, dieser engagierten Wissenschaftlerin, bei ihrer Analyse.","The team helped the researcher, this dedicated scientist, with her analysis.","L’équipe a aidé la chercheuse, cette scientifique engagée, dans son analyse.",Dative,Datif,Feminine,Féminin,diese
43,"Sie erklärte den Kindern, _____ neugierigen kleinen Entdeckern, die Aufgabe noch einmal.",diesen,"Sie erklärte den Kindern, diesen neugierigen kleinen Entdeckern, die Aufgabe noch einmal.","She explained the task again to the children, these curious little explorers,","Elle a réexpliqué la tâche aux enfants, ces petits explorateurs curieux,",Dative,Datif,Plural,Pluriel,diese
43,"Wir danken den Gästen, _____ langjährigen Unterstützern, für ihre Hilfe.",jenen,"Wir danken den Gästen, jenen langjährigen Unterstützern, für ihre Hilfe.","We thank the guests, those long-time supporters, for their help.","Nous remercions les invités, ces soutiens de longue date, pour leur aide.",Dative,Datif,Plural,Pluriel,jene
43,"Die Trainerin gratulierte den Spielerinnen, _____ jungen Talenten, zu ihrem Erfolg.",einigen,"Die Trainerin gratulierte den Spielerinnen, einigen jungen Talenten, zu ihrem Erfolg.","The coach congratulated the players, some young talents, on their success.","L’entraîneuse a félicité les joueuses, quelques jeunes talents, pour leur succès.",Dative,Datif,Plural,Pluriel,einige
43,"Die Entscheidung des Direktors, _____ erfahrenen Verhandlungsführers, war für alle überraschend.",eines,"Die Entscheidung des Direktors, eines erfahrenen Verhandlungsführers, war für alle überraschend.","The decision of the director, an experienced negotiator, was surprising for everyone.","La décision du directeur, un négociateur expérimenté, a surpris tout le monde.",Genitive,Génitif,Masculine,Masculin,ein
43,"Die Analyse des Beraters, _____ anerkannten Experten, wurde im Bericht zitiert.",dieses,"Die Analyse des Beraters, dieses anerkannten Experten, wurde im Bericht zitiert.","The analysis of the consultant, this recognised expert, was quoted in the report.","L’analyse du consultant, cet expert reconnu, a été citée dans le rapport.",Genitive,Génitif,Masculine,Masculin,diese
43,"Die Revision des Konzepts, _____ ursprünglichen Modells, war notwendig.",unseres,"Die Revision des Konzepts, unseres ursprünglichen Modells, war notwendig.","The revision of the concept, our original model, was necessary.","La révision du concept, notre modèle initial, était nécessaire.",Genitive,Génitif,Neuter,Neutre,unser
43,"Die Dokumentation des Ereignisses, _____ seltenen Naturphänomens, erfordert große Sorgfalt.",jenes,"Die Dokumentation des Ereignisses, jenes seltenen Naturphänomens, erfordert große Sorgfalt.","The documentation of the event, that rare natural phenomenon, requires great care.","La documentation de l’événement, ce rare phénomène naturel, demande beaucoup de soin.",Genitive,Génitif,Neuter,Neutre,jene
43,"Die Analyse des Dokuments, _____ offiziellen Schreibens, dauerte mehrere Stunden.",eines,"Die Analyse des Dokuments, eines offiziellen Schreibens, dauerte mehrere Stunden.","The analysis of the document, an official letter, took several hours.","L’analyse du document, une lettre officielle, a duré plusieurs heures.",Genitive,Génitif,Neuter,Neutre,ein
43,"Die Entscheidung der Leiterin, _____ erfahrenen Managerin, beeinflusste das gesamte Projekt.",einer,"Die Entscheidung der Leiterin, einer erfahrenen Managerin, beeinflusste das gesamte Projekt.","The decision of the director, an experienced manager, influenced the entire project.","La décision de la directrice, une manageuse expérimentée, a influencé tout le projet.",Genitive,Génitif,Feminine,Féminin,ein
43,"Die Forschung der Professorin, _____ anerkannten Expertin, wurde international gelobt.",dieser,"Die Forschung der Professorin, dieser anerkannten Expertin, wurde international gelobt.","The research of the professor, this renowned expert, was praised internationally.","Les recherches de la professeure, cette experte reconnue, ont été saluées à l’international.",Genitive,Génitif,Feminine,Féminin,diese
43,"Die Vorschläge der Expertinnen, _____ erfahrensten Spezialistinnen, verbesserten den Bericht deutlich.",unserer,"Die Vorschläge der Expertinnen, unserer erfahrensten Spezialistinnen, verbesserten den Bericht deutlich.","The proposals of the experts, our most experienced specialists, improved the report significantly.","Les propositions des expertes, nos spécialistes les plus expérimentées, ont nettement amélioré le rapport.",Genitive,Génitif,Plural,Pluriel,unser
43,"Die Ergebnisse der Studien, _____ wichtigen Untersuchungen, wurden gestern veröffentlicht.",jener,"Die Ergebnisse der Studien, jener wichtigen Untersuchungen, wurden gestern veröffentlicht.","The results of the studies, those important investigations, were published yesterday.","Les résultats des études, ces recherches importantes, ont été publiés hier.",Genitive,Génitif,Plural,Pluriel,jene
43,"Die Reaktionen der Zuschauer, _____ junger Talente, überraschten das Organisationsteam.",einiger,"Die Reaktionen der Zuschauer, einiger junger Talente, überraschten das Organisationsteam.","The reactions of the spectators, some young talents, surprised the organising team.","Les réactions des spectateurs, quelques jeunes talents, ont surpris l’équipe d’organisation.",Genitive,Génitif,Plural,Pluriel,einige
44,"Der Zeuge, _____ vorbeigehender Passant, beschrieb den Unfall sehr genau.",ein,"Der Zeuge, ein vorbeigehender Passant, beschrieb den Unfall sehr genau.","The witness, a passer-by, described the accident in great detail.","Le témoin, un passant, a décrit l’accident avec beaucoup de précision.",Nominative,Nominatif,Masculine,Masculin,ein
44,"Der Forscher, _____ führender Experte, warnte vor den möglichen Folgen.",ein,"Der Forscher, ein führender Experte, warnte vor den möglichen Folgen.","The researcher, a leading expert, warned about the possible consequences.","Le chercheur, un expert de premier plan, a mis en garde contre les conséquences possibles.",Nominative,Nominatif,Masculine,Masculin,ein
44,"Der Autor, _____ bekannter Schriftsteller, arbeitet an einem neuen Roman.",ein,"Der Autor, ein bekannter Schriftsteller, arbeitet an einem neuen Roman.","The author, a well-known writer, is working on a new novel.","L’auteur, un écrivain connu, travaille sur un nouveau roman.",Nominative,Nominatif,Masculine,Masculin,ein
44,"Das Projekt, _____ langfristiges Vorhaben, wird nächstes Jahr gestartet.",ein,"Das Projekt, ein langfristiges Vorhaben, wird nächstes Jahr gestartet.","The project, a long-term undertaking, will start next year.","Le projet, une initiative à long terme, commencera l’an prochain.",Nominative,Nominatif,Neuter,Neutre,ein
44,"Das Ergebnis, _____ überraschende Signal, veränderte die ganze Diskussion.",dieses,"Das Ergebnis, dieses überraschende Signal, veränderte die ganze Diskussion.","The result, this surprising signal, changed the whole discussion.","Le résultat, ce signal surprenant, a changé toute la discussion.",Nominative,Nominatif,Neuter,Neutre,diese
44,"Die Forscherin, _____ engagierte Wissenschaftlerin, präsentierte die Ergebnisse.",diese,"Die Forscherin, diese engagierte Wissenschaftlerin, präsentierte die Ergebnisse.","The researcher, this dedicated scientist, presented the results.","La chercheuse, cette scientifique engagée, a présenté les résultats.",Nominative,Nominatif,Feminine,Féminin,diese
44,"Die Kandidatin, _____ überzeugende Rednerin, gewann schnell die Aufmerksamkeit des Publikums.",eine,"Die Kandidatin, eine überzeugende Rednerin, gewann schnell die Aufmerksamkeit des Publikums.","The candidate, a persuasive speaker, quickly gained the audience’s attention.","La candidate, une oratrice persuasive, a rapidement capté l’attention du public.",Nominative,Nominatif,Feminine,Féminin,ein
44,"Die Organisatorin, _____ Hauptverantwortliche, koordinierte alle Aufgaben.",unsere,"Die Organisatorin, unsere Hauptverantwortliche, koordinierte alle Aufgaben.","The organizer, our person in charge, coordinated all tasks.","L’organisatrice, notre responsable principale, a coordonné toutes les tâches.",Nominative,Nominatif,Feminine,Féminin,unser
44,"Die Teilnehmer, _____ erfahrenen Spezialisten, beginnen heute das Seminar.",die,"Die Teilnehmer, die erfahrenen Spezialisten, beginnen heute das Seminar.","The participants, the experienced specialists, are starting the seminar today.","Les participants, les spécialistes expérimentés, commencent aujourd’hui le séminaire.",Nominative,Nominatif,Plural,Pluriel,der/die/das
44,"Unsere Freunde, _____ treuen Begleiter, unterstützen uns bei jedem Projekt.",die,"Unsere Freunde, die treuen Begleiter, unterstützen uns bei jedem Projekt.","Our friends, the loyal companions, support us in every project.","Nos amis, les compagnons fidèles, nous soutiennent dans chaque projet.",Nominative,Nominatif,Plural,Pluriel,der/die/das
44,"Ich habe den Autor, _____ wichtigsten Gesprächspartner, schon informiert.",unseren,"Ich habe den Autor, unseren wichtigsten Gesprächspartner, schon informiert.","I have already informed the author, our most important interlocutor.","J’ai déjà informé l’auteur, notre interlocuteur principal.",Accusative,Accusatif,Masculine,Masculin,unser
44,"Die Studierenden besuchten den Redner, _____ charismatischen Aktivisten, in seinem Büro.",einen,"Die Studierenden besuchten den Redner, einen charismatischen Aktivisten, in seinem Büro.","The students visited the speaker, a charismatic activist, in his office.","Les étudiants ont rendu visite à l’orateur, un activiste charismatique, dans son bureau.",Accusative,Accusatif,Masculine,Masculin,ein
44,"Wir unterstützen den Sportler, _____ talentierten Nachwuchsspieler, bei seinem Training.",einen,"Wir unterstützen den Sportler, einen talentierten Nachwuchsspieler, bei seinem Training.","We support the athlete, a talented young player, in his training.","Nous soutenons le sportif, un jeune joueur talentueux, dans son entraînement.",Accusative,Accusatif,Masculine,Masculin,ein
44,"Wir haben das Projekt, _____ ehrgeiziges Vorhaben, gestern vorgestellt.",ein,"Wir haben das Projekt, ein ehrgeiziges Vorhaben, gestern vorgestellt.","We presented the project, an ambitious undertaking, yesterday.","Nous avons présenté le projet, une initiative ambitieuse, hier.",Accusative,Accusatif,Neuter,Neutre,ein
44,"Sie überprüfte das Ergebnis, _____ unerwartete Signal, noch einmal sehr genau.",dieses,"Sie überprüfte das Ergebnis, dieses unerwartete Signal, noch einmal sehr genau.","She checked the result, this unexpected signal, once again very carefully.","Elle a vérifié le résultat, ce signal inattendu, encore une fois avec beaucoup d’attention.",Accusative,Accusatif,Neuter,Neutre,diese
44,"Ich kenne die Autorin, _____ erfolgreichste Schriftstellerin, schon seit Jahren.",unsere,"Ich kenne die Autorin, unsere erfolgreichste Schriftstellerin, schon seit Jahren.","I’ve known the author, our most successful writer, for years.","Je connais l’auteure, notre écrivaine la plus renommée, depuis des années.",Accusative,Accusatif,Feminine,Féminin,unser
44,"Die Gäste besuchten die Rednerin, _____ charismatische Aktivistin, nach der Diskussion.",eine,"Die Gäste besuchten die Rednerin, eine charismatische Aktivistin, nach der Diskussion.","The guests visited the speaker, a charismatic activist, after the discussion.","Les invités ont rendu visite à l’oratrice, une activiste charismatique, après la discussion.",Accusative,Accusatif,Feminine,Féminin,ein
44,"Wir unterstützen die Kandidatin, _____ überzeugende Politikerin, im Wahlkampf.",jene,"Wir unterstützen die Kandidatin, jene überzeugende Politikerin, im Wahlkampf.","We support the candidate, that persuasive politician, in the election campaign.","Nous soutenons la candidate, cette politicienne convaincante, pendant la campagne électorale.",Accusative,Accusatif,Feminine,Féminin,jene
44,"Wir begrüßen die Teilnehmer, _____ erfahrenen Spezialisten, am Eingang.",die,"Wir begrüßen die Teilnehmer, die erfahrenen Spezialisten, am Eingang.","We welcome the participants, the experienced specialists, at the entrance.","Nous accueillons les participants, les spécialistes expérimentés, à l’entrée.",Accusative,Accusatif,Plural,Pluriel,der/die/das
44,"Sie besuchte unsere Freunde, _____ treuen Begleiter, jedes Wochenende.",diese,"Sie besuchte unsere Freunde, diese treuen Begleiter, jedes Wochenende.","She visited our friends, these loyal companions, every weekend.","Elle rendait visite à nos amis, ces compagnons fidèles, chaque week-end.",Accusative,Accusatif,Plural,Pluriel,diese
44,"Er schrieb dem Kollegen, _____ wichtigsten Ansprechpartner, eine ausführliche E-Mail.",unserem,"Er schrieb dem Kollegen, unserem wichtigsten Ansprechpartner, eine ausführliche E-Mail.","He wrote to the colleague, our most important contact person, a detailed email.","Il a écrit au collègue, notre interlocuteur principal, un e-mail détaillé.",Dative,Datif,Masculine,Masculin,unser
44,"Das Team gratulierte dem Gewinner, _____ jungen Sportler, nach dem Finale.",jenem,"Das Team gratulierte dem Gewinner, jenem jungen Sportler, nach dem Finale.","The team congratulated the winner, that young athlete, after the final.","L’équipe a félicité le vainqueur, ce jeune sportif, après la finale.",Dative,Datif,Masculine,Masculin,jene
44,"Wir danken dem Redner, _____ bekannten Aktivisten, für seinen inspirierenden Beitrag.",einem,"Wir danken dem Redner, einem bekannten Aktivisten, für seinen inspirierenden Beitrag.","We thank the speaker, a well-known activist, for his inspiring contribution.","Nous remercions l’orateur, un activiste connu, pour son intervention inspirante.",Dative,Datif,Masculine,Masculin,ein
44,"Wir haben dem Projekt, _____ langfristigen Vorhaben, zusätzliche Mittel gegeben.",einem,"Wir haben dem Projekt, einem langfristigen Vorhaben, zusätzliche Mittel gegeben.","We gave the project, a long-term undertaking, additional funds.","Nous avons donné au projet, une initiative à long terme, des moyens supplémentaires.",Dative,Datif,Neuter,Neutre,ein
44,"Sie widmete dem Ergebnis, _____ überraschenden Signal, viel Aufmerksamkeit.",diesem,"Sie widmete dem Ergebnis, diesem überraschenden Signal, viel Aufmerksamkeit.","She devoted a lot of attention to the result, this surprising signal.","Elle a accordé beaucoup d’attention au résultat, ce signal surprenant.",Dative,Datif,Neuter,Neutre,diese
44,"Er schrieb der Autorin, _____ erfolgreichsten Schriftstellerin, einen Dankesbrief.",unserer,"Er schrieb der Autorin, unserer erfolgreichsten Schriftstellerin, einen Dankesbrief.","He wrote a thank-you letter to the author, our most successful writer.","Il a écrit une lettre de remerciement à l’auteure, notre écrivaine la plus renommée.",Dative,Datif,Feminine,Féminin,unser
44,"Wir gaben der Kandidatin, _____ überzeugenden Politikerin, zusätzliche Redezeit.",jener,"Wir gaben der Kandidatin, jener überzeugenden Politikerin, zusätzliche Redezeit.","We gave additional speaking time to the candidate, that persuasive politician.","Nous avons donné plus de temps de parole à la candidate, cette politicienne convaincante.",Dative,Datif,Feminine,Féminin,jene
44,"Ich schenkte der Organisatorin, _____ zuverlässigen Ansprechpartnerin, ein kleines Geschenk.",meiner,"Ich schenkte der Organisatorin, meiner zuverlässigen Ansprechpartnerin, ein kleines Geschenk.","I gave a small present to the organizer, my reliable contact person.","J’ai offert un petit cadeau à l’organisatrice, ma correspondante fiable.",Dative,Datif,Feminine,Féminin,mein
44,"Wir haben den Teilnehmenden, _____ erfahrenen Fachleuten, alle Unterlagen geschickt.",den,"Wir haben den Teilnehmenden, den erfahrenen Fachleuten, alle Unterlagen geschickt.","We sent all the documents to the participants, the experienced specialists,","Nous avons envoyé tous les documents aux participants, les spécialistes expérimentés,",Dative,Datif,Plural,Pluriel,der/die/das
44,"Das Unternehmen bietet den Mitarbeitenden, _____ wichtigsten Kräften, flexible Arbeitszeiten an.",unseren,"Das Unternehmen bietet den Mitarbeitenden, unseren wichtigsten Kräften, flexible Arbeitszeiten an.","The company offers flexible working hours to the employees, our most important workforce,","L’entreprise propose des horaires flexibles aux employés, nos forces les plus essentielles,",Dative,Datif,Plural,Pluriel,unser
44,"Die Einschätzung des Professors, _____ wichtigsten Ansprechpartners, beeinflusste das ganze Projekt.",unseres,"Die Einschätzung des Professors, unseres wichtigsten Ansprechpartners, beeinflusste das ganze Projekt.","The assessment of the professor, our most important contact person, influenced the whole project.","L’évaluation du professeur, notre interlocuteur principal, a influencé tout le projet.",Genitive,Génitif,Masculine,Masculin,unser
44,"Die Warnung des Politikers, _____ bekannten Redners, wurde ernst genommen.",jenes,"Die Warnung des Politikers, jenes bekannten Redners, wurde ernst genommen.","The warning of the politician, that well-known speaker, was taken seriously.","L’avertissement du politicien, cet orateur connu, a été pris au sérieux.",Genitive,Génitif,Masculine,Masculin,jene
44,"Die Unterstützung des Autors, _____ langjährigen Mitarbeiters, half dem Team enorm.",eines,"Die Unterstützung des Autors, eines langjährigen Mitarbeiters, half dem Team enorm.","The support of the author, a long-time colleague, helped the team enormously.","Le soutien de l’auteur, un collaborateur de longue date, a énormément aidé l’équipe.",Genitive,Génitif,Masculine,Masculin,ein
44,"Die Umsetzung des Projekts, _____ ehrgeizigen Vorhabens, gestaltet sich schwieriger als erwartet.",eines,"Die Umsetzung des Projekts, eines ehrgeizigen Vorhabens, gestaltet sich schwieriger als erwartet.","The implementation of the project, an ambitious undertaking, is proving more difficult than expected.","La mise en œuvre du projet, une initiative ambitieuse, s’avère plus difficile que prévu.",Genitive,Génitif,Neuter,Neutre,ein
44,"Die Veröffentlichung des Ergebnisses, _____ unerwarteten Signals, löste eine breite Diskussion aus.",dieses,"Die Veröffentlichung des Ergebnisses, dieses unerwarteten Signals, löste eine breite Diskussion aus.","The publication of the result, this unexpected signal, triggered a wide discussion.","La publication du résultat, ce signal inattendu, a déclenché un large débat.",Genitive,Génitif,Neuter,Neutre,diese
44,"Die Unterstützung der Autorin, _____ erfolgreichsten Schriftstellerin, war entscheidend.",unserer,"Die Unterstützung der Autorin, unserer erfolgreichsten Schriftstellerin, war entscheidend.","The support of the author, our most successful writer, was crucial.","Le soutien de l’auteure, notre écrivaine la plus renommée, a été déterminant.",Genitive,Génitif,Feminine,Féminin,unser
44,"Die Analyse der Kandidatin, _____ überzeugenden Politikerin, überzeugte sogar die Kritiker.",jener,"Die Analyse der Kandidatin, jener überzeugenden Politikerin, überzeugte sogar die Kritiker.","The analysis of the candidate, that persuasive politician, convinced even the critics.","L’analyse de la candidate, cette politicienne convaincante, a convaincu même les critiques.",Genitive,Génitif,Feminine,Féminin,jene
44,"Die Arbeit der Organisatorin, _____ zuverlässigsten Ansprechpartnerin, war außergewöhnlich.",meiner,"Die Arbeit der Organisatorin, meiner zuverlässigsten Ansprechpartnerin, war außergewöhnlich.","The work of the organizer, my most reliable contact person, was exceptional.","Le travail de l’organisatrice, ma correspondante la plus fiable, a été exceptionnel.",Genitive,Génitif,Feminine,Féminin,mein
44,"Die Anliegen der Mitarbeitenden, _____ engagierten Fachkräfte, wurden ernst genommen.",der,"Die Anliegen der Mitarbeitenden, der engagierten Fachkräfte, wurden ernst genommen.","The concerns of the employees, the dedicated professionals, were taken seriously.","Les préoccupations des employés, les professionnels engagés, ont été prises au sérieux.",Genitive,Génitif,Plural,Pluriel,der/die/das
44,"Die Unterstützung der Gäste, _____ langjährigen Förderer, war entscheidend.",dieser,"Die Unterstützung der Gäste, dieser langjährigen Förderer, war entscheidend.","The support of the guests, these long-time supporters, was crucial.","Le soutien des invités, ces soutiens de longue date, a été déterminant.",Genitive,Génitif,Plural,Pluriel,diese
45,,irgendein,irgendein,"some, any","certains, n'importe lequel",Nominative,Nominatif,Masculine,Masculin,
45,,irgendein,irgendein,"some, any","certains, n'importe lequel",Nominative,Nominatif,Neuter,Neutre,
45,,irgendeine,irgendein,"some, any","certains, n'importe lequel",Nominative,Nominatif,Feminine,Féminin,
45,,irgendwelche,irgendein,"some, any","certains, n'importe lequel",Nominative,Nominatif,Plural,Pluriel,
45,,irgendeinen,irgendein,"some, any","certains, n'importe lequel",Accusative,Accusatif,Masculine,Masculin,
45,,irgendein,irgendein,"some, any","certains, n'importe lequel",Accusative,Accusatif,Neuter,Neutre,
45,,irgendeine,irgendein,"some, any","certains, n'importe lequel",Accusative,Accusatif,Feminine,Féminin,
45,,irgendwelche,irgendein,"some, any","certains, n'importe lequel",Accusative,Accusatif,Plural,Pluriel,
45,,irgendeinem,irgendein,"some, any","certains, n'importe lequel",Dative,Datif,Masculine,Masculin,
45,,irgendeinem,irgendein,"some, any","certains, n'importe lequel",Dative,Datif,Neuter,Neutre,
45,,irgendeiner,irgendein,"some, any","certains, n'importe lequel",Dative,Datif,Feminine,Féminin,
45,,irgendwelchen,irgendein,"some, any","certains, n'importe lequel",Dative,Datif,Plural,Pluriel,
45,,irgendeines,irgendein,"some, any","certains, n'importe lequel",Genitive,Génitif,Masculine,Masculin,
45,,irgendeines,irgendein,"some, any","certains, n'importe lequel",Genitive,Génitif,Neuter,Neutre,
45,,irgendeiner,irgendein,"some, any","certains, n'importe lequel",Genitive,Génitif,Feminine,Féminin,
45,,irgendwelcher,irgendein,"some, any","certains, n'importe lequel",Genitive,Génitif,Plural,Pluriel,
46,_____ Besucher hat seine Jacke hier liegen lassen.,Irgendein,Irgendein Besucher hat seine Jacke hier liegen lassen.,Some visitor left their jacket here.,Un visiteur a laissé sa veste ici.,Nominative,Nominatif,Masculine,Masculin,
46,_____ Geräusch hat mich in der Nacht geweckt.,Irgendein,Irgendein Geräusch hat mich in der Nacht geweckt.,Some noise woke me up during the night.,Un bruit m'a réveillé pendant la nuit.,Nominative,Nominatif,Neuter,Neutre,
46,_____ Frau hat vor dem Gebäude gewartet.,Irgendeine,Irgendeine Frau hat vor dem Gebäude gewartet.,Some woman was waiting in front of the building.,Une femme attendait devant le bâtiment.,Nominative,Nominatif,Feminine,Féminin,
46,_____ Kinder haben draußen gespielt.,Irgendwelche,Irgendwelche Kinder haben draußen gespielt.,Some children were playing outside.,Des enfants jouaient dehors.,Nominative,Nominatif,Plural,Pluriel,
46,"Ich habe _____ Typen gesehen, der dort stand.",irgendeinen,"Ich habe irgendeinen Typen gesehen, der dort stand.",I saw some guy standing there.,J'ai vu un gars debout là.,Accusative,Accusatif,Masculine,Masculin,
46,"Ich habe _____ Geräusch gehört, aber ich weiß nicht, was es war.",irgendein,"Ich habe irgendein Geräusch gehört, aber ich weiß nicht, was es war.","I heard some noise, but I don’t know what it was.","J’ai entendu du bruit, mais je ne sais pas ce que c’était.",Accusative,Accusatif,Neuter,Neutre,
46,Ich habe _____ Nachricht auf meinem Handy gefunden.,irgendeine,Ich habe irgendeine Nachricht auf meinem Handy gefunden.,I found some message on my phone.,J'ai trouvé un message sur mon téléphone.,Accusative,Accusatif,Feminine,Féminin,
46,Ich habe _____ Freunde von ihm getroffen.,irgendwelche,Ich habe irgendwelche Freunde von ihm getroffen.,I met some of his friends.,J'ai rencontré certains de ses amis.,Accusative,Accusatif,Plural,Pluriel,
46,"Ich habe mit _____ Mann gesprochen, der das gleiche Problem hatte.",irgendeinem,"Ich habe mit irgendeinem Mann gesprochen, der das gleiche Problem hatte.",I spoke with some man who had the same problem.,J'ai parlé avec un homme qui avait le même problème.,Dative,Datif,Masculine,Masculin,
46,Ich habe bei _____ Unternehmen ein Praktikum gemacht.,irgendeinem,Ich habe bei irgendeinem Unternehmen ein Praktikum gemacht.,I did an internship at some company.,J'ai fait un stage dans une entreprise.,Dative,Datif,Neuter,Neutre,
46,Ich habe von _____ Freundin eine Nachricht bekommen.,irgendeiner,Ich habe von irgendeiner Freundin eine Nachricht bekommen.,I received a message from some female friend.,J'ai reçu un message d'une amie.,Dative,Datif,Feminine,Féminin,
46,Ich habe mit _____ Kollegen darüber gesprochen.,irgendwelchen,Ich habe mit irgendwelchen Kollegen darüber gesprochen.,I talked about it with some colleagues.,J'en ai parlé avec quelques collègues.,Dative,Datif,Plural,Pluriel,
46,"Ich erinnere mich an die Worte _____ Mannes, der mir geholfen hat.",irgendeines,"Ich erinnere mich an die Worte irgendeines Mannes, der mir geholfen hat.",I remember the words of some man who helped me.,Je me souviens des paroles d’un homme qui m’a aidé.,Genitive,Génitif,Masculine,Masculin,
46,Ich bin mir der Bedeutung _____ Problems nicht ganz sicher.,irgendeines,Ich bin mir der Bedeutung irgendeines Problems nicht ganz sicher.,I’m not entirely sure of the significance of some problem.,Je ne suis pas entièrement sûr de l’importance de certains problèmes.,Genitive,Génitif,Neuter,Neutre,
46,Ich habe von der Erfahrung _____ Kollegin profitiert.,irgendeiner,Ich habe von der Erfahrung irgendeiner Kollegin profitiert.,I benefited from the experience of some female colleague.,J'ai bénéficié de l'expérience d'une collègue féminine.,Genitive,Génitif,Feminine,Féminin,
46,Ich habe den Rat _____ Experten gehört.,irgendwelcher,Ich habe den Rat irgendwelcher Experten gehört.,I heard the advice of some experts.,J’ai entendu les conseils de certains experts.,Genitive,Génitif,Plural,Pluriel,
47,,derjenige,diejenige,"this one who, that one who","celui-ci qui, celui-là qui",Nominative,Nominatif,Masculine,Masculin,
47,,dasjenige,diejenige,"this one who, that one who","celui-ci qui, celui-là qui",Nominative,Nominatif,Neuter,Neutre,
47,,diejenige,diejenige,"this one who, that one who","celui-ci qui, celui-là qui",Nominative,Nominatif,Feminine,Féminin,
47,,diejenigen,diejenige,"these ones who, those ones who","ceux-là qui, ceux-là qui",Nominative,Nominatif,Plural,Pluriel,
47,,denjenigen,diejenige,"this one who, that one who","celui-ci qui, celui-là qui",Accusative,Accusatif,Masculine,Masculin,
47,,dasjenige,diejenige,"this one who, that one who","celui-ci qui, celui-là qui",Accusative,Accusatif,Neuter,Neutre,
47,,diejenige,diejenige,"this one who, that one who","celui-ci qui, celui-là qui",Accusative,Accusatif,Feminine,Féminin,
47,,diejenigen,diejenige,"these ones who, those ones who","ceux-là qui, ceux-là qui",Accusative,Accusatif,Plural,Pluriel,
47,,demjenigen,diejenige,"this one who, that one who","celui-ci qui, celui-là qui",Dative,Datif,Masculine,Masculin,
47,,demjenigen,diejenige,"this one who, that one who","celui-ci qui, celui-là qui",Dative,Datif,Neuter,Neutre,
47,,derjenigen,diejenige,"this one who, that one who","celui-ci qui, celui-là qui",Dative,Datif,Feminine,Féminin,
47,,denjenigen,diejenige,"these ones who, those ones who","ceux-là qui, ceux-là qui",Dative,Datif,Plural,Pluriel,
47,,desjenigen,diejenige,"this one who, that one who","celui-ci qui, celui-là qui",Genitive,Génitif,Masculine,Masculin,
47,,desjenigen,diejenige,"this one who, that one who","celui-ci qui, celui-là qui",Genitive,Génitif,Neuter,Neutre,
47,,derjenigen,diejenige,"this one who, that one who","celui-ci qui, celui-là qui",Genitive,Génitif,Feminine,Féminin,
47,,derjenigen,diejenige,"these ones who, those ones who","ceux-là qui, ceux-là qui",Genitive,Génitif,Plural,Pluriel,
48,"_____, der am meisten gearbeitet hat, sollte auch die Anerkennung bekommen.",Derjenige,"Derjenige, der am meisten gearbeitet hat, sollte auch die Anerkennung bekommen.",The one who worked the most should also receive the recognition.,Celui qui a travaillé le plus devrait également recevoir la reconnaissance.,,,,,
48,"_____, was du gesagt hast, entspricht nicht ganz der Wahrheit.",Dasjenige,"Dasjenige, was du gesagt hast, entspricht nicht ganz der Wahrheit.",That which you said doesn’t entirely match the truth.,Ce que vous avez dit ne correspond pas entièrement à la vérité.,,,,,
48,"_____, die das Projekt geleitet hat, wurde zur Abteilungsleiterin befördert.",Diejenige,"Diejenige, die das Projekt geleitet hat, wurde zur Abteilungsleiterin befördert.",The one who led the project was promoted to department head.,Celui qui a dirigé le projet a été promu chef de département.,,,,,
48,"_____, die frühzeitig informiert wurden, konnten sich besser vorbereiten.",Diejenigen,"Diejenigen, die frühzeitig informiert wurden, konnten sich besser vorbereiten.",Those who were informed early were better able to prepare.,Ceux qui ont été informés tôt ont pu mieux se préparer.,,,,,
48,"Ich habe _____ gewählt, der die überzeugendsten Argumente hatte.",denjenigen,"Ich habe denjenigen gewählt, der die überzeugendsten Argumente hatte.",I chose the one who had the most convincing arguments.,J'ai choisi celui qui avait les arguments les plus convaincants.,,,,,
48,"Sie hat _____ ignoriert, was wirklich wichtig gewesen wäre.",dasjenige,"Sie hat dasjenige ignoriert, was wirklich wichtig gewesen wäre.",She ignored that which would have really mattered.,Elle a ignoré ce qui aurait vraiment compté.,,,,,
48,"Wir haben _____ unterstützt, die sich am meisten engagiert hat.",diejenige,"Wir haben diejenige unterstützt, die sich am meisten engagiert hat.",We supported the one who was most committed.,Nous avons soutenu celui qui était le plus engagé.,,,,,
48,"Die Firma hat _____ entlassen, die wiederholt gegen Regeln verstoßen haben.",diejenigen,"Die Firma hat diejenigen entlassen, die wiederholt gegen Regeln verstoßen haben.",The company fired those who repeatedly violated rules.,L’entreprise a licencié ceux qui violaient les règles à plusieurs reprises.,,,,,
48,"Ich habe _____ geholfen, der in Schwierigkeiten geraten war.",demjenigen,"Ich habe demjenigen geholfen, der in Schwierigkeiten geraten war.",I helped the one who had gotten into trouble.,J'ai aidé celui qui avait des ennuis.,,,,,
48,"Ich habe _____ widersprochen, was völlig unbegründet war.",demjenigen,"Ich habe demjenigen widersprochen, was völlig unbegründet war.",I disagreed with that which was completely unfounded.,Je n’étais pas d’accord avec ce qui était complètement infondé.,,,,,
48,"Ich habe _____ vertraut, obwohl sie viele Fehler gemacht hatte.",derjenigen,"Ich habe derjenigen vertraut, obwohl sie viele Fehler gemacht hatte.",I trusted the one who had made many mistakes.,J’ai fait confiance à celui qui avait fait beaucoup d’erreurs.,,,,,
48,"Ich habe _____ Fragen gestellt, die am meisten betroffen waren.",denjenigen,"Ich habe denjenigen Fragen gestellt, die am meisten betroffen waren.",I asked questions to those who were most affected.,J’ai posé des questions à ceux qui étaient les plus touchés.,,,,,
48,"Die Meinung _____, der die meiste Erfahrung hat, sollte mehr Gewicht haben.",desjenigen,"Die Meinung desjenigen, der die meiste Erfahrung hat, sollte mehr Gewicht haben.",The opinion of the one with the most experience should carry more weight.,L’avis de celui qui a le plus d’expérience devrait avoir plus de poids.,,,,,
48,"Die Auswirkungen _____, was er entschieden hat, sind noch nicht abzusehen.",desjenigen,"Die Auswirkungen desjenigen, was er entschieden hat, sind noch nicht abzusehen.",The consequences of what he decided are not yet foreseeable.,Les conséquences de ce qu’il a décidé ne sont pas encore prévisibles.,,,,,
48,"Die Argumentation _____, die gegen das Projekt war, war gut durchdacht.",derjenigen,"Die Argumentation derjenigen, die gegen das Projekt war, war gut durchdacht.",The reasoning of the one who was against the project was well thought out.,Le raisonnement de celui qui était contre le projet était bien pensé.,,,,,
48,"Die Stimmen _____, die nie gehört werden, müssen endlich ernst genommen werden.",derjenigen,"Die Stimmen derjenigen, die nie gehört werden, müssen endlich ernst genommen werden.",The voices of those who are never heard must finally be taken seriously.,Les voix de ceux qui ne sont jamais entendus doivent enfin être prises au sérieux.,,,,,
49,,derselbe,dieselbe,"the same, that same","le même, le même",Nominative,Nominatif,Masculine,Masculin,
49,,dasselbe,dieselbe,"the same, that same","le même, le même",Nominative,Nominatif,Neuter,Neutre,
49,,dieselbe,dieselbe,"the same, that same","le même, le même",Nominative,Nominatif,Feminine,Féminin,
49,,dieselben,dieselbe,"the same, those same","les mêmes, ces mêmes",Nominative,Nominatif,Plural,Pluriel,
49,,denselben,dieselbe,"the same, that same","le même, le même",Accusative,Accusatif,Masculine,Masculin,
49,,dasselbe,dieselbe,"the same, that same","le même, le même",Accusative,Accusatif,Neuter,Neutre,
49,,dieselbe,dieselbe,"the same, that same","le même, le même",Accusative,Accusatif,Feminine,Féminin,
49,,dieselben,dieselbe,"the same, those same","les mêmes, ces mêmes",Accusative,Accusatif,Plural,Pluriel,
49,,demselben,dieselbe,"the same, that same","le même, le même",Dative,Datif,Masculine,Masculin,
49,,demselben,dieselbe,"the same, that same","le même, le même",Dative,Datif,Neuter,Neutre,
49,,derselben,dieselbe,"the same, that same","le même, le même",Dative,Datif,Feminine,Féminin,
49,,denselben,dieselbe,"the same, those same","les mêmes, ces mêmes",Dative,Datif,Plural,Pluriel,
49,,desselben,dieselbe,"the same, that same","le même, le même",Genitive,Génitif,Masculine,Masculin,
49,,desselben,dieselbe,"the same, that same","le même, le même",Genitive,Génitif,Neuter,Neutre,
49,,derselben,dieselbe,"the same, that same","le même, le même",Genitive,Génitif,Feminine,Féminin,
49,,derselben,dieselbe,"the same, those same","les mêmes, ces mêmes",Genitive,Génitif,Plural,Pluriel,
50,"_____ Mann, der gestern abgelehnt wurde, wurde heute gefeiert.",Derselbe,"Derselbe Mann, der gestern abgelehnt wurde, wurde heute gefeiert.",The same man who was rejected yesterday was celebrated today.,Le même homme qui a été rejeté hier a été célébré aujourd’hui.,,,,,
50,_____ Argument wurde bereits mehrfach vorgebracht.,Dasselbe,Dasselbe Argument wurde bereits mehrfach vorgebracht.,The same argument has already been made several times.,Le même argument a déjà été avancé à plusieurs reprises.,,,,,
50,"_____ Frau, die damals protestierte, führt heute das Unternehmen.",Dieselbe,"Dieselbe Frau, die damals protestierte, führt heute das Unternehmen.",The same woman who protested back then now leads the company.,La même femme qui avait protesté à l’époque dirige aujourd’hui l’entreprise.,,,,,
50,_____ Personen erscheinen immer wieder in den Schlagzeilen.,Dieselben,Dieselben Personen erscheinen immer wieder in den Schlagzeilen.,The same people keep appearing in the headlines.,Les mêmes personnes continuent d’apparaître dans les gros titres.,,,,,
50,"Ich habe _____ Mann gesehen, der gestern die Präsentation gehalten hat.",denselben,"Ich habe denselben Mann gesehen, der gestern die Präsentation gehalten hat.",I saw the same man who gave the presentation yesterday.,J'ai vu le même homme qui a fait la présentation hier.,,,,,
50,Sie hat _____ Buch zum dritten Mal gelesen.,dasselbe,Sie hat dasselbe Buch zum dritten Mal gelesen.,She read the same book for the third time.,Elle a lu le même livre pour la troisième fois.,,,,,
50,Wir haben _____ Frage schon mehrmals beantwortet.,dieselbe,Wir haben dieselbe Frage schon mehrmals beantwortet.,We’ve already answered the same question several times.,Nous avons déjà répondu à la même question plusieurs fois.,,,,,
50,Ich treffe _____ Leute bei jeder Konferenz.,dieselben,Ich treffe dieselben Leute bei jeder Konferenz.,I meet the same people at every conference.,Je rencontre les mêmes personnes à chaque conférence.,,,,,
50,Ich habe mit _____ Mann gesprochen wie letzte Woche.,demselben,Ich habe mit demselben Mann gesprochen wie letzte Woche.,I spoke with the same man as last week.,J'ai parlé avec le même homme que la semaine dernière.,,,,,
50,Das Problem liegt in _____ System wie zuvor.,demselben,Das Problem liegt in demselben System wie zuvor.,The problem lies in the same system as before.,Le problème réside dans le même système qu’avant.,,,,,
50,Sie hat _____ Kollegin wieder geholfen.,derselben,Sie hat derselben Kollegin wieder geholfen.,She helped the same colleague again.,Elle a encore aidé le même collègue.,,,,,
50,Wir haben _____ Personen erneut vertraut.,denselben,Wir haben denselben Personen erneut vertraut.,We trusted the same people again.,Nous avons à nouveau fait confiance aux mêmes personnes.,,,,,
50,Die Meinung _____ Mannes wurde diesmal viel ernster genommen.,desselben,Die Meinung desselben Mannes wurde diesmal viel ernster genommen.,The opinion of the same man was taken much more seriously this time.,L’opinion du même homme a été prise beaucoup plus au sérieux cette fois-ci.,,,,,
50,Die Funktion _____ Geräts wurde mehrfach getestet.,desselben,Die Funktion desselben Geräts wurde mehrfach getestet.,The function of the same device was tested several times.,La fonction du même appareil a été testée plusieurs fois.,,,,,
50,Die Idee _____ Frau hat das gesamte Projekt beeinflusst.,derselben,Die Idee derselben Frau hat das gesamte Projekt beeinflusst.,The idea of the same woman influenced the entire project.,L’idée de la même femme a influencé l’ensemble du projet.,,,,,
50,Die Aussagen _____ Zeugen wurden erneut überprüft.,derselben,Die Aussagen derselben Zeugen wurden erneut überprüft.,The statements of the same witnesses were reviewed again.,Les déclarations des mêmes témoins ont été réexaminées.,,,,,
1000,,allesamt,all,,,,,,,
1000,,allerlei,"all kinds of, all sort of",,,,,,,
1001,Im Supermarkt gibt es _____ exotische Früchte.,allerlei,Im Supermarkt gibt es allerlei exotische Früchte.,"In the supermarket, there are all kinds of exotic fruits.","Au supermarché, il y a toutes sortes de fruits exotiques.",,,,,
1001,Ich habe _____ interessante Artikel zu diesem Thema gelesen.,allerlei,Ich habe allerlei interessante Artikel zu diesem Thema gelesen.,I have read all kinds of interesting articles on this topic.,J'ai lu toutes sortes d'articles intéressants sur ce sujet.,,,,,
1001,Mit _____ Menschen aus verschiedenen Ländern hat er gesprochen.,allerlei,Mit allerlei Menschen aus verschiedenen Ländern hat er gesprochen.,He has spoken with all kinds of people from different countries.,Il a parlé avec toutes sortes de personnes de différents pays.,,,,,
1001,Die Auswirkungen _____ Entscheidungen können unvorhersehbar sein.,allerlei,Die Auswirkungen allerlei Entscheidungen können unvorhersehbar sein.,The effects of all kinds of decisions can be unpredictable.,Les effets de toutes sortes de décisions peuvent être imprévisibles.,,,,,
1001,_____ neue Ideen wurden in der Diskussion vorgeschlagen.,Allerlei,Allerlei neue Ideen wurden in der Diskussion vorgeschlagen.,All kinds of new ideas were suggested in the discussion.,Toutes sortes d’idées nouvelles ont été suggérées au cours de la discussion.,,,,,
1020,,meinige,,"my own, mine",,,,,,
1020,,deinige,,,,,,,,
1020,,derlei,,,,,,,,
1020,,dergleichen,,,,,,,,
1020,,ein wenig,,,,,,,,
1020,,jedweder,,,,,,,,
1020,,jeglicher,,,,,,,,
1020,,keinerlei,,,,,,,,
1020,,keinerlei,"Die Entscheidung ließ keinerlei Zweifel daran, dass ein Kurswechsel unausweichlich war.",The decision left no doubt whatsoever that a change of course was inevitable.,La décision ne laissait aucun doute quant au fait qu’un changement de cap était inévitable.,,,,,
1020,,keinerlei,Trotz intensiver Bemühungen zeigte die Maßnahme keinerlei Wirkung.,"Despite intensive efforts, the measure showed no effect whatsoever.","Malgré des efforts intensifs, la mesure n’a montré absolument aucun effet.",,,,,
1020,,keinerlei,"Er zeigte keinerlei Bereitschaft, einen Kompromiss in Betracht zu ziehen.",He showed no willingness whatsoever to consider a compromise.,Il n’a montré aucune volonté de considérer un compromis.,,,,,
1020,,keinerlei,Die Analyse lieferte keinerlei Hinweise auf strukturelle Schwächen im System.,The analysis provided no indications whatsoever of structural weaknesses in the system.,L’analyse n’a fourni absolument aucun indice de faiblesses structurelles dans le système.,,,,,
1020,,keinerlei,Die Kritik ließ keinerlei Raum für eine alternative Interpretation der Ergebnisse.,The criticism left no room whatsoever for an alternative interpretation of the results.,La critique ne laissait absolument aucune place à une interprétation alternative des résultats.,,,,,
1020,"_____ Studien zeigen, dass Sport die Konzentration verbessert.",Mehrere,"Mehrere Studien zeigen, dass Sport die Konzentration verbessert.",Several studies show that sports improve concentration.,Plusieurs études démontrent que le sport améliore la concentration.,,,,,
1020,Ich habe _____ interessante Artikel zu diesem Thema gelesen.,mehrere,Ich habe mehrere interessante Artikel zu diesem Thema gelesen.,I have read several interesting articles on this topic.,J'ai lu plusieurs articles intéressants sur ce sujet.,,,,,
1020,Mit _____ Kollegen habe ich über das Projekt diskutiert.,mehreren,Mit mehreren Kollegen habe ich über das Projekt diskutiert.,I have discussed the project with several colleagues.,J'ai discuté du projet avec plusieurs collègues.,,,,,
1020,Die Ergebnisse _____ Experimente waren sehr überraschend.,mehrerer,Die Ergebnisse mehrerer Experimente waren sehr überraschend.,The results of several experiments were very surprising.,Les résultats de plusieurs expériences ont été très surprenants.,,,,,
1020,_____ Teilnehmer haben sich über die Organisation beschwert.,Mehrere,Mehrere Teilnehmer haben sich über die Organisation beschwert.,Several participants complained about the organization.,Plusieurs participants se sont plaints de l’organisation.,,,,,