exercise,level_verb,Nr_verb,answer,question,german,english,french,type,prefix,level_root,root_german,root_english,root_french,explanation_prefix_english,explanation_prefix_french,explanation_english_beta,explanation_french_beta
1,A1,30,bekommen,,,"to receive, to catch (e.g. a cold), to sit well with someone","recevoir, attraper (par exemple un rhume), s'entendre avec quelqu'un",1. verb,be,A1,kommen,"to come, to make it (e.g. over something), to go to, to occur","venir, aller à, se produire",,,,
1,A1,35,verstehen,,,"to understand, to get along with someone","comprendre, s'entendre avec quelqu'un",1. verb,ver,A1,stehen,"to stand, to be, to appear","être debout, apparaître",,,,
1,A1,40,anziehen,,,"to get dressed, to put on, to dress someone, to attract, to pull","s'habiller, mettre, habiller quelqu'un, attirer, tirer",1. verb,an,A1,ziehen,"to pull, to drag, to move","tirer, traîner, déplacer","to add the meaning of <i>on</i>, of a contact → an",,,
1,A1,41,ausziehen,,,"to take something off, to undress, to pull out, to move out","enlever quelque chose, se déshabiller, se retirer, sortir",1. verb,aus,A1,ziehen,"to pull, to drag, to move","tirer, traîner, déplacer","to add the meaning of ""out"", to extend, to complete → aus",,"<br><br>to add the meaning of ""out"", to extend, to complete → aus",
1,A1,44,erzählen,,,"to tell, to narrate","raconter, narrer",1. verb,er,A2,zählen,to count,compter,,,,
1,A1,64,wiederholen,,,to repeat,répéter,1. verb,wieder,A2,holen,to fetch,aller chercher,,,,
1,A1,65,übersetzen,,,to translate,traduire,1. verb,über,A2,setzen,"to set, to sit down (refl.)",s'asseoir (réfl.),to translate the prefix <i>trans-</i> → über,,,
1,A1,70,bezahlen,,,"to pay, to pay someone (transitive)","payer, payer quelqu'un (transitif)",1. verb,be,A1,zahlen,"to pay (for something), to atone for","payer (pour quelque chose), expier",to make an intransitive verb transitive → be,,,
1,A1,77,verkaufen,,,to sell,vendre,1. verb,ver,A1,kaufen,to buy,acheter,,,,
1,A1,79,besuchen,,,to visit,visiter,1. verb,be,A1,suchen,"to seek, to search","chercher, rechercher",,,,
4,A2,81,erklären,,,"to explain, to declare, to assert","expliquer, déclarer, affirmer",1. verb,er,B2,klären,"to clarify, to resolve, to clear up","clarifier, résoudre, éclaircir",,,,
4,A2,84,versuchen,,,"to try, to attempt","essayer, tenter",1. verb,ver,A1,suchen,"to seek, to search","chercher, rechercher",,,,
4,A2,92,anrufen,,,"to call by telephone, to call on (someone)",appeler par téléphone,1. verb,an,B1,rufen,"to call, to shout, to summon","appeler, crier, convoquer","to add the meaning of <i>on</i>, of a contact → an",,,
4,A2,93,aufhören,,,"to stop, to cease an activity or process","arrêter, cesser une activité ou un processus",1. verb,auf,A1,hören,"to hear, to listen to","entendre, écouter",,,,
4,A2,94,anfangen,,,to begin something new,commencer quelque chose de nouveau,1. verb,an,B2,fangen,to catch,attraper,"to indicate the action is partial, beginning → an",,,
4,A2,96,benutzen,,,to use (transitive),utiliser (transitif),1. verb,be,B1,nutzen,"to use, to utilize, to benefit from","utiliser, exploiter, bénéficier de",to make an intransitive verb transitive → be,,,
4,A2,101,aufstehen,,,"to get up, to be open (e.g. a window, door)","se lever, être ouvert (par exemple une fenêtre, une porte)",1. verb,auf,A1,stehen,"to stand, to be, to appear","être debout, apparaître",to add the meaning of <i>up</i> → auf,,,
4,A2,102,aufwachen,,,to wake up,se réveiller,1. verb,auf,C1,wachen,"to wake, to guard, to be awake","veiller, réveiller, surveiller",to add the meaning of <i>up</i> → auf,,,
4,A2,103,wehtun,,,"to hurt, to be painful","blesser, être douloureux",1. verb,weh,A1,tun,"to do, to do something to someone","faire, faire quelque chose à quelqu'un",,,,
4,A2,111,einladen,,,"to invite, to load (something into a container)","inviter, charger (quelque chose dans un conteneur)",1. verb,ein,B1,laden,"to load, to charge, to invite","charger, inviter","to add the meaning of <i>in</i>, <i>into</i> → ein",,,
4,A2,116,aussehen,,,"to look like, to appear","paraître, ressembler, apparaître",1. verb,aus,A1,sehen,"to see, to realise","voir, se rendre compte","to add the meaning of ""out"", to extend, to complete → aus",,,
4,A2,118,fernsehen,,,to watch TV,regarder la télévision,1. verb,fern,A1,sehen,"to see, to realise","voir, se rendre compte","to add the meaning of <i>remotely</i>, <i>from afar</i> → fern",,,
4,A2,122,ausgehen,,,"to go out, to run out (e.g. of money)","sortir, être à court (par exemple d'argent)",1. verb,aus,A1,gehen,"to go, to leave, to work, to function (coll.), to be going (Dat.), to be all right (Dat.)","aller, partir, fonctionner (familier)","to add the meaning of ""out"", to extend, to complete → aus",,,
4,A2,124,ankommen,,,"to arrive, to depend on something","arriver, dépendre de quelque chose",1. verb,an,A1,kommen,"to come, to make it (e.g. over something), to go to, to occur","venir, aller à, se produire","to add the meaning of <i>on</i>, of a contact → an",,,
4,A2,126,anmelden,,,"to register, to sign up, to sign on",s'inscrire,1. verb,an,A2,melden,"to report, to register","signaler, enregistrer","to add the meaning of <i>on</i>, of a contact → an",,,
4,A2,128,verlassen,,,"to leave, to trust with something (refl.), to pass away, to die","partir, confier quelque chose (réfl.), décéder, mourir",1. verb,ver,A2,lassen,"to let, to leave, to allow","laisser, quitter, permettre",,,,
4,A2,138,vorstellen,,,"to introduce, to present oneself (refl.), to move forward, to represent","introduire, se présenter (réfl.), représenter",1. verb,vor,A2,stellen,"to position, to put, to catch","positionner, mettre","to indicate that something is <i>in front</i>, a performance → vor",,,
4,A2,139,entscheiden,,,to decide,décider,1. verb,ent,B2,scheiden,"to separate, to divorce, to part","se séparer, divorcer",,,,
4,A2,148,empfehlen,,,"to recommend, to suggest","recommander, suggérer",1. verb,emp,A2,fehlen,"to lack, to be absent or missing","manquer, être absent ou manquant",,,,
4,A2,152,annehmen,,,"to accept, to assume (a hypothesis), to receive, to suppose","accepter, supposer (une hypothèse), recevoir",1. verb,an,A1,nehmen,"to take, to cause oneself to be (in some state)","prendre, se mettre (dans un état)","to add the meaning of <i>on</i>, of a contact → an",,,
4,A2,153,aussteigen,,,"to exit, to get off","sortir, descendre",1. verb,aus,A2,steigen,"to ascend, to climb, to rise","monter, grimper, s'élever","to add the meaning of ""out"", to extend, to complete → aus",,,
4,A2,154,einsteigen,,,"to enter, to get in, to board","entrer, monter à bord, embarquer",1. verb,ein,A2,steigen,"to ascend, to climb, to rise","monter, grimper, s'élever","to add the meaning of <i>in</i>, <i>into</i> → ein",,,
4,A2,155,vorbereiten,,,"to prepare, to get ready, to prepare in advance",se préparer,1. verb,vor,C1,bereiten,"to prepare, to cause","préparer, provoquer","to add the meaning of <i>pre-</i>, that something is <i>before</i>, <i>in advance</i> → vor",,,
4,A2,156,umziehen,,,"to move (house), to change clothes","déménager, changer de vêtements",1. verb,um,A1,ziehen,"to pull, to drag, to move","tirer, traîner, déplacer",to add the meaning of <i>around</i> → um,,,
4,A2,158,entdecken,,,"to discover, to find","découvrir, trouver",1. verb,ent,B2,decken,"to cover, to set (a table), to hedge","couvrir, dresser (une table), se protéger",,,,
7,B1,161,verändern,,,"to alter, to change something","modifier, changer quelque chose",1. verb,ver,A2,ändern,to change (one's personality or behavior),changer (sa personnalité ou son comportement),,,,
7,B1,162,stattfinden,,,"to take place, to occur","avoir lieu, se produire",1. verb,statt,A1,finden,to find,trouver,"to add the meaning of ""out"", to extend, to complete → aus",,,
7,B1,164,versprechen,,,"to promise, to hope for, to misspeak","promettre, espérer",1. verb,ver,A1,sprechen,to speak,parler (une langue),,,,
7,B1,165,erkennen,,,"to recognize, to realise","reconnaître, réaliser",1. verb,er,A1,kennen,"to know, to be acquainted with, to be familiar with","connaître, être familier avec",,,,
7,B1,166,besitzen,,,"to own, to possess, to have","posséder, avoir",1. verb,be,A1,sitzen,"to be seated, to stay, to fit (of clothing)","être assis, rester",,,,
7,B1,167,übernehmen,,,to take over,"prendre le relais, prendre le contrôle",1. verb,über,A1,nehmen,"to take, to cause oneself to be (in some state)","prendre, se mettre (dans un état)","to add the meaning of <i>over</i>, to translate the prefix <i>sur</i> → über",,,
7,B1,168,enthalten,,,"to contain, to include","contenir, inclure",1. verb,ent,A1,halten,"to hold, to stop (a movement), to support, to keep","tenir, arrêter (un mouvement), soutenir, garder",,,,
7,B1,174,erwarten,,,"to expect, to await",s'attendre à,1. verb,er,A1,warten,"to wait, to maintain (e.g. a car)","attendre, entretenir (par exemple une voiture)",,,,
7,B1,175,behalten,,,to keep,garder,1. verb,be,A1,halten,"to hold, to stop (a movement), to support, to keep","tenir, arrêter (un mouvement), soutenir, garder",,,,
7,B1,176,verpassen,,,"to miss (to be late for something, e.g. a train)","manquer (être en retard pour quelque chose, par exemple un train)",1. verb,ver,A2,passen,"to fit, to suit","s'adapter, convenir",,,,
7,B1,180,befinden,,,"to be located (refl.), to find, to consider (formal)","être localisé (réfl.), trouver, considérer (formel)",1. verb,be,A1,finden,to find,trouver,,,,
7,B1,185,einkaufen,,,to shop,"faire les courses, faire du shopping",1. verb,ein,A1,kaufen,to buy,acheter,"to add the meaning of <i>in</i>, <i>into</i> → ein",,,
7,B1,186,bestimmen,,,"to determine, to assign, to decide, to ascertain","déterminer, fixer, décider, identifier, assigner",1. verb,be,B1,stimmen,"to be true, to vote, to tune","être vrai, voter, s'accorder",,,,
7,B1,195,beenden,,,"to finish, to end, to complete","finir, terminer, achever",1. verb,be,B1,enden,"to end, to finish, to conclude","terminer, achever, conclure",to make an intransitive verb transitive → be,,,
7,B1,197,erhalten,,,"to receive, to get, to obtain, to preserve","recevoir, obtenir, acquérir, préserver",1. verb,er,A1,halten,"to hold, to stop (a movement), to support, to keep","tenir, arrêter (un mouvement), soutenir, garder",,,,
7,B1,199,verdienen,,,"to earn, to deserve","gagner, mériter",1. verb,ver,B1,dienen,"to serve, to function","servir, fonctionner",,,,
7,B1,205,kennenlernen,,,"to meet someone, to get to know someone","rencontrer quelqu'un, apprendre à connaître quelqu'un",1. verb,kennen,A1,lernen,"to learn, to study, to train something","apprendre, étudier, se former à quelque chose",,,,
8,B1,207,ersetzen,,,"to replace, to substitute, to compensate for","remplacer, substituer, compenser",1. verb,er,A2,setzen,"to set, to sit down (refl.)",s'asseoir (réfl.),,,,
8,B1,210,vorschlagen,,,"to suggest, to propose","suggérer, proposer",1. verb,vor,B1,schlagen,"to hit, to beat, to strike, to defeat","frapper, battre, vaincre","to indicate that something is <i>in front</i>, a performance → vor",,,
8,B1,211,teilnehmen,,,"to participate, to take part, to partake","participer, prendre part",1. verb,teil,A1,nehmen,"to take, to cause oneself to be (in some state)","prendre, se mettre (dans un état)",,,,
8,B1,212,überprüfen,,,"to check, to examine, to verify","vérifier, examiner",1. verb,über,B2,prüfen,"to check, to examine, to test, to investigate","vérifier, examiner, tester, enquêter",,,,
8,B1,213,beraten,,,"to advise, to consult, to discuss","conseiller, consulter, discuter",1. verb,be,B1,raten,"to advise, to recommend, to guess","conseiller, recommander, deviner",to make an intransitive verb transitive → be,,,
8,B1,214,bewerben,,,"to apply (for a job, position)","postuler (à un emploi, un poste)",1. verb,be,B2,werben,"to advertise, to recruit","faire de la publicité, recruter",,,,
8,B1,216,anbieten,,,"to offer, to provide, to propose","offrir, fournir, proposer",1. verb,an,A2,bieten,"to offer, to bid, to arise, to occur (of an opportunity) (refl.)","offrir, enchérir, surgir, se produire (d'une opportunité) (réfl.)",,,,
8,B1,217,mitnehmen,,,"to take along, to take with",emporter,1. verb,mit,A1,nehmen,"to take, to cause oneself to be (in some state)","prendre, se mettre (dans un état)","to add the meaning of <i>along</i>, <i>with</i> → mit",,,
8,B1,218,mitbringen,,,"to bring along, to bring with",apporter,1. verb,mit,A1,bringen,"to bring, to take, to lead","apporter, prendre, conduire","to add the meaning of <i>along</i>, <i>with</i> → mit",,,
8,B1,220,aufpassen,,,"to pay attention, to watch out, to take care","faire attention, prendre soin",1. verb,auf,A2,passen,"to fit, to suit","s'adapter, convenir",,,,
8,B1,224,abholen,,,"to pick up, to collect","ramasser, collecter",1. verb,ab,A2,holen,to fetch,aller chercher,"to add the meaning of <i>off</i>, <i>away</i> → ab",,,
8,B1,227,zustimmen,,,"to agree, to consent, to approve","être d'accord, consentir, approuver",1. verb,zu,B1,stimmen,"to be true, to vote, to tune","être vrai, voter, s'accorder",,,,
8,B1,231,sich verlieben,,,to fall in love,tomber amoureux,1. verb,ver,A1,lieben,to love,"aimer, être amoureux de",,,,
8,B1,232,aufräumen,,,"to tidy up, to clean up, to clear","ranger, nettoyer, débarrasser",1. verb,auf,B2,räumen,"to clear, to remove, to vacate","déblayer, débrancher, dégager",to add the meaning of <i>up</i> → auf,,,
8,B1,233,beschreiben,,,"to describe, to depict","décrire, représenter",1. verb,be,A1,schreiben,to write,écrire,to discuss or mention an object → be,,,
8,B1,234,verbinden,,,"to connect, to link, to join, to bandage","connecter, lier, joindre, bander",1. verb,ver,B2,binden,"to tie, to bind, to attach","attacher, lier",,,,
8,B1,235,abhängen,,,"to depend on, to hang out (coll.)","dépendre de, fréquenter (coll.)",1. verb,ab,A2,hängen,"to hang, to be fond of, depend on","accrocher, aimer, dépendre de",,,,
9,B1,237,zurückgeben,,,"to return, to give back, to answer back","rendre, répondre",1. verb,zurück,A1,geben,to give,donner,to add the meaning of <i>back</i> → zurück,,,
9,B1,238,mitkommen,,,"to come along, to keep up","venir, suivre",1. verb,mit,A1,kommen,"to come, to make it (e.g. over something), to go to, to occur","venir, aller à, se produire","to add the meaning of <i>along</i>, <i>with</i> → mit",,,
9,B1,240,ausruhen,,,"to rest, to relax","se reposer, se détendre",1. verb,aus,C1,ruhen,"to rest, to be at rest, to repose",reposer,"to add the meaning of ""out"", to extend, to complete → aus",,,
9,B1,242,verbringen,,,"to spend (time), to pass",passer (du temps),1. verb,ver,A1,bringen,"to bring, to take, to lead","apporter, prendre, conduire",,,,
9,B1,243,vorhaben,,,"to intend, to plan, to be up to","avoir l'intention de, planifier, être à la hauteur",1. verb,vor,A1,haben,"to have, to contain","avoir, contenir","to add the meaning of <i>pre-</i>, that something is <i>before</i>, <i>in advance</i> → vor",,,
9,B1,244,erleben,,,"to experience, to live through","expérimenter, vivre",1. verb,er,A1,leben,to live,vivre,,,,
9,B1,246,sich erholen,,,"to recover, to recuperate","récupérer, se rétablir",1. verb,er,A2,holen,to fetch,aller chercher,,,,
9,B1,247,erfahren,,,"to learn, to find out, to experience","apprendre, découvrir, expérimenter",1. verb,er,A1,fahren,"to go (by vehicle), to leave, to drive","aller (en véhicule), partir, conduire",,,,
9,B1,254,verbieten,,,"to forbid, to prohibit","interdire, prohiber",1. verb,ver,A2,bieten,"to offer, to bid, to arise, to occur (of an opportunity) (refl.)","offrir, enchérir, surgir, se produire (d'une opportunité) (réfl.)",equivalent of english <i>for</i> → ver,,,
9,B1,255,unterschreiben,,,"to sign, to subscribe, to unterwrite","signer, souscrire",1. verb,unter,A1,schreiben,to write,écrire,"to add the meaning of <i>under</i>, to translate the prefix <i>sub-</i> → unter",,,
9,B1,256,empfangen,,,"to receive, to welcome, to greet","recevoir, accueillir, saluer",1. verb,emp,B2,fangen,to catch,attraper,,,,
9,B1,257,bestellen,,,"to order, to reserve","commander, réserver",1. verb,be,A2,stellen,"to position, to put, to catch","positionner, mettre",,,,
9,B1,267,aufnehmen,,,"to record, to take in, to absorb, to include","enregistrer, assimiler, absorber, inclure",1. verb,auf,A1,nehmen,"to take, to cause oneself to be (in some state)","prendre, se mettre (dans un état)",to add the meaning of <i>up</i> → auf,,,
9,B1,270,beantworten,,,"to answer, to reply to (transitive)","répondre, répliquer à (transitif)",1. verb,be,A2,antworten,"to answer, to reply","répondre, répliquer",to make an intransitive verb transitive → be,,,
9,B1,274,besprechen,,,"to discuss, to talk about","discuter, parler de",1. verb,be,A1,sprechen,to speak,parler (une langue),to discuss or mention an object → be,,,
9,B1,275,erfinden,,,"to invent, to make up, to fabricate","inventer, fabriquer",1. verb,er,A1,finden,to find,trouver,,,,
10,B1,277,unterrichten,,,"to teach, to instruct, to inform","enseigner, instruire, informer",1. verb,unter,B2,richten,"to direct, to adjust, to focus, to judge","diriger, ajuster, focaliser, juger",,,,
10,B1,278,bestehen,,,"to pass, to exist, to consist, to insist","passer, exister, consister, insister",1. verb,be,A1,stehen,"to stand, to be, to appear","être debout, apparaître",to work on or change the state of an object → be,,,
10,B1,279,abschließen,,,"to complete, to conclude, to lock","compléter, conclure, verrouiller",1. verb,ab,A1,schließen,"to shut, to close, to lock, to conclude","fermer, clore, verrouiller, conclure","to add the meaning of <i>off</i>, <i>away</i> → ab",,,
10,B1,281,ausbilden,,,"to train, to educate, to develop","former, éduquer, développer (une compétence)",1. verb,aus,B1,bilden,"to form, to constitute, to educate","former, constituer, éduquer","to add the meaning of ""out"", to extend, to complete → aus",,,
10,B1,282,herausfinden,,,"to find out, to discover, to figure out","découvrir, comprendre",1. verb,heraus,A1,finden,to find,trouver,,,,
10,B1,285,zurückkommen,,,"to come back, to return","revenir, retourner",1. verb,zurück,A1,kommen,"to come, to make it (e.g. over something), to go to, to occur","venir, aller à, se produire",to add the meaning of <i>back</i> → zurück,,,
10,B1,286,zerstören,,,"to destroy, to ruin","détruire, ruiner",1. verb,zer,A2,stören,"to disturb, to interfere","déranger, interférer",,,,
10,B1,289,absagen,,,"to cancel, to call off",annuler,1. verb,ab,A1,sagen,"to say, to tell","dire, raconter","to add the meaning of <i>off</i>, <i>away</i> → ab",,,
10,B1,293,empfinden,,,"to feel, to sense, to perceive","sentir, pressentir, percevoir",1. verb,emp,A1,finden,to find,trouver,,,,
10,B1,294,beobachten,,,"to observe, to watch, to monitor","observer, surveiller",1. verb,beob,B1,achten,"to respect, to pay attention to, to heed","respecter, prêter attention à",,,,
10,B1,303,herunterladen,,,to download,télécharger,1. verb,herunter,B1,laden,"to load, to charge, to invite","charger, inviter",,,,
10,B1,304,berichten,,,"to report, to inform, to cover","signaler, informer, couvrir",1. verb,be,B2,richten,"to direct, to adjust, to focus, to judge","diriger, ajuster, focaliser, juger",to discuss or mention an object → be,,,
10,B1,307,umsteigen,,,"to change, to transfer, to switch","changer, transférer, commuter",1. verb,um,A2,steigen,"to ascend, to climb, to rise","monter, grimper, s'élever",,,,
10,B1,314,vermeiden,,,"to avoid, to prevent","éviter, empêcher",1. verb,ver,C1,meiden,"to avoid, to shun","éviter, fuir",,,,
10,B1,317,verstecken,,,"to hide, to conceal","cacher, dissimuler",1. verb,ver,B2,stecken,"to stick, to pin","coller, épingler",,,,
10,B1,320,ausgeben,,,"to spend, to expend, to issue","dépenser, émettre",1. verb,aus,A1,geben,to give,donner,"to add the meaning of ""out"", to extend, to complete → aus",,,
19,B2,321,darstellen,,,"to depict, to portray, to represent, to illustrate","dépeindre, représenter, illustrer",1. verb,dar,A2,stellen,"to position, to put, to catch","positionner, mettre",,,,
19,B2,323,erreichen,,,"to reach, to achieve, to attain","atteindre, réaliser, parvenir",1. verb,er,B2,reichen,"to reach, to hand, to be enough","atteindre, mettre la main, être suffisant",,,,
19,B2,326,herstellen,,,"to produce, to make, to establish","produire, fabriquer, établir",1. verb,her,A2,stellen,"to position, to put, to catch","positionner, mettre",,,,
19,B2,330,verwenden,,,"to use, to employ, to utilize","utiliser, employer, exploiter",1. verb,ver,B2,wenden,"to turn, to reverse, to address","tourner, inverser, s'adresser",,,,
19,B2,331,verschieben,,,"to postpone, to move, to shift","reporter, déplacer, décaler",1. verb,ver,B2,schieben,"to push, to shove, to wheel","pousser, bousculer, faire tourner",,,,
19,B2,332,feststellen,,,"to determine, to ascertain, to notice","déterminer, constater, remarquer",1. verb,fest,A2,stellen,"to position, to put, to catch","positionner, mettre",,,,
19,B2,333,unterhalten,,,"to entertain, to maintain, to support, to convert","divertir, entretenir, soutenir, convertir",1. verb,unter,A1,halten,"to hold, to stop (a movement), to support, to keep","tenir, arrêter (un mouvement), soutenir, garder",,,,
19,B2,334,einstellen,,,"to hire, to adjust, to stop","embaucher, ajuster, arrêter",1. verb,ein,A2,stellen,"to position, to put, to catch","positionner, mettre","to add the meaning of <i>in</i>, <i>into</i> → ein",,,
19,B2,339,überlegen,,,"to consider, to think about, to reflect, to lay over","considérer, penser à, réfléchir, recouvrir, poser par-dessus",1. verb,über,A2,legen,"to lay, to lean, to lie down","poser, se pencher, s'allonger",,,,
19,B2,340,unternehmen,,,"to undertake, to attempt, to take action","entreprendre, tenter, agir",1. verb,unter,A1,nehmen,"to take, to cause oneself to be (in some state)","prendre, se mettre (dans un état)","to add the meaning of <i>under</i>, to translate the prefix <i>sub-</i> → unter",,,
19,B2,342,vertreten,,,"to represent, to advocate, to stand in for","représenter, défendre, se substituer",1. verb,ver,B2,treten,"to step, to kick, to enter","marcher, donner un coup de pied, entrer",,,,
19,B2,345,durchführen,,,"to carry out, to conduct, to implement","réaliser, mener, mettre en œuvre",1. verb,durch,A2,führen,"to lead, to guide","guider, conduire",to add the meaning of <i>through</i> → durch,,,
19,B2,347,untersuchen,,,"to investigate, to examine, to analyze","enquêter, examiner, analyser",1. verb,unter,A1,suchen,"to seek, to search","chercher, rechercher",,,,
19,B2,348,verraten,,,"to betray, to reveal","trahir, révéler",1. verb,ver,B1,raten,"to advise, to recommend, to guess","conseiller, recommander, deviner",,,,
19,B2,349,entstehen,,,"to arise, to develop, to come into being","surgir, se développer, naître",1. verb,ent,A1,stehen,"to stand, to be, to appear","être debout, apparaître",,,,
19,B2,350,abgeben,,,"to submit, to hand in, to deliver","soumettre, remettre, livrer",1. verb,ab,A1,geben,to give,donner,"to add the meaning of <i>off</i>, <i>away</i> → ab",,,
19,B2,356,ablehnen,,,"to refuse, to reject, to decline","refuser, rejeter, décliner",1. verb,ab,C2,lehnen,to lean,se pencher,,,,
19,B2,357,einsetzen,,,"to use, to apply, to deploy, to insert","utiliser, appliquer, déployer, insérer",1. verb,ein,A2,setzen,"to set, to sit down (refl.)",s'asseoir (réfl.),"to add the meaning of <i>in</i>, <i>into</i> → ein",,,
19,B2,361,auswählen,,,"to choose, to select","choisir, sélectionner",1. verb,aus,A2,wählen,"to choose, to dial (a number), to vote","choisir, composer (un numéro), voter","to add the meaning of ""out"", to extend, to complete → aus",,,
19,B2,372,behandeln,,,"to treat, to handle, to deal with","traiter, manipuler, faire face à",1. verb,be,B1,handeln,"to act, to deal, to trade, to negotiate","agir, traiter, commercer, négocier",,,,
19,B2,373,ansehen,,,"to look at something, to watch something","regarder quelque chose, observer quelque chose",1. verb,an,A1,sehen,"to see, to realise","voir, se rendre compte",to add intensity to a reference point → an,,,
20,B2,374,mitteilen,,,"to inform, to notify, to communicate","informer, notifier, communiquer",1. verb,mit,A2,teilen,"to split, to share, to divide","diviser, partager","to add the meaning of <i>along</i>, <i>with</i> → mit",,,
20,B2,375,erstellen,,,"to create, to prepare, to compile","créer, préparer, compiler",1. verb,er,A2,stellen,"to position, to put, to catch","positionner, mettre",,,,
20,B2,377,bedienen,,,"to serve, to operate, to use","servir, opérer, utiliser",1. verb,be,B1,dienen,"to serve, to function","servir, fonctionner",to make an intransitive verb transitive → be,,,
20,B2,380,zuhören,,,to listen to someone (with dative),écouter quelqu'un,1. verb,zu,A1,hören,"to hear, to listen to","entendre, écouter",,,,
20,B2,383,übertragen,,,"to transfer, to transmit, to broadcast","transférer, transmettre, diffuser",1. verb,über,A1,tragen,"to wear (clothing), to carry, to hold","porter (des vêtements), transporter, tenir",to translate the prefix <i>trans-</i> → über,,,
20,B2,384,verteilen,,,"to distribute, to allocate, to hand out","distribuer, attribuer",1. verb,ver,A2,teilen,"to split, to share, to divide","diviser, partager",,,,
20,B2,387,zunehmen,,,"to increase, to gain (weight), to rise","augmenter, prendre (du poids), s'élever",1. verb,zu,A1,nehmen,"to take, to cause oneself to be (in some state)","prendre, se mettre (dans un état)",,,,
20,B2,388,entsprechen,,,"to correspond, to match, to comply with","correspondre, égaler, se conformer à",1. verb,ent,A1,sprechen,to speak,parler (une langue),,,,
20,B2,389,mitmachen,,,"to participate, to join in, to go along","participer, se joindre à, accompagner",1. verb,mit,A1,machen,"to make, to prepare, to do","faire, préparer","to add the meaning of <i>along</i>, <i>with</i> → mit",,,
20,B2,391,erfüllen,,,"to fulfill, to satisfy, to carry out","accomplir, satisfaire, réaliser",1. verb,er,B2,füllen,"to fill, to stuff","remplir, farcir",,,,
20,B2,405,erfolgen,,,"to occur, to take place","se produire, avoir lieu",1. verb,er,A2,folgen,to follow,suivre,,,,
20,B2,409,begründen,,,"to justify, to explain, to establish","justifier, expliquer, établir",1. verb,be,B2,gründen,"to found, to establish, to start","fonder, établir, démarrer",,,,
20,B2,411,festlegen,,,"to define, to determine, to set","définir, déterminer, établir",1. verb,fest,A2,legen,"to lay, to lean, to lie down","poser, se pencher, s'allonger",,,,
20,B2,414,ausfüllen,,,"to complete, to fill in, to fill out","compléter, remplir",1. verb,aus,B2,füllen,"to fill, to stuff","remplir, farcir","to add the meaning of ""out"", to extend, to complete → aus",,,
20,B2,417,einziehen,,,"to move in, to penetrate, to infiltrate","s'introduire, pénétrer, s'infiltrer",1. verb,ein,A1,ziehen,"to pull, to drag, to move","tirer, traîner, déplacer","to add the meaning of <i>in</i>, <i>into</i> → ein",,,
20,B2,420,eingehen,,,"to shrink (textile), to wither, to die (plants, animals), to assume something","rétrécir (textile), se faner, mourir (plantes, animaux), prendre quelque chose",1. verb,ein,A1,gehen,"to go, to leave, to work, to function (coll.), to be going (Dat.), to be all right (Dat.)","aller, partir, fonctionner (familier)",,,,
20,B2,430,nachdenken,,,"to think about, to reflect, to ponder","penser à, réfléchir, méditer",1. verb,nach,A1,denken,"to think, to consider","penser, considérer",to indicate a purposeful action → nach,,,
20,B2,432,einrichten,,,"to set up, to furnish, to arrange","installer, meubler, aménager",1. verb,ein,B2,richten,"to direct, to adjust, to focus, to judge","diriger, ajuster, focaliser, juger",,,,
20,B2,435,beachten,,,"to notice, to pay attention to, to observe","remarquer, prêter attention à, observer",1. verb,be,B1,achten,"to respect, to pay attention to, to heed","respecter, prêter attention à",to make an intransitive verb transitive → be,,,
20,B2,438,anzeigen,,,"to report, to indicate, to display","signaler, indiquer, afficher",1. verb,an,A1,zeigen,"to show, to point at, to demonstrate","montrer, pointer du doigt, démontrer","to add the meaning of <i>on</i>, of a contact → an",,,
20,B2,442,eröffnen,,,"to open, to inaugurate","ouvrir, inaugurer",1. verb,er,A1,öffnen,to open,ouvrir,,,,
21,B2,451,abnehmen,,,"to decrease, to lose weight, to remove","diminuer, perdre du poids, éliminer",1. verb,ab,A1,nehmen,"to take, to cause oneself to be (in some state)","prendre, se mettre (dans un état)","to add the meaning of <i>off</i>, <i>away</i> → ab",,,
21,B2,452,beweisen,,,"to prove, to demonstrate","prouver, démontrer",1. verb,be,B2,weisen,"to point, to direct, to indicate","pointer, diriger, indiquer",,,,
21,B2,454,erscheinen,,,"to appear, to be published, to seem","apparaître, être publié, sembler",1. verb,er,A2,scheinen,"to shine, to seem (formal)","briller, paraître (formel)",,,,
21,B2,457,beschließen,,,"to decide, to resolve","décider, résoudre",1. verb,be,A1,schließen,"to shut, to close, to lock, to conclude","fermer, clore, verrouiller, conclure",to work on or change the state of an object → be,,,
21,B2,458,bearbeiten,,,"to edit, to process, to work on","éditer, traiter, travailler sur",1. verb,be,A1,arbeiten,to work,travailler,to work on or change the state of an object → be,,,
21,B2,459,hinweisen,,,"to indicate, to point out, to refer","indiquer, faire remarquer, se référer",1. verb,hin,B2,weisen,"to point, to direct, to indicate","pointer, diriger, indiquer",,,,
21,B2,462,zulassen,,,"to allow, to permit, to license","permettre, autoriser, autoriser",1. verb,zu,A2,lassen,"to let, to leave, to allow","laisser, quitter, permettre",,,,
21,B2,465,belegen,,,"to prove, to occupy, to substantiate","prouver, occuper, étayer",1. verb,be,A2,legen,"to lay, to lean, to lie down","poser, se pencher, s'allonger",to work on or change the state of an object → be,,,
21,B2,466,auftreten,,,"to appear, to occur, to perform","apparaître, se produire, accomplir",1. verb,auf,B2,treten,"to step, to kick, to enter","marcher, donner un coup de pied, entrer",,,,
21,B2,467,angeben,,,"to state, to declare, to show off, to brag","déclarer, affirmer, se vanter",1. verb,an,A1,geben,to give,donner,,,,
21,B2,469,errichten,,,"to build, to erect, to establish","construire, ériger, établir",1. verb,er,B2,richten,"to direct, to adjust, to focus, to judge","diriger, ajuster, focaliser, juger",,,,
21,B2,470,ausrichten,,,"to align, to arrange, to organize","aligner, arranger, organiser",1. verb,aus,B2,richten,"to direct, to adjust, to focus, to judge","diriger, ajuster, focaliser, juger","to add the meaning of ""out"", to extend, to complete → aus",,,
21,B2,473,unterstreichen,,,"to underline, to emphasize, to highlight","souligner, mettre en valeur, mettre en valeur",1. verb,unter,B2,streichen,"to stroke, to cancel, to spread, to rub, to paint","caresser, annuler, étaler, frotter, peindre","to add the meaning of <i>under</i>, to translate the prefix <i>sub-</i> → unter",,,
21,B2,476,erzielen,,,"to achieve, to obtain, to reach","atteindre, obtenir, parvenir",1. verb,er,C1,zielen,"to aim, to target, to focus on","viser, cibler, se concentrer sur",,,,
21,B2,482,beitragen,,,to contribute,contribuer,1. verb,bei,A1,tragen,"to wear (clothing), to carry, to hold","porter (des vêtements), transporter, tenir",to add the meaning of <i>co</i> → bei,,,
21,B2,483,berechnen,,,"to calculate, to charge","calculer, facturer",1. verb,be,B1,rechnen,"to calculate, to expect, to count on","calculer, s'attendre à, compter sur",,,,
21,B2,486,bezeichnen,,,"to designate, to label, to describe","désigner, étiqueter, décrire",1. verb,be,A2,zeichnen,"to draw, to sketch","dessiner, esquisser",to discuss or mention an object → be,,,
21,B2,489,umgehen,,,"to handle, to deal with, to avoid","gérer, faire face à, éviter",1. verb,um,A1,gehen,"to go, to leave, to work, to function (coll.), to be going (Dat.), to be all right (Dat.)","aller, partir, fonctionner (familier)",to add the meaning of <i>around</i> → um,,,
21,B2,490,anpassen,,,"to adapt, to adjust","s'adapter, ajuster",1. verb,an,A2,passen,"to fit, to suit","s'adapter, convenir",,,,
21,B2,491,unterscheiden,,,"to distinguish, to differentiate","distinguer, différencier",1. verb,unter,B2,scheiden,"to separate, to divorce, to part","se séparer, divorcer",,,,
21,B2,492,verfolgen,,,"to pursue, to track, to follow, to prosecute","poursuivre, pister, suivre",1. verb,ver,A2,folgen,to follow,suivre,,,,
22,B2,493,anschließen,,,"to join, to attach, to affiliate, to connect","rejoindre, attacher, s'affilier, se connecter",1. verb,an,A1,schließen,"to shut, to close, to lock, to conclude","fermer, clore, verrouiller, conclure","to add the meaning of <i>on</i>, of a contact → an",,,
22,B2,495,betreffen,,,"to concern, to affect","concerner, affecter",1. verb,be,A1,treffen,"to meet (refl.), to encounter (refl.), to hit, to affect","rencontrer (refl.), se rencontrer (refl.), heurter, frapper",,,,
22,B2,496,vorkommen,,,"to occur, to happen, to advance","se produire, arriver, progresser",1. verb,vor,A1,kommen,"to come, to make it (e.g. over something), to go to, to occur","venir, aller à, se produire",to add the meaning of <i>forward</i> → vor,,,
22,B2,498,zusammenarbeiten,,,"to cooperate, to collaborate","coopérer, collaborer",1. verb,zusammen,A1,arbeiten,to work,travailler,"to add the meaning of <i>co</i>, <i>together</i> → zusammen",,,
22,B2,499,hochladen,,,to upload,"uploader, télécharger",1. verb,hoch,B1,laden,"to load, to charge, to invite","charger, inviter",,,,
22,B2,500,abmelden,,,"to deregister, to unsubscribe, to log out","se désinscrire, se désabonner, se déconnecter",1. verb,ab,A2,melden,"to report, to register","signaler, enregistrer",,,,
22,B2,502,bedanken,,,to thank,remercier,1. verb,be,A2,danken,to thank,remercier,,,,
22,B2,503,verlaufen,,,"to proceed, to pass, to go (in a certain way)","procéder, passer, aller (d'une certaine manière)",1. verb,ver,A1,laufen,"to walk, to flow (of a fluid), to run (of an event)","marcher, couler (un fluide), se dérouler (un événement)",,,,
22,B2,505,eingeben,,,"to enter, to input, to give, to supply","entrer, saisir, donner, fournir",1. verb,ein,A1,geben,to give,donner,"to add the meaning of <i>in</i>, <i>into</i> → ein",,,
22,B2,507,umtauschen,,,"to convert, to exchange (currency)","convertir, échanger (monnaie)",1. verb,um,C1,tauschen,"to swap, to trade, to exchange","échanger, troquer, échanger",,,,
22,B2,510,nachfragen,,,"to ask, to inquire, to demand","demander, s'enquérir, exiger",1. verb,nach,A1,fragen,"to ask, to wonder (refl.)","demander, se demander (réfl.)",to indicate a purposeful action → nach,,,
22,B2,515,aufmachen,,,"to open (coll.), to head or move off (refl.), to undo something","ouvrir (familier), se diriger ou s'éloigner (réfl.), défaire quelque chose",1. verb,auf,A1,machen,"to make, to prepare, to do","faire, préparer",,,,
22,B2,517,verleihen,,,"to award, to grant, to lend","attribuer, accorder, prêter",1. verb,ver,B1,leihen,"to lend, to borrow","prêter, emprunter",,,,
22,B2,520,einschalten,,,"to switch on, to intervene, to turn on","allumer, intervenir",1. verb,ein,B2,schalten,"to switch, to shift gears, to turn on, to turn off","changer, changer de vitesse, allumer, éteindre",,,,
22,B2,524,austauschen,,,"to exchange, to replace, to swap","échanger, remplacer, permuter",1. verb,aus,C1,tauschen,"to swap, to trade, to exchange","échanger, troquer, échanger","to add the meaning of ""out"", to extend, to complete → aus",,,
22,B2,525,zusammenfassen,,,"to summarize, to condense, to abstract","résumer, condenser, abstraire",1. verb,zusammen,B2,fassen,"to grasp, to seize, to capture, to comprehend","saisir, capturer, comprendre","to add the meaning of <i>co</i>, <i>together</i> → zusammen",,,
22,B2,530,abfahren,,,"to depart, to leave","partir, quitter",1. verb,ab,A1,fahren,"to go (by vehicle), to leave, to drive","aller (en véhicule), partir, conduire","to add the meaning of <i>off</i>, <i>away</i> → ab",,,
22,B2,536,zubereiten,,,"to prepare (food), to cook","préparer (de la nourriture), cuisiner",1. verb,zu,C1,bereiten,"to prepare, to cause","préparer, provoquer",,,,
22,B2,538,sich verhalten,,,"to behave (refl.), to act (refl.), to press (coll.)","se comporter (réfl.), agir (réfl.), faire pression (familier)",1. verb,ver,A1,halten,"to hold, to stop (a movement), to support, to keep","tenir, arrêter (un mouvement), soutenir, garder",,,,
22,B2,539,überweisen,,,"to transfer (money), to refer (a patient)","transférer (de l'argent), référer (un patient)",1. verb,über,B2,weisen,"to point, to direct, to indicate","pointer, diriger, indiquer",to translate the prefix <i>trans-</i> → über,,,
23,B2,541,ansprechen,,,"to address, to speak to, to appeal to","s'adresser à, parler à, faire appel à",1. verb,an,A1,sprechen,to speak,parler (une langue),to add intensity to a reference point → an,,,
23,B2,543,zurückgehen,,,"to go back, to decrease, to decline","revenir en arrière, diminuer, décliner",1. verb,zurück,A1,gehen,"to go, to leave, to work, to function (coll.), to be going (Dat.), to be all right (Dat.)","aller, partir, fonctionner (familier)",to add the meaning of <i>back</i> → zurück,,,
23,B2,554,ankündigen,,,"to announce, to declare","annoncer, déclarer",1. verb,an,B2,kündigen,"to resign, to quit, to terminate, to cancel","démissionner, quitter, mettre fin à, annuler",,,,
23,B2,556,verabreden,,,"to arrange, to make an appointment","prendre rendez-vous, convenir d'un rendez-vous",1. verb,verab,A1,reden,to talk,"parler, discuter",,,,
23,B2,557,unterbrechen,,,"to interrupt, to suspend","interrompre, suspendre",1. verb,unter,A2,brechen,to break,"casser, briser",,,,
23,B2,559,verschreiben,,,"to prescribe, to commit oneself to, to misspell by accident","prescrire, s'engager à, faire une faute d'orthographe par accident",1. verb,ver,A1,schreiben,to write,écrire,,,,
23,B2,560,hingehen,,,"to go (there), (of time) to pass","aller (là-bas), passer (le temps)",1. verb,hin,A1,gehen,"to go, to leave, to work, to function (coll.), to be going (Dat.), to be all right (Dat.)","aller, partir, fonctionner (familier)",,,,
23,B2,562,abheben,,,"to withdraw (money), to take off (aircraft)","retirer (de l'argent), décoller (un avion)",1. verb,ab,B1,heben,"to lift, to raise","soulever, élever","to add the meaning of <i>off</i>, <i>away</i> → ab",,,
23,B2,566,entlassen,,,"to dismiss, to fire, to release","congédier, licencier, libérer",1. verb,ent,A2,lassen,"to let, to leave, to allow","laisser, quitter, permettre",,,,
23,B2,568,einfügen,,,"to insert, to infix, to conform","insérer, infixer, se conformer",1. verb,ein,C1,fügen,"to acquiesce, to comply, to fit together","acquiescer, se conformer, s'adapter","to add the meaning of <i>in</i>, <i>into</i> → ein",,,
23,B2,569,zusagen,,,"to promise, to accept, to agree","promettre, accepter, convenir",1. verb,zu,A1,sagen,"to say, to tell","dire, raconter",,,,
23,B2,571,erheben,,,"to raise, to collect, to levy","lever, collecter, prélever",1. verb,er,B1,heben,"to lift, to raise","soulever, élever",,,,
23,B2,572,ausreichen,,,"to suffice, to be sufficient, to be adequate","suffire, être suffisant, être adéquat",1. verb,aus,B2,reichen,"to reach, to hand, to be enough","atteindre, mettre la main, être suffisant","to add the meaning of ""out"", to extend, to complete → aus",,,
23,B2,576,auffallen,,,"to stand out, to catch someone's eye (with dative)","se démarquer, attirer l'attention (avec le datif)",1. verb,auf,B1,fallen,"to fall, to fall in battle, to collapse","tomber, tomber au combat, s'effondrer",,,,
23,B2,581,einschlafen,,,to fall asleep,s'endormir,1. verb,ein,A1,schlafen,to sleep,dormir,"to add the meaning of <i>in</i>, <i>into</i> → ein",,,
23,B2,583,anklicken,,,"to click, to click on, to press","cliquer, cliquer sur, appuyer",1. verb,an,B2,klicken,to click,cliquer,,,,
23,B2,587,vergeben,,,"to forgive, to award, to assign","pardonner, récompenser, attribuer",1. verb,ver,A1,geben,to give,donner,equivalent of english <i>for</i> → ver,,,
23,B2,588,verhandeln,,,"to negotiate, to bargain, to discuss","négocier, discuter",1. verb,ver,B1,handeln,"to act, to deal, to trade, to negotiate","agir, traiter, commercer, négocier",,,,
23,B2,592,widersprechen,,,"to contradict, to disagree","contredire, être en désaccord",1. verb,wider,A1,sprechen,to speak,parler (une langue),,,,
24,B2,594,losgehen,,,"to leave, to go off, to advance","partir, s'en aller, avancer",1. verb,los,A1,gehen,"to go, to leave, to work, to function (coll.), to be going (Dat.), to be all right (Dat.)","aller, partir, fonctionner (familier)",,,,
24,B2,597,ausfallen,,,"to fail, to be canceled, to malfunction","échouer, être annulé, dysfonctionner",1. verb,aus,B1,fallen,"to fall, to fall in battle, to collapse","tomber, tomber au combat, s'effondrer",,,,
24,B2,599,aufgeben,,,"to give up on, to give up (refl.), to abandon","renoncer à, abandonner (réfl.),",1. verb,auf,A1,geben,to give,donner,to add the meaning of <i>up</i> → auf,,,
24,B2,603,vorlesen,,,"to read aloud, to read out",lire à haute voix,1. verb,vor,A1,lesen,to read,lire,"to indicate that something is <i>in front</i>, a performance → vor",,,
24,B2,604,zugeben,,,"to admit, to confess, to add","admettre, confesser, ajouter",1. verb,zu,A1,geben,to give,donner,,,,
24,B2,605,hinzufügen,,,to add,ajouter,1. verb,hinzu,C1,fügen,"to acquiesce, to comply, to fit together","acquiescer, se conformer, s'adapter",,,,
24,B2,615,anprobieren,,,"to try on, to fit, to fit on","essayer, ajuster, s'adapter à",1. verb,an,B1,probieren,"to try, to taste, to sample, to probe","essayer, goûter, échantillonner, sonder","to add the meaning of <i>on</i>, of a contact → an",,,
24,B2,619,abstimmen,,,"to coordinate, to vote, to adjust","coordonner, voter, ajuster",1. verb,ab,B1,stimmen,"to be true, to vote, to tune","être vrai, voter, s'accorder",,,,
24,B2,621,weitermachen,,,"to go on, to keep going, to continue to do something","continuer, continuer à faire quelque chose",1. verb,weiter,A1,machen,"to make, to prepare, to do","faire, préparer",,,,
24,B2,623,anschauen,,,"to look at, to behold, to take a look at, to watch (Bayern and Austria)","regarder, contempler, jeter un coup d'œil à, observer (Bayern et Autriche)",1. verb,an,A2,schauen,to look at (Bayern and Austria),regarder (Bayern et Autriche),to add intensity to a reference point → an,,,
24,B2,626,angreifen,,,to attack,attaquer,1. verb,an,B1,greifen,"to grab, to grasp, to seize","saisir, s'emparer","to add the meaning of <i>on</i>, of a contact → an",,,
24,B2,627,beeindrucken,,,to impress,impressionner,1. verb,beein,B2,drucken,to print,imprimer,,,,
24,B2,629,einpacken,,,"to pack in, to pack, to wrap, to wrap up","emballer, conclure",1. verb,ein,B2,packen,"to pack, to grab, to manage","emballer, saisir, gérer","to add the meaning of <i>in</i>, <i>into</i> → ein",,,
24,B2,630,auspacken,,,"to unpack, to unwrap, to blow the whistle on","déballer, dénoncer",1. verb,aus,B2,packen,"to pack, to grab, to manage","emballer, saisir, gérer",,,,
24,B2,631,ausdrücken,,,"to express, to articulate, to convey, to embody","exprimer, articuler, transmettre, incarner",1. verb,aus,B1,drücken,"to press, to push","appuyer, pousser",,,,
24,B2,633,aufwachsen,,,"to grow up, to be raised","grandir, être élevé",1. verb,auf,B1,wachsen,"to grow, to increase","grandir, augmenter",to add the meaning of <i>up</i> → auf,,,
24,B2,635,entnehmen,,,"to extract, to gather from, to remove","retirer, tirer, déduire",1. verb,ent,A1,nehmen,"to take, to cause oneself to be (in some state)","prendre, se mettre (dans un état)",,,,
24,B2,636,überleben,,,to survive,survivre,1. verb,über,A1,leben,to live,vivre,"to add the meaning of <i>over</i>, to translate the prefix <i>sur</i> → über",,,
24,B2,640,bemerken,,,"to notice, to observe, to remark","remarquer, observer",1. verb,be,A2,merken,"to notice, to realise, to remember (refl.)","remarquer, se rendre compte, se souvenir (réfl.)",,,,
53,C1,643,aussuchen,,,"to select, to choose, to pick","sélectionner, choisir, cueillir",1. verb,aus,A1,suchen,"to seek, to search","chercher, rechercher",,,,
53,C1,644,vorgehen,,,"to proceed, to advance, to go ahead","procéder, avancer, aller de l'avant",1. verb,vor,A1,gehen,"to go, to leave, to work, to function (coll.), to be going (Dat.), to be all right (Dat.)","aller, partir, fonctionner (familier)",to add the meaning of <i>forward</i> → vor,,,
53,C1,645,ausmachen,,,"to arrange, to constitute, to represent, to settle","organiser, constituer, représenter, régler",1. verb,aus,A1,machen,"to make, to prepare, to do","faire, préparer","to add the meaning of ""out"", to extend, to complete → aus",,,
53,C1,646,ausführen,,,"to carry out, to execute, to perform","réaliser, exécuter, accomplir",1. verb,aus,A2,führen,"to lead, to guide","guider, conduire","to add the meaning of ""out"", to extend, to complete → aus",,,
53,C1,647,betreiben,,,"to operate, to run, to conduct","opérer, diriger, conduire",1. verb,be,B1,treiben,"to practice (sport), to propel, to put forth, to urge (figuratively), to fuck, to float, to sprout, to get up to","pratiquer (sport), propulser, mettre en avant, pousser (au sens figuré), baiser, flotter, germer, se lever",,,,
53,C1,648,ergeben,,,"to result in, to yield, to surrender","aboutir à, céder, se rendre",1. verb,er,A1,geben,to give,donner,,,,
53,C1,650,umsetzen,,,"to implement, to apply, to put into practice","mettre en œuvre, appliquer, mettre en pratique",1. verb,um,A2,setzen,"to set, to sit down (refl.)",s'asseoir (réfl.),,,,
53,C1,651,vornehmen,,,"to undertake, to carry out","entreprendre, réaliser",1. verb,vor,A1,nehmen,"to take, to cause oneself to be (in some state)","prendre, se mettre (dans un état)",to add the meaning of <i>forward</i> → vor,,,
53,C1,656,gewährleisten,,,"to ensure, to guarantee","assurer, garantir",1. verb,gewähr,B2,leisten,"to achieve, to perform, to provide","réaliser, réaliser, fournir",,,,
53,C1,657,zuordnen,,,"to assign, to allocate","attribuer, allouer",1. verb,zu,B2,ordnen,"to arrange, to organize, to classify","arranger, organiser, classer",,,,
53,C1,659,einführen,,,"to introduce, to implement, to import","introduire, mettre en œuvre, importer",1. verb,ein,A2,führen,"to lead, to guide","guider, conduire","to add the meaning of <i>in</i>, <i>into</i> → ein",,,
53,C1,660,anerkennen,,,"to recognize, to acknowledge, to approve","reconnaître, admettre, approuver",1. verb,an,B1,erkennen,"to recognize, to realise","reconnaître, réaliser",to add intensity to a reference point → an,,,
53,C1,661,ausstellen,,,"to exhibit, to display","exposer, montrer",1. verb,aus,A2,stellen,"to position, to put, to catch","positionner, mettre",,,,
53,C1,662,ausdrucken,,,"to print, to print out, to print off",imprimer,1. verb,aus,B2,drucken,to print,imprimer,,,,
53,C1,663,versehen,,,"to provide, to equip, to supply","fournir, équiper, approvisionner",1. verb,ver,A1,sehen,"to see, to realise","voir, se rendre compte",,,,
53,C1,664,anlegen,,,"to create, to invest","créer, investir",1. verb,an,A2,legen,"to lay, to lean, to lie down","poser, se pencher, s'allonger","to indicate the action is partial, beginning → an",,,
53,C1,665,betragen,,,"to amount to, to come to","s'élever à, arriver à",1. verb,be,A1,tragen,"to wear (clothing), to carry, to hold","porter (des vêtements), transporter, tenir",,,,
53,C1,667,umfassen,,,"to include, to comprise","inclure, comprendre",1. verb,um,B2,fassen,"to grasp, to seize, to capture, to comprehend","saisir, capturer, comprendre",,,,
53,C1,668,beziehen,,,"to refer, to relate, to obtain, to cover, to move into","se référer, obtenir",1. verb,be,A1,ziehen,"to pull, to drag, to move","tirer, traîner, déplacer",,,,
53,C1,670,versorgen,,,"to supply, to provide for, to take care of","fournir, pourvoir à, prendre soin de",1. verb,ver,A2,sorgen,"to care, to worry","se soucier, s'inquiéter",,,,
54,C1,672,ergreifen,,,"to seize, to grasp, to take hold of","saisir, s'emparer de",1. verb,er,B1,greifen,"to grab, to grasp, to seize","saisir, s'emparer",,,,
54,C1,673,einnehmen,,,"to capture, to earn, to ingest","capturer, gagner, ingérer",1. verb,ein,A1,nehmen,"to take, to cause oneself to be (in some state)","prendre, se mettre (dans un état)","to add the meaning of <i>in</i>, <i>into</i> → ein",,,
54,C1,675,verarbeiten,,,"to process, to handle, to work through","traiter, manipuler, travailler",1. verb,ver,A1,arbeiten,to work,travailler,,,,
54,C1,676,aufbauen,,,"to build, to establish, to develop","construire, établir, développer",1. verb,auf,A2,bauen,to build,construire,to add the meaning of <i>up</i> → auf,,,
54,C1,678,erfordern,,,"to require, to demand, to necessitate","exiger, nécessiter",1. verb,er,B2,fordern,"to demand, to require, to call for","exiger, requérir, réclamer",,,,
54,C1,682,einhalten,,,"to observe, to adhere, to comply","observer, adhérer, se conformer",1. verb,ein,A1,halten,"to hold, to stop (a movement), to support, to keep","tenir, arrêter (un mouvement), soutenir, garder",,,,
54,C1,683,ausprobieren,,,"to test, to try, to check out","tester, essayer, vérifier",1. verb,aus,B1,probieren,"to try, to taste, to sample, to probe","essayer, goûter, échantillonner, sonder",,,,
54,C1,684,weitergeben,,,"to pass on, to impart, to relay","transmettre, relayer",1. verb,weiter,A1,geben,to give,donner,,,,
54,C1,687,einbauen,,,"to install, to build in, to build into","installer, monter, intégrer, insérer",1. verb,ein,A2,bauen,to build,construire,"to add the meaning of <i>in</i>, <i>into</i> → ein",,,
54,C1,688,aufrufen,,,"to call up, to call, to call for, to invite","appeler, solliciter, inviter",1. verb,auf,B1,rufen,"to call, to shout, to summon","appeler, crier, convoquer",,,,
54,C1,690,aufheben,,,"to abolish, to lift, to pick up, to keep","abolir, lever, ramasser, garder",1. verb,auf,B1,heben,"to lift, to raise","soulever, élever",to add the meaning of <i>up</i> → auf,,,
54,C1,693,hinterlassen,,,"to leave behind, to bequeath","laisser derrière soi, léguer",1. verb,hinter,A2,lassen,"to let, to leave, to allow","laisser, quitter, permettre",to add the meaning of <i>behind</i> → hinter,,,
54,C1,694,aufstellen,,,"to set up, to establish","mettre en place, établir",1. verb,auf,A2,stellen,"to position, to put, to catch","positionner, mettre",to add the meaning of <i>up</i> → auf,,,
54,C1,696,anhaben,,,"to have on, to wear, to harm, to damage","porter, arborer, avoir, posséder",1. verb,an,A1,haben,"to have, to contain","avoir, contenir","to add the meaning of <i>on</i>, of a contact → an",,,
54,C1,698,sich beeilen,,,"to hurry, to hasten, to rush (refl.)","se dépêcher, se hâter, se précipiter (réfl.)",1. verb,be,C1,eilen,"to hurry, to rush, to be urgent, to haste","se dépêcher, se hâter, être urgent",,,,
54,C1,699,abbrechen,,,"to cancel, to break off, to interrupt","annuler, interrompre, rompre",1. verb,ab,A2,brechen,to break,"casser, briser","to add the meaning of <i>off</i>, <i>away</i> → ab",,,
54,C1,700,zerschlagen,,,"to break, to crush, to defeat, to shatter","briser, écraser, vaincre, anéantir",1. verb,zer,B1,schlagen,"to hit, to beat, to strike, to defeat","frapper, battre, vaincre",,,,
54,C1,704,bewirken,,,"to bring about, to cause, to effect","provoquer, causer, effectuer",1. verb,be,B1,wirken,"to have an effect, to work","avoir un effet, functionner",to make an intransitive verb transitive → be,,,
54,C1,706,unterliegen,,,"to be subject to, to undergo","être soumis à, subir",1. verb,unter,A2,liegen,"to lie, to be located","être allongé, être localisé","to add the meaning of <i>under</i>, to translate the prefix <i>sub-</i> → unter",,,
54,C1,709,gebrauchen,,,"to use, to make use of","utiliser, faire usage de",1. verb,ge,A1,brauchen,to need,avoir besoin,,,,
55,C1,711,aussprechen,,,"to pronounce, to express, to speak out","prononcer, exprimer, s'exprimer",1. verb,aus,A1,sprechen,to speak,parler (une langue),,,,
55,C1,712,entwerfen,,,"to design, to draft, to sketch","concevoir, ébaucher, esquisser",1. verb,ent,A2,werfen,to throw,"jeter, lancer",,,,
55,C1,713,eintragen,,,"to register, to enter, to record, to enrol","inscrire, entrer, enregistrer, inscrire",1. verb,ein,A1,tragen,"to wear (clothing), to carry, to hold","porter (des vêtements), transporter, tenir","to add the meaning of <i>in</i>, <i>into</i> → ein",,,
55,C1,715,zurückkehren,,,to return,revenir,1. verb,zurück,C1,kehren,"to sweep, to return","retourner, balayer",to add the meaning of <i>back</i> → zurück,,,
55,C1,716,verwechseln,,,"to mix up, to confuse, to mistake for",confondre,1. verb,ver,B1,wechseln,"to change, to switch, to exchange","changer, échanger",,,,
55,C1,718,verpacken,,,"to pack, to wrap, to package","emballer, envelopper, conditionner",1. verb,ver,B2,packen,"to pack, to grab, to manage","emballer, saisir, gérer",,,,
55,C1,719,versichern,,,"to assure, to insure, to cover","assurer, couvrir",1. verb,ver,B1,sichern,"to secure, to safeguard, to back up","sécuriser, sauvegarder",,,,
55,C1,721,bereitstellen,,,"to make available, to provide, to supply","mettre à disposition, fournir, approvisionner",1. verb,bereit,A2,stellen,"to position, to put, to catch","positionner, mettre",,,,
55,C1,722,umdrehen,,,to turn around,faire demi-tour,1. verb,um,B2,drehen,"to turn, to veer","tourner, dévier",to add the meaning of <i>around</i> → um,,,
55,C1,723,einfallen,,,"to invade, to collapse, to come to mind","envahir, s'effondrer, venir à l'esprit",1. verb,ein,B1,fallen,"to fall, to fall in battle, to collapse","tomber, tomber au combat, s'effondrer",,,,
55,C1,726,abstellen,,,"to put down, to assign, to set down, to shut down","poser, assigner, mettre en place, fermer",1. verb,ab,A2,stellen,"to position, to put, to catch","positionner, mettre",,,,
55,C1,731,vermieten,,,"to lease, to let, to rent to","louer, donner en location à",1. verb,ver,A2,mieten,"to rent, to hire","louer, embaucher",,,,
55,C1,733,vorliegen,,,"to exist, to be available","exister, être disponible",1. verb,vor,A2,liegen,"to lie, to be located","être allongé, être localisé","to add the meaning of <i>pre-</i>, that something is <i>before</i>, <i>in advance</i> → vor",,,
55,C1,735,erwerben,,,"to acquire, to purchase, to gain","acquérir, acheter, gagner",1. verb,er,B2,werben,"to advertise, to recruit","faire de la publicité, recruter",,,,
55,C1,737,bereiten,,,"to prepare, to cause","préparer, provoquer",1. verb,be,B2,reiten,to ride (a horse),monter à cheval,,,,
55,C1,739,verreisen,,,"to go away, to travel, to go on a trip","partir, voyager, faire un voyage",1. verb,ver,A1,reisen,to travel,voyager,,,,
55,C1,744,vorlegen,,,"to present, to submit, to bring forward","présenter, soumettre, avancer",1. verb,vor,A2,legen,"to lay, to lean, to lie down","poser, se pencher, s'allonger","to indicate that something is <i>in front</i>, a performance → vor",,,
55,C1,748,einleiten,,,"to introduce, to initiate, to commence","introduire, initier, commencer",1. verb,ein,B2,leiten,"to lead, to manage, to conduct","diriger, gérer, conduire","to add the meaning of <i>in</i>, <i>into</i> → ein",,,
55,C1,749,durchsetzen,,,"to enforce, to assert","faire respecter, affirmer",1. verb,durch,A2,setzen,"to set, to sit down (refl.)",s'asseoir (réfl.),to add the meaning of <i>through</i> → durch,,,
55,C1,750,nachweisen,,,"to prove, to account for, to demonstrate","prouver, rendre compte de, démontrer",1. verb,nach,B2,weisen,"to point, to direct, to indicate","pointer, diriger, indiquer",to indicate a purposeful action → nach,,,
56,C1,751,aufweisen,,,"to exhibit, to feature, to show, to boast","exposer, mettre en valeur, montrer, se vanter",1. verb,auf,B2,weisen,"to point, to direct, to indicate","pointer, diriger, indiquer",,,,
56,C1,753,befehlen,,,"to command, to order, to bid","ordonner, commander, enjoindre",1. verb,be,A2,fehlen,"to lack, to be absent or missing","manquer, être absent ou manquant",,,,
56,C1,760,verbrennen,,,"to burn, to consume by fire, to incinerate","brûler, consumer par le feu, incinérer",1. verb,ver,B2,brennen,"to burn, to have a strong affection for, to induce pain, to tan","brûler, avoir une forte affection pour, provoquer de la douleur",,,,
56,C1,761,aufhalten,,,"to stop, to stay, to delay","arrêter, rester, retarder",1. verb,auf,A1,halten,"to hold, to stop (a movement), to support, to keep","tenir, arrêter (un mouvement), soutenir, garder",,,,
56,C1,762,erarbeiten,,,"to develop, to elaborate, to work out, to acquire","développer, élaborer, acquérir",1. verb,er,A1,arbeiten,to work,travailler,,,,
56,C1,763,bedrohen,,,"to threaten, to menace",menacer,1. verb,be,B2,drohen,to threaten,menacer,,,,
56,C1,764,ausüben,,,"to exercise, to perform, to practice","exercer, exécuter, pratiquer",1. verb,aus,A2,üben,"to practice, to exercise, to rehearse","pratiquer, s'exercer, répéter",,,,
56,C1,765,verstärken,,,"to amplify, to intensify, to strengthen","amplifier, intensifier, renforcer",1. verb,ver,B2,stärken,"to strengthen, to reinforce","renforcer, consolider",,,,
56,C1,766,bedenken,,,"to consider, to reflect, to give, to allow for","considérer, réfléchir, donner, permettre",1. verb,be,A1,denken,"to think, to consider","penser, considérer",,,,
56,C1,769,verklagen,,,"to sue, to bring a suit against, to bring an action against","poursuivre en justice, intenter un procès",1. verb,ver,B2,klagen,"to complain, to lament, to sue","se plaindre, se lamenter, poursuivre en justice",,,,
56,C1,771,beherrschen,,,"to dominate, to master, to control, to rule","dominer, maîtriser, contrôler, régner",1. verb,be,C1,herrschen,"to rule, to prevail, to control","gouverner, prévaloir, contrôler",,,,
56,C1,774,auseinandersetzen,,,"to discuss, to engage, to altercate, to argue with","discuter, s'engager, se disputer, argumenter avec",1. verb,auseinander,A2,setzen,"to set, to sit down (refl.)",s'asseoir (réfl.),,,,
56,C1,775,aushalten,,,"to bear, to endure, to withstand, to tolerate","supporter, endurer, résister, tolérer",1. verb,aus,A1,halten,"to hold, to stop (a movement), to support, to keep","tenir, arrêter (un mouvement), soutenir, garder",,,,
56,C1,777,vorbeikommen,,,"to come by, to come over, to drop by","passer, venir voir, faire un saut",1. verb,vorbei,A1,kommen,"to come, to make it (e.g. over something), to go to, to occur","venir, aller à, se produire",,,,
56,C1,778,weitergehen,,,"to continue, to proceed, to keep moving","continuer, avancer, continuer à avancer",1. verb,weiter,A1,gehen,"to go, to leave, to work, to function (coll.), to be going (Dat.), to be all right (Dat.)","aller, partir, fonctionner (familier)",,,,
56,C1,779,betreten,,,"to enter, to access, to apprehend, to catch","entrer, accéder, appréhender, attraper",1. verb,be,B2,treten,"to step, to kick, to enter","marcher, donner un coup de pied, entrer",,,,
56,C1,780,entsorgen,,,"to clean up, to depollute, to dispose, to dispose of","nettoyer, dépolluer, éliminer, se débarrasser de",1. verb,ent,A2,sorgen,"to care, to worry","se soucier, s'inquiéter",,,,
56,C1,783,verlegen,,,"to install, to lay, to misplace, to publish","installer, poser, égarer, publier",1. verb,ver,A2,legen,"to lay, to lean, to lie down","poser, se pencher, s'allonger",,,,
56,C1,784,aufschreiben,,,"to write down, to note down, to record","écrire, noter, enregistrer",1. verb,auf,A1,schreiben,to write,écrire,,,,
56,C1,786,einlegen,,,"to insert, to pickle, to assert","insérer, mettre en conserve, affirmer",1. verb,ein,A2,legen,"to lay, to lean, to lie down","poser, se pencher, s'allonger",,,,
57,C1,787,wahrnehmen,,,"to perceive, to notice, to observe, to sense","percevoir, remarquer, observer, pressentir",1. verb,wahr,A1,nehmen,"to take, to cause oneself to be (in some state)","prendre, se mettre (dans un état)",,,,
57,C1,788,sicherstellen,,,"to seize, to assure, to confiscate, to guarantee","saisir, assurer, confisquer, garantir",1. verb,sicher,A2,stellen,"to position, to put, to catch","positionner, mettre",,,,
57,C1,789,besetzen,,,"to occupy, to border, to cast","occuper, border, jeter",1. verb,be,A2,setzen,"to set, to sit down (refl.)",s'asseoir (réfl.),to work on or change the state of an object → be,,,
57,C1,790,aufführen,,,"to perform, to present","exécuter, présenter",1. verb,auf,A2,führen,"to lead, to guide","guider, conduire",,,,
57,C1,791,verhaften,,,"to detain, to take into custody","détenir, mettre en détention",1. verb,ver,C1,haften,"to adhere, to be liable","adhérer, être responsable",,,,
57,C1,793,überlassen,,,"to leave to, to entrust, to surrender","laisser à, confier, abandonner",1. verb,über,A2,lassen,"to let, to leave, to allow","laisser, quitter, permettre","to add the meaning of <i>over</i>, to translate the prefix <i>sur</i> → über",,,
57,C1,794,befürchten,,,"to fear, to apprehend, to be afraid","craindre, appréhender, avoir peur",1. verb,be,B2,fürchten,"to fear, to be afraid of",avoir peur de,,,,
57,C1,795,verfassen,,,"to write, to compose, to draft","écrire, composer, rédiger",1. verb,ver,B2,fassen,"to grasp, to seize, to capture, to comprehend","saisir, capturer, comprendre",,,,
57,C1,801,ablaufen,,,"to expire, to run out, to discharge","expirer, s'épuiser, se décharger",1. verb,ab,A1,laufen,"to walk, to flow (of a fluid), to run (of an event)","marcher, couler (un fluide), se dérouler (un événement)","to add the meaning of <i>off</i>, <i>away</i> → ab",,,
57,C1,802,anführen,,,"to cite, to lead, to quote, to instruct","citer, diriger, instruire",1. verb,an,A2,führen,"to lead, to guide","guider, conduire",to add intensity to a reference point → an,,,
57,C1,803,vertreiben,,,"to expel, to dislodge, to displace, to put on the market, to sell","expulser, déloger, déplacer",1. verb,ver,B1,treiben,"to practice (sport), to propel, to put forth, to urge (figuratively), to fuck, to float, to sprout, to get up to","pratiquer (sport), propulser, mettre en avant, pousser (au sens figuré), baiser, flotter, germer, se lever",,,,
57,C1,804,erteilen,,,"to grant, to issue, to give","accorder, délivrer, donner",1. verb,er,A2,teilen,"to split, to share, to divide","diviser, partager",,,,
57,C1,805,erfassen,,,"to record, to capture, to collect","enregistrer, capturer, collecter",1. verb,er,B2,fassen,"to grasp, to seize, to capture, to comprehend","saisir, capturer, comprendre",,,,
57,C1,806,übergeben,,,"to hand over, to vomit (refl.)","remettre, vomir (réfl.)",1. verb,über,A1,geben,to give,donner,"to add the meaning of <i>over</i>, to translate the prefix <i>sur</i> → über",,,
57,C1,808,befassen,,,"to address, to deal with, to attend to","s'adresser à, traiter, s'occuper de",1. verb,be,B2,fassen,"to grasp, to seize, to capture, to comprehend","saisir, capturer, comprendre",to discuss or mention an object → be,,,
57,C1,809,beruhen,,,"to base on, to depend on, to consist","se baser sur, dépendre de, se composer de",1. verb,be,C1,ruhen,"to rest, to be at rest, to repose",reposer,,,,
57,C1,810,vorwerfen,,,"to reproach, to accuse of, to allege","reprocher, accuser de, alléguer",1. verb,vor,A2,werfen,to throw,"jeter, lancer",to add the meaning of <i>forward</i> → vor,,,
57,C1,813,vereinigen,,,"to coalesce, to unify, to merge","unir, réunir, unifier, combiner",1. verb,ver,C1,einigen,"to unite, to reconcile, to agree","s'unir, se réconcilier, s'accorder",,,,
57,C1,817,sich auswirken,,,"to affect, to have an impact","affecter, avoir un impact",1. verb,aus,B1,wirken,"to have an effect, to work","avoir un effet, functionner","to add the meaning of ""out"", to extend, to complete → aus",,,
57,C1,818,abbauen,,,"to dismantle, to reduce, to break down","démanteler, réduire, décomposer",1. verb,ab,A2,bauen,to build,construire,"to add the meaning of <i>off</i>, <i>away</i> → ab",,,
58,C1,819,besorgen,,,"to get, to obtain, to take care of","obtenir, prendre soin de",1. verb,be,A2,sorgen,"to care, to worry","se soucier, s'inquiéter",,,,
58,C1,820,anwenden,,,"to apply, to make use of","appliquer, faire usage de",1. verb,an,B2,wenden,"to turn, to reverse, to address","tourner, inverser, s'adresser",,,,
58,C1,821,zusammenstellen,,,"to compile, to assemble","compiler, assembler",1. verb,zusammen,A2,stellen,"to position, to put, to catch","positionner, mettre","to add the meaning of <i>co</i>, <i>together</i> → zusammen",,,
58,C1,822,verbrauchen,,,"to consume, to use","consommer, utiliser",1. verb,ver,A1,brauchen,to need,avoir besoin,,,,
58,C1,823,berühren,,,to touch,toucher,1. verb,be,C1,rühren,"to stir, to move, to mix",remuer,,,,
58,C1,824,anstellen,,,"to queue (refl.), to employ someone, to hire, to get into mischief","faire la queue (réfl.), employer quelqu'un, faire des bêtises",1. verb,an,A2,stellen,"to position, to put, to catch","positionner, mettre",,,,
58,C1,825,festhalten,,,"to hold, to retain something, to record something, to detain","détenir, conserver quelque chose, enregistrer quelque chose, détenir",1. verb,fest,A1,halten,"to hold, to stop (a movement), to support, to keep","tenir, arrêter (un mouvement), soutenir, garder",,,,
58,C1,826,auflösen,,,"to dissolve, to resolve, to annul, to liquidate","dissoudre, résoudre, annuler, liquider",1. verb,auf,B1,lösen,"to loosen, to solve, to separate, to remove","desserrer, résoudre, séparer, enlever",,,,
58,C1,827,auslösen,,,"to ransom, to trigger, to initiate, to set up","rançonner, déclencher, initier, mettre en place",1. verb,aus,B1,lösen,"to loosen, to solve, to separate, to remove","desserrer, résoudre, séparer, enlever",,,,
58,C1,828,eintreten,,,"to enter, to join, to occur, to step in","entrer, se joindre, se produire",1. verb,ein,B2,treten,"to step, to kick, to enter","marcher, donner un coup de pied, entrer","to add the meaning of <i>in</i>, <i>into</i> → ein",,,
58,C1,831,verweisen,,,"to refer, to direct","se référer, diriger",1. verb,ver,B2,weisen,"to point, to direct, to indicate","pointer, diriger, indiquer",,,,
58,C1,835,abziehen,,,"to remove, to deduct, to withdraw","supprimer, déduire, retirer",1. verb,ab,A1,ziehen,"to pull, to drag, to move","tirer, traîner, déplacer","to add the meaning of <i>off</i>, <i>away</i> → ab",,,
58,C1,838,ausschalten,,,"to disable, to turn off","désactiver, éteindre",1. verb,aus,B2,schalten,"to switch, to shift gears, to turn on, to turn off","changer, changer de vitesse, allumer, éteindre",,,,
58,C1,842,übereinstimmen,,,"to agree, to concur, to correspond","concorder, correspondre, coïncider",1. verb,überein,B1,stimmen,"to be true, to vote, to tune","être vrai, voter, s'accorder",,,,
58,C1,843,kennzeichnen,,,"to mark, to label, to characterize, to flag","marquer, étiqueter, caractériser, signaler",1. verb,kenn,A2,zeichnen,"to draw, to sketch","dessiner, esquisser",,,,
58,C1,850,zurückziehen,,,"to withdraw, to pull back, to retreat","se retirer, se replier",1. verb,zurück,A1,ziehen,"to pull, to drag, to move","tirer, traîner, déplacer",to add the meaning of <i>back</i> → zurück,,,
58,C1,851,bekämpfen,,,to fight against something,lutter contre quelque chose,1. verb,be,A2,kämpfen,"to fight, to struggle","se battre, lutter",to make an intransitive verb transitive → be,,,
58,C1,852,erlassen,,,"to enact, to issue, to forgive, to let off, to release from","promulguer, pardonner, renoncer à, libérer de",1. verb,er,A2,lassen,"to let, to leave, to allow","laisser, quitter, permettre",,,,
58,C1,858,angehen,,,"to concern, to tackle (a problem), to turn on (a machine)","s'inquiéter, s'attaquer (à un problème), mettre en marche (une machine)",1. verb,an,A1,gehen,"to go, to leave, to work, to function (coll.), to be going (Dat.), to be all right (Dat.)","aller, partir, fonctionner (familier)","to add the meaning of <i>on</i>, of a contact → an",,,
58,C1,859,wegwerfen,,,"to throw away, to discard","jeter, se débarrasser de",1. verb,weg,A2,werfen,to throw,"jeter, lancer",,,,
59,C1,861,ablegen,,,"to lay down, to put down, to remove","déposer, poser, enlever",1. verb,ab,A2,legen,"to lay, to lean, to lie down","poser, se pencher, s'allonger",,,,
59,C1,862,vergehen,,,"to die, to pass, to elapse, to perish","mourir, passer, s'écouler, périr",1. verb,ver,A1,gehen,"to go, to leave, to work, to function (coll.), to be going (Dat.), to be all right (Dat.)","aller, partir, fonctionner (familier)",,,,
59,C1,865,befragen,,,"to question, to ask, to interrogate, to consult","questionner, demander, interroger, consulter",1. verb,be,A1,fragen,"to ask, to wonder (refl.)","demander, se demander (réfl.)",,,,
59,C1,870,erstrecken,,,"to extend, to span, to bestride","étendre, enjamber",1. verb,er,C1,strecken,"to stretch, to dilute, to extend","étirer, allonger",,,,
59,C1,872,umstellen,,,"to relocate, to adapt, to change","déménager, s'adapter, changer",1. verb,um,A2,stellen,"to position, to put, to catch","positionner, mettre",,,,
59,C1,877,überschreiten,,,"to exceed, to overstep, to surpass","dépasser, outrepasser, surpasser",1. verb,über,C1,schreiten,"to stride, to proceed, to step (formal)","marcher à grands pas, avancer, faire un pas (formel)","to add the meaning of <i>over</i>, to translate the prefix <i>sur</i> → über",,,
59,C1,878,abrufen,,,"to retrieve, to access, to call away","récupérer, accéder, appeler",1. verb,ab,B1,rufen,"to call, to shout, to summon","appeler, crier, convoquer","to add the meaning of <i>off</i>, <i>away</i> → ab",,,
59,C1,879,einschließen,,,"to include, to enclose, to lock up, to surround","inclure, enfermer, entourer",1. verb,ein,A1,schließen,"to shut, to close, to lock, to conclude","fermer, clore, verrouiller, conclure","to add the meaning of <i>in</i>, <i>into</i> → ein",,,
59,C1,880,gewähren,,,"to grant, to afford, to allow, to accord","accorder, permettre",1. verb,ge,C1,währen,"to last, to persist","durer, persister",,,,
59,C1,882,weiterleiten,,,"to forward, to pass on","transmettre, faire passer",1. verb,weiter,B2,leiten,"to lead, to manage, to conduct","diriger, gérer, conduire",,,,
59,C1,885,versagen,,,"to fail, to refuse, to deny","échouer, refuser, nier",1. verb,ver,A1,sagen,"to say, to tell","dire, raconter",,,,
59,C1,887,hervorheben,,,"to emphasize, to highlight, to stress","souligner, mettre en valeur, insister",1. verb,hervor,B1,heben,"to lift, to raise","soulever, élever",,,,
59,C1,888,entziehen,,,"to withdraw, to remove, to deprive","retirer, enlever, priver",1. verb,ent,A1,ziehen,"to pull, to drag, to move","tirer, traîner, déplacer",,,,
59,C1,889,auswerten,,,"to evaluate, to analyze, to assess","évaluer, analyser, estimer",1. verb,aus,C1,werten,"to assess, to consider, to value",évaluer,,,,
59,C1,893,auffordern,,,"to request, to invite, to ask","demander, inviter",1. verb,auf,B2,fordern,"to demand, to require, to call for","exiger, requérir, réclamer",,,,
59,C1,894,ableiten,,,"to derive, to deduce","dériver, déduire",1. verb,ab,B2,leiten,"to lead, to manage, to conduct","diriger, gérer, conduire",,,,
59,C1,897,benennen,,,"to name, to designate, to appoint","nommer, désigner",1. verb,be,B1,nennen,"to name, to call someone something, to mention","nommer, appeler quelqu'un par quelque chose, mentionner",,,,
59,C1,901,umbringen,,,"to kill, to murder, to be very angry at someone","tuer, assassiner, être très en colère contre quelqu'un",1. verb,um,A1,bringen,"to bring, to take, to lead","apporter, prendre, conduire",,,,
59,C1,907,verfahren,,,"to proceed, to act, to deal",procéder,1. verb,ver,A1,fahren,"to go (by vehicle), to leave, to drive","aller (en véhicule), partir, conduire",,,,
59,C1,908,auskommen,,,"to get along, to get on, to manage",s'entendre,1. verb,aus,A1,kommen,"to come, to make it (e.g. over something), to go to, to occur","venir, aller à, se produire",,,,
60,C1,913,ablenken,,,"to distract, to divert, to steer away","distraire, détourner, éloigner",1. verb,ab,C1,lenken,"to steer, to direct, to guide","diriger, orienter, guider","to add the meaning of <i>off</i>, <i>away</i> → ab",,,
60,C1,914,aufladen,,,"to charge, to load, to burden, to impose","charger, accabler, imposer",1. verb,auf,B1,laden,"to load, to charge, to invite","charger, inviter",to add the meaning of <i>up</i> → auf,,,
60,C1,915,übertreiben,,,"to exaggerate, to overdo","exagérer, exagérer",1. verb,über,B1,treiben,"to practice (sport), to propel, to put forth, to urge (figuratively), to fuck, to float, to sprout, to get up to","pratiquer (sport), propulser, mettre en avant, pousser (au sens figuré), baiser, flotter, germer, se lever","to add the meaning of <i>over</i>, to translate the prefix <i>sur</i> → über",,,
60,C1,917,ausbauen,,,"to expand, to develop","étendre, développer",1. verb,aus,A2,bauen,to build,construire,,,,
60,C1,919,abbiegen,,,"to turn, to turn off, to bend","tourner, éteindre, plier",1. verb,ab,C1,biegen,"to turn, to bend","tourner, se pencher","to add the meaning of <i>off</i>, <i>away</i> → ab",,,
60,C1,920,aussagen,,,"to testify, to state","témoigner, déclarer",1. verb,aus,A1,sagen,"to say, to tell","dire, raconter",,,,
60,C1,924,ausleihen,,,"to borrow, to lend, to lend out","emprunter, prêter",1. verb,aus,B1,leihen,"to lend, to borrow","prêter, emprunter",,,,
60,C1,926,aufkommen,,,"to arise, to come down, to emerge, to land","se lever, descendre, émerger, atterrir",1. verb,auf,A1,kommen,"to come, to make it (e.g. over something), to go to, to occur","venir, aller à, se produire",,,,
60,C1,928,anfordern,,,"to request, to solicit, to ask for, to circularize","demander, solliciter, diffuser",1. verb,an,B2,fordern,"to demand, to require, to call for","exiger, requérir, réclamer",,,,
60,C1,930,verschlafen,,,"to oversleep, to sleep in","dormir trop longtemps, faire la grasse matinée",1. verb,ver,A1,schlafen,to sleep,dormir,,,,
60,C1,932,zuschauen,,,"to watch, to look on, to observe","regarder, observer, surveiller",1. verb,zu,A2,schauen,to look at (Bayern and Austria),regarder (Bayern et Autriche),,,,
60,C1,933,einzahlen,,,"to deposit, to make a deposit","déposer, verser",1. verb,ein,A1,zahlen,"to pay (for something), to atone for","payer (pour quelque chose), expier",,,,
60,C1,935,sich wohlfühlen,,,"to feel good, to be comfortable","se sentir bien, être à l'aise",1. verb,wohl,A1,fühlen,"to feel, to feel something (refl.)","sentir, ressentir quelque chose (réfl.)",,,,
60,C1,937,ablesen,,,"to read off, to read out, to deduce","lire à haute voix, déduire",1. verb,ab,A1,lesen,to read,lire,,,,
60,C1,942,verschicken,,,"to dispatch, to despatch, to mail, to send","expédier, envoyer par la poste, envoyer",1. verb,ver,A1,schicken,to send,envoyer,,,,
60,C1,943,anmachen,,,"to turn on, to light, to switch on","allumer, mettre en marche, allumer",1. verb,an,A1,machen,"to make, to prepare, to do","faire, préparer",,,,
60,C1,946,anhalten,,,"to stop (cease moving), to continue, to compel","arrêter (cesser de bouger), continuer, contraindre",1. verb,an,A1,halten,"to hold, to stop (a movement), to support, to keep","tenir, arrêter (un mouvement), soutenir, garder",,,,
60,C1,949,umgeben,,,"to surround, to enclose, to encompass","entourer, enfermer, englober",1. verb,um,A1,geben,to give,donner,to add the meaning of <i>around</i> → um,,,
60,C1,951,wiederherstellen,,,"to restore, to recover, to rehabilitate","restaurer, récupérer, réhabiliter",1. verb,wiederher,A2,stellen,"to position, to put, to catch","positionner, mettre",,,,
60,C1,953,aufsteigen,,,"to rise, to ascend, to advance, to climb","s'élever, monter, avancer, grimper",1. verb,auf,A2,steigen,"to ascend, to climb, to rise","monter, grimper, s'élever",to add the meaning of <i>up</i> → auf,,,
61,C1,954,zusehen,,,"to watch, to see, to make sure (that something happens)","regarder, voir, s'assurer (que quelque chose se passe)",1. verb,zu,A1,sehen,"to see, to realise","voir, se rendre compte",,,,
61,C1,955,auftauchen,,,"to arise, to surface, to turn up","surgir, faire surface, apparaître",1. verb,auf,C1,tauchen,"to dive, to dip","plonger, tremper",to add the meaning of <i>up</i> → auf,,,
61,C1,956,beklagen,,,"to complain, to lament, to air grievances","se plaindre, se lamenter, exprimer des griefs",1. verb,be,B2,klagen,"to complain, to lament, to sue","se plaindre, se lamenter, poursuivre en justice",,,,
61,C1,959,beinhalten,,,"to include, to contain, to entail, to comprise","inclure, contenir, impliquer, comprendre",1. verb,bein,A1,halten,"to hold, to stop (a movement), to support, to keep","tenir, arrêter (un mouvement), soutenir, garder",,,,
61,C1,960,beauftragen,,,"to assign, to commission, to instruct","assigner, commissionner, instruire",1. verb,beauf,A1,tragen,"to wear (clothing), to carry, to hold","porter (des vêtements), transporter, tenir",,,,
61,C1,963,vorsehen,,,"to plan, to provide for","planifier, prévoir",1. verb,vor,A1,sehen,"to see, to realise","voir, se rendre compte","to add the meaning of <i>pre-</i>, that something is <i>before</i>, <i>in advance</i> → vor",,,
61,C1,964,anfallen,,,"to accrue, to accumulate, to arise, to incur","s'accumuler, survenir, encourir",1. verb,an,B1,fallen,"to fall, to fall in battle, to collapse","tomber, tomber au combat, s'effondrer","to indicate the action is partial, beginning → an",,,
61,C1,965,entkommen,,,to escape,s'échapper,1. verb,ent,A1,kommen,"to come, to make it (e.g. over something), to go to, to occur","venir, aller à, se produire",,,,
61,C1,967,anfassen,,,"to touch, to handle","toucher, manipuler",1. verb,an,B2,fassen,"to grasp, to seize, to capture, to comprehend","saisir, capturer, comprendre","to add the meaning of <i>on</i>, of a contact → an",,,
61,C1,968,vorgeben,,,"to claim, to pretend, to set (a pace)","revendiquer, prétendre, donner (un rythme)",1. verb,vor,A1,geben,to give,donner,"to add the meaning of <i>pre-</i>, that something is <i>before</i>, <i>in advance</i> → vor",,,
61,C1,969,ertragen,,,"to bear, to stand","supporter, se tenir debout",1. verb,er,A1,tragen,"to wear (clothing), to carry, to hold","porter (des vêtements), transporter, tenir",,,,
61,C1,970,aufbrechen,,,"to leave, to set off, to start, to break, to burst","partir, se mettre en route, démarrer, rompre, éclater",1. verb,auf,A2,brechen,to break,"casser, briser",,,,
61,C1,972,abweichen,,,"to depart (from), to soak off","partir (de), s'imprégner",1. verb,ab,C1,weichen,to soften,adoucir,"to add the meaning of <i>off</i>, <i>away</i> → ab",,,
61,C1,973,abbilden,,,"to depict, to map, to illustrate","représenter, cartographier, illustrer",1. verb,ab,B1,bilden,"to form, to constitute, to educate","former, constituer, éduquer",,,,
61,C1,975,erweisen,,,"to prove (passively), to turn out to be, to show","prouver (passivement), s'avérer être, montrer",1. verb,er,B2,weisen,"to point, to direct, to indicate","pointer, diriger, indiquer",,,,
61,C1,977,einreichen,,,"to submit, to present, to bring, to bring in, to deposit","soumettre, présenter, apporter, déposer",1. verb,ein,B2,reichen,"to reach, to hand, to be enough","atteindre, mettre la main, être suffisant","to add the meaning of <i>in</i>, <i>into</i> → ein",,,
61,C1,978,erforschen,,,"to research, to investigate, to explore, to ascertain","faire des recherches, enquêter, explorer, vérifier",1. verb,er,C1,forschen,"to research, to investigate","faire des recherches, enquêter",,,,
61,C1,982,bestreiten,,,"to dispute, to contest","contester, disputer",1. verb,be,B1,streiten,"to argue, to fight, to quarrel","se disputer, se battre, se quereller",,,,
61,C1,984,zugreifen,,,"to access, to grab, to help oneself",accéder,1. verb,zu,B1,greifen,"to grab, to grasp, to seize","saisir, s'emparer",,,,
61,C1,985,entführen,,,"to abduct, to kidnap","enlever, kidnapper",1. verb,ent,A2,führen,"to lead, to guide","guider, conduire",,,,
62,C1,988,bewundern,,,to admire,admirer,1. verb,be,C1,wundern,"to surprise, to amaze","surprendre, étonner",,,,
62,C1,989,anschaffen,,,"to purchase, to acquire, to procure","acheter, acquérir, se procurer",1. verb,an,B2,schaffen,"to manage, to accomplish, to create","gérer, accomplir, créer",,,,
62,C1,991,zugehen,,,"to approach, to close, to happen","s'approcher, se fermer, se produire",1. verb,zu,A1,gehen,"to go, to leave, to work, to function (coll.), to be going (Dat.), to be all right (Dat.)","aller, partir, fonctionner (familier)",,,,
62,C1,992,festsetzen,,,"to fix, to appoint, to detain, to determine, to establish","fixer, nommer, détenir, déterminer, établir",1. verb,fest,A2,setzen,"to set, to sit down (refl.)",s'asseoir (réfl.),,,,
62,C1,993,auszeichnen,,,"to honor, to distinguish","honorer, distinguer",1. verb,aus,A2,zeichnen,"to draw, to sketch","dessiner, esquisser",,,,
62,C1,994,festnehmen,,,"to arrest, to apprehend, to detain, to seize","arrêter, appréhender, détenir, saisir",1. verb,fest,A1,nehmen,"to take, to cause oneself to be (in some state)","prendre, se mettre (dans un état)",,,,
62,C1,996,antreten,,,"to begin, to compete","commencer, concourir",1. verb,an,B2,treten,"to step, to kick, to enter","marcher, donner un coup de pied, entrer",,,,
62,C1,997,einschlagen,,,"to strike, to hit, to drive in, to engrave, to heel in","frapper, toucher, enfoncer, graver",1. verb,ein,B1,schlagen,"to hit, to beat, to strike, to defeat","frapper, battre, vaincre",,,,
62,C1,999,sich entschließen,,,to decide (to do something) (refl.),décider (de faire quelque chose) (réfl.),1. verb,ent,A1,schließen,"to shut, to close, to lock, to conclude","fermer, clore, verrouiller, conclure",,,,
62,C1,1001,abdecken,,,"to cover, to remove, to uncover","couvrir, enlever, découvrir",1. verb,ab,B2,decken,"to cover, to set (a table), to hedge","couvrir, dresser (une table), se protéger",,,,
62,C1,1002,absetzen,,,"to set down, to put down, to deduct, to dismiss","Déposer, mettre de côté, déduire, rejeter",1. verb,ab,A2,setzen,"to set, to sit down (refl.)",s'asseoir (réfl.),,,,
62,C1,1003,benehmen,,,to behave (refl.),se comporter (réfl.),1. verb,be,A1,nehmen,"to take, to cause oneself to be (in some state)","prendre, se mettre (dans un état)",,,,
62,C1,1005,ausgleichen,,,"to balance, to offset, to compensate, to equalize","équilibrer, compenser, égaliser",1. verb,aus,B2,gleichen,"to equal, to match, to resemble","égaler, ressembler",,,,
62,C1,1006,einbringen,,,"to bring in, to contribute, to introduce, to harvest","apporter, contribuer, introduire, récolter",1. verb,ein,A1,bringen,"to bring, to take, to lead","apporter, prendre, conduire",,,,
62,C1,1009,vorschreiben,,,"to dictate, to prescribe, to instruct, to stipulate","dicter, prescrire, instruire, stipuler",1. verb,vor,A1,schreiben,to write,écrire,,,,
62,C1,1010,behindern,,,"to obstruct, to hamper","gêner, entraver",1. verb,be,C1,hindern,to prevent somebody from doing something,empêcher quelqu'un de faire quelque chose,,,,
62,C1,1011,anhören,,,to listen to someone,écouter quelqu'un,1. verb,an,A1,hören,"to hear, to listen to","entendre, écouter",,,,
62,C1,1014,abschalten,,,"to switch off, to disconnect, to turn off","éteindre, déconnecter, couper",1. verb,ab,B2,schalten,"to switch, to shift gears, to turn on, to turn off","changer, changer de vitesse, allumer, éteindre",,,,
62,C1,1017,verzögern,,,"to delay, to postpone, to stall","retarder, reporter, bloquer",1. verb,ver,B2,zögern,to hesitate,hésiter,,,,
62,C1,1020,vertragen,,,"to tolerate, to get along, to bear","tolérer, s'entendre, supporter",1. verb,ver,A1,tragen,"to wear (clothing), to carry, to hold","porter (des vêtements), transporter, tenir",,,,
63,C1,1021,einbrechen,,,"to break in, to collapse, to break down","s'introduire par effraction, s'effondrer, tomber en panne",1. verb,ein,A2,brechen,to break,"casser, briser",,,,
63,C1,1022,besiegen,,,to defeat (in battle or contest),vaincre (au combat ou dans un concours),1. verb,be,C1,siegen,"to win, to prevail, to triumph","gagner, triompher, prévaloir",,,,
63,C1,1023,aufteilen,,,"to distribute, to divide, to partition","distribuer, diviser, partitionner",1. verb,auf,A2,teilen,"to split, to share, to divide","diviser, partager",,,,
63,C1,1024,zumachen,,,"to close, to shut, to close down","fermer, cesser ses activités",1. verb,zu,A1,machen,"to make, to prepare, to do","faire, préparer",,,,
63,C1,1025,hinfahren,,,"to drive there, to go, to travel","aller en voiture, y aller, voyager",1. verb,hin,A1,fahren,"to go (by vehicle), to leave, to drive","aller (en véhicule), partir, conduire",,,,
63,C1,1026,austragen,,,"to deliver, to distribute, to carry out","livrer, distribuer, exécuter",1. verb,aus,A1,tragen,"to wear (clothing), to carry, to hold","porter (des vêtements), transporter, tenir",,,,
63,C1,1027,überreichen,,,"to hand over, to present, to submit","remettre, présenter, soumettre",1. verb,über,B2,reichen,"to reach, to hand, to be enough","atteindre, mettre la main, être suffisant","to add the meaning of <i>over</i>, to translate the prefix <i>sur</i> → über",,,
63,C1,1029,vortragen,,,"to perform, to recite, to present, to carry over","interpréter, réciter, présenter, transmettre",1. verb,vor,A1,tragen,"to wear (clothing), to carry, to hold","porter (des vêtements), transporter, tenir",,,,
63,C1,1031,wiedersehen,,,"to see again, to meet again","revoir, se revoir",1. verb,wieder,A1,sehen,"to see, to realise","voir, se rendre compte",,,,
63,C1,1032,ausweisen,,,"to expel, to identify, to deport","expulser, identifier, déporter",1. verb,aus,B2,weisen,"to point, to direct, to indicate","pointer, diriger, indiquer",,,,
63,C1,1033,aufbewahren,,,"to preserve, to keep, to store","préserver, conserver, stocker",1. verb,auf,C1,bewahren,"to keep, to preserve (to maintain the condition of)","garder, préserver (maintenir l'état de)",,,,
63,C1,1034,bedauern,,,"to regret, to deplore, to lament, to pity","regretter, déplorer, se lamenter, avoir pitié",1. verb,be,A2,dauern,"to last, to take (time)","durer, prendre (du temps)",,,,
63,C1,1035,loslassen,,,"to release, to let go, to let loose, to disengage","libérer, lâcher prise, se délier, se désengager",1. verb,los,A2,lassen,"to let, to leave, to allow","laisser, quitter, permettre",,,,
63,C1,1037,wegnehmen,,,"to take away, to remove, to abstract, to cancel","enlever, supprimer, abstraire, annuler",1. verb,weg,A1,nehmen,"to take, to cause oneself to be (in some state)","prendre, se mettre (dans un état)",,,,
63,C1,1039,einatmen,,,"to inhale, to breath in","inspirer, respirer",1. verb,ein,B1,atmen,to breathe,respirer,,,,
63,C1,1040,mitfahren,,,"to go with, to ride along","accompagner, faire un tour avec",1. verb,mit,A1,fahren,"to go (by vehicle), to leave, to drive","aller (en véhicule), partir, conduire",,,,
63,C1,1041,abrechnen,,,"to settle, to account for, to bill","régler, rendre compte, facturer",1. verb,ab,B1,rechnen,"to calculate, to expect, to count on","calculer, s'attendre à, compter sur",,,,
63,C1,1043,einsammeln,,,"to collect, to gather","collecter, rassembler",1. verb,ein,B1,sammeln,"to collect, to gather, to accumulate","recueillir, rassembler, accumuler",,,,
63,C1,1048,zurückfahren,,,"to back, to drive back, to flinch","reculer, faire marche arrière, tressaillir",1. verb,zurück,A1,fahren,"to go (by vehicle), to leave, to drive","aller (en véhicule), partir, conduire",,,,
63,C1,1055,herausfordern,,,"to challenge, to provoke, to banter to","défier, affronter",1. verb,heraus,B2,fordern,"to demand, to require, to call for","exiger, requérir, réclamer",,,,
64,C1,1061,verkehren,,,"to circulate, to interact, to turn, to twist",circuler,1. verb,ver,C1,kehren,"to sweep, to return","retourner, balayer",,,,
64,C1,1067,begehen,,,"to commit, perpetrate (a crime, an offence)","commettre, perpétrer (un crime, un délit)",1. verb,be,A1,gehen,"to go, to leave, to work, to function (coll.), to be going (Dat.), to be all right (Dat.)","aller, partir, fonctionner (familier)",,,,
64,C1,1068,abschneiden,,,"to cut off, to amputate, to block","couper, amputer, bloquer",1. verb,ab,B1,schneiden,"to cut, to slice","couper, trancher","to add the meaning of <i>off</i>, <i>away</i> → ab",,,
64,C1,1069,verdanken,,,"to owe, to be indebted, to owe to","devoir (quelque chose à quelqu'un), être redevable",1. verb,ver,A2,danken,to thank,remercier,,,,
64,C1,1070,zurückhalten,,,"to restrain, to hold back, to withhold","restreindre, retenir",1. verb,zurück,A1,halten,"to hold, to stop (a movement), to support, to keep","tenir, arrêter (un mouvement), soutenir, garder",to add the meaning of <i>back</i> → zurück,,,
64,C1,1071,verdoppeln,,,"to double, to duplicate, to reduplicate","doubler, dupliquer, redoubler",1. verb,ver,C2,doppeln,"to double, to duplicate, to fold","doubler, dupliquer, reproduire",,,,
64,C1,1073,verknüpfen,,,"to connect, to link, to associate, to tie, to annex to","connecter, relier, associer, lier, annexer à",1. verb,ver,C1,knüpfen,"to knot, to tie, to weave",nouer,,,,
64,C1,1074,aufzeigen,,,"to point out, to demonstrate, to indicate","souligner, démontrer, indiquer",1. verb,auf,A1,zeigen,"to show, to point at, to demonstrate","montrer, pointer du doigt, démontrer",,,,
64,C1,1075,aufbringen,,,"to capture, to raise, to antagonise",appliquer,1. verb,auf,A1,bringen,"to bring, to take, to lead","apporter, prendre, conduire",,,,
64,C1,1081,absehen,,,"to foresee, to overlook, to disregard","prévoir, négliger",1. verb,ab,A1,sehen,"to see, to realise","voir, se rendre compte",,,,
64,C1,1082,einsperren,,,"to lock up, to imprison","enfermer, emprisonner",1. verb,ein,C1,sperren,"to block, to lock, to close off","bloquer, verrouiller, fermer",,,,
64,C1,1086,verführen,,,"to seduce, to entice, to tempt, to debauch",séduire,1. verb,ver,A2,führen,"to lead, to guide","guider, conduire",,,,
64,C1,1090,voraussetzen,,,"to presume, to require, to assume","présumer, exiger, supposer",1. verb,voraus,A2,setzen,"to set, to sit down (refl.)",s'asseoir (réfl.),,,,
64,C1,1092,zurücktreten,,,"to resign, to step back, to step down, to withdraw","démissionner, se retirer, quitter ses fonctions",1. verb,zurück,B2,treten,"to step, to kick, to enter","marcher, donner un coup de pied, entrer",,,,
64,C1,1093,hervorgehen,,,"to result, to arise, to arise from, to emerge","résulter, survenir, provenir de, émerger",1. verb,hervor,A1,gehen,"to go, to leave, to work, to function (coll.), to be going (Dat.), to be all right (Dat.)","aller, partir, fonctionner (familier)",,,,
64,C1,1094,verbleiben,,,to remain,rester,1. verb,ver,A1,bleiben,"to remain, to stay",rester,,,,
64,C1,1095,herkommen,,,"to come over, come here (towards the speaker), to come from","venir, venir ici (vers l'orateur), venir de",1. verb,her,A1,kommen,"to come, to make it (e.g. over something), to go to, to occur","venir, aller à, se produire",,,,
64,C1,1096,beibringen,,,"to teach, to break (news, information) carefully to, to inflict","enseigner, annoncer (des nouvelles, des informations) avec précaution, infliger",1. verb,bei,A1,bringen,"to bring, to take, to lead","apporter, prendre, conduire",,,,
64,C1,1097,befördern,,,to transport,transporter,1. verb,be,B2,fördern,"to promote, to support","promouvoir, soutenir",,,,
64,C1,1099,anbringen,,,"to affix, to attach, to fasten, to add, to apply","fixer, attacher, ajouter, appliquer",1. verb,an,A1,bringen,"to bring, to take, to lead","apporter, prendre, conduire",,,,
65,C1,1100,bedürfen,,,"to need, to require, to depend, to demand","avoir besoin, exiger, dépendre, demander",1. verb,be,A1,dürfen,"to be allowed (to do something), may","être autorisé (à faire quelque chose), pouvoir",,,,
65,C1,1101,begreifen,,,"to understand, to comprehend, to grasp, to realise","comprendre, saisir, appréhender, réaliser",1. verb,be,B1,greifen,"to grab, to grasp, to seize","saisir, s'emparer",,,,
65,C1,1102,beitreten,,,"to join, to support, to accede to, to affiliate","adhérer, soutenir, adhérer à, s'affilier",1. verb,bei,B2,treten,"to step, to kick, to enter","marcher, donner un coup de pied, entrer",,,,
65,C1,1104,einräumen,,,"to admit, to acknowledge, to concede, to put away","admettre, reconnaître, concéder, mettre de côté",1. verb,ein,B2,räumen,"to clear, to remove, to vacate","déblayer, débrancher, dégager",,,,
65,C1,1105,entfallen,,,"to be omitted, to be dropped, to be canceled, to be inapplicable","à omettre, à supprimer, à annuler, à ne pas appliquer",1. verb,ent,B1,fallen,"to fall, to fall in battle, to collapse","tomber, tomber au combat, s'effondrer",,,,
65,C1,1106,erbringen,,,"to yield, to provide, to raise, to deliver","céder, fournir, lever, livrer",1. verb,er,A1,bringen,"to bring, to take, to lead","apporter, prendre, conduire",,,,
65,C1,1112,vermögen,,,"to be able, to be capable, to can","être capable, pouvoir",1. verb,ver,A1,mögen,to like,"aimer, apprécier",,,,
65,C1,1113,verschaffen,,,"to procure, to obtain, to acquire, to earn","se procurer, obtenir, acquérir, gagner",1. verb,ver,B2,schaffen,"to manage, to accomplish, to create","gérer, accomplir, créer",,,,
65,C1,1114,versenden,,,"to dispatch, to send, to forward, to ship","expédier, envoyer, faire parvenir, transporter",1. verb,ver,B1,senden,"to send, to broadcast","envoyer, diffuser",,,,
65,C1,1115,zukommen,,,"to approach, to be assigned to, to be due (to)","approcher, être assigné à, être dû (à)",1. verb,zu,A1,kommen,"to come, to make it (e.g. over something), to go to, to occur","venir, aller à, se produire",,,,
65,C1,1116,zusammenhängen,,,"to be related, to hang together, to associate","être apparenté, être ensemble, s'associer",1. verb,zusammen,A2,hängen,"to hang, to be fond of, depend on","accrocher, aimer, dépendre de",,,,
65,C1,1117,zusammensetzen,,,"to assemble, to put together, to be composed of","assembler, réunir, être composé de",1. verb,zusammen,A2,setzen,"to set, to sit down (refl.)",s'asseoir (réfl.),,,,
65,C1,1118,verbergen,,,"to conceal sth, to hide something",cacher quelque chose,1. verb,ver,C1,bergen,"to recover, to rescue, to save, to salvage","récupérer, secourir, sauver, sauver",,,,
65,C1,1119,versetzen,,,"to put, to move, to deal, to give (a blow, hit), to transfer (when to do with work)","mettre, déplacer, distribuer, donner (un coup), transférer (quand il s'agit de travailler)",1. verb,ver,A2,setzen,"to set, to sit down (refl.)",s'asseoir (réfl.),,,,
65,C1,1123,widerrufen,,,"to cancel, to revoke, to withdraw","annuler, révoquer, retirer",1. verb,wider,B1,rufen,"to call, to shout, to summon","appeler, crier, convoquer",,,,
65,C1,1130,berufen,,,"to appoint, to invoke, to cite","nommer, invoquer, citer",1. verb,be,B1,rufen,"to call, to shout, to summon","appeler, crier, convoquer",,,,
65,C1,1132,verdrängen,,,"to displace, to oust, to repress","déplacer, évincer, réprimer",1. verb,ver,C1,drängen,"to urge, to push, to cajole, to shove","exhorter, pousser, cajoler, bousculer",,,,
65,C1,1134,einschreiben,,,"to sign up, to enroll",s'inscrire,1. verb,ein,A1,schreiben,to write,écrire,,,,
65,C1,1137,entgegenkommen,,,"to accommodate, to approach, to come towards","s'adapter, s'approcher, venir vers",1. verb,entgegen,A1,kommen,"to come, to make it (e.g. over something), to go to, to occur","venir, aller à, se produire",,,,
65,C1,1138,erziehen,,,"to educate, to raise, to nurture, to teach, to train","éduquer, élever, nourrir, enseigner, former",1. verb,er,A1,ziehen,"to pull, to drag, to move","tirer, traîner, déplacer",,,,
66,C1,1139,überholen,,,"to overtake, to outstrip, to repair, to outpace","dépasser, distancer, réparer, surpasser",1. verb,über,A2,holen,to fetch,aller chercher,"to add the meaning of <i>over</i>, to translate the prefix <i>sur</i> → über",,,
66,C1,1140,bemalen,,,"to paint, to apply makeup, to color","peindre, maquiller, colorier, colorer",1. verb,be,B1,malen,"to paint, to draw","peindre, dessiner",,,,
66,C1,1144,sich ereignen,,,"to happen, to occur, to bechance","se produire, avoir lieu, être fortuit",1. verb,er,B2,eignen,"to be suitable, to be appropriate","être convenable, être approprié",,,,
66,C1,1146,weglaufen,,,to run away,s'enfuir,1. verb,weg,A1,laufen,"to walk, to flow (of a fluid), to run (of an event)","marcher, couler (un fluide), se dérouler (un événement)",,,,
66,C1,1147,vorhersagen,,,"to foretell, to forecast, to predict","prédire, prévoir, annoncer",1. verb,vorher,A1,sagen,"to say, to tell","dire, raconter",,,,
66,C1,1149,erwachsen,,,"to grow up, to arise, to spring up, to accrue","grandir, surgir, jaillir, s'accumuler",1. verb,er,B1,wachsen,"to grow, to increase","grandir, augmenter",,,,
66,C1,1150,abschreiben,,,"to write off, to copy, to transcribe","radier, copier, transcrire",1. verb,ab,A1,schreiben,to write,écrire,,,,
66,C1,1151,erschließen,,,"to develop, to access, to deduce, to unlock","développer, accéder, déduire, déverrouiller",1. verb,we,A1,schließen,"to shut, to close, to lock, to conclude","fermer, clore, verrouiller, conclure",,,,
66,C1,1152,herausnehmen,,,"to take out, to remove, to arrogate","enlever, retirer, s'arroger",1. verb,heraus,A1,nehmen,"to take, to cause oneself to be (in some state)","prendre, se mettre (dans un état)",,,,
66,C1,1155,weiterhelfen,,,"to assist, to help","pour aider, pour soutenir",1. verb,weiter,A1,helfen,to help,aider,,,,
66,C1,1156,aufhängen,,,"to hang up, to hang, to anchor","accrocher, suspendre, ancrer",1. verb,auf,A2,hängen,"to hang, to be fond of, depend on","accrocher, aimer, dépendre de",,,,
66,C1,1157,hinlegen,,,"to lie down, to put down, to lay down","s'allonger, poser, se coucher",1. verb,hin,A2,legen,"to lay, to lean, to lie down","poser, se pencher, s'allonger",,,,
66,C1,1158,beleuchten,,,"to illuminate, to examine","éclairer, examiner",1. verb,be,C1,leuchten,"to shine, to glow, to be illuminated","briller, allumer, éclairer",,,,
66,C1,1160,zutreffen,,,"to apply, to hold true, to be applicable","s'appliquer, être vrai, être applicable",1. verb,zu,A1,treffen,"to meet (refl.), to encounter (refl.), to hit, to affect","rencontrer (refl.), se rencontrer (refl.), heurter, frapper",,,,
66,C1,1161,zuwenden,,,"to turn to, to turn towards, to allocate, to dedicate","se tourner vers, allouer, dédier",1. verb,zu,B2,wenden,"to turn, to reverse, to address","tourner, inverser, s'adresser",,,,
66,C1,1162,überreden,,,"to convince, to persuade, to argue into","convaincre, persuader, amener à argumenter",1. verb,über,A1,reden,to talk,"parler, discuter",,,,
66,C1,1164,erschießen,,,to shoot dead,tuer par balle,1. verb,er,B2,schießen,"to shoot, to fire","tirer, faire feu",,,,
66,C1,1165,beibehalten,,,"to maintain, to keep, to retain",maintenir,1. verb,bei,B1,behalten,to keep,garder,,,,
66,C1,1166,widerstehen,,,"to resist, to withstand, to oppose","résister, supporter, s'opposer",1. verb,wider,A1,stehen,"to stand, to be, to appear","être debout, apparaître",,,,
66,C1,1168,kaputtgehen,,,"to break down, to break","se briser, se dégrader",1. verb,kaputt,A1,gehen,"to go, to leave, to work, to function (coll.), to be going (Dat.), to be all right (Dat.)","aller, partir, fonctionner (familier)",,,,
67,C1,1169,zusammenleben,,,"to live together, to cohabitate","vivre ensemble, cohabiter",1. verb,zusammen,A1,leben,to live,vivre,,,,
67,C1,1171,ausschlafen,,,"to sleep in, to catch up on sleep","faire la grasse matinée, rattraper son sommeil",1. verb,aus,A1,schlafen,to sleep,dormir,,,,
67,C1,1172,abfliegen,,,"to patrol, to depart, to fly along","patrouiller, partir, voler le long",1. verb,ab,B1,fliegen,"to fly, to travel by plane","voler, voyager en avion",,,,
67,C1,1174,zuweisen,,,"to assign, to allocate, to allot","attribuer, assigner, affecter",1. verb,zu,B2,weisen,"to point, to direct, to indicate","pointer, diriger, indiquer",,,,
67,C1,1180,erleiden,,,"to endure, to suffer, to experience, to experience pain","endurer, souffrir, éprouver, ressentir de la douleur",1. verb,er,B1,leiden,"to suffer, to endure, to bear","souffrir, endurer, supporter",,,,
67,C1,1181,beschützen,,,"to protect, to defend (security)","protéger, défendre (sécurité)",1. verb,be,B1,schützen,"to defend (lawyer), to protect (sunprotection)","défendre (avocat), protéger (protection solaire)",,,,
67,C1,1184,begrenzen,,,"to limit, to restrict, to bound","limiter, resteindre, confiner",1. verb,be,C1,grenzen,"to abut, to approach, to border, to limit",limiter,,,,
67,C1,1186,anfragen,,,"to ask, to inquire, to enquire, to request",demander,1. verb,an,A1,fragen,"to ask, to wonder (refl.)","demander, se demander (réfl.)",to add intensity to a reference point → an,,,
67,C1,1188,gebieten,,,"to command, to demand, to bid, to dominate","dominer, ordonner",1. verb,ge,A2,bieten,"to offer, to bid, to arise, to occur (of an opportunity) (refl.)","offrir, enchérir, surgir, se produire (d'une opportunité) (réfl.)",,,,
67,C1,1189,geleiten,,,"to accompany, to escort, to conduct",accompagner,1. verb,ge,B2,leiten,"to lead, to manage, to conduct","diriger, gérer, conduire",,,,
67,C1,1193,beleben,,,"to invigorate, to animate, to revive","animer, revivre, relancer",1. verb,be,A1,leben,to live,vivre,,,,
67,C1,1194,erlöschen,,,"to go out, to die out, to expire",s'éteindre,1. verb,er,B2,löschen,"to delete, to extinguish, to erase","supprimer, éteindre, effacer",,,,
67,C1,1198,ansteigen,,,"to rise, to increase, to ascend, to advance","s'élever, croître, monter, progresser",1. verb,an,A2,steigen,"to ascend, to climb, to rise","monter, grimper, s'élever",,,,
67,C1,1199,anstreben,,,"to pursue, to seek, to strive for, to aim","poursuivre, chercher, s'efforcer d'obtenir, viser",1. verb,an,C1,streben,"to strive, to tend to, to aspire","aspirer, s'efforcer, viser",,,,
67,C1,1200,ausstrahlen,,,"to emit, to broadcast, to radiate, to air","émettre, diffuser, rayonner",1. verb,aus,C1,strahlen,"to radiate, to beam","rayonner, briller, illuminer",,,,
67,C1,1201,eintreffen,,,"to arrive, to come true, to happen","arriver, se réaliser, se produire",1. verb,ein,A1,treffen,"to meet (refl.), to encounter (refl.), to hit, to affect","rencontrer (refl.), se rencontrer (refl.), heurter, frapper",,,,
67,C1,1203,erlernen,,,"to learn, to acquire, to master","apprendre, acquérir, maîtriser",1. verb,er,A1,lernen,"to learn, to study, to train something","apprendre, étudier, se former à quelque chose",,,,
67,C1,1206,verschließen,,,"to close, to seal, to lock, to block","fermer, sceller, verrouiller, bloquer",1. verb,ver,A1,schließen,"to shut, to close, to lock, to conclude","fermer, clore, verrouiller, conclure",,,,
67,C1,1207,ausarbeiten,,,"to develop, to draw up, to elaborate","développer, élaborer, mettre au point",1. verb,aus,A1,arbeiten,to work,travailler,,,,
67,C1,1209,verbrechen,,,to commit (a crime),commettre (un crime),1. verb,ver,A2,brechen,to break,"casser, briser",,,,
68,C1,1212,zusammenstoßen,,,"to collide, to brush, to bump","entrer en collision, se frôler, se heurter",1. verb,zusammen,B2,stoßen,"to push, to bump, to kick, to thrust","pousser, cogner, donner un coup de pied",,,,
68,C1,1214,verstoßen,,,"to breach, to transgress, to violate","enfreindre, transgresser, violer",1. verb,ver,B2,stoßen,"to push, to bump, to kick, to thrust","pousser, cogner, donner un coup de pied",,,,
68,C1,1215,vermischen,,,"to mix, to blend, to combine","mélanger, combiner",1. verb,ver,B2,mischen,"to mix, to blend",mélanger,,,,
68,C1,1216,begleichen,,,"to acquit, to pay, to settle","acquitter, payer, régler",1. verb,be,B2,gleichen,"to equal, to match, to resemble","égaler, ressembler",,,,
68,C1,1222,zulegen,,,"to add, to gain, to increase, to put on weight, to draw","ajouter, gagner, augmenter, prendre du poids, tirer",1. verb,zu,A2,legen,"to lay, to lean, to lie down","poser, se pencher, s'allonger",,,,
68,C1,1223,vorweisen,,,to demonstrate,démontrer,1. verb,vor,B2,weisen,"to point, to direct, to indicate","pointer, diriger, indiquer",,,,
68,C1,1227,auflisten,,,"to list, to catalogue","lister, cataloguer",1. verb,auf,C1,listen,"to list, to allow in, to lead as a series","énumérer, citer",,,,
68,C1,1228,bedecken,,,"to cover, to conceal, to overlay","couvrir, dissimuler, recouvrir",1. verb,be,B2,decken,"to cover, to set (a table), to hedge","couvrir, dresser (une table), se protéger",,,,
68,C1,1231,herausstellen,,,"to emphasize, to highlight, to put out","mettre en valeur, souligner, diffuser",1. verb,heraus,A2,stellen,"to position, to put, to catch","positionner, mettre",,,,
68,C1,1232,nachgehen,,,"to pursue, to follow up","poursuivre, donner suite",1. verb,nach,A1,gehen,"to go, to leave, to work, to function (coll.), to be going (Dat.), to be all right (Dat.)","aller, partir, fonctionner (familier)",,,,
68,C1,1236,ausnutzen,,,"to exploit, to take advantage of, to use","exploiter, tirer profit de, utiliser",1. verb,aus,B1,nutzen,"to use, to utilize, to benefit from","utiliser, exploiter, bénéficier de",,,,
68,C1,1237,beschaffen,,,"to acquire, to obtain, to procure","acquérir, obtenir, se procurer",1. verb,be,B2,schaffen,"to manage, to accomplish, to create","gérer, accomplir, créer",,,,
68,C1,1238,einholen,,,"to catch up, to reel in, to obtain","rattraper, obtenir",1. verb,ein,A2,holen,to fetch,aller chercher,,,,
68,C1,1239,einsehen,,,"to realize, to understand, to recognize","réaliser, comprendre, reconnaître",1. verb,ein,A1,sehen,"to see, to realise","voir, se rendre compte",,,,
68,C1,1240,hervorrufen,,,"to cause, to elicit, to bring about","provoquer, susciter, entraîner",1. verb,hervor,B1,rufen,"to call, to shout, to summon","appeler, crier, convoquer",,,,
68,C1,1241,hinnehmen,,,"to accept, to take, to abide","accepter, prendre, supporter",1. verb,hin,A1,nehmen,"to take, to cause oneself to be (in some state)","prendre, se mettre (dans un état)",,,,
68,C1,1244,übersehen,,,"to overlook, to miss, to ignore","négliger, manquer, ignorer",1. verb,über,A1,sehen,"to see, to realise","voir, se rendre compte",,,,
68,C1,1245,wegziehen,,,"to move away, to leave","s'éloigner, partir",1. verb,weg,A1,ziehen,"to pull, to drag, to move","tirer, traîner, déplacer",,,,
68,C1,1246,anschalten,,,"to switch on, to turn on, to activate","allumer, mettre en marche, activer",1. verb,an,B2,schalten,"to switch, to shift gears, to turn on, to turn off","changer, changer de vitesse, allumer, éteindre",,,,
68,C1,1247,zurückrufen,,,"to call back, to recall","rappeler, se souvenir",1. verb,zurück,B1,rufen,"to call, to shout, to summon","appeler, crier, convoquer",,,,
69,C1,1248,vorbeigehen,,,"to go by, to pass, to pass by","passer, passer devant",1. verb,vorbei,A1,gehen,"to go, to leave, to work, to function (coll.), to be going (Dat.), to be all right (Dat.)","aller, partir, fonctionner (familier)",,,,
69,C1,1251,zurückschicken,,,"to send back, to return, to remit","renvoyer, retourner, remettre",1. verb,zurück,A1,schicken,to send,envoyer,,,,
69,C1,1252,umschreiben,,,"to circumscribe, to paraphrase","circonscrire, paraphraser",1. verb,um,A1,schreiben,to write,écrire,,,,
69,C1,1257,mitarbeiten,,,"to collaborate, to contribute, to cooperate","collaborer, contribuer, coopérer",1. verb,mit,A1,arbeiten,to work,travailler,,,,
69,C1,1258,nachholen,,,"to catch up, to make up","rattraper, compenser",1. verb,nach,A2,holen,to fetch,aller chercher,,,,
69,C1,1259,einschätzen,,,"to judge, to assess, to evaluate","juger, évaluer, apprécier",1. verb,ein,B1,schätzen,"to appreciate, to evaluate, to guess","apprécier, évaluer",,,,
69,C1,1262,durchfallen,,,"to flunk, to fail, to fall through","échouer, se planter",1. verb,durch,B1,fallen,"to fall, to fall in battle, to collapse","tomber, tomber au combat, s'effondrer",,,,
69,C1,1263,unterschätzen,,,"to underestimate, to underrate, to undervalue","sous-estimer, sous-évaluer, dévaloriser",1. verb,unter,B1,schätzen,"to appreciate, to evaluate, to guess","apprécier, évaluer",,,,
69,C1,1265,untergehen,,,"to sink, to be destroyed, to disappear","couler, être détruit, disparaître",1. verb,unter,A1,gehen,"to go, to leave, to work, to function (coll.), to be going (Dat.), to be all right (Dat.)","aller, partir, fonctionner (familier)",,,,
69,C1,1273,aufschlagen,,,"to hit, to strike, to open","frapper, ouvrir",1. verb,auf,B1,schlagen,"to hit, to beat, to strike, to defeat","frapper, battre, vaincre",,,,
69,C1,1274,aufziehen,,,"to approach, to gather, to march","s'approcher, se rassembler, marcher",1. verb,auf,A1,ziehen,"to pull, to drag, to move","tirer, traîner, déplacer",,,,
69,C1,1277,beheben,,,"to rectify, to remedy, to correct","rectifier, remédier, corriger",1. verb,be,B1,heben,"to lift, to raise","soulever, élever",,,,
69,C1,1279,abwaschen,,,"to clean, to wash off","nettoyer, laver",1. verb,ab,A1,waschen,to wash,laver,,,,
2,A1,30,bekommen,,,"to receive, to catch (e.g. a cold), to sit well with someone","recevoir, attraper (par exemple un rhume), s'entendre avec quelqu'un",2. prefix,be,A1,kommen,"to come, to make it (e.g. over something), to go to, to occur","venir, aller à, se produire",,,,
2,A1,35,verstehen,,,"to understand, to get along with someone","comprendre, s'entendre avec quelqu'un",2. prefix,ver,A1,stehen,"to stand, to be, to appear","être debout, apparaître",,,,
2,A1,40,anziehen,,,"to get dressed, to put on, to dress someone, to attract, to pull","s'habiller, mettre, habiller quelqu'un, attirer, tirer",2. prefix,an,A1,ziehen,"to pull, to drag, to move","tirer, traîner, déplacer","to add the meaning of <i>on</i>, of a contact → an",,,
2,A1,41,ausziehen,,,"to take something off, to undress, to pull out, to move out","enlever quelque chose, se déshabiller, se retirer, sortir",2. prefix,aus,A1,ziehen,"to pull, to drag, to move","tirer, traîner, déplacer","to add the meaning of ""out"", to extend, to complete → aus",,,
2,A1,44,erzählen,,,"to tell, to narrate","raconter, narrer",2. prefix,er,A2,zählen,to count,compter,,,,
2,A1,64,wiederholen,,,to repeat,répéter,2. prefix,wieder,A2,holen,to fetch,aller chercher,,,,
2,A1,65,übersetzen,,,to translate,traduire,2. prefix,über,A2,setzen,"to set, to sit down (refl.)",s'asseoir (réfl.),to translate the prefix <i>trans-</i> → über,,,
2,A1,70,bezahlen,,,"to pay, to pay someone (transitive)","payer, payer quelqu'un (transitif)",2. prefix,be,A1,zahlen,"to pay (for something), to atone for","payer (pour quelque chose), expier",to make an intransitive verb transitive → be,,,
2,A1,77,verkaufen,,,to sell,vendre,2. prefix,ver,A1,kaufen,to buy,acheter,,,,
2,A1,79,besuchen,,,to visit,visiter,2. prefix,be,A1,suchen,"to seek, to search","chercher, rechercher",,,,
5,A2,81,erklären,,,"to explain, to declare, to assert","expliquer, déclarer, affirmer",2. prefix,er,B2,klären,"to clarify, to resolve, to clear up","clarifier, résoudre, éclaircir",,,,
5,A2,84,versuchen,,,"to try, to attempt","essayer, tenter",2. prefix,ver,A1,suchen,"to seek, to search","chercher, rechercher",,,,
5,A2,92,anrufen,,,"to call by telephone, to call on (someone)",appeler par téléphone,2. prefix,an,B1,rufen,"to call, to shout, to summon","appeler, crier, convoquer","to add the meaning of <i>on</i>, of a contact → an",,,
5,A2,93,aufhören,,,"to stop, to cease an activity or process","arrêter, cesser une activité ou un processus",2. prefix,auf,A1,hören,"to hear, to listen to","entendre, écouter",,,,
5,A2,94,anfangen,,,to begin something new,commencer quelque chose de nouveau,2. prefix,an,B2,fangen,to catch,attraper,"to indicate the action is partial, beginning → an",,,
5,A2,96,benutzen,,,to use (transitive),utiliser (transitif),2. prefix,be,B1,nutzen,"to use, to utilize, to benefit from","utiliser, exploiter, bénéficier de",to make an intransitive verb transitive → be,,,
5,A2,101,aufstehen,,,"to get up, to be open (e.g. a window, door)","se lever, être ouvert (par exemple une fenêtre, une porte)",2. prefix,auf,A1,stehen,"to stand, to be, to appear","être debout, apparaître",to add the meaning of <i>up</i> → auf,,,
5,A2,102,aufwachen,,,to wake up,se réveiller,2. prefix,auf,C1,wachen,"to wake, to guard, to be awake","veiller, réveiller, surveiller",to add the meaning of <i>up</i> → auf,,,
5,A2,103,wehtun,,,"to hurt, to be painful","blesser, être douloureux",2. prefix,weh,A1,tun,"to do, to do something to someone","faire, faire quelque chose à quelqu'un",,,,
5,A2,111,einladen,,,"to invite, to load (something into a container)","inviter, charger (quelque chose dans un conteneur)",2. prefix,ein,B1,laden,"to load, to charge, to invite","charger, inviter","to add the meaning of <i>in</i>, <i>into</i> → ein",,,
5,A2,116,aussehen,,,"to look like, to appear","paraître, ressembler, apparaître",2. prefix,aus,A1,sehen,"to see, to realise","voir, se rendre compte","to add the meaning of ""out"", to extend, to complete → aus",,,
5,A2,118,fernsehen,,,to watch TV,regarder la télévision,2. prefix,fern,A1,sehen,"to see, to realise","voir, se rendre compte","to add the meaning of <i>remotely</i>, <i>from afar</i> → fern",,,
5,A2,122,ausgehen,,,"to go out, to run out (e.g. of money)","sortir, être à court (par exemple d'argent)",2. prefix,aus,A1,gehen,"to go, to leave, to work, to function (coll.), to be going (Dat.), to be all right (Dat.)","aller, partir, fonctionner (familier)","to add the meaning of ""out"", to extend, to complete → aus",,,
5,A2,124,ankommen,,,"to arrive, to depend on something","arriver, dépendre de quelque chose",2. prefix,an,A1,kommen,"to come, to make it (e.g. over something), to go to, to occur","venir, aller à, se produire","to add the meaning of <i>on</i>, of a contact → an",,,
5,A2,126,anmelden,,,"to register, to sign up, to sign on",s'inscrire,2. prefix,an,A2,melden,"to report, to register","signaler, enregistrer","to add the meaning of <i>on</i>, of a contact → an",,,
5,A2,128,verlassen,,,"to leave, to trust with something (refl.), to pass away, to die","partir, confier quelque chose (réfl.), décéder, mourir",2. prefix,ver,A2,lassen,"to let, to leave, to allow","laisser, quitter, permettre",,,,
5,A2,138,vorstellen,,,"to introduce, to present oneself (refl.), to move forward, to represent","introduire, se présenter (réfl.), représenter",2. prefix,vor,A2,stellen,"to position, to put, to catch","positionner, mettre","to indicate that something is <i>in front</i>, a performance → vor",,,
5,A2,139,entscheiden,,,to decide,décider,2. prefix,ent,B2,scheiden,"to separate, to divorce, to part","se séparer, divorcer",,,,
5,A2,148,empfehlen,,,"to recommend, to suggest","recommander, suggérer",2. prefix,emp,A2,fehlen,"to lack, to be absent or missing","manquer, être absent ou manquant",,,,
5,A2,152,annehmen,,,"to accept, to assume (a hypothesis), to receive, to suppose","accepter, supposer (une hypothèse), recevoir",2. prefix,an,A1,nehmen,"to take, to cause oneself to be (in some state)","prendre, se mettre (dans un état)","to add the meaning of <i>on</i>, of a contact → an",,,
5,A2,153,aussteigen,,,"to exit, to get off","sortir, descendre",2. prefix,aus,A2,steigen,"to ascend, to climb, to rise","monter, grimper, s'élever","to add the meaning of ""out"", to extend, to complete → aus",,,
5,A2,154,einsteigen,,,"to enter, to get in, to board","entrer, monter à bord, embarquer",2. prefix,ein,A2,steigen,"to ascend, to climb, to rise","monter, grimper, s'élever","to add the meaning of <i>in</i>, <i>into</i> → ein",,,
5,A2,155,vorbereiten,,,"to prepare, to get ready, to prepare in advance",se préparer,2. prefix,vor,C1,bereiten,"to prepare, to cause","préparer, provoquer","to add the meaning of <i>pre-</i>, that something is <i>before</i>, <i>in advance</i> → vor",,,
5,A2,156,umziehen,,,"to move (house), to change clothes","déménager, changer de vêtements",2. prefix,um,A1,ziehen,"to pull, to drag, to move","tirer, traîner, déplacer",to add the meaning of <i>around</i> → um,,,
5,A2,158,entdecken,,,"to discover, to find","découvrir, trouver",2. prefix,ent,B2,decken,"to cover, to set (a table), to hedge","couvrir, dresser (une table), se protéger",,,,
11,B1,161,verändern,,,"to alter, to change something","modifier, changer quelque chose",2. prefix,ver,A2,ändern,to change (one's personality or behavior),changer (sa personnalité ou son comportement),,,,
11,B1,162,stattfinden,,,"to take place, to occur","avoir lieu, se produire",2. prefix,statt,A1,finden,to find,trouver,"to add the meaning of ""out"", to extend, to complete → aus",,,
11,B1,164,versprechen,,,"to promise, to hope for, to misspeak","promettre, espérer",2. prefix,ver,A1,sprechen,to speak,parler (une langue),,,,
11,B1,165,erkennen,,,"to recognize, to realise","reconnaître, réaliser",2. prefix,er,A1,kennen,"to know, to be acquainted with, to be familiar with","connaître, être familier avec",,,,
11,B1,166,besitzen,,,"to own, to possess, to have","posséder, avoir",2. prefix,be,A1,sitzen,"to be seated, to stay, to fit (of clothing)","être assis, rester",,,,
11,B1,167,übernehmen,,,to take over,"prendre le relais, prendre le contrôle",2. prefix,über,A1,nehmen,"to take, to cause oneself to be (in some state)","prendre, se mettre (dans un état)","to add the meaning of <i>over</i>, to translate the prefix <i>sur</i> → über",,,
11,B1,168,enthalten,,,"to contain, to include","contenir, inclure",2. prefix,ent,A1,halten,"to hold, to stop (a movement), to support, to keep","tenir, arrêter (un mouvement), soutenir, garder",,,,
11,B1,174,erwarten,,,"to expect, to await",s'attendre à,2. prefix,er,A1,warten,"to wait, to maintain (e.g. a car)","attendre, entretenir (par exemple une voiture)",,,,
11,B1,175,behalten,,,to keep,garder,2. prefix,be,A1,halten,"to hold, to stop (a movement), to support, to keep","tenir, arrêter (un mouvement), soutenir, garder",,,,
11,B1,176,verpassen,,,"to miss (to be late for something, e.g. a train)","manquer (être en retard pour quelque chose, par exemple un train)",2. prefix,ver,A2,passen,"to fit, to suit","s'adapter, convenir",,,,
11,B1,180,befinden,,,"to be located (refl.), to find, to consider (formal)","être localisé (réfl.), trouver, considérer (formel)",2. prefix,be,A1,finden,to find,trouver,,,,
11,B1,185,einkaufen,,,to shop,"faire les courses, faire du shopping",2. prefix,ein,A1,kaufen,to buy,acheter,"to add the meaning of <i>in</i>, <i>into</i> → ein",,,
11,B1,186,bestimmen,,,"to determine, to assign, to decide, to ascertain","déterminer, fixer, décider, identifier, assigner",2. prefix,be,B1,stimmen,"to be true, to vote, to tune","être vrai, voter, s'accorder",,,,
11,B1,195,beenden,,,"to finish, to end, to complete","finir, terminer, achever",2. prefix,be,B1,enden,"to end, to finish, to conclude","terminer, achever, conclure",to make an intransitive verb transitive → be,,,
11,B1,197,erhalten,,,"to receive, to get, to obtain, to preserve","recevoir, obtenir, acquérir, préserver",2. prefix,er,A1,halten,"to hold, to stop (a movement), to support, to keep","tenir, arrêter (un mouvement), soutenir, garder",,,,
11,B1,199,verdienen,,,"to earn, to deserve","gagner, mériter",2. prefix,ver,B1,dienen,"to serve, to function","servir, fonctionner",,,,
11,B1,205,kennenlernen,,,"to meet someone, to get to know someone","rencontrer quelqu'un, apprendre à connaître quelqu'un",2. prefix,kennen,A1,lernen,"to learn, to study, to train something","apprendre, étudier, se former à quelque chose",,,,
12,B1,207,ersetzen,,,"to replace, to substitute, to compensate for","remplacer, substituer, compenser",2. prefix,er,A2,setzen,"to set, to sit down (refl.)",s'asseoir (réfl.),,,,
12,B1,210,vorschlagen,,,"to suggest, to propose","suggérer, proposer",2. prefix,vor,B1,schlagen,"to hit, to beat, to strike, to defeat","frapper, battre, vaincre","to indicate that something is <i>in front</i>, a performance → vor",,,
12,B1,211,teilnehmen,,,"to participate, to take part, to partake","participer, prendre part",2. prefix,teil,A1,nehmen,"to take, to cause oneself to be (in some state)","prendre, se mettre (dans un état)",,,,
12,B1,212,überprüfen,,,"to check, to examine, to verify","vérifier, examiner",2. prefix,über,B2,prüfen,"to check, to examine, to test, to investigate","vérifier, examiner, tester, enquêter",,,,
12,B1,213,beraten,,,"to advise, to consult, to discuss","conseiller, consulter, discuter",2. prefix,be,B1,raten,"to advise, to recommend, to guess","conseiller, recommander, deviner",to make an intransitive verb transitive → be,,,
12,B1,214,bewerben,,,"to apply (for a job, position)","postuler (à un emploi, un poste)",2. prefix,be,B2,werben,"to advertise, to recruit","faire de la publicité, recruter",,,,
12,B1,216,anbieten,,,"to offer, to provide, to propose","offrir, fournir, proposer",2. prefix,an,A2,bieten,"to offer, to bid, to arise, to occur (of an opportunity) (refl.)","offrir, enchérir, surgir, se produire (d'une opportunité) (réfl.)",,,,
12,B1,217,mitnehmen,,,"to take along, to take with",emporter,2. prefix,mit,A1,nehmen,"to take, to cause oneself to be (in some state)","prendre, se mettre (dans un état)","to add the meaning of <i>along</i>, <i>with</i> → mit",,,
12,B1,218,mitbringen,,,"to bring along, to bring with",apporter,2. prefix,mit,A1,bringen,"to bring, to take, to lead","apporter, prendre, conduire","to add the meaning of <i>along</i>, <i>with</i> → mit",,,
12,B1,220,aufpassen,,,"to pay attention, to watch out, to take care","faire attention, prendre soin",2. prefix,auf,A2,passen,"to fit, to suit","s'adapter, convenir",,,,
12,B1,224,abholen,,,"to pick up, to collect","ramasser, collecter",2. prefix,ab,A2,holen,to fetch,aller chercher,"to add the meaning of <i>off</i>, <i>away</i> → ab",,,
12,B1,227,zustimmen,,,"to agree, to consent, to approve","être d'accord, consentir, approuver",2. prefix,zu,B1,stimmen,"to be true, to vote, to tune","être vrai, voter, s'accorder",,,,
12,B1,231,sich verlieben,,,to fall in love,tomber amoureux,2. prefix,ver,A1,lieben,to love,"aimer, être amoureux de",,,,
12,B1,232,aufräumen,,,"to tidy up, to clean up, to clear","ranger, nettoyer, débarrasser",2. prefix,auf,B2,räumen,"to clear, to remove, to vacate","déblayer, débrancher, dégager",to add the meaning of <i>up</i> → auf,,,
12,B1,233,beschreiben,,,"to describe, to depict","décrire, représenter",2. prefix,be,A1,schreiben,to write,écrire,to discuss or mention an object → be,,,
12,B1,234,verbinden,,,"to connect, to link, to join, to bandage","connecter, lier, joindre, bander",2. prefix,ver,B2,binden,"to tie, to bind, to attach","attacher, lier",,,,
12,B1,235,abhängen,,,"to depend on, to hang out (coll.)","dépendre de, fréquenter (coll.)",2. prefix,ab,A2,hängen,"to hang, to be fond of, depend on","accrocher, aimer, dépendre de",,,,
13,B1,237,zurückgeben,,,"to return, to give back, to answer back","rendre, répondre",2. prefix,zurück,A1,geben,to give,donner,to add the meaning of <i>back</i> → zurück,,,
13,B1,238,mitkommen,,,"to come along, to keep up","venir, suivre",2. prefix,mit,A1,kommen,"to come, to make it (e.g. over something), to go to, to occur","venir, aller à, se produire","to add the meaning of <i>along</i>, <i>with</i> → mit",,,
13,B1,240,ausruhen,,,"to rest, to relax","se reposer, se détendre",2. prefix,aus,C1,ruhen,"to rest, to be at rest, to repose",reposer,"to add the meaning of ""out"", to extend, to complete → aus",,,
13,B1,242,verbringen,,,"to spend (time), to pass",passer (du temps),2. prefix,ver,A1,bringen,"to bring, to take, to lead","apporter, prendre, conduire",,,,
13,B1,243,vorhaben,,,"to intend, to plan, to be up to","avoir l'intention de, planifier, être à la hauteur",2. prefix,vor,A1,haben,"to have, to contain","avoir, contenir","to add the meaning of <i>pre-</i>, that something is <i>before</i>, <i>in advance</i> → vor",,,
13,B1,244,erleben,,,"to experience, to live through","expérimenter, vivre",2. prefix,er,A1,leben,to live,vivre,,,,
13,B1,246,sich erholen,,,"to recover, to recuperate","récupérer, se rétablir",2. prefix,er,A2,holen,to fetch,aller chercher,,,,
13,B1,247,erfahren,,,"to learn, to find out, to experience","apprendre, découvrir, expérimenter",2. prefix,er,A1,fahren,"to go (by vehicle), to leave, to drive","aller (en véhicule), partir, conduire",,,,
13,B1,254,verbieten,,,"to forbid, to prohibit","interdire, prohiber",2. prefix,ver,A2,bieten,"to offer, to bid, to arise, to occur (of an opportunity) (refl.)","offrir, enchérir, surgir, se produire (d'une opportunité) (réfl.)",equivalent of english <i>for</i> → ver,,,
13,B1,255,unterschreiben,,,"to sign, to subscribe, to unterwrite","signer, souscrire",2. prefix,unter,A1,schreiben,to write,écrire,"to add the meaning of <i>under</i>, to translate the prefix <i>sub-</i> → unter",,,
13,B1,256,empfangen,,,"to receive, to welcome, to greet","recevoir, accueillir, saluer",2. prefix,emp,B2,fangen,to catch,attraper,,,,
13,B1,257,bestellen,,,"to order, to reserve","commander, réserver",2. prefix,be,A2,stellen,"to position, to put, to catch","positionner, mettre",,,,
13,B1,267,aufnehmen,,,"to record, to take in, to absorb, to include","enregistrer, assimiler, absorber, inclure",2. prefix,auf,A1,nehmen,"to take, to cause oneself to be (in some state)","prendre, se mettre (dans un état)",to add the meaning of <i>up</i> → auf,,,
13,B1,270,beantworten,,,"to answer, to reply to (transitive)","répondre, répliquer à (transitif)",2. prefix,be,A2,antworten,"to answer, to reply","répondre, répliquer",to make an intransitive verb transitive → be,,,
13,B1,274,besprechen,,,"to discuss, to talk about","discuter, parler de",2. prefix,be,A1,sprechen,to speak,parler (une langue),to discuss or mention an object → be,,,
13,B1,275,erfinden,,,"to invent, to make up, to fabricate","inventer, fabriquer",2. prefix,er,A1,finden,to find,trouver,,,,
14,B1,277,unterrichten,,,"to teach, to instruct, to inform","enseigner, instruire, informer",2. prefix,unter,B2,richten,"to direct, to adjust, to focus, to judge","diriger, ajuster, focaliser, juger",,,,
14,B1,278,bestehen,,,"to pass, to exist, to consist, to insist","passer, exister, consister, insister",2. prefix,be,A1,stehen,"to stand, to be, to appear","être debout, apparaître",to work on or change the state of an object → be,,,
14,B1,279,abschließen,,,"to complete, to conclude, to lock","compléter, conclure, verrouiller",2. prefix,ab,A1,schließen,"to shut, to close, to lock, to conclude","fermer, clore, verrouiller, conclure","to add the meaning of <i>off</i>, <i>away</i> → ab",,,
14,B1,281,ausbilden,,,"to train, to educate, to develop","former, éduquer, développer (une compétence)",2. prefix,aus,B1,bilden,"to form, to constitute, to educate","former, constituer, éduquer","to add the meaning of ""out"", to extend, to complete → aus",,,
14,B1,282,herausfinden,,,"to find out, to discover, to figure out","découvrir, comprendre",2. prefix,heraus,A1,finden,to find,trouver,,,,
14,B1,285,zurückkommen,,,"to come back, to return","revenir, retourner",2. prefix,zurück,A1,kommen,"to come, to make it (e.g. over something), to go to, to occur","venir, aller à, se produire",to add the meaning of <i>back</i> → zurück,,,
14,B1,286,zerstören,,,"to destroy, to ruin","détruire, ruiner",2. prefix,zer,A2,stören,"to disturb, to interfere","déranger, interférer",,,,
14,B1,289,absagen,,,"to cancel, to call off",annuler,2. prefix,ab,A1,sagen,"to say, to tell","dire, raconter","to add the meaning of <i>off</i>, <i>away</i> → ab",,,
14,B1,293,empfinden,,,"to feel, to sense, to perceive","sentir, pressentir, percevoir",2. prefix,emp,A1,finden,to find,trouver,,,,
14,B1,294,beobachten,,,"to observe, to watch, to monitor","observer, surveiller",2. prefix,beob,B1,achten,"to respect, to pay attention to, to heed","respecter, prêter attention à",,,,
14,B1,303,herunterladen,,,to download,télécharger,2. prefix,herunter,B1,laden,"to load, to charge, to invite","charger, inviter",,,,
14,B1,304,berichten,,,"to report, to inform, to cover","signaler, informer, couvrir",2. prefix,be,B2,richten,"to direct, to adjust, to focus, to judge","diriger, ajuster, focaliser, juger",to discuss or mention an object → be,,,
14,B1,307,umsteigen,,,"to change, to transfer, to switch","changer, transférer, commuter",2. prefix,um,A2,steigen,"to ascend, to climb, to rise","monter, grimper, s'élever",,,,
14,B1,314,vermeiden,,,"to avoid, to prevent","éviter, empêcher",2. prefix,ver,C1,meiden,"to avoid, to shun","éviter, fuir",,,,
14,B1,317,verstecken,,,"to hide, to conceal","cacher, dissimuler",2. prefix,ver,B2,stecken,"to stick, to pin","coller, épingler",,,,
14,B1,320,ausgeben,,,"to spend, to expend, to issue","dépenser, émettre",2. prefix,aus,A1,geben,to give,donner,"to add the meaning of ""out"", to extend, to complete → aus",,,
25,B2,321,darstellen,,,"to depict, to portray, to represent, to illustrate","dépeindre, représenter, illustrer",2. prefix,dar,A2,stellen,"to position, to put, to catch","positionner, mettre",,,,
25,B2,323,erreichen,,,"to reach, to achieve, to attain","atteindre, réaliser, parvenir",2. prefix,er,B2,reichen,"to reach, to hand, to be enough","atteindre, mettre la main, être suffisant",,,,
25,B2,326,herstellen,,,"to produce, to make, to establish","produire, fabriquer, établir",2. prefix,her,A2,stellen,"to position, to put, to catch","positionner, mettre",,,,
25,B2,330,verwenden,,,"to use, to employ, to utilize","utiliser, employer, exploiter",2. prefix,ver,B2,wenden,"to turn, to reverse, to address","tourner, inverser, s'adresser",,,,
25,B2,331,verschieben,,,"to postpone, to move, to shift","reporter, déplacer, décaler",2. prefix,ver,B2,schieben,"to push, to shove, to wheel","pousser, bousculer, faire tourner",,,,
25,B2,332,feststellen,,,"to determine, to ascertain, to notice","déterminer, constater, remarquer",2. prefix,fest,A2,stellen,"to position, to put, to catch","positionner, mettre",,,,
25,B2,333,unterhalten,,,"to entertain, to maintain, to support, to convert","divertir, entretenir, soutenir, convertir",2. prefix,unter,A1,halten,"to hold, to stop (a movement), to support, to keep","tenir, arrêter (un mouvement), soutenir, garder",,,,
25,B2,334,einstellen,,,"to hire, to adjust, to stop","embaucher, ajuster, arrêter",2. prefix,ein,A2,stellen,"to position, to put, to catch","positionner, mettre","to add the meaning of <i>in</i>, <i>into</i> → ein",,,
25,B2,339,überlegen,,,"to consider, to think about, to reflect, to lay over","considérer, penser à, réfléchir, recouvrir, poser par-dessus",2. prefix,über,A2,legen,"to lay, to lean, to lie down","poser, se pencher, s'allonger",,,,
25,B2,340,unternehmen,,,"to undertake, to attempt, to take action","entreprendre, tenter, agir",2. prefix,unter,A1,nehmen,"to take, to cause oneself to be (in some state)","prendre, se mettre (dans un état)","to add the meaning of <i>under</i>, to translate the prefix <i>sub-</i> → unter",,,
25,B2,342,vertreten,,,"to represent, to advocate, to stand in for","représenter, défendre, se substituer",2. prefix,ver,B2,treten,"to step, to kick, to enter","marcher, donner un coup de pied, entrer",,,,
25,B2,345,durchführen,,,"to carry out, to conduct, to implement","réaliser, mener, mettre en œuvre",2. prefix,durch,A2,führen,"to lead, to guide","guider, conduire",to add the meaning of <i>through</i> → durch,,,
25,B2,347,untersuchen,,,"to investigate, to examine, to analyze","enquêter, examiner, analyser",2. prefix,unter,A1,suchen,"to seek, to search","chercher, rechercher",,,,
25,B2,348,verraten,,,"to betray, to reveal","trahir, révéler",2. prefix,ver,B1,raten,"to advise, to recommend, to guess","conseiller, recommander, deviner",,,,
25,B2,349,entstehen,,,"to arise, to develop, to come into being","surgir, se développer, naître",2. prefix,ent,A1,stehen,"to stand, to be, to appear","être debout, apparaître",,,,
25,B2,350,abgeben,,,"to submit, to hand in, to deliver","soumettre, remettre, livrer",2. prefix,ab,A1,geben,to give,donner,"to add the meaning of <i>off</i>, <i>away</i> → ab",,,
25,B2,356,ablehnen,,,"to refuse, to reject, to decline","refuser, rejeter, décliner",2. prefix,ab,C2,lehnen,to lean,se pencher,,,,
25,B2,357,einsetzen,,,"to use, to apply, to deploy, to insert","utiliser, appliquer, déployer, insérer",2. prefix,ein,A2,setzen,"to set, to sit down (refl.)",s'asseoir (réfl.),"to add the meaning of <i>in</i>, <i>into</i> → ein",,,
25,B2,361,auswählen,,,"to choose, to select","choisir, sélectionner",2. prefix,aus,A2,wählen,"to choose, to dial (a number), to vote","choisir, composer (un numéro), voter","to add the meaning of ""out"", to extend, to complete → aus",,,
25,B2,372,behandeln,,,"to treat, to handle, to deal with","traiter, manipuler, faire face à",2. prefix,be,B1,handeln,"to act, to deal, to trade, to negotiate","agir, traiter, commercer, négocier",,,,
25,B2,373,ansehen,,,"to look at something, to watch something","regarder quelque chose, observer quelque chose",2. prefix,an,A1,sehen,"to see, to realise","voir, se rendre compte",to add intensity to a reference point → an,,,
26,B2,374,mitteilen,,,"to inform, to notify, to communicate","informer, notifier, communiquer",2. prefix,mit,A2,teilen,"to split, to share, to divide","diviser, partager","to add the meaning of <i>along</i>, <i>with</i> → mit",,,
26,B2,375,erstellen,,,"to create, to prepare, to compile","créer, préparer, compiler",2. prefix,er,A2,stellen,"to position, to put, to catch","positionner, mettre",,,,
26,B2,377,bedienen,,,"to serve, to operate, to use","servir, opérer, utiliser",2. prefix,be,B1,dienen,"to serve, to function","servir, fonctionner",to make an intransitive verb transitive → be,,,
26,B2,380,zuhören,,,to listen to someone (with dative),écouter quelqu'un,2. prefix,zu,A1,hören,"to hear, to listen to","entendre, écouter",,,,
26,B2,383,übertragen,,,"to transfer, to transmit, to broadcast","transférer, transmettre, diffuser",2. prefix,über,A1,tragen,"to wear (clothing), to carry, to hold","porter (des vêtements), transporter, tenir",to translate the prefix <i>trans-</i> → über,,,
26,B2,384,verteilen,,,"to distribute, to allocate, to hand out","distribuer, attribuer",2. prefix,ver,A2,teilen,"to split, to share, to divide","diviser, partager",,,,
26,B2,387,zunehmen,,,"to increase, to gain (weight), to rise","augmenter, prendre (du poids), s'élever",2. prefix,zu,A1,nehmen,"to take, to cause oneself to be (in some state)","prendre, se mettre (dans un état)",,,,
26,B2,388,entsprechen,,,"to correspond, to match, to comply with","correspondre, égaler, se conformer à",2. prefix,ent,A1,sprechen,to speak,parler (une langue),,,,
26,B2,389,mitmachen,,,"to participate, to join in, to go along","participer, se joindre à, accompagner",2. prefix,mit,A1,machen,"to make, to prepare, to do","faire, préparer","to add the meaning of <i>along</i>, <i>with</i> → mit",,,
26,B2,391,erfüllen,,,"to fulfill, to satisfy, to carry out","accomplir, satisfaire, réaliser",2. prefix,er,B2,füllen,"to fill, to stuff","remplir, farcir",,,,
26,B2,405,erfolgen,,,"to occur, to take place","se produire, avoir lieu",2. prefix,er,A2,folgen,to follow,suivre,,,,
26,B2,409,begründen,,,"to justify, to explain, to establish","justifier, expliquer, établir",2. prefix,be,B2,gründen,"to found, to establish, to start","fonder, établir, démarrer",,,,
26,B2,411,festlegen,,,"to define, to determine, to set","définir, déterminer, établir",2. prefix,fest,A2,legen,"to lay, to lean, to lie down","poser, se pencher, s'allonger",,,,
26,B2,414,ausfüllen,,,"to complete, to fill in, to fill out","compléter, remplir",2. prefix,aus,B2,füllen,"to fill, to stuff","remplir, farcir","to add the meaning of ""out"", to extend, to complete → aus",,,
26,B2,417,einziehen,,,"to move in, to penetrate, to infiltrate","s'introduire, pénétrer, s'infiltrer",2. prefix,ein,A1,ziehen,"to pull, to drag, to move","tirer, traîner, déplacer","to add the meaning of <i>in</i>, <i>into</i> → ein",,,
26,B2,420,eingehen,,,"to shrink (textile), to wither, to die (plants, animals), to assume something","rétrécir (textile), se faner, mourir (plantes, animaux), prendre quelque chose",2. prefix,ein,A1,gehen,"to go, to leave, to work, to function (coll.), to be going (Dat.), to be all right (Dat.)","aller, partir, fonctionner (familier)",,,,
26,B2,430,nachdenken,,,"to think about, to reflect, to ponder","penser à, réfléchir, méditer",2. prefix,nach,A1,denken,"to think, to consider","penser, considérer",to indicate a purposeful action → nach,,,
26,B2,432,einrichten,,,"to set up, to furnish, to arrange","installer, meubler, aménager",2. prefix,ein,B2,richten,"to direct, to adjust, to focus, to judge","diriger, ajuster, focaliser, juger",,,,
26,B2,435,beachten,,,"to notice, to pay attention to, to observe","remarquer, prêter attention à, observer",2. prefix,be,B1,achten,"to respect, to pay attention to, to heed","respecter, prêter attention à",to make an intransitive verb transitive → be,,,
26,B2,438,anzeigen,,,"to report, to indicate, to display","signaler, indiquer, afficher",2. prefix,an,A1,zeigen,"to show, to point at, to demonstrate","montrer, pointer du doigt, démontrer","to add the meaning of <i>on</i>, of a contact → an",,,
26,B2,442,eröffnen,,,"to open, to inaugurate","ouvrir, inaugurer",2. prefix,er,A1,öffnen,to open,ouvrir,,,,
27,B2,451,abnehmen,,,"to decrease, to lose weight, to remove","diminuer, perdre du poids, éliminer",2. prefix,ab,A1,nehmen,"to take, to cause oneself to be (in some state)","prendre, se mettre (dans un état)","to add the meaning of <i>off</i>, <i>away</i> → ab",,,
27,B2,452,beweisen,,,"to prove, to demonstrate","prouver, démontrer",2. prefix,be,B2,weisen,"to point, to direct, to indicate","pointer, diriger, indiquer",,,,
27,B2,454,erscheinen,,,"to appear, to be published, to seem","apparaître, être publié, sembler",2. prefix,er,A2,scheinen,"to shine, to seem (formal)","briller, paraître (formel)",,,,
27,B2,457,beschließen,,,"to decide, to resolve","décider, résoudre",2. prefix,be,A1,schließen,"to shut, to close, to lock, to conclude","fermer, clore, verrouiller, conclure",to work on or change the state of an object → be,,,
27,B2,458,bearbeiten,,,"to edit, to process, to work on","éditer, traiter, travailler sur",2. prefix,be,A1,arbeiten,to work,travailler,to work on or change the state of an object → be,,,
27,B2,459,hinweisen,,,"to indicate, to point out, to refer","indiquer, faire remarquer, se référer",2. prefix,hin,B2,weisen,"to point, to direct, to indicate","pointer, diriger, indiquer",,,,
27,B2,462,zulassen,,,"to allow, to permit, to license","permettre, autoriser, autoriser",2. prefix,zu,A2,lassen,"to let, to leave, to allow","laisser, quitter, permettre",,,,
27,B2,465,belegen,,,"to prove, to occupy, to substantiate","prouver, occuper, étayer",2. prefix,be,A2,legen,"to lay, to lean, to lie down","poser, se pencher, s'allonger",to work on or change the state of an object → be,,,
27,B2,466,auftreten,,,"to appear, to occur, to perform","apparaître, se produire, accomplir",2. prefix,auf,B2,treten,"to step, to kick, to enter","marcher, donner un coup de pied, entrer",,,,
27,B2,467,angeben,,,"to state, to declare, to show off, to brag","déclarer, affirmer, se vanter",2. prefix,an,A1,geben,to give,donner,,,,
27,B2,469,errichten,,,"to build, to erect, to establish","construire, ériger, établir",2. prefix,er,B2,richten,"to direct, to adjust, to focus, to judge","diriger, ajuster, focaliser, juger",,,,
27,B2,470,ausrichten,,,"to align, to arrange, to organize","aligner, arranger, organiser",2. prefix,aus,B2,richten,"to direct, to adjust, to focus, to judge","diriger, ajuster, focaliser, juger","to add the meaning of ""out"", to extend, to complete → aus",,,
27,B2,473,unterstreichen,,,"to underline, to emphasize, to highlight","souligner, mettre en valeur, mettre en valeur",2. prefix,unter,B2,streichen,"to stroke, to cancel, to spread, to rub, to paint","caresser, annuler, étaler, frotter, peindre","to add the meaning of <i>under</i>, to translate the prefix <i>sub-</i> → unter",,,
27,B2,476,erzielen,,,"to achieve, to obtain, to reach","atteindre, obtenir, parvenir",2. prefix,er,C1,zielen,"to aim, to target, to focus on","viser, cibler, se concentrer sur",,,,
27,B2,482,beitragen,,,to contribute,contribuer,2. prefix,bei,A1,tragen,"to wear (clothing), to carry, to hold","porter (des vêtements), transporter, tenir",to add the meaning of <i>co</i> → bei,,,
27,B2,483,berechnen,,,"to calculate, to charge","calculer, facturer",2. prefix,be,B1,rechnen,"to calculate, to expect, to count on","calculer, s'attendre à, compter sur",,,,
27,B2,486,bezeichnen,,,"to designate, to label, to describe","désigner, étiqueter, décrire",2. prefix,be,A2,zeichnen,"to draw, to sketch","dessiner, esquisser",to discuss or mention an object → be,,,
27,B2,489,umgehen,,,"to handle, to deal with, to avoid","gérer, faire face à, éviter",2. prefix,um,A1,gehen,"to go, to leave, to work, to function (coll.), to be going (Dat.), to be all right (Dat.)","aller, partir, fonctionner (familier)",to add the meaning of <i>around</i> → um,,,
27,B2,490,anpassen,,,"to adapt, to adjust","s'adapter, ajuster",2. prefix,an,A2,passen,"to fit, to suit","s'adapter, convenir",,,,
27,B2,491,unterscheiden,,,"to distinguish, to differentiate","distinguer, différencier",2. prefix,unter,B2,scheiden,"to separate, to divorce, to part","se séparer, divorcer",,,,
27,B2,492,verfolgen,,,"to pursue, to track, to follow, to prosecute","poursuivre, pister, suivre",2. prefix,ver,A2,folgen,to follow,suivre,,,,
28,B2,493,anschließen,,,"to join, to attach, to affiliate, to connect","rejoindre, attacher, s'affilier, se connecter",2. prefix,an,A1,schließen,"to shut, to close, to lock, to conclude","fermer, clore, verrouiller, conclure","to add the meaning of <i>on</i>, of a contact → an",,,
28,B2,495,betreffen,,,"to concern, to affect","concerner, affecter",2. prefix,be,A1,treffen,"to meet (refl.), to encounter (refl.), to hit, to affect","rencontrer (refl.), se rencontrer (refl.), heurter, frapper",,,,
28,B2,496,vorkommen,,,"to occur, to happen, to advance","se produire, arriver, progresser",2. prefix,vor,A1,kommen,"to come, to make it (e.g. over something), to go to, to occur","venir, aller à, se produire",to add the meaning of <i>forward</i> → vor,,,
28,B2,498,zusammenarbeiten,,,"to cooperate, to collaborate","coopérer, collaborer",2. prefix,zusammen,A1,arbeiten,to work,travailler,"to add the meaning of <i>co</i>, <i>together</i> → zusammen",,,
28,B2,499,hochladen,,,to upload,"uploader, télécharger",2. prefix,hoch,B1,laden,"to load, to charge, to invite","charger, inviter",,,,
28,B2,500,abmelden,,,"to deregister, to unsubscribe, to log out","se désinscrire, se désabonner, se déconnecter",2. prefix,ab,A2,melden,"to report, to register","signaler, enregistrer",,,,
28,B2,502,bedanken,,,to thank,remercier,2. prefix,be,A2,danken,to thank,remercier,,,,
28,B2,503,verlaufen,,,"to proceed, to pass, to go (in a certain way)","procéder, passer, aller (d'une certaine manière)",2. prefix,ver,A1,laufen,"to walk, to flow (of a fluid), to run (of an event)","marcher, couler (un fluide), se dérouler (un événement)",,,,
28,B2,505,eingeben,,,"to enter, to input, to give, to supply","entrer, saisir, donner, fournir",2. prefix,ein,A1,geben,to give,donner,"to add the meaning of <i>in</i>, <i>into</i> → ein",,,
28,B2,507,umtauschen,,,"to convert, to exchange (currency)","convertir, échanger (monnaie)",2. prefix,um,C1,tauschen,"to swap, to trade, to exchange","échanger, troquer, échanger",,,,
28,B2,510,nachfragen,,,"to ask, to inquire, to demand","demander, s'enquérir, exiger",2. prefix,nach,A1,fragen,"to ask, to wonder (refl.)","demander, se demander (réfl.)",to indicate a purposeful action → nach,,,
28,B2,515,aufmachen,,,"to open (coll.), to head or move off (refl.), to undo something","ouvrir (familier), se diriger ou s'éloigner (réfl.), défaire quelque chose",2. prefix,auf,A1,machen,"to make, to prepare, to do","faire, préparer",,,,
28,B2,517,verleihen,,,"to award, to grant, to lend","attribuer, accorder, prêter",2. prefix,ver,B1,leihen,"to lend, to borrow","prêter, emprunter",,,,
28,B2,520,einschalten,,,"to switch on, to intervene, to turn on","allumer, intervenir",2. prefix,ein,B2,schalten,"to switch, to shift gears, to turn on, to turn off","changer, changer de vitesse, allumer, éteindre",,,,
28,B2,524,austauschen,,,"to exchange, to replace, to swap","échanger, remplacer, permuter",2. prefix,aus,C1,tauschen,"to swap, to trade, to exchange","échanger, troquer, échanger","to add the meaning of ""out"", to extend, to complete → aus",,,
28,B2,525,zusammenfassen,,,"to summarize, to condense, to abstract","résumer, condenser, abstraire",2. prefix,zusammen,B2,fassen,"to grasp, to seize, to capture, to comprehend","saisir, capturer, comprendre","to add the meaning of <i>co</i>, <i>together</i> → zusammen",,,
28,B2,530,abfahren,,,"to depart, to leave","partir, quitter",2. prefix,ab,A1,fahren,"to go (by vehicle), to leave, to drive","aller (en véhicule), partir, conduire","to add the meaning of <i>off</i>, <i>away</i> → ab",,,
28,B2,536,zubereiten,,,"to prepare (food), to cook","préparer (de la nourriture), cuisiner",2. prefix,zu,C1,bereiten,"to prepare, to cause","préparer, provoquer",,,,
28,B2,538,sich verhalten,,,"to behave (refl.), to act (refl.), to press (coll.)","se comporter (réfl.), agir (réfl.), faire pression (familier)",2. prefix,ver,A1,halten,"to hold, to stop (a movement), to support, to keep","tenir, arrêter (un mouvement), soutenir, garder",,,,
28,B2,539,überweisen,,,"to transfer (money), to refer (a patient)","transférer (de l'argent), référer (un patient)",2. prefix,über,B2,weisen,"to point, to direct, to indicate","pointer, diriger, indiquer",to translate the prefix <i>trans-</i> → über,,,
29,B2,541,ansprechen,,,"to address, to speak to, to appeal to","s'adresser à, parler à, faire appel à",2. prefix,an,A1,sprechen,to speak,parler (une langue),to add intensity to a reference point → an,,,
29,B2,543,zurückgehen,,,"to go back, to decrease, to decline","revenir en arrière, diminuer, décliner",2. prefix,zurück,A1,gehen,"to go, to leave, to work, to function (coll.), to be going (Dat.), to be all right (Dat.)","aller, partir, fonctionner (familier)",to add the meaning of <i>back</i> → zurück,,,
29,B2,554,ankündigen,,,"to announce, to declare","annoncer, déclarer",2. prefix,an,B2,kündigen,"to resign, to quit, to terminate, to cancel","démissionner, quitter, mettre fin à, annuler",,,,
29,B2,556,verabreden,,,"to arrange, to make an appointment","prendre rendez-vous, convenir d'un rendez-vous",2. prefix,verab,A1,reden,to talk,"parler, discuter",,,,
29,B2,557,unterbrechen,,,"to interrupt, to suspend","interrompre, suspendre",2. prefix,unter,A2,brechen,to break,"casser, briser",,,,
29,B2,559,verschreiben,,,"to prescribe, to commit oneself to, to misspell by accident","prescrire, s'engager à, faire une faute d'orthographe par accident",2. prefix,ver,A1,schreiben,to write,écrire,,,,
29,B2,560,hingehen,,,"to go (there), (of time) to pass","aller (là-bas), passer (le temps)",2. prefix,hin,A1,gehen,"to go, to leave, to work, to function (coll.), to be going (Dat.), to be all right (Dat.)","aller, partir, fonctionner (familier)",,,,
29,B2,561,weggehen,,,"to go away, to leave","s'en aller, quitter",2. prefix,weg,A1,gehen,"to go, to leave, to work, to function (coll.), to be going (Dat.), to be all right (Dat.)","aller, partir, fonctionner (familier)",,,,
29,B2,562,abheben,,,"to withdraw (money), to take off (aircraft)","retirer (de l'argent), décoller (un avion)",2. prefix,ab,B1,heben,"to lift, to raise","soulever, élever","to add the meaning of <i>off</i>, <i>away</i> → ab",,,
29,B2,566,entlassen,,,"to dismiss, to fire, to release","congédier, licencier, libérer",2. prefix,ent,A2,lassen,"to let, to leave, to allow","laisser, quitter, permettre",,,,
29,B2,568,einfügen,,,"to insert, to infix, to conform","insérer, infixer, se conformer",2. prefix,ein,C1,fügen,"to acquiesce, to comply, to fit together","acquiescer, se conformer, s'adapter","to add the meaning of <i>in</i>, <i>into</i> → ein",,,
29,B2,569,zusagen,,,"to promise, to accept, to agree","promettre, accepter, convenir",2. prefix,zu,A1,sagen,"to say, to tell","dire, raconter",,,,
29,B2,571,erheben,,,"to raise, to collect, to levy","lever, collecter, prélever",2. prefix,er,B1,heben,"to lift, to raise","soulever, élever",,,,
29,B2,572,ausreichen,,,"to suffice, to be sufficient, to be adequate","suffire, être suffisant, être adéquat",2. prefix,aus,B2,reichen,"to reach, to hand, to be enough","atteindre, mettre la main, être suffisant","to add the meaning of ""out"", to extend, to complete → aus",,,
29,B2,576,auffallen,,,"to stand out, to catch someone's eye (with dative)","se démarquer, attirer l'attention (avec le datif)",2. prefix,auf,B1,fallen,"to fall, to fall in battle, to collapse","tomber, tomber au combat, s'effondrer",,,,
29,B2,581,einschlafen,,,to fall asleep,s'endormir,2. prefix,ein,A1,schlafen,to sleep,dormir,"to add the meaning of <i>in</i>, <i>into</i> → ein",,,
29,B2,583,anklicken,,,"to click, to click on, to press","cliquer, cliquer sur, appuyer",2. prefix,an,B2,klicken,to click,cliquer,,,,
29,B2,587,vergeben,,,"to forgive, to award, to assign","pardonner, récompenser, attribuer",2. prefix,ver,A1,geben,to give,donner,equivalent of english <i>for</i> → ver,,,
29,B2,588,verhandeln,,,"to negotiate, to bargain, to discuss","négocier, discuter",2. prefix,ver,B1,handeln,"to act, to deal, to trade, to negotiate","agir, traiter, commercer, négocier",,,,
29,B2,592,widersprechen,,,"to contradict, to disagree","contredire, être en désaccord",2. prefix,wider,A1,sprechen,to speak,parler (une langue),,,,
30,B2,594,losgehen,,,"to leave, to go off, to advance","partir, s'en aller, avancer",2. prefix,los,A1,gehen,"to go, to leave, to work, to function (coll.), to be going (Dat.), to be all right (Dat.)","aller, partir, fonctionner (familier)",,,,
30,B2,597,ausfallen,,,"to fail, to be canceled, to malfunction","échouer, être annulé, dysfonctionner",2. prefix,aus,B1,fallen,"to fall, to fall in battle, to collapse","tomber, tomber au combat, s'effondrer",,,,
30,B2,599,aufgeben,,,"to give up on, to give up (refl.), to abandon","renoncer à, abandonner (réfl.),",2. prefix,auf,A1,geben,to give,donner,to add the meaning of <i>up</i> → auf,,,
30,B2,603,vorlesen,,,"to read aloud, to read out",lire à haute voix,2. prefix,vor,A1,lesen,to read,lire,"to indicate that something is <i>in front</i>, a performance → vor",,,
30,B2,604,zugeben,,,"to admit, to confess, to add","admettre, confesser, ajouter",2. prefix,zu,A1,geben,to give,donner,,,,
30,B2,605,hinzufügen,,,to add,ajouter,2. prefix,hinzu,C1,fügen,"to acquiesce, to comply, to fit together","acquiescer, se conformer, s'adapter",,,,
30,B2,608,ausschließen,,,"to exclude, to eliminate","exclure, éliminer",2. prefix,aus,A1,schließen,"to shut, to close, to lock, to conclude","fermer, clore, verrouiller, conclure",,,,
30,B2,615,anprobieren,,,"to try on, to fit, to fit on","essayer, ajuster, s'adapter à",2. prefix,an,B1,probieren,"to try, to taste, to sample, to probe","essayer, goûter, échantillonner, sonder","to add the meaning of <i>on</i>, of a contact → an",,,
30,B2,619,abstimmen,,,"to coordinate, to vote, to adjust","coordonner, voter, ajuster",2. prefix,ab,B1,stimmen,"to be true, to vote, to tune","être vrai, voter, s'accorder",,,,
30,B2,621,weitermachen,,,"to go on, to keep going, to continue to do something","continuer, continuer à faire quelque chose",2. prefix,weiter,A1,machen,"to make, to prepare, to do","faire, préparer",,,,
30,B2,623,anschauen,,,"to look at, to behold, to take a look at, to watch (Bayern and Austria)","regarder, contempler, jeter un coup d'œil à, observer (Bayern et Autriche)",2. prefix,an,A2,schauen,to look at (Bayern and Austria),regarder (Bayern et Autriche),to add intensity to a reference point → an,,,
30,B2,626,angreifen,,,to attack,attaquer,2. prefix,an,B1,greifen,"to grab, to grasp, to seize","saisir, s'emparer","to add the meaning of <i>on</i>, of a contact → an",,,
30,B2,627,beeindrucken,,,to impress,impressionner,2. prefix,beein,B2,drucken,to print,imprimer,,,,
30,B2,629,einpacken,,,"to pack in, to pack, to wrap, to wrap up","emballer, conclure",2. prefix,ein,B2,packen,"to pack, to grab, to manage","emballer, saisir, gérer","to add the meaning of <i>in</i>, <i>into</i> → ein",,,
30,B2,630,auspacken,,,"to unpack, to unwrap, to blow the whistle on","déballer, dénoncer",2. prefix,aus,B2,packen,"to pack, to grab, to manage","emballer, saisir, gérer",,,,
30,B2,631,ausdrücken,,,"to express, to articulate, to convey, to embody","exprimer, articuler, transmettre, incarner",2. prefix,aus,B1,drücken,"to press, to push","appuyer, pousser",,,,
30,B2,633,aufwachsen,,,"to grow up, to be raised","grandir, être élevé",2. prefix,auf,B1,wachsen,"to grow, to increase","grandir, augmenter",to add the meaning of <i>up</i> → auf,,,
30,B2,635,entnehmen,,,"to extract, to gather from, to remove","retirer, tirer, déduire",2. prefix,ent,A1,nehmen,"to take, to cause oneself to be (in some state)","prendre, se mettre (dans un état)",,,,
30,B2,636,überleben,,,to survive,survivre,2. prefix,über,A1,leben,to live,vivre,"to add the meaning of <i>over</i>, to translate the prefix <i>sur</i> → über",,,
30,B2,640,bemerken,,,"to notice, to observe, to remark","remarquer, observer",2. prefix,be,A2,merken,"to notice, to realise, to remember (refl.)","remarquer, se rendre compte, se souvenir (réfl.)",,,,
70,C1,643,aussuchen,,,"to select, to choose, to pick","sélectionner, choisir, cueillir",2. prefix,aus,A1,suchen,"to seek, to search","chercher, rechercher",,,,
70,C1,644,vorgehen,,,"to proceed, to advance, to go ahead","procéder, avancer, aller de l'avant",2. prefix,vor,A1,gehen,"to go, to leave, to work, to function (coll.), to be going (Dat.), to be all right (Dat.)","aller, partir, fonctionner (familier)",to add the meaning of <i>forward</i> → vor,,,
70,C1,645,ausmachen,,,"to arrange, to constitute, to represent, to settle","organiser, constituer, représenter, régler",2. prefix,aus,A1,machen,"to make, to prepare, to do","faire, préparer","to add the meaning of ""out"", to extend, to complete → aus",,,
70,C1,646,ausführen,,,"to carry out, to execute, to perform","réaliser, exécuter, accomplir",2. prefix,aus,A2,führen,"to lead, to guide","guider, conduire","to add the meaning of ""out"", to extend, to complete → aus",,,
70,C1,647,betreiben,,,"to operate, to run, to conduct","opérer, diriger, conduire",2. prefix,be,B1,treiben,"to practice (sport), to propel, to put forth, to urge (figuratively), to fuck, to float, to sprout, to get up to","pratiquer (sport), propulser, mettre en avant, pousser (au sens figuré), baiser, flotter, germer, se lever",,,,
70,C1,648,ergeben,,,"to result in, to yield, to surrender","aboutir à, céder, se rendre",2. prefix,er,A1,geben,to give,donner,,,,
70,C1,650,umsetzen,,,"to implement, to apply, to put into practice","mettre en œuvre, appliquer, mettre en pratique",2. prefix,um,A2,setzen,"to set, to sit down (refl.)",s'asseoir (réfl.),,,,
70,C1,651,vornehmen,,,"to undertake, to carry out","entreprendre, réaliser",2. prefix,vor,A1,nehmen,"to take, to cause oneself to be (in some state)","prendre, se mettre (dans un état)",to add the meaning of <i>forward</i> → vor,,,
70,C1,656,gewährleisten,,,"to ensure, to guarantee","assurer, garantir",2. prefix,gewähr,B2,leisten,"to achieve, to perform, to provide","réaliser, réaliser, fournir",,,,
70,C1,657,zuordnen,,,"to assign, to allocate","attribuer, allouer",2. prefix,zu,B2,ordnen,"to arrange, to organize, to classify","arranger, organiser, classer",,,,
70,C1,659,einführen,,,"to introduce, to implement, to import","introduire, mettre en œuvre, importer",2. prefix,ein,A2,führen,"to lead, to guide","guider, conduire","to add the meaning of <i>in</i>, <i>into</i> → ein",,,
70,C1,660,anerkennen,,,"to recognize, to acknowledge, to approve","reconnaître, admettre, approuver",2. prefix,an,B1,erkennen,"to recognize, to realise","reconnaître, réaliser",to add intensity to a reference point → an,,,
70,C1,661,ausstellen,,,"to exhibit, to display","exposer, montrer",2. prefix,aus,A2,stellen,"to position, to put, to catch","positionner, mettre",,,,
70,C1,662,ausdrucken,,,"to print, to print out, to print off",imprimer,2. prefix,aus,B2,drucken,to print,imprimer,,,,
70,C1,663,versehen,,,"to provide, to equip, to supply","fournir, équiper, approvisionner",2. prefix,ver,A1,sehen,"to see, to realise","voir, se rendre compte",,,,
70,C1,664,anlegen,,,"to create, to invest","créer, investir",2. prefix,an,A2,legen,"to lay, to lean, to lie down","poser, se pencher, s'allonger","to indicate the action is partial, beginning → an",,,
70,C1,665,betragen,,,"to amount to, to come to","s'élever à, arriver à",2. prefix,be,A1,tragen,"to wear (clothing), to carry, to hold","porter (des vêtements), transporter, tenir",,,,
70,C1,667,umfassen,,,"to include, to comprise","inclure, comprendre",2. prefix,um,B2,fassen,"to grasp, to seize, to capture, to comprehend","saisir, capturer, comprendre",,,,
70,C1,668,beziehen,,,"to refer, to relate, to obtain, to cover, to move into","se référer, obtenir",2. prefix,be,A1,ziehen,"to pull, to drag, to move","tirer, traîner, déplacer",,,,
70,C1,670,versorgen,,,"to supply, to provide for, to take care of","fournir, pourvoir à, prendre soin de",2. prefix,ver,A2,sorgen,"to care, to worry","se soucier, s'inquiéter",,,,
71,C1,672,ergreifen,,,"to seize, to grasp, to take hold of","saisir, s'emparer de",2. prefix,er,B1,greifen,"to grab, to grasp, to seize","saisir, s'emparer",,,,
71,C1,673,einnehmen,,,"to capture, to earn, to ingest","capturer, gagner, ingérer",2. prefix,ein,A1,nehmen,"to take, to cause oneself to be (in some state)","prendre, se mettre (dans un état)","to add the meaning of <i>in</i>, <i>into</i> → ein",,,
71,C1,675,verarbeiten,,,"to process, to handle, to work through","traiter, manipuler, travailler",2. prefix,ver,A1,arbeiten,to work,travailler,,,,
71,C1,676,aufbauen,,,"to build, to establish, to develop","construire, établir, développer",2. prefix,auf,A2,bauen,to build,construire,to add the meaning of <i>up</i> → auf,,,
71,C1,678,erfordern,,,"to require, to demand, to necessitate","exiger, nécessiter",2. prefix,er,B2,fordern,"to demand, to require, to call for","exiger, requérir, réclamer",,,,
71,C1,682,einhalten,,,"to observe, to adhere, to comply","observer, adhérer, se conformer",2. prefix,ein,A1,halten,"to hold, to stop (a movement), to support, to keep","tenir, arrêter (un mouvement), soutenir, garder",,,,
71,C1,683,ausprobieren,,,"to test, to try, to check out","tester, essayer, vérifier",2. prefix,aus,B1,probieren,"to try, to taste, to sample, to probe","essayer, goûter, échantillonner, sonder",,,,
71,C1,684,weitergeben,,,"to pass on, to impart, to relay","transmettre, relayer",2. prefix,weiter,A1,geben,to give,donner,,,,
71,C1,687,einbauen,,,"to install, to build in, to build into","installer, monter, intégrer, insérer",2. prefix,ein,A2,bauen,to build,construire,"to add the meaning of <i>in</i>, <i>into</i> → ein",,,
71,C1,688,aufrufen,,,"to call up, to call, to call for, to invite","appeler, solliciter, inviter",2. prefix,auf,B1,rufen,"to call, to shout, to summon","appeler, crier, convoquer",,,,
71,C1,690,aufheben,,,"to abolish, to lift, to pick up, to keep","abolir, lever, ramasser, garder",2. prefix,auf,B1,heben,"to lift, to raise","soulever, élever",to add the meaning of <i>up</i> → auf,,,
71,C1,693,hinterlassen,,,"to leave behind, to bequeath","laisser derrière soi, léguer",2. prefix,hinter,A2,lassen,"to let, to leave, to allow","laisser, quitter, permettre",to add the meaning of <i>behind</i> → hinter,,,
71,C1,694,aufstellen,,,"to set up, to establish","mettre en place, établir",2. prefix,auf,A2,stellen,"to position, to put, to catch","positionner, mettre",to add the meaning of <i>up</i> → auf,,,
71,C1,696,anhaben,,,"to have on, to wear, to harm, to damage","porter, arborer, avoir, posséder",2. prefix,an,A1,haben,"to have, to contain","avoir, contenir","to add the meaning of <i>on</i>, of a contact → an",,,
71,C1,698,sich beeilen,,,"to hurry, to hasten, to rush (refl.)","se dépêcher, se hâter, se précipiter (réfl.)",2. prefix,be,C1,eilen,"to hurry, to rush, to be urgent, to haste","se dépêcher, se hâter, être urgent",,,,
71,C1,699,abbrechen,,,"to cancel, to break off, to interrupt","annuler, interrompre, rompre",2. prefix,ab,A2,brechen,to break,"casser, briser","to add the meaning of <i>off</i>, <i>away</i> → ab",,,
71,C1,700,zerschlagen,,,"to break, to crush, to defeat, to shatter","briser, écraser, vaincre, anéantir",2. prefix,zer,B1,schlagen,"to hit, to beat, to strike, to defeat","frapper, battre, vaincre",,,,
71,C1,704,bewirken,,,"to bring about, to cause, to effect","provoquer, causer, effectuer",2. prefix,be,B1,wirken,"to have an effect, to work","avoir un effet, functionner",to make an intransitive verb transitive → be,,,
71,C1,706,unterliegen,,,"to be subject to, to undergo","être soumis à, subir",2. prefix,unter,A2,liegen,"to lie, to be located","être allongé, être localisé","to add the meaning of <i>under</i>, to translate the prefix <i>sub-</i> → unter",,,
71,C1,709,gebrauchen,,,"to use, to make use of","utiliser, faire usage de",2. prefix,ge,A1,brauchen,to need,avoir besoin,,,,
72,C1,711,aussprechen,,,"to pronounce, to express, to speak out","prononcer, exprimer, s'exprimer",2. prefix,aus,A1,sprechen,to speak,parler (une langue),,,,
72,C1,712,entwerfen,,,"to design, to draft, to sketch","concevoir, ébaucher, esquisser",2. prefix,ent,A2,werfen,to throw,"jeter, lancer",,,,
72,C1,713,eintragen,,,"to register, to enter, to record, to enrol","inscrire, entrer, enregistrer, inscrire",2. prefix,ein,A1,tragen,"to wear (clothing), to carry, to hold","porter (des vêtements), transporter, tenir","to add the meaning of <i>in</i>, <i>into</i> → ein",,,
72,C1,715,zurückkehren,,,to return,revenir,2. prefix,zurück,C1,kehren,"to sweep, to return","retourner, balayer",to add the meaning of <i>back</i> → zurück,,,
72,C1,716,verwechseln,,,"to mix up, to confuse, to mistake for",confondre,2. prefix,ver,B1,wechseln,"to change, to switch, to exchange","changer, échanger",,,,
72,C1,718,verpacken,,,"to pack, to wrap, to package","emballer, envelopper, conditionner",2. prefix,ver,B2,packen,"to pack, to grab, to manage","emballer, saisir, gérer",,,,
72,C1,719,versichern,,,"to assure, to insure, to cover","assurer, couvrir",2. prefix,ver,B1,sichern,"to secure, to safeguard, to back up","sécuriser, sauvegarder",,,,
72,C1,721,bereitstellen,,,"to make available, to provide, to supply","mettre à disposition, fournir, approvisionner",2. prefix,bereit,A2,stellen,"to position, to put, to catch","positionner, mettre",,,,
72,C1,722,umdrehen,,,to turn around,faire demi-tour,2. prefix,um,B2,drehen,"to turn, to veer","tourner, dévier",to add the meaning of <i>around</i> → um,,,
72,C1,723,einfallen,,,"to invade, to collapse, to come to mind","envahir, s'effondrer, venir à l'esprit",2. prefix,ein,B1,fallen,"to fall, to fall in battle, to collapse","tomber, tomber au combat, s'effondrer",,,,
72,C1,726,abstellen,,,"to put down, to assign, to set down, to shut down","poser, assigner, mettre en place, fermer",2. prefix,ab,A2,stellen,"to position, to put, to catch","positionner, mettre",,,,
72,C1,731,vermieten,,,"to lease, to let, to rent to","louer, donner en location à",2. prefix,ver,A2,mieten,"to rent, to hire","louer, embaucher",,,,
72,C1,733,vorliegen,,,"to exist, to be available","exister, être disponible",2. prefix,vor,A2,liegen,"to lie, to be located","être allongé, être localisé","to add the meaning of <i>pre-</i>, that something is <i>before</i>, <i>in advance</i> → vor",,,
72,C1,735,erwerben,,,"to acquire, to purchase, to gain","acquérir, acheter, gagner",2. prefix,er,B2,werben,"to advertise, to recruit","faire de la publicité, recruter",,,,
72,C1,737,bereiten,,,"to prepare, to cause","préparer, provoquer",2. prefix,be,B2,reiten,to ride (a horse),monter à cheval,,,,
72,C1,739,verreisen,,,"to go away, to travel, to go on a trip","partir, voyager, faire un voyage",2. prefix,ver,A1,reisen,to travel,voyager,,,,
72,C1,744,vorlegen,,,"to present, to submit, to bring forward","présenter, soumettre, avancer",2. prefix,vor,A2,legen,"to lay, to lean, to lie down","poser, se pencher, s'allonger","to indicate that something is <i>in front</i>, a performance → vor",,,
72,C1,748,einleiten,,,"to introduce, to initiate, to commence","introduire, initier, commencer",2. prefix,ein,B2,leiten,"to lead, to manage, to conduct","diriger, gérer, conduire","to add the meaning of <i>in</i>, <i>into</i> → ein",,,
72,C1,749,durchsetzen,,,"to enforce, to assert","faire respecter, affirmer",2. prefix,durch,A2,setzen,"to set, to sit down (refl.)",s'asseoir (réfl.),to add the meaning of <i>through</i> → durch,,,
72,C1,750,nachweisen,,,"to prove, to account for, to demonstrate","prouver, rendre compte de, démontrer",2. prefix,nach,B2,weisen,"to point, to direct, to indicate","pointer, diriger, indiquer",to indicate a purposeful action → nach,,,
73,C1,751,aufweisen,,,"to exhibit, to feature, to show, to boast","exposer, mettre en valeur, montrer, se vanter",2. prefix,auf,B2,weisen,"to point, to direct, to indicate","pointer, diriger, indiquer",,,,
73,C1,753,befehlen,,,"to command, to order, to bid","ordonner, commander, enjoindre",2. prefix,be,A2,fehlen,"to lack, to be absent or missing","manquer, être absent ou manquant",,,,
73,C1,760,verbrennen,,,"to burn, to consume by fire, to incinerate","brûler, consumer par le feu, incinérer",2. prefix,ver,B2,brennen,"to burn, to have a strong affection for, to induce pain, to tan","brûler, avoir une forte affection pour, provoquer de la douleur",,,,
73,C1,761,aufhalten,,,"to stop, to stay, to delay","arrêter, rester, retarder",2. prefix,auf,A1,halten,"to hold, to stop (a movement), to support, to keep","tenir, arrêter (un mouvement), soutenir, garder",,,,
73,C1,762,erarbeiten,,,"to develop, to elaborate, to work out, to acquire","développer, élaborer, acquérir",2. prefix,er,A1,arbeiten,to work,travailler,,,,
73,C1,763,bedrohen,,,"to threaten, to menace",menacer,2. prefix,be,B2,drohen,to threaten,menacer,,,,
73,C1,764,ausüben,,,"to exercise, to perform, to practice","exercer, exécuter, pratiquer",2. prefix,aus,A2,üben,"to practice, to exercise, to rehearse","pratiquer, s'exercer, répéter",,,,
73,C1,765,verstärken,,,"to amplify, to intensify, to strengthen","amplifier, intensifier, renforcer",2. prefix,ver,B2,stärken,"to strengthen, to reinforce","renforcer, consolider",,,,
73,C1,766,bedenken,,,"to consider, to reflect, to give, to allow for","considérer, réfléchir, donner, permettre",2. prefix,be,A1,denken,"to think, to consider","penser, considérer",,,,
73,C1,769,verklagen,,,"to sue, to bring a suit against, to bring an action against","poursuivre en justice, intenter un procès",2. prefix,ver,B2,klagen,"to complain, to lament, to sue","se plaindre, se lamenter, poursuivre en justice",,,,
73,C1,771,beherrschen,,,"to dominate, to master, to control, to rule","dominer, maîtriser, contrôler, régner",2. prefix,be,C1,herrschen,"to rule, to prevail, to control","gouverner, prévaloir, contrôler",,,,
73,C1,774,auseinandersetzen,,,"to discuss, to engage, to altercate, to argue with","discuter, s'engager, se disputer, argumenter avec",2. prefix,auseinander,A2,setzen,"to set, to sit down (refl.)",s'asseoir (réfl.),,,,
73,C1,775,aushalten,,,"to bear, to endure, to withstand, to tolerate","supporter, endurer, résister, tolérer",2. prefix,aus,A1,halten,"to hold, to stop (a movement), to support, to keep","tenir, arrêter (un mouvement), soutenir, garder",,,,
73,C1,777,vorbeikommen,,,"to come by, to come over, to drop by","passer, venir voir, faire un saut",2. prefix,vorbei,A1,kommen,"to come, to make it (e.g. over something), to go to, to occur","venir, aller à, se produire",,,,
73,C1,778,weitergehen,,,"to continue, to proceed, to keep moving","continuer, avancer, continuer à avancer",2. prefix,weiter,A1,gehen,"to go, to leave, to work, to function (coll.), to be going (Dat.), to be all right (Dat.)","aller, partir, fonctionner (familier)",,,,
73,C1,779,betreten,,,"to enter, to access, to apprehend, to catch","entrer, accéder, appréhender, attraper",2. prefix,be,B2,treten,"to step, to kick, to enter","marcher, donner un coup de pied, entrer",,,,
73,C1,780,entsorgen,,,"to clean up, to depollute, to dispose, to dispose of","nettoyer, dépolluer, éliminer, se débarrasser de",2. prefix,ent,A2,sorgen,"to care, to worry","se soucier, s'inquiéter",,,,
73,C1,783,verlegen,,,"to install, to lay, to misplace, to publish","installer, poser, égarer, publier",2. prefix,ver,A2,legen,"to lay, to lean, to lie down","poser, se pencher, s'allonger",,,,
73,C1,784,aufschreiben,,,"to write down, to note down, to record","écrire, noter, enregistrer",2. prefix,auf,A1,schreiben,to write,écrire,,,,
73,C1,786,einlegen,,,"to insert, to pickle, to assert","insérer, mettre en conserve, affirmer",2. prefix,ein,A2,legen,"to lay, to lean, to lie down","poser, se pencher, s'allonger",,,,
74,C1,787,wahrnehmen,,,"to perceive, to notice, to observe, to sense","percevoir, remarquer, observer, pressentir",2. prefix,wahr,A1,nehmen,"to take, to cause oneself to be (in some state)","prendre, se mettre (dans un état)",,,,
74,C1,788,sicherstellen,,,"to seize, to assure, to confiscate, to guarantee","saisir, assurer, confisquer, garantir",2. prefix,sicher,A2,stellen,"to position, to put, to catch","positionner, mettre",,,,
74,C1,789,besetzen,,,"to occupy, to border, to cast","occuper, border, jeter",2. prefix,be,A2,setzen,"to set, to sit down (refl.)",s'asseoir (réfl.),to work on or change the state of an object → be,,,
74,C1,790,aufführen,,,"to perform, to present","exécuter, présenter",2. prefix,auf,A2,führen,"to lead, to guide","guider, conduire",,,,
74,C1,791,verhaften,,,"to detain, to take into custody","détenir, mettre en détention",2. prefix,ver,C1,haften,"to adhere, to be liable","adhérer, être responsable",,,,
74,C1,793,überlassen,,,"to leave to, to entrust, to surrender","laisser à, confier, abandonner",2. prefix,über,A2,lassen,"to let, to leave, to allow","laisser, quitter, permettre","to add the meaning of <i>over</i>, to translate the prefix <i>sur</i> → über",,,
74,C1,794,befürchten,,,"to fear, to apprehend, to be afraid","craindre, appréhender, avoir peur",2. prefix,be,B2,fürchten,"to fear, to be afraid of",avoir peur de,,,,
74,C1,795,verfassen,,,"to write, to compose, to draft","écrire, composer, rédiger",2. prefix,ver,B2,fassen,"to grasp, to seize, to capture, to comprehend","saisir, capturer, comprendre",,,,
74,C1,801,ablaufen,,,"to expire, to run out, to discharge","expirer, s'épuiser, se décharger",2. prefix,ab,A1,laufen,"to walk, to flow (of a fluid), to run (of an event)","marcher, couler (un fluide), se dérouler (un événement)","to add the meaning of <i>off</i>, <i>away</i> → ab",,,
74,C1,802,anführen,,,"to cite, to lead, to quote, to instruct","citer, diriger, instruire",2. prefix,an,A2,führen,"to lead, to guide","guider, conduire",to add intensity to a reference point → an,,,
74,C1,803,vertreiben,,,"to expel, to dislodge, to displace, to put on the market, to sell","expulser, déloger, déplacer",2. prefix,ver,B1,treiben,"to practice (sport), to propel, to put forth, to urge (figuratively), to fuck, to float, to sprout, to get up to","pratiquer (sport), propulser, mettre en avant, pousser (au sens figuré), baiser, flotter, germer, se lever",,,,
74,C1,804,erteilen,,,"to grant, to issue, to give","accorder, délivrer, donner",2. prefix,er,A2,teilen,"to split, to share, to divide","diviser, partager",,,,
74,C1,805,erfassen,,,"to record, to capture, to collect","enregistrer, capturer, collecter",2. prefix,er,B2,fassen,"to grasp, to seize, to capture, to comprehend","saisir, capturer, comprendre",,,,
74,C1,806,übergeben,,,"to hand over, to vomit (refl.)","remettre, vomir (réfl.)",2. prefix,über,A1,geben,to give,donner,"to add the meaning of <i>over</i>, to translate the prefix <i>sur</i> → über",,,
74,C1,808,befassen,,,"to address, to deal with, to attend to","s'adresser à, traiter, s'occuper de",2. prefix,be,B2,fassen,"to grasp, to seize, to capture, to comprehend","saisir, capturer, comprendre",to discuss or mention an object → be,,,
74,C1,809,beruhen,,,"to base on, to depend on, to consist","se baser sur, dépendre de, se composer de",2. prefix,be,C1,ruhen,"to rest, to be at rest, to repose",reposer,,,,
74,C1,810,vorwerfen,,,"to reproach, to accuse of, to allege","reprocher, accuser de, alléguer",2. prefix,vor,A2,werfen,to throw,"jeter, lancer",to add the meaning of <i>forward</i> → vor,,,
74,C1,813,vereinigen,,,"to coalesce, to unify, to merge","unir, réunir, unifier, combiner",2. prefix,ver,C1,einigen,"to unite, to reconcile, to agree","s'unir, se réconcilier, s'accorder",,,,
74,C1,817,sich auswirken,,,"to affect, to have an impact","affecter, avoir un impact",2. prefix,aus,B1,wirken,"to have an effect, to work","avoir un effet, functionner","to add the meaning of ""out"", to extend, to complete → aus",,,
74,C1,818,abbauen,,,"to dismantle, to reduce, to break down","démanteler, réduire, décomposer",2. prefix,ab,A2,bauen,to build,construire,"to add the meaning of <i>off</i>, <i>away</i> → ab",,,
75,C1,819,besorgen,,,"to get, to obtain, to take care of","obtenir, prendre soin de",2. prefix,be,A2,sorgen,"to care, to worry","se soucier, s'inquiéter",,,,
75,C1,820,anwenden,,,"to apply, to make use of","appliquer, faire usage de",2. prefix,an,B2,wenden,"to turn, to reverse, to address","tourner, inverser, s'adresser",,,,
75,C1,821,zusammenstellen,,,"to compile, to assemble","compiler, assembler",2. prefix,zusammen,A2,stellen,"to position, to put, to catch","positionner, mettre","to add the meaning of <i>co</i>, <i>together</i> → zusammen",,,
75,C1,822,verbrauchen,,,"to consume, to use","consommer, utiliser",2. prefix,ver,A1,brauchen,to need,avoir besoin,,,,
75,C1,823,berühren,,,to touch,toucher,2. prefix,be,C1,rühren,"to stir, to move, to mix",remuer,,,,
75,C1,824,anstellen,,,"to queue (refl.), to employ someone, to hire, to get into mischief","faire la queue (réfl.), employer quelqu'un, faire des bêtises",2. prefix,an,A2,stellen,"to position, to put, to catch","positionner, mettre",,,,
75,C1,825,festhalten,,,"to hold, to retain something, to record something, to detain","détenir, conserver quelque chose, enregistrer quelque chose, détenir",2. prefix,fest,A1,halten,"to hold, to stop (a movement), to support, to keep","tenir, arrêter (un mouvement), soutenir, garder",,,,
75,C1,826,auflösen,,,"to dissolve, to resolve, to annul, to liquidate","dissoudre, résoudre, annuler, liquider",2. prefix,auf,B1,lösen,"to loosen, to solve, to separate, to remove","desserrer, résoudre, séparer, enlever",,,,
75,C1,827,auslösen,,,"to ransom, to trigger, to initiate, to set up","rançonner, déclencher, initier, mettre en place",2. prefix,aus,B1,lösen,"to loosen, to solve, to separate, to remove","desserrer, résoudre, séparer, enlever",,,,
75,C1,828,eintreten,,,"to enter, to join, to occur, to step in","entrer, se joindre, se produire",2. prefix,ein,B2,treten,"to step, to kick, to enter","marcher, donner un coup de pied, entrer","to add the meaning of <i>in</i>, <i>into</i> → ein",,,
75,C1,831,verweisen,,,"to refer, to direct","se référer, diriger",2. prefix,ver,B2,weisen,"to point, to direct, to indicate","pointer, diriger, indiquer",,,,
75,C1,835,abziehen,,,"to remove, to deduct, to withdraw","supprimer, déduire, retirer",2. prefix,ab,A1,ziehen,"to pull, to drag, to move","tirer, traîner, déplacer","to add the meaning of <i>off</i>, <i>away</i> → ab",,,
75,C1,838,ausschalten,,,"to disable, to turn off","désactiver, éteindre",2. prefix,aus,B2,schalten,"to switch, to shift gears, to turn on, to turn off","changer, changer de vitesse, allumer, éteindre",,,,
75,C1,842,übereinstimmen,,,"to agree, to concur, to correspond","concorder, correspondre, coïncider",2. prefix,überein,B1,stimmen,"to be true, to vote, to tune","être vrai, voter, s'accorder",,,,
75,C1,843,kennzeichnen,,,"to mark, to label, to characterize, to flag","marquer, étiqueter, caractériser, signaler",2. prefix,kenn,A2,zeichnen,"to draw, to sketch","dessiner, esquisser",,,,
75,C1,850,zurückziehen,,,"to withdraw, to pull back, to retreat","se retirer, se replier",2. prefix,zurück,A1,ziehen,"to pull, to drag, to move","tirer, traîner, déplacer",to add the meaning of <i>back</i> → zurück,,,
75,C1,851,bekämpfen,,,to fight against something,lutter contre quelque chose,2. prefix,be,A2,kämpfen,"to fight, to struggle","se battre, lutter",to make an intransitive verb transitive → be,,,
75,C1,852,erlassen,,,"to enact, to issue, to forgive, to let off, to release from","promulguer, pardonner, renoncer à, libérer de",2. prefix,er,A2,lassen,"to let, to leave, to allow","laisser, quitter, permettre",,,,
75,C1,858,angehen,,,"to concern, to tackle (a problem), to turn on (a machine)","s'inquiéter, s'attaquer (à un problème), mettre en marche (une machine)",2. prefix,an,A1,gehen,"to go, to leave, to work, to function (coll.), to be going (Dat.), to be all right (Dat.)","aller, partir, fonctionner (familier)","to add the meaning of <i>on</i>, of a contact → an",,,
75,C1,859,wegwerfen,,,"to throw away, to discard","jeter, se débarrasser de",2. prefix,weg,A2,werfen,to throw,"jeter, lancer",,,,
76,C1,861,ablegen,,,"to lay down, to put down, to remove","déposer, poser, enlever",2. prefix,ab,A2,legen,"to lay, to lean, to lie down","poser, se pencher, s'allonger",,,,
76,C1,862,vergehen,,,"to die, to pass, to elapse, to perish","mourir, passer, s'écouler, périr",2. prefix,ver,A1,gehen,"to go, to leave, to work, to function (coll.), to be going (Dat.), to be all right (Dat.)","aller, partir, fonctionner (familier)",,,,
76,C1,865,befragen,,,"to question, to ask, to interrogate, to consult","questionner, demander, interroger, consulter",2. prefix,be,A1,fragen,"to ask, to wonder (refl.)","demander, se demander (réfl.)",,,,
76,C1,870,erstrecken,,,"to extend, to span, to bestride","étendre, enjamber",2. prefix,er,C1,strecken,"to stretch, to dilute, to extend","étirer, allonger",,,,
76,C1,872,umstellen,,,"to relocate, to adapt, to change","déménager, s'adapter, changer",2. prefix,um,A2,stellen,"to position, to put, to catch","positionner, mettre",,,,
76,C1,877,überschreiten,,,"to exceed, to overstep, to surpass","dépasser, outrepasser, surpasser",2. prefix,über,C1,schreiten,"to stride, to proceed, to step (formal)","marcher à grands pas, avancer, faire un pas (formel)","to add the meaning of <i>over</i>, to translate the prefix <i>sur</i> → über",,,
76,C1,878,abrufen,,,"to retrieve, to access, to call away","récupérer, accéder, appeler",2. prefix,ab,B1,rufen,"to call, to shout, to summon","appeler, crier, convoquer","to add the meaning of <i>off</i>, <i>away</i> → ab",,,
76,C1,879,einschließen,,,"to include, to enclose, to lock up, to surround","inclure, enfermer, entourer",2. prefix,ein,A1,schließen,"to shut, to close, to lock, to conclude","fermer, clore, verrouiller, conclure","to add the meaning of <i>in</i>, <i>into</i> → ein",,,
76,C1,880,gewähren,,,"to grant, to afford, to allow, to accord","accorder, permettre",2. prefix,ge,C1,währen,"to last, to persist","durer, persister",,,,
76,C1,882,weiterleiten,,,"to forward, to pass on","transmettre, faire passer",2. prefix,weiter,B2,leiten,"to lead, to manage, to conduct","diriger, gérer, conduire",,,,
76,C1,885,versagen,,,"to fail, to refuse, to deny","échouer, refuser, nier",2. prefix,ver,A1,sagen,"to say, to tell","dire, raconter",,,,
76,C1,887,hervorheben,,,"to emphasize, to highlight, to stress","souligner, mettre en valeur, insister",2. prefix,hervor,B1,heben,"to lift, to raise","soulever, élever",,,,
76,C1,888,entziehen,,,"to withdraw, to remove, to deprive","retirer, enlever, priver",2. prefix,ent,A1,ziehen,"to pull, to drag, to move","tirer, traîner, déplacer",,,,
76,C1,889,auswerten,,,"to evaluate, to analyze, to assess","évaluer, analyser, estimer",2. prefix,aus,C1,werten,"to assess, to consider, to value",évaluer,,,,
76,C1,893,auffordern,,,"to request, to invite, to ask","demander, inviter",2. prefix,auf,B2,fordern,"to demand, to require, to call for","exiger, requérir, réclamer",,,,
76,C1,894,ableiten,,,"to derive, to deduce","dériver, déduire",2. prefix,ab,B2,leiten,"to lead, to manage, to conduct","diriger, gérer, conduire",,,,
76,C1,897,benennen,,,"to name, to designate, to appoint","nommer, désigner",2. prefix,be,B1,nennen,"to name, to call someone something, to mention","nommer, appeler quelqu'un par quelque chose, mentionner",,,,
76,C1,901,umbringen,,,"to kill, to murder, to be very angry at someone","tuer, assassiner, être très en colère contre quelqu'un",2. prefix,um,A1,bringen,"to bring, to take, to lead","apporter, prendre, conduire",,,,
76,C1,907,verfahren,,,"to proceed, to act, to deal",procéder,2. prefix,ver,A1,fahren,"to go (by vehicle), to leave, to drive","aller (en véhicule), partir, conduire",,,,
76,C1,908,auskommen,,,"to get along, to get on, to manage",s'entendre,2. prefix,aus,A1,kommen,"to come, to make it (e.g. over something), to go to, to occur","venir, aller à, se produire",,,,
77,C1,913,ablenken,,,"to distract, to divert, to steer away","distraire, détourner, éloigner",2. prefix,ab,C1,lenken,"to steer, to direct, to guide","diriger, orienter, guider","to add the meaning of <i>off</i>, <i>away</i> → ab",,,
77,C1,914,aufladen,,,"to charge, to load, to burden, to impose","charger, accabler, imposer",2. prefix,auf,B1,laden,"to load, to charge, to invite","charger, inviter",to add the meaning of <i>up</i> → auf,,,
77,C1,915,übertreiben,,,"to exaggerate, to overdo","exagérer, exagérer",2. prefix,über,B1,treiben,"to practice (sport), to propel, to put forth, to urge (figuratively), to fuck, to float, to sprout, to get up to","pratiquer (sport), propulser, mettre en avant, pousser (au sens figuré), baiser, flotter, germer, se lever","to add the meaning of <i>over</i>, to translate the prefix <i>sur</i> → über",,,
77,C1,917,ausbauen,,,"to expand, to develop","étendre, développer",2. prefix,aus,A2,bauen,to build,construire,,,,
77,C1,919,abbiegen,,,"to turn, to turn off, to bend","tourner, éteindre, plier",2. prefix,ab,C1,biegen,"to turn, to bend","tourner, se pencher","to add the meaning of <i>off</i>, <i>away</i> → ab",,,
77,C1,920,aussagen,,,"to testify, to state","témoigner, déclarer",2. prefix,aus,A1,sagen,"to say, to tell","dire, raconter",,,,
77,C1,924,ausleihen,,,"to borrow, to lend, to lend out","emprunter, prêter",2. prefix,aus,B1,leihen,"to lend, to borrow","prêter, emprunter",,,,
77,C1,926,aufkommen,,,"to arise, to come down, to emerge, to land","se lever, descendre, émerger, atterrir",2. prefix,auf,A1,kommen,"to come, to make it (e.g. over something), to go to, to occur","venir, aller à, se produire",,,,
77,C1,928,anfordern,,,"to request, to solicit, to ask for, to circularize","demander, solliciter, diffuser",2. prefix,an,B2,fordern,"to demand, to require, to call for","exiger, requérir, réclamer",,,,
77,C1,930,verschlafen,,,"to oversleep, to sleep in","dormir trop longtemps, faire la grasse matinée",2. prefix,ver,A1,schlafen,to sleep,dormir,,,,
77,C1,932,zuschauen,,,"to watch, to look on, to observe","regarder, observer, surveiller",2. prefix,zu,A2,schauen,to look at (Bayern and Austria),regarder (Bayern et Autriche),,,,
77,C1,933,einzahlen,,,"to deposit, to make a deposit","déposer, verser",2. prefix,ein,A1,zahlen,"to pay (for something), to atone for","payer (pour quelque chose), expier",,,,
77,C1,935,sich wohlfühlen,,,"to feel good, to be comfortable","se sentir bien, être à l'aise",2. prefix,wohl,A1,fühlen,"to feel, to feel something (refl.)","sentir, ressentir quelque chose (réfl.)",,,,
77,C1,937,ablesen,,,"to read off, to read out, to deduce","lire à haute voix, déduire",2. prefix,ab,A1,lesen,to read,lire,,,,
77,C1,942,verschicken,,,"to dispatch, to despatch, to mail, to send","expédier, envoyer par la poste, envoyer",2. prefix,ver,A1,schicken,to send,envoyer,,,,
77,C1,943,anmachen,,,"to turn on, to light, to switch on","allumer, mettre en marche, allumer",2. prefix,an,A1,machen,"to make, to prepare, to do","faire, préparer",,,,
77,C1,946,anhalten,,,"to stop (cease moving), to continue, to compel","arrêter (cesser de bouger), continuer, contraindre",2. prefix,an,A1,halten,"to hold, to stop (a movement), to support, to keep","tenir, arrêter (un mouvement), soutenir, garder",,,,
77,C1,949,umgeben,,,"to surround, to enclose, to encompass","entourer, enfermer, englober",2. prefix,um,A1,geben,to give,donner,to add the meaning of <i>around</i> → um,,,
77,C1,951,wiederherstellen,,,"to restore, to recover, to rehabilitate","restaurer, récupérer, réhabiliter",2. prefix,wiederher,A2,stellen,"to position, to put, to catch","positionner, mettre",,,,
77,C1,953,aufsteigen,,,"to rise, to ascend, to advance, to climb","s'élever, monter, avancer, grimper",2. prefix,auf,A2,steigen,"to ascend, to climb, to rise","monter, grimper, s'élever",to add the meaning of <i>up</i> → auf,,,
78,C1,954,zusehen,,,"to watch, to see, to make sure (that something happens)","regarder, voir, s'assurer (que quelque chose se passe)",2. prefix,zu,A1,sehen,"to see, to realise","voir, se rendre compte",,,,
78,C1,955,auftauchen,,,"to arise, to surface, to turn up","surgir, faire surface, apparaître",2. prefix,auf,C1,tauchen,"to dive, to dip","plonger, tremper",to add the meaning of <i>up</i> → auf,,,
78,C1,956,beklagen,,,"to complain, to lament, to air grievances","se plaindre, se lamenter, exprimer des griefs",2. prefix,be,B2,klagen,"to complain, to lament, to sue","se plaindre, se lamenter, poursuivre en justice",,,,
78,C1,959,beinhalten,,,"to include, to contain, to entail, to comprise","inclure, contenir, impliquer, comprendre",2. prefix,bein,A1,halten,"to hold, to stop (a movement), to support, to keep","tenir, arrêter (un mouvement), soutenir, garder",,,,
78,C1,960,beauftragen,,,"to assign, to commission, to instruct","assigner, commissionner, instruire",2. prefix,beauf,A1,tragen,"to wear (clothing), to carry, to hold","porter (des vêtements), transporter, tenir",,,,
78,C1,963,vorsehen,,,"to plan, to provide for","planifier, prévoir",2. prefix,vor,A1,sehen,"to see, to realise","voir, se rendre compte","to add the meaning of <i>pre-</i>, that something is <i>before</i>, <i>in advance</i> → vor",,,
78,C1,964,anfallen,,,"to accrue, to accumulate, to arise, to incur","s'accumuler, survenir, encourir",2. prefix,an,B1,fallen,"to fall, to fall in battle, to collapse","tomber, tomber au combat, s'effondrer","to indicate the action is partial, beginning → an",,,
78,C1,965,entkommen,,,to escape,s'échapper,2. prefix,ent,A1,kommen,"to come, to make it (e.g. over something), to go to, to occur","venir, aller à, se produire",,,,
78,C1,967,anfassen,,,"to touch, to handle","toucher, manipuler",2. prefix,an,B2,fassen,"to grasp, to seize, to capture, to comprehend","saisir, capturer, comprendre","to add the meaning of <i>on</i>, of a contact → an",,,
78,C1,968,vorgeben,,,"to claim, to pretend, to set (a pace)","revendiquer, prétendre, donner (un rythme)",2. prefix,vor,A1,geben,to give,donner,"to add the meaning of <i>pre-</i>, that something is <i>before</i>, <i>in advance</i> → vor",,,
78,C1,969,ertragen,,,"to bear, to stand","supporter, se tenir debout",2. prefix,er,A1,tragen,"to wear (clothing), to carry, to hold","porter (des vêtements), transporter, tenir",,,,
78,C1,970,aufbrechen,,,"to leave, to set off, to start, to break, to burst","partir, se mettre en route, démarrer, rompre, éclater",2. prefix,auf,A2,brechen,to break,"casser, briser",,,,
78,C1,972,abweichen,,,"to depart (from), to soak off","partir (de), s'imprégner",2. prefix,ab,C1,weichen,to soften,adoucir,"to add the meaning of <i>off</i>, <i>away</i> → ab",,,
78,C1,973,abbilden,,,"to depict, to map, to illustrate","représenter, cartographier, illustrer",2. prefix,ab,B1,bilden,"to form, to constitute, to educate","former, constituer, éduquer",,,,
78,C1,975,erweisen,,,"to prove (passively), to turn out to be, to show","prouver (passivement), s'avérer être, montrer",2. prefix,er,B2,weisen,"to point, to direct, to indicate","pointer, diriger, indiquer",,,,
78,C1,977,einreichen,,,"to submit, to present, to bring, to bring in, to deposit","soumettre, présenter, apporter, déposer",2. prefix,ein,B2,reichen,"to reach, to hand, to be enough","atteindre, mettre la main, être suffisant","to add the meaning of <i>in</i>, <i>into</i> → ein",,,
78,C1,978,erforschen,,,"to research, to investigate, to explore, to ascertain","faire des recherches, enquêter, explorer, vérifier",2. prefix,er,C1,forschen,"to research, to investigate","faire des recherches, enquêter",,,,
78,C1,982,bestreiten,,,"to dispute, to contest","contester, disputer",2. prefix,be,B1,streiten,"to argue, to fight, to quarrel","se disputer, se battre, se quereller",,,,
78,C1,984,zugreifen,,,"to access, to grab, to help oneself",accéder,2. prefix,zu,B1,greifen,"to grab, to grasp, to seize","saisir, s'emparer",,,,
78,C1,985,entführen,,,"to abduct, to kidnap","enlever, kidnapper",2. prefix,ent,A2,führen,"to lead, to guide","guider, conduire",,,,
79,C1,988,bewundern,,,to admire,admirer,2. prefix,be,C1,wundern,"to surprise, to amaze","surprendre, étonner",,,,
79,C1,989,anschaffen,,,"to purchase, to acquire, to procure","acheter, acquérir, se procurer",2. prefix,an,B2,schaffen,"to manage, to accomplish, to create","gérer, accomplir, créer",,,,
79,C1,991,zugehen,,,"to approach, to close, to happen","s'approcher, se fermer, se produire",2. prefix,zu,A1,gehen,"to go, to leave, to work, to function (coll.), to be going (Dat.), to be all right (Dat.)","aller, partir, fonctionner (familier)",,,,
79,C1,992,festsetzen,,,"to fix, to appoint, to detain, to determine, to establish","fixer, nommer, détenir, déterminer, établir",2. prefix,fest,A2,setzen,"to set, to sit down (refl.)",s'asseoir (réfl.),,,,
79,C1,993,auszeichnen,,,"to honor, to distinguish","honorer, distinguer",2. prefix,aus,A2,zeichnen,"to draw, to sketch","dessiner, esquisser",,,,
79,C1,994,festnehmen,,,"to arrest, to apprehend, to detain, to seize","arrêter, appréhender, détenir, saisir",2. prefix,fest,A1,nehmen,"to take, to cause oneself to be (in some state)","prendre, se mettre (dans un état)",,,,
79,C1,996,antreten,,,"to begin, to compete","commencer, concourir",2. prefix,an,B2,treten,"to step, to kick, to enter","marcher, donner un coup de pied, entrer",,,,
79,C1,997,einschlagen,,,"to strike, to hit, to drive in, to engrave, to heel in","frapper, toucher, enfoncer, graver",2. prefix,ein,B1,schlagen,"to hit, to beat, to strike, to defeat","frapper, battre, vaincre",,,,
79,C1,999,sich entschließen,,,to decide (to do something) (refl.),décider (de faire quelque chose) (réfl.),2. prefix,ent,A1,schließen,"to shut, to close, to lock, to conclude","fermer, clore, verrouiller, conclure",,,,
79,C1,1001,abdecken,,,"to cover, to remove, to uncover","couvrir, enlever, découvrir",2. prefix,ab,B2,decken,"to cover, to set (a table), to hedge","couvrir, dresser (une table), se protéger",,,,
79,C1,1002,absetzen,,,"to set down, to put down, to deduct, to dismiss","Déposer, mettre de côté, déduire, rejeter",2. prefix,ab,A2,setzen,"to set, to sit down (refl.)",s'asseoir (réfl.),,,,
79,C1,1003,benehmen,,,to behave (refl.),se comporter (réfl.),2. prefix,be,A1,nehmen,"to take, to cause oneself to be (in some state)","prendre, se mettre (dans un état)",,,,
79,C1,1005,ausgleichen,,,"to balance, to offset, to compensate, to equalize","équilibrer, compenser, égaliser",2. prefix,aus,B2,gleichen,"to equal, to match, to resemble","égaler, ressembler",,,,
79,C1,1006,einbringen,,,"to bring in, to contribute, to introduce, to harvest","apporter, contribuer, introduire, récolter",2. prefix,ein,A1,bringen,"to bring, to take, to lead","apporter, prendre, conduire",,,,
79,C1,1009,vorschreiben,,,"to dictate, to prescribe, to instruct, to stipulate","dicter, prescrire, instruire, stipuler",2. prefix,vor,A1,schreiben,to write,écrire,,,,
79,C1,1010,behindern,,,"to obstruct, to hamper","gêner, entraver",2. prefix,be,C1,hindern,to prevent somebody from doing something,empêcher quelqu'un de faire quelque chose,,,,
79,C1,1011,anhören,,,to listen to someone,écouter quelqu'un,2. prefix,an,A1,hören,"to hear, to listen to","entendre, écouter",,,,
79,C1,1014,abschalten,,,"to switch off, to disconnect, to turn off","éteindre, déconnecter, couper",2. prefix,ab,B2,schalten,"to switch, to shift gears, to turn on, to turn off","changer, changer de vitesse, allumer, éteindre",,,,
79,C1,1017,verzögern,,,"to delay, to postpone, to stall","retarder, reporter, bloquer",2. prefix,ver,B2,zögern,to hesitate,hésiter,,,,
79,C1,1020,vertragen,,,"to tolerate, to get along, to bear","tolérer, s'entendre, supporter",2. prefix,ver,A1,tragen,"to wear (clothing), to carry, to hold","porter (des vêtements), transporter, tenir",,,,
80,C1,1021,einbrechen,,,"to break in, to collapse, to break down","s'introduire par effraction, s'effondrer, tomber en panne",2. prefix,ein,A2,brechen,to break,"casser, briser",,,,
80,C1,1022,besiegen,,,to defeat (in battle or contest),vaincre (au combat ou dans un concours),2. prefix,be,C1,siegen,"to win, to prevail, to triumph","gagner, triompher, prévaloir",,,,
80,C1,1023,aufteilen,,,"to distribute, to divide, to partition","distribuer, diviser, partitionner",2. prefix,auf,A2,teilen,"to split, to share, to divide","diviser, partager",,,,
80,C1,1024,zumachen,,,"to close, to shut, to close down","fermer, cesser ses activités",2. prefix,zu,A1,machen,"to make, to prepare, to do","faire, préparer",,,,
80,C1,1025,hinfahren,,,"to drive there, to go, to travel","aller en voiture, y aller, voyager",2. prefix,hin,A1,fahren,"to go (by vehicle), to leave, to drive","aller (en véhicule), partir, conduire",,,,
80,C1,1026,austragen,,,"to deliver, to distribute, to carry out","livrer, distribuer, exécuter",2. prefix,aus,A1,tragen,"to wear (clothing), to carry, to hold","porter (des vêtements), transporter, tenir",,,,
80,C1,1027,überreichen,,,"to hand over, to present, to submit","remettre, présenter, soumettre",2. prefix,über,B2,reichen,"to reach, to hand, to be enough","atteindre, mettre la main, être suffisant","to add the meaning of <i>over</i>, to translate the prefix <i>sur</i> → über",,,
80,C1,1029,vortragen,,,"to perform, to recite, to present, to carry over","interpréter, réciter, présenter, transmettre",2. prefix,vor,A1,tragen,"to wear (clothing), to carry, to hold","porter (des vêtements), transporter, tenir",,,,
80,C1,1031,wiedersehen,,,"to see again, to meet again","revoir, se revoir",2. prefix,wieder,A1,sehen,"to see, to realise","voir, se rendre compte",,,,
80,C1,1032,ausweisen,,,"to expel, to identify, to deport","expulser, identifier, déporter",2. prefix,aus,B2,weisen,"to point, to direct, to indicate","pointer, diriger, indiquer",,,,
80,C1,1033,aufbewahren,,,"to preserve, to keep, to store","préserver, conserver, stocker",2. prefix,auf,C1,bewahren,"to keep, to preserve (to maintain the condition of)","garder, préserver (maintenir l'état de)",,,,
80,C1,1034,bedauern,,,"to regret, to deplore, to lament, to pity","regretter, déplorer, se lamenter, avoir pitié",2. prefix,be,A2,dauern,"to last, to take (time)","durer, prendre (du temps)",,,,
80,C1,1035,loslassen,,,"to release, to let go, to let loose, to disengage","libérer, lâcher prise, se délier, se désengager",2. prefix,los,A2,lassen,"to let, to leave, to allow","laisser, quitter, permettre",,,,
80,C1,1037,wegnehmen,,,"to take away, to remove, to abstract, to cancel","enlever, supprimer, abstraire, annuler",2. prefix,weg,A1,nehmen,"to take, to cause oneself to be (in some state)","prendre, se mettre (dans un état)",,,,
80,C1,1039,einatmen,,,"to inhale, to breath in","inspirer, respirer",2. prefix,ein,B1,atmen,to breathe,respirer,,,,
80,C1,1040,mitfahren,,,"to go with, to ride along","accompagner, faire un tour avec",2. prefix,mit,A1,fahren,"to go (by vehicle), to leave, to drive","aller (en véhicule), partir, conduire",,,,
80,C1,1041,abrechnen,,,"to settle, to account for, to bill","régler, rendre compte, facturer",2. prefix,ab,B1,rechnen,"to calculate, to expect, to count on","calculer, s'attendre à, compter sur",,,,
80,C1,1043,einsammeln,,,"to collect, to gather","collecter, rassembler",2. prefix,ein,B1,sammeln,"to collect, to gather, to accumulate","recueillir, rassembler, accumuler",,,,
80,C1,1048,zurückfahren,,,"to back, to drive back, to flinch","reculer, faire marche arrière, tressaillir",2. prefix,zurück,A1,fahren,"to go (by vehicle), to leave, to drive","aller (en véhicule), partir, conduire",,,,
80,C1,1055,herausfordern,,,"to challenge, to provoke, to banter to","défier, affronter",2. prefix,heraus,B2,fordern,"to demand, to require, to call for","exiger, requérir, réclamer",,,,
81,C1,1061,verkehren,,,"to circulate, to interact, to turn, to twist",circuler,2. prefix,ver,C1,kehren,"to sweep, to return","retourner, balayer",,,,
81,C1,1067,begehen,,,"to commit, perpetrate (a crime, an offence)","commettre, perpétrer (un crime, un délit)",2. prefix,be,A1,gehen,"to go, to leave, to work, to function (coll.), to be going (Dat.), to be all right (Dat.)","aller, partir, fonctionner (familier)",,,,
81,C1,1068,abschneiden,,,"to cut off, to amputate, to block","couper, amputer, bloquer",2. prefix,ab,B1,schneiden,"to cut, to slice","couper, trancher","to add the meaning of <i>off</i>, <i>away</i> → ab",,,
81,C1,1069,verdanken,,,"to owe, to be indebted, to owe to","devoir (quelque chose à quelqu'un), être redevable",2. prefix,ver,A2,danken,to thank,remercier,,,,
81,C1,1070,zurückhalten,,,"to restrain, to hold back, to withhold","restreindre, retenir",2. prefix,zurück,A1,halten,"to hold, to stop (a movement), to support, to keep","tenir, arrêter (un mouvement), soutenir, garder",to add the meaning of <i>back</i> → zurück,,,
81,C1,1071,verdoppeln,,,"to double, to duplicate, to reduplicate","doubler, dupliquer, redoubler",2. prefix,ver,C2,doppeln,"to double, to duplicate, to fold","doubler, dupliquer, reproduire",,,,
81,C1,1073,verknüpfen,,,"to connect, to link, to associate, to tie, to annex to","connecter, relier, associer, lier, annexer à",2. prefix,ver,C1,knüpfen,"to knot, to tie, to weave",nouer,,,,
81,C1,1074,aufzeigen,,,"to point out, to demonstrate, to indicate","souligner, démontrer, indiquer",2. prefix,auf,A1,zeigen,"to show, to point at, to demonstrate","montrer, pointer du doigt, démontrer",,,,
81,C1,1075,aufbringen,,,"to capture, to raise, to antagonise",appliquer,2. prefix,auf,A1,bringen,"to bring, to take, to lead","apporter, prendre, conduire",,,,
81,C1,1081,absehen,,,"to foresee, to overlook, to disregard","prévoir, négliger",2. prefix,ab,A1,sehen,"to see, to realise","voir, se rendre compte",,,,
81,C1,1082,einsperren,,,"to lock up, to imprison","enfermer, emprisonner",2. prefix,ein,C1,sperren,"to block, to lock, to close off","bloquer, verrouiller, fermer",,,,
81,C1,1086,verführen,,,"to seduce, to entice, to tempt, to debauch",séduire,2. prefix,ver,A2,führen,"to lead, to guide","guider, conduire",,,,
81,C1,1090,voraussetzen,,,"to presume, to require, to assume","présumer, exiger, supposer",2. prefix,voraus,A2,setzen,"to set, to sit down (refl.)",s'asseoir (réfl.),,,,
81,C1,1092,zurücktreten,,,"to resign, to step back, to step down, to withdraw","démissionner, se retirer, quitter ses fonctions",2. prefix,zurück,B2,treten,"to step, to kick, to enter","marcher, donner un coup de pied, entrer",,,,
81,C1,1093,hervorgehen,,,"to result, to arise, to arise from, to emerge","résulter, survenir, provenir de, émerger",2. prefix,hervor,A1,gehen,"to go, to leave, to work, to function (coll.), to be going (Dat.), to be all right (Dat.)","aller, partir, fonctionner (familier)",,,,
81,C1,1094,verbleiben,,,to remain,rester,2. prefix,ver,A1,bleiben,"to remain, to stay",rester,,,,
81,C1,1095,herkommen,,,"to come over, come here (towards the speaker), to come from","venir, venir ici (vers l'orateur), venir de",2. prefix,her,A1,kommen,"to come, to make it (e.g. over something), to go to, to occur","venir, aller à, se produire",,,,
81,C1,1096,beibringen,,,"to teach, to break (news, information) carefully to, to inflict","enseigner, annoncer (des nouvelles, des informations) avec précaution, infliger",2. prefix,bei,A1,bringen,"to bring, to take, to lead","apporter, prendre, conduire",,,,
81,C1,1097,befördern,,,to transport,transporter,2. prefix,be,B2,fördern,"to promote, to support","promouvoir, soutenir",,,,
81,C1,1099,anbringen,,,"to affix, to attach, to fasten, to add, to apply","fixer, attacher, ajouter, appliquer",2. prefix,an,A1,bringen,"to bring, to take, to lead","apporter, prendre, conduire",,,,
82,C1,1100,bedürfen,,,"to need, to require, to depend, to demand","avoir besoin, exiger, dépendre, demander",2. prefix,be,A1,dürfen,"to be allowed (to do something), may","être autorisé (à faire quelque chose), pouvoir",,,,
82,C1,1101,begreifen,,,"to understand, to comprehend, to grasp, to realise","comprendre, saisir, appréhender, réaliser",2. prefix,be,B1,greifen,"to grab, to grasp, to seize","saisir, s'emparer",,,,
82,C1,1102,beitreten,,,"to join, to support, to accede to, to affiliate","adhérer, soutenir, adhérer à, s'affilier",2. prefix,bei,B2,treten,"to step, to kick, to enter","marcher, donner un coup de pied, entrer",,,,
82,C1,1104,einräumen,,,"to admit, to acknowledge, to concede, to put away","admettre, reconnaître, concéder, mettre de côté",2. prefix,ein,B2,räumen,"to clear, to remove, to vacate","déblayer, débrancher, dégager",,,,
82,C1,1105,entfallen,,,"to be omitted, to be dropped, to be canceled, to be inapplicable","à omettre, à supprimer, à annuler, à ne pas appliquer",2. prefix,ent,B1,fallen,"to fall, to fall in battle, to collapse","tomber, tomber au combat, s'effondrer",,,,
82,C1,1106,erbringen,,,"to yield, to provide, to raise, to deliver","céder, fournir, lever, livrer",2. prefix,er,A1,bringen,"to bring, to take, to lead","apporter, prendre, conduire",,,,
82,C1,1112,vermögen,,,"to be able, to be capable, to can","être capable, pouvoir",2. prefix,ver,A1,mögen,to like,"aimer, apprécier",,,,
82,C1,1113,verschaffen,,,"to procure, to obtain, to acquire, to earn","se procurer, obtenir, acquérir, gagner",2. prefix,ver,B2,schaffen,"to manage, to accomplish, to create","gérer, accomplir, créer",,,,
82,C1,1114,versenden,,,"to dispatch, to send, to forward, to ship","expédier, envoyer, faire parvenir, transporter",2. prefix,ver,B1,senden,"to send, to broadcast","envoyer, diffuser",,,,
82,C1,1115,zukommen,,,"to approach, to be assigned to, to be due (to)","approcher, être assigné à, être dû (à)",2. prefix,zu,A1,kommen,"to come, to make it (e.g. over something), to go to, to occur","venir, aller à, se produire",,,,
82,C1,1116,zusammenhängen,,,"to be related, to hang together, to associate","être apparenté, être ensemble, s'associer",2. prefix,zusammen,A2,hängen,"to hang, to be fond of, depend on","accrocher, aimer, dépendre de",,,,
82,C1,1117,zusammensetzen,,,"to assemble, to put together, to be composed of","assembler, réunir, être composé de",2. prefix,zusammen,A2,setzen,"to set, to sit down (refl.)",s'asseoir (réfl.),,,,
82,C1,1118,verbergen,,,"to conceal sth, to hide something",cacher quelque chose,2. prefix,ver,C1,bergen,"to recover, to rescue, to save, to salvage","récupérer, secourir, sauver, sauver",,,,
82,C1,1119,versetzen,,,"to put, to move, to deal, to give (a blow, hit), to transfer (when to do with work)","mettre, déplacer, distribuer, donner (un coup), transférer (quand il s'agit de travailler)",2. prefix,ver,A2,setzen,"to set, to sit down (refl.)",s'asseoir (réfl.),,,,
82,C1,1123,widerrufen,,,"to cancel, to revoke, to withdraw","annuler, révoquer, retirer",2. prefix,wider,B1,rufen,"to call, to shout, to summon","appeler, crier, convoquer",,,,
82,C1,1130,berufen,,,"to appoint, to invoke, to cite","nommer, invoquer, citer",2. prefix,be,B1,rufen,"to call, to shout, to summon","appeler, crier, convoquer",,,,
82,C1,1132,verdrängen,,,"to displace, to oust, to repress","déplacer, évincer, réprimer",2. prefix,ver,C1,drängen,"to urge, to push, to cajole, to shove","exhorter, pousser, cajoler, bousculer",,,,
82,C1,1134,einschreiben,,,"to sign up, to enroll",s'inscrire,2. prefix,ein,A1,schreiben,to write,écrire,,,,
82,C1,1137,entgegenkommen,,,"to accommodate, to approach, to come towards","s'adapter, s'approcher, venir vers",2. prefix,entgegen,A1,kommen,"to come, to make it (e.g. over something), to go to, to occur","venir, aller à, se produire",,,,
82,C1,1138,erziehen,,,"to educate, to raise, to nurture, to teach, to train","éduquer, élever, nourrir, enseigner, former",2. prefix,er,A1,ziehen,"to pull, to drag, to move","tirer, traîner, déplacer",,,,
83,C1,1139,überholen,,,"to overtake, to outstrip, to repair, to outpace","dépasser, distancer, réparer, surpasser",2. prefix,über,A2,holen,to fetch,aller chercher,"to add the meaning of <i>over</i>, to translate the prefix <i>sur</i> → über",,,
83,C1,1140,bemalen,,,"to paint, to apply makeup, to color","peindre, maquiller, colorier, colorer",2. prefix,be,B1,malen,"to paint, to draw","peindre, dessiner",,,,
83,C1,1144,sich ereignen,,,"to happen, to occur, to bechance","se produire, avoir lieu, être fortuit",2. prefix,er,B2,eignen,"to be suitable, to be appropriate","être convenable, être approprié",,,,
83,C1,1146,weglaufen,,,to run away,s'enfuir,2. prefix,weg,A1,laufen,"to walk, to flow (of a fluid), to run (of an event)","marcher, couler (un fluide), se dérouler (un événement)",,,,
83,C1,1147,vorhersagen,,,"to foretell, to forecast, to predict","prédire, prévoir, annoncer",2. prefix,vorher,A1,sagen,"to say, to tell","dire, raconter",,,,
83,C1,1149,erwachsen,,,"to grow up, to arise, to spring up, to accrue","grandir, surgir, jaillir, s'accumuler",2. prefix,er,B1,wachsen,"to grow, to increase","grandir, augmenter",,,,
83,C1,1150,abschreiben,,,"to write off, to copy, to transcribe","radier, copier, transcrire",2. prefix,ab,A1,schreiben,to write,écrire,,,,
83,C1,1151,erschließen,,,"to develop, to access, to deduce, to unlock","développer, accéder, déduire, déverrouiller",2. prefix,we,A1,schließen,"to shut, to close, to lock, to conclude","fermer, clore, verrouiller, conclure",,,,
83,C1,1152,herausnehmen,,,"to take out, to remove, to arrogate","enlever, retirer, s'arroger",2. prefix,heraus,A1,nehmen,"to take, to cause oneself to be (in some state)","prendre, se mettre (dans un état)",,,,
83,C1,1155,weiterhelfen,,,"to assist, to help","pour aider, pour soutenir",2. prefix,weiter,A1,helfen,to help,aider,,,,
83,C1,1156,aufhängen,,,"to hang up, to hang, to anchor","accrocher, suspendre, ancrer",2. prefix,auf,A2,hängen,"to hang, to be fond of, depend on","accrocher, aimer, dépendre de",,,,
83,C1,1157,hinlegen,,,"to lie down, to put down, to lay down","s'allonger, poser, se coucher",2. prefix,hin,A2,legen,"to lay, to lean, to lie down","poser, se pencher, s'allonger",,,,
83,C1,1158,beleuchten,,,"to illuminate, to examine","éclairer, examiner",2. prefix,be,C1,leuchten,"to shine, to glow, to be illuminated","briller, allumer, éclairer",,,,
83,C1,1160,zutreffen,,,"to apply, to hold true, to be applicable","s'appliquer, être vrai, être applicable",2. prefix,zu,A1,treffen,"to meet (refl.), to encounter (refl.), to hit, to affect","rencontrer (refl.), se rencontrer (refl.), heurter, frapper",,,,
83,C1,1161,zuwenden,,,"to turn to, to turn towards, to allocate, to dedicate","se tourner vers, allouer, dédier",2. prefix,zu,B2,wenden,"to turn, to reverse, to address","tourner, inverser, s'adresser",,,,
83,C1,1162,überreden,,,"to convince, to persuade, to argue into","convaincre, persuader, amener à argumenter",2. prefix,über,A1,reden,to talk,"parler, discuter",,,,
83,C1,1164,erschießen,,,to shoot dead,tuer par balle,2. prefix,er,B2,schießen,"to shoot, to fire","tirer, faire feu",,,,
83,C1,1165,beibehalten,,,"to maintain, to keep, to retain",maintenir,2. prefix,bei,B1,behalten,to keep,garder,,,,
83,C1,1166,widerstehen,,,"to resist, to withstand, to oppose","résister, supporter, s'opposer",2. prefix,wider,A1,stehen,"to stand, to be, to appear","être debout, apparaître",,,,
83,C1,1168,kaputtgehen,,,"to break down, to break","se briser, se dégrader",2. prefix,kaputt,A1,gehen,"to go, to leave, to work, to function (coll.), to be going (Dat.), to be all right (Dat.)","aller, partir, fonctionner (familier)",,,,
84,C1,1169,zusammenleben,,,"to live together, to cohabitate","vivre ensemble, cohabiter",2. prefix,zusammen,A1,leben,to live,vivre,,,,
84,C1,1171,ausschlafen,,,"to sleep in, to catch up on sleep","faire la grasse matinée, rattraper son sommeil",2. prefix,aus,A1,schlafen,to sleep,dormir,,,,
84,C1,1172,abfliegen,,,"to patrol, to depart, to fly along","patrouiller, partir, voler le long",2. prefix,ab,B1,fliegen,"to fly, to travel by plane","voler, voyager en avion",,,,
84,C1,1174,zuweisen,,,"to assign, to allocate, to allot","attribuer, assigner, affecter",2. prefix,zu,B2,weisen,"to point, to direct, to indicate","pointer, diriger, indiquer",,,,
84,C1,1180,erleiden,,,"to endure, to suffer, to experience, to experience pain","endurer, souffrir, éprouver, ressentir de la douleur",2. prefix,er,B1,leiden,"to suffer, to endure, to bear","souffrir, endurer, supporter",,,,
84,C1,1181,beschützen,,,"to protect, to defend (security)","protéger, défendre (sécurité)",2. prefix,be,B1,schützen,"to defend (lawyer), to protect (sunprotection)","défendre (avocat), protéger (protection solaire)",,,,
84,C1,1184,begrenzen,,,"to limit, to restrict, to bound","limiter, resteindre, confiner",2. prefix,be,C1,grenzen,"to abut, to approach, to border, to limit",limiter,,,,
84,C1,1186,anfragen,,,"to ask, to inquire, to enquire, to request",demander,2. prefix,an,A1,fragen,"to ask, to wonder (refl.)","demander, se demander (réfl.)",to add intensity to a reference point → an,,,
84,C1,1188,gebieten,,,"to command, to demand, to bid, to dominate","dominer, ordonner",2. prefix,ge,A2,bieten,"to offer, to bid, to arise, to occur (of an opportunity) (refl.)","offrir, enchérir, surgir, se produire (d'une opportunité) (réfl.)",,,,
84,C1,1189,geleiten,,,"to accompany, to escort, to conduct",accompagner,2. prefix,ge,B2,leiten,"to lead, to manage, to conduct","diriger, gérer, conduire",,,,
84,C1,1193,beleben,,,"to invigorate, to animate, to revive","animer, revivre, relancer",2. prefix,be,A1,leben,to live,vivre,,,,
84,C1,1194,erlöschen,,,"to go out, to die out, to expire",s'éteindre,2. prefix,er,B2,löschen,"to delete, to extinguish, to erase","supprimer, éteindre, effacer",,,,
84,C1,1198,ansteigen,,,"to rise, to increase, to ascend, to advance","s'élever, croître, monter, progresser",2. prefix,an,A2,steigen,"to ascend, to climb, to rise","monter, grimper, s'élever",,,,
84,C1,1199,anstreben,,,"to pursue, to seek, to strive for, to aim","poursuivre, chercher, s'efforcer d'obtenir, viser",2. prefix,an,C1,streben,"to strive, to tend to, to aspire","aspirer, s'efforcer, viser",,,,
84,C1,1200,ausstrahlen,,,"to emit, to broadcast, to radiate, to air","émettre, diffuser, rayonner",2. prefix,aus,C1,strahlen,"to radiate, to beam","rayonner, briller, illuminer",,,,
84,C1,1201,eintreffen,,,"to arrive, to come true, to happen","arriver, se réaliser, se produire",2. prefix,ein,A1,treffen,"to meet (refl.), to encounter (refl.), to hit, to affect","rencontrer (refl.), se rencontrer (refl.), heurter, frapper",,,,
84,C1,1203,erlernen,,,"to learn, to acquire, to master","apprendre, acquérir, maîtriser",2. prefix,er,A1,lernen,"to learn, to study, to train something","apprendre, étudier, se former à quelque chose",,,,
84,C1,1206,verschließen,,,"to close, to seal, to lock, to block","fermer, sceller, verrouiller, bloquer",2. prefix,ver,A1,schließen,"to shut, to close, to lock, to conclude","fermer, clore, verrouiller, conclure",,,,
84,C1,1207,ausarbeiten,,,"to develop, to draw up, to elaborate","développer, élaborer, mettre au point",2. prefix,aus,A1,arbeiten,to work,travailler,,,,
84,C1,1209,verbrechen,,,to commit (a crime),commettre (un crime),2. prefix,ver,A2,brechen,to break,"casser, briser",,,,
85,C1,1212,zusammenstoßen,,,"to collide, to brush, to bump","entrer en collision, se frôler, se heurter",2. prefix,zusammen,B2,stoßen,"to push, to bump, to kick, to thrust","pousser, cogner, donner un coup de pied",,,,
85,C1,1214,verstoßen,,,"to breach, to transgress, to violate","enfreindre, transgresser, violer",2. prefix,ver,B2,stoßen,"to push, to bump, to kick, to thrust","pousser, cogner, donner un coup de pied",,,,
85,C1,1215,vermischen,,,"to mix, to blend, to combine","mélanger, combiner",2. prefix,ver,B2,mischen,"to mix, to blend",mélanger,,,,
85,C1,1216,begleichen,,,"to acquit, to pay, to settle","acquitter, payer, régler",2. prefix,be,B2,gleichen,"to equal, to match, to resemble","égaler, ressembler",,,,
85,C1,1222,zulegen,,,"to add, to gain, to increase, to put on weight, to draw","ajouter, gagner, augmenter, prendre du poids, tirer",2. prefix,zu,A2,legen,"to lay, to lean, to lie down","poser, se pencher, s'allonger",,,,
85,C1,1223,vorweisen,,,to demonstrate,démontrer,2. prefix,vor,B2,weisen,"to point, to direct, to indicate","pointer, diriger, indiquer",,,,
85,C1,1227,auflisten,,,"to list, to catalogue","lister, cataloguer",2. prefix,auf,C1,listen,"to list, to allow in, to lead as a series","énumérer, citer",,,,
85,C1,1228,bedecken,,,"to cover, to conceal, to overlay","couvrir, dissimuler, recouvrir",2. prefix,be,B2,decken,"to cover, to set (a table), to hedge","couvrir, dresser (une table), se protéger",,,,
85,C1,1231,herausstellen,,,"to emphasize, to highlight, to put out","mettre en valeur, souligner, diffuser",2. prefix,heraus,A2,stellen,"to position, to put, to catch","positionner, mettre",,,,
85,C1,1232,nachgehen,,,"to pursue, to follow up","poursuivre, donner suite",2. prefix,nach,A1,gehen,"to go, to leave, to work, to function (coll.), to be going (Dat.), to be all right (Dat.)","aller, partir, fonctionner (familier)",,,,
85,C1,1236,ausnutzen,,,"to exploit, to take advantage of, to use","exploiter, tirer profit de, utiliser",2. prefix,aus,B1,nutzen,"to use, to utilize, to benefit from","utiliser, exploiter, bénéficier de",,,,
85,C1,1237,beschaffen,,,"to acquire, to obtain, to procure","acquérir, obtenir, se procurer",2. prefix,be,B2,schaffen,"to manage, to accomplish, to create","gérer, accomplir, créer",,,,
85,C1,1238,einholen,,,"to catch up, to reel in, to obtain","rattraper, obtenir",2. prefix,ein,A2,holen,to fetch,aller chercher,,,,
85,C1,1239,einsehen,,,"to realize, to understand, to recognize","réaliser, comprendre, reconnaître",2. prefix,ein,A1,sehen,"to see, to realise","voir, se rendre compte",,,,
85,C1,1240,hervorrufen,,,"to cause, to elicit, to bring about","provoquer, susciter, entraîner",2. prefix,hervor,B1,rufen,"to call, to shout, to summon","appeler, crier, convoquer",,,,
85,C1,1241,hinnehmen,,,"to accept, to take, to abide","accepter, prendre, supporter",2. prefix,hin,A1,nehmen,"to take, to cause oneself to be (in some state)","prendre, se mettre (dans un état)",,,,
85,C1,1244,übersehen,,,"to overlook, to miss, to ignore","négliger, manquer, ignorer",2. prefix,über,A1,sehen,"to see, to realise","voir, se rendre compte",,,,
85,C1,1245,wegziehen,,,"to move away, to leave","s'éloigner, partir",2. prefix,weg,A1,ziehen,"to pull, to drag, to move","tirer, traîner, déplacer",,,,
85,C1,1246,anschalten,,,"to switch on, to turn on, to activate","allumer, mettre en marche, activer",2. prefix,an,B2,schalten,"to switch, to shift gears, to turn on, to turn off","changer, changer de vitesse, allumer, éteindre",,,,
85,C1,1247,zurückrufen,,,"to call back, to recall","rappeler, se souvenir",2. prefix,zurück,B1,rufen,"to call, to shout, to summon","appeler, crier, convoquer",,,,
86,C1,1248,vorbeigehen,,,"to go by, to pass, to pass by","passer, passer devant",2. prefix,vorbei,A1,gehen,"to go, to leave, to work, to function (coll.), to be going (Dat.), to be all right (Dat.)","aller, partir, fonctionner (familier)",,,,
86,C1,1251,zurückschicken,,,"to send back, to return, to remit","renvoyer, retourner, remettre",2. prefix,zurück,A1,schicken,to send,envoyer,,,,
86,C1,1252,umschreiben,,,"to circumscribe, to paraphrase","circonscrire, paraphraser",2. prefix,um,A1,schreiben,to write,écrire,,,,
86,C1,1257,mitarbeiten,,,"to collaborate, to contribute, to cooperate","collaborer, contribuer, coopérer",2. prefix,mit,A1,arbeiten,to work,travailler,,,,
86,C1,1258,nachholen,,,"to catch up, to make up","rattraper, compenser",2. prefix,nach,A2,holen,to fetch,aller chercher,,,,
86,C1,1259,einschätzen,,,"to judge, to assess, to evaluate","juger, évaluer, apprécier",2. prefix,ein,B1,schätzen,"to appreciate, to evaluate, to guess","apprécier, évaluer",,,,
86,C1,1262,durchfallen,,,"to flunk, to fail, to fall through","échouer, se planter",2. prefix,durch,B1,fallen,"to fall, to fall in battle, to collapse","tomber, tomber au combat, s'effondrer",,,,
86,C1,1263,unterschätzen,,,"to underestimate, to underrate, to undervalue","sous-estimer, sous-évaluer, dévaloriser",2. prefix,unter,B1,schätzen,"to appreciate, to evaluate, to guess","apprécier, évaluer",,,,
86,C1,1265,untergehen,,,"to sink, to be destroyed, to disappear","couler, être détruit, disparaître",2. prefix,unter,A1,gehen,"to go, to leave, to work, to function (coll.), to be going (Dat.), to be all right (Dat.)","aller, partir, fonctionner (familier)",,,,
86,C1,1273,aufschlagen,,,"to hit, to strike, to open","frapper, ouvrir",2. prefix,auf,B1,schlagen,"to hit, to beat, to strike, to defeat","frapper, battre, vaincre",,,,
86,C1,1274,aufziehen,,,"to approach, to gather, to march","s'approcher, se rassembler, marcher",2. prefix,auf,A1,ziehen,"to pull, to drag, to move","tirer, traîner, déplacer",,,,
86,C1,1277,beheben,,,"to rectify, to remedy, to correct","rectifier, remédier, corriger",2. prefix,be,B1,heben,"to lift, to raise","soulever, élever",,,,
86,C1,1279,abwaschen,,,"to clean, to wash off","nettoyer, laver",2. prefix,ab,A1,waschen,to wash,laver,,,,
3,A1,30,bekommen,,,"to receive, to catch (e.g. a cold), to sit well with someone","recevoir, attraper (par exemple un rhume), s'entendre avec quelqu'un",3. no help,be,A1,kommen,"to come, to make it (e.g. over something), to go to, to occur","venir, aller à, se produire",,,,
3,A1,35,verstehen,,,"to understand, to get along with someone","comprendre, s'entendre avec quelqu'un",3. no help,ver,A1,stehen,"to stand, to be, to appear","être debout, apparaître",,,,
3,A1,40,anziehen,,,"to get dressed, to put on, to dress someone, to attract, to pull","s'habiller, mettre, habiller quelqu'un, attirer, tirer",3. no help,an,A1,ziehen,"to pull, to drag, to move","tirer, traîner, déplacer","to add the meaning of <i>on</i>, of a contact → an",,,
3,A1,41,ausziehen,,,"to take something off, to undress, to pull out, to move out","enlever quelque chose, se déshabiller, se retirer, sortir",3. no help,aus,A1,ziehen,"to pull, to drag, to move","tirer, traîner, déplacer","to add the meaning of ""out"", to extend, to complete → aus",,,
3,A1,44,erzählen,,,"to tell, to narrate","raconter, narrer",3. no help,er,A2,zählen,to count,compter,,,,
3,A1,64,wiederholen,,,to repeat,répéter,3. no help,wieder,A2,holen,to fetch,aller chercher,,,,
3,A1,65,übersetzen,,,to translate,traduire,3. no help,über,A2,setzen,"to set, to sit down (refl.)",s'asseoir (réfl.),to translate the prefix <i>trans-</i> → über,,,
3,A1,70,bezahlen,,,"to pay, to pay someone (transitive)","payer, payer quelqu'un (transitif)",3. no help,be,A1,zahlen,"to pay (for something), to atone for","payer (pour quelque chose), expier",to make an intransitive verb transitive → be,,,
3,A1,77,verkaufen,,,to sell,vendre,3. no help,ver,A1,kaufen,to buy,acheter,,,,
3,A1,79,besuchen,,,to visit,visiter,3. no help,be,A1,suchen,"to seek, to search","chercher, rechercher",,,,
6,A2,81,erklären,,,"to explain, to declare, to assert","expliquer, déclarer, affirmer",3. no help,er,B2,klären,"to clarify, to resolve, to clear up","clarifier, résoudre, éclaircir",,,,
6,A2,84,versuchen,,,"to try, to attempt","essayer, tenter",3. no help,ver,A1,suchen,"to seek, to search","chercher, rechercher",,,,
6,A2,92,anrufen,,,"to call by telephone, to call on (someone)",appeler par téléphone,3. no help,an,B1,rufen,"to call, to shout, to summon","appeler, crier, convoquer","to add the meaning of <i>on</i>, of a contact → an",,,
6,A2,93,aufhören,,,"to stop, to cease an activity or process","arrêter, cesser une activité ou un processus",3. no help,auf,A1,hören,"to hear, to listen to","entendre, écouter",,,,
6,A2,94,anfangen,,,to begin something new,commencer quelque chose de nouveau,3. no help,an,B2,fangen,to catch,attraper,"to indicate the action is partial, beginning → an",,,
6,A2,96,benutzen,,,to use (transitive),utiliser (transitif),3. no help,be,B1,nutzen,"to use, to utilize, to benefit from","utiliser, exploiter, bénéficier de",to make an intransitive verb transitive → be,,,
6,A2,101,aufstehen,,,"to get up, to be open (e.g. a window, door)","se lever, être ouvert (par exemple une fenêtre, une porte)",3. no help,auf,A1,stehen,"to stand, to be, to appear","être debout, apparaître",to add the meaning of <i>up</i> → auf,,,
6,A2,102,aufwachen,,,to wake up,se réveiller,3. no help,auf,C1,wachen,"to wake, to guard, to be awake","veiller, réveiller, surveiller",to add the meaning of <i>up</i> → auf,,,
6,A2,103,wehtun,,,"to hurt, to be painful","blesser, être douloureux",3. no help,weh,A1,tun,"to do, to do something to someone","faire, faire quelque chose à quelqu'un",,,,
6,A2,111,einladen,,,"to invite, to load (something into a container)","inviter, charger (quelque chose dans un conteneur)",3. no help,ein,B1,laden,"to load, to charge, to invite","charger, inviter","to add the meaning of <i>in</i>, <i>into</i> → ein",,,
6,A2,116,aussehen,,,"to look like, to appear","paraître, ressembler, apparaître",3. no help,aus,A1,sehen,"to see, to realise","voir, se rendre compte","to add the meaning of ""out"", to extend, to complete → aus",,,
6,A2,118,fernsehen,,,to watch TV,regarder la télévision,3. no help,fern,A1,sehen,"to see, to realise","voir, se rendre compte","to add the meaning of <i>remotely</i>, <i>from afar</i> → fern",,,
6,A2,122,ausgehen,,,"to go out, to run out (e.g. of money)","sortir, être à court (par exemple d'argent)",3. no help,aus,A1,gehen,"to go, to leave, to work, to function (coll.), to be going (Dat.), to be all right (Dat.)","aller, partir, fonctionner (familier)","to add the meaning of ""out"", to extend, to complete → aus",,,
6,A2,124,ankommen,,,"to arrive, to depend on something","arriver, dépendre de quelque chose",3. no help,an,A1,kommen,"to come, to make it (e.g. over something), to go to, to occur","venir, aller à, se produire","to add the meaning of <i>on</i>, of a contact → an",,,
6,A2,126,anmelden,,,"to register, to sign up, to sign on",s'inscrire,3. no help,an,A2,melden,"to report, to register","signaler, enregistrer","to add the meaning of <i>on</i>, of a contact → an",,,
6,A2,128,verlassen,,,"to leave, to trust with something (refl.), to pass away, to die","partir, confier quelque chose (réfl.), décéder, mourir",3. no help,ver,A2,lassen,"to let, to leave, to allow","laisser, quitter, permettre",,,,
6,A2,138,vorstellen,,,"to introduce, to present oneself (refl.), to move forward, to represent","introduire, se présenter (réfl.), représenter",3. no help,vor,A2,stellen,"to position, to put, to catch","positionner, mettre","to indicate that something is <i>in front</i>, a performance → vor",,,
6,A2,139,entscheiden,,,to decide,décider,3. no help,ent,B2,scheiden,"to separate, to divorce, to part","se séparer, divorcer",,,,
6,A2,148,empfehlen,,,"to recommend, to suggest","recommander, suggérer",3. no help,emp,A2,fehlen,"to lack, to be absent or missing","manquer, être absent ou manquant",,,,
6,A2,152,annehmen,,,"to accept, to assume (a hypothesis), to receive, to suppose","accepter, supposer (une hypothèse), recevoir",3. no help,an,A1,nehmen,"to take, to cause oneself to be (in some state)","prendre, se mettre (dans un état)","to add the meaning of <i>on</i>, of a contact → an",,,
6,A2,153,aussteigen,,,"to exit, to get off","sortir, descendre",3. no help,aus,A2,steigen,"to ascend, to climb, to rise","monter, grimper, s'élever","to add the meaning of ""out"", to extend, to complete → aus",,,
6,A2,154,einsteigen,,,"to enter, to get in, to board","entrer, monter à bord, embarquer",3. no help,ein,A2,steigen,"to ascend, to climb, to rise","monter, grimper, s'élever","to add the meaning of <i>in</i>, <i>into</i> → ein",,,
6,A2,155,vorbereiten,,,"to prepare, to get ready, to prepare in advance",se préparer,3. no help,vor,C1,bereiten,"to prepare, to cause","préparer, provoquer","to add the meaning of <i>pre-</i>, that something is <i>before</i>, <i>in advance</i> → vor",,,
6,A2,156,umziehen,,,"to move (house), to change clothes","déménager, changer de vêtements",3. no help,um,A1,ziehen,"to pull, to drag, to move","tirer, traîner, déplacer",to add the meaning of <i>around</i> → um,,,
6,A2,158,entdecken,,,"to discover, to find","découvrir, trouver",3. no help,ent,B2,decken,"to cover, to set (a table), to hedge","couvrir, dresser (une table), se protéger",,,,
15,B1,161,verändern,,,"to alter, to change something","modifier, changer quelque chose",3. no help,ver,A2,ändern,to change (one's personality or behavior),changer (sa personnalité ou son comportement),,,,
15,B1,162,stattfinden,,,"to take place, to occur","avoir lieu, se produire",3. no help,statt,A1,finden,to find,trouver,"to add the meaning of ""out"", to extend, to complete → aus",,,
15,B1,164,versprechen,,,"to promise, to hope for, to misspeak","promettre, espérer",3. no help,ver,A1,sprechen,to speak,parler (une langue),,,,
15,B1,165,erkennen,,,"to recognize, to realise","reconnaître, réaliser",3. no help,er,A1,kennen,"to know, to be acquainted with, to be familiar with","connaître, être familier avec",,,,
15,B1,166,besitzen,,,"to own, to possess, to have","posséder, avoir",3. no help,be,A1,sitzen,"to be seated, to stay, to fit (of clothing)","être assis, rester",,,,
15,B1,167,übernehmen,,,to take over,"prendre le relais, prendre le contrôle",3. no help,über,A1,nehmen,"to take, to cause oneself to be (in some state)","prendre, se mettre (dans un état)","to add the meaning of <i>over</i>, to translate the prefix <i>sur</i> → über",,,
15,B1,168,enthalten,,,"to contain, to include","contenir, inclure",3. no help,ent,A1,halten,"to hold, to stop (a movement), to support, to keep","tenir, arrêter (un mouvement), soutenir, garder",,,,
15,B1,174,erwarten,,,"to expect, to await",s'attendre à,3. no help,er,A1,warten,"to wait, to maintain (e.g. a car)","attendre, entretenir (par exemple une voiture)",,,,
15,B1,175,behalten,,,to keep,garder,3. no help,be,A1,halten,"to hold, to stop (a movement), to support, to keep","tenir, arrêter (un mouvement), soutenir, garder",,,,
15,B1,176,verpassen,,,"to miss (to be late for something, e.g. a train)","manquer (être en retard pour quelque chose, par exemple un train)",3. no help,ver,A2,passen,"to fit, to suit","s'adapter, convenir",,,,
15,B1,180,befinden,,,"to be located (refl.), to find, to consider (formal)","être localisé (réfl.), trouver, considérer (formel)",3. no help,be,A1,finden,to find,trouver,,,,
15,B1,185,einkaufen,,,to shop,"faire les courses, faire du shopping",3. no help,ein,A1,kaufen,to buy,acheter,"to add the meaning of <i>in</i>, <i>into</i> → ein",,,
15,B1,186,bestimmen,,,"to determine, to assign, to decide, to ascertain","déterminer, fixer, décider, identifier, assigner",3. no help,be,B1,stimmen,"to be true, to vote, to tune","être vrai, voter, s'accorder",,,,
15,B1,195,beenden,,,"to finish, to end, to complete","finir, terminer, achever",3. no help,be,B1,enden,"to end, to finish, to conclude","terminer, achever, conclure",to make an intransitive verb transitive → be,,,
15,B1,197,erhalten,,,"to receive, to get, to obtain, to preserve","recevoir, obtenir, acquérir, préserver",3. no help,er,A1,halten,"to hold, to stop (a movement), to support, to keep","tenir, arrêter (un mouvement), soutenir, garder",,,,
15,B1,199,verdienen,,,"to earn, to deserve","gagner, mériter",3. no help,ver,B1,dienen,"to serve, to function","servir, fonctionner",,,,
15,B1,205,kennenlernen,,,"to meet someone, to get to know someone","rencontrer quelqu'un, apprendre à connaître quelqu'un",3. no help,kennen,A1,lernen,"to learn, to study, to train something","apprendre, étudier, se former à quelque chose",,,,
16,B1,207,ersetzen,,,"to replace, to substitute, to compensate for","remplacer, substituer, compenser",3. no help,er,A2,setzen,"to set, to sit down (refl.)",s'asseoir (réfl.),,,,
16,B1,210,vorschlagen,,,"to suggest, to propose","suggérer, proposer",3. no help,vor,B1,schlagen,"to hit, to beat, to strike, to defeat","frapper, battre, vaincre","to indicate that something is <i>in front</i>, a performance → vor",,,
16,B1,211,teilnehmen,,,"to participate, to take part, to partake","participer, prendre part",3. no help,teil,A1,nehmen,"to take, to cause oneself to be (in some state)","prendre, se mettre (dans un état)",,,,
16,B1,212,überprüfen,,,"to check, to examine, to verify","vérifier, examiner",3. no help,über,B2,prüfen,"to check, to examine, to test, to investigate","vérifier, examiner, tester, enquêter",,,,
16,B1,213,beraten,,,"to advise, to consult, to discuss","conseiller, consulter, discuter",3. no help,be,B1,raten,"to advise, to recommend, to guess","conseiller, recommander, deviner",to make an intransitive verb transitive → be,,,
16,B1,214,bewerben,,,"to apply (for a job, position)","postuler (à un emploi, un poste)",3. no help,be,B2,werben,"to advertise, to recruit","faire de la publicité, recruter",,,,
16,B1,216,anbieten,,,"to offer, to provide, to propose","offrir, fournir, proposer",3. no help,an,A2,bieten,"to offer, to bid, to arise, to occur (of an opportunity) (refl.)","offrir, enchérir, surgir, se produire (d'une opportunité) (réfl.)",,,,
16,B1,217,mitnehmen,,,"to take along, to take with",emporter,3. no help,mit,A1,nehmen,"to take, to cause oneself to be (in some state)","prendre, se mettre (dans un état)","to add the meaning of <i>along</i>, <i>with</i> → mit",,,
16,B1,218,mitbringen,,,"to bring along, to bring with",apporter,3. no help,mit,A1,bringen,"to bring, to take, to lead","apporter, prendre, conduire","to add the meaning of <i>along</i>, <i>with</i> → mit",,,
16,B1,220,aufpassen,,,"to pay attention, to watch out, to take care","faire attention, prendre soin",3. no help,auf,A2,passen,"to fit, to suit","s'adapter, convenir",,,,
16,B1,224,abholen,,,"to pick up, to collect","ramasser, collecter",3. no help,ab,A2,holen,to fetch,aller chercher,"to add the meaning of <i>off</i>, <i>away</i> → ab",,,
16,B1,227,zustimmen,,,"to agree, to consent, to approve","être d'accord, consentir, approuver",3. no help,zu,B1,stimmen,"to be true, to vote, to tune","être vrai, voter, s'accorder",,,,
16,B1,231,sich verlieben,,,to fall in love,tomber amoureux,3. no help,ver,A1,lieben,to love,"aimer, être amoureux de",,,,
16,B1,232,aufräumen,,,"to tidy up, to clean up, to clear","ranger, nettoyer, débarrasser",3. no help,auf,B2,räumen,"to clear, to remove, to vacate","déblayer, débrancher, dégager",to add the meaning of <i>up</i> → auf,,,
16,B1,233,beschreiben,,,"to describe, to depict","décrire, représenter",3. no help,be,A1,schreiben,to write,écrire,to discuss or mention an object → be,,,
16,B1,234,verbinden,,,"to connect, to link, to join, to bandage","connecter, lier, joindre, bander",3. no help,ver,B2,binden,"to tie, to bind, to attach","attacher, lier",,,,
16,B1,235,abhängen,,,"to depend on, to hang out (coll.)","dépendre de, fréquenter (coll.)",3. no help,ab,A2,hängen,"to hang, to be fond of, depend on","accrocher, aimer, dépendre de",,,,
17,B1,237,zurückgeben,,,"to return, to give back, to answer back","rendre, répondre",3. no help,zurück,A1,geben,to give,donner,to add the meaning of <i>back</i> → zurück,,,
17,B1,238,mitkommen,,,"to come along, to keep up","venir, suivre",3. no help,mit,A1,kommen,"to come, to make it (e.g. over something), to go to, to occur","venir, aller à, se produire","to add the meaning of <i>along</i>, <i>with</i> → mit",,,
17,B1,240,ausruhen,,,"to rest, to relax","se reposer, se détendre",3. no help,aus,C1,ruhen,"to rest, to be at rest, to repose",reposer,"to add the meaning of ""out"", to extend, to complete → aus",,,
17,B1,242,verbringen,,,"to spend (time), to pass",passer (du temps),3. no help,ver,A1,bringen,"to bring, to take, to lead","apporter, prendre, conduire",,,,
17,B1,243,vorhaben,,,"to intend, to plan, to be up to","avoir l'intention de, planifier, être à la hauteur",3. no help,vor,A1,haben,"to have, to contain","avoir, contenir","to add the meaning of <i>pre-</i>, that something is <i>before</i>, <i>in advance</i> → vor",,,
17,B1,244,erleben,,,"to experience, to live through","expérimenter, vivre",3. no help,er,A1,leben,to live,vivre,,,,
17,B1,246,sich erholen,,,"to recover, to recuperate","récupérer, se rétablir",3. no help,er,A2,holen,to fetch,aller chercher,,,,
17,B1,247,erfahren,,,"to learn, to find out, to experience","apprendre, découvrir, expérimenter",3. no help,er,A1,fahren,"to go (by vehicle), to leave, to drive","aller (en véhicule), partir, conduire",,,,
17,B1,254,verbieten,,,"to forbid, to prohibit","interdire, prohiber",3. no help,ver,A2,bieten,"to offer, to bid, to arise, to occur (of an opportunity) (refl.)","offrir, enchérir, surgir, se produire (d'une opportunité) (réfl.)",equivalent of english <i>for</i> → ver,,,
17,B1,255,unterschreiben,,,"to sign, to subscribe, to unterwrite","signer, souscrire",3. no help,unter,A1,schreiben,to write,écrire,"to add the meaning of <i>under</i>, to translate the prefix <i>sub-</i> → unter",,,
17,B1,256,empfangen,,,"to receive, to welcome, to greet","recevoir, accueillir, saluer",3. no help,emp,B2,fangen,to catch,attraper,,,,
17,B1,257,bestellen,,,"to order, to reserve","commander, réserver",3. no help,be,A2,stellen,"to position, to put, to catch","positionner, mettre",,,,
17,B1,267,aufnehmen,,,"to record, to take in, to absorb, to include","enregistrer, assimiler, absorber, inclure",3. no help,auf,A1,nehmen,"to take, to cause oneself to be (in some state)","prendre, se mettre (dans un état)",to add the meaning of <i>up</i> → auf,,,
17,B1,270,beantworten,,,"to answer, to reply to (transitive)","répondre, répliquer à (transitif)",3. no help,be,A2,antworten,"to answer, to reply","répondre, répliquer",to make an intransitive verb transitive → be,,,
17,B1,274,besprechen,,,"to discuss, to talk about","discuter, parler de",3. no help,be,A1,sprechen,to speak,parler (une langue),to discuss or mention an object → be,,,
17,B1,275,erfinden,,,"to invent, to make up, to fabricate","inventer, fabriquer",3. no help,er,A1,finden,to find,trouver,,,,
18,B1,277,unterrichten,,,"to teach, to instruct, to inform","enseigner, instruire, informer",3. no help,unter,B2,richten,"to direct, to adjust, to focus, to judge","diriger, ajuster, focaliser, juger",,,,
18,B1,278,bestehen,,,"to pass, to exist, to consist, to insist","passer, exister, consister, insister",3. no help,be,A1,stehen,"to stand, to be, to appear","être debout, apparaître",to work on or change the state of an object → be,,,
18,B1,279,abschließen,,,"to complete, to conclude, to lock","compléter, conclure, verrouiller",3. no help,ab,A1,schließen,"to shut, to close, to lock, to conclude","fermer, clore, verrouiller, conclure","to add the meaning of <i>off</i>, <i>away</i> → ab",,,
18,B1,281,ausbilden,,,"to train, to educate, to develop","former, éduquer, développer (une compétence)",3. no help,aus,B1,bilden,"to form, to constitute, to educate","former, constituer, éduquer","to add the meaning of ""out"", to extend, to complete → aus",,,
18,B1,282,herausfinden,,,"to find out, to discover, to figure out","découvrir, comprendre",3. no help,heraus,A1,finden,to find,trouver,,,,
18,B1,285,zurückkommen,,,"to come back, to return","revenir, retourner",3. no help,zurück,A1,kommen,"to come, to make it (e.g. over something), to go to, to occur","venir, aller à, se produire",to add the meaning of <i>back</i> → zurück,,,
18,B1,286,zerstören,,,"to destroy, to ruin","détruire, ruiner",3. no help,zer,A2,stören,"to disturb, to interfere","déranger, interférer",,,,
18,B1,289,absagen,,,"to cancel, to call off",annuler,3. no help,ab,A1,sagen,"to say, to tell","dire, raconter","to add the meaning of <i>off</i>, <i>away</i> → ab",,,
18,B1,293,empfinden,,,"to feel, to sense, to perceive","sentir, pressentir, percevoir",3. no help,emp,A1,finden,to find,trouver,,,,
18,B1,294,beobachten,,,"to observe, to watch, to monitor","observer, surveiller",3. no help,beob,B1,achten,"to respect, to pay attention to, to heed","respecter, prêter attention à",,,,
18,B1,303,herunterladen,,,to download,télécharger,3. no help,herunter,B1,laden,"to load, to charge, to invite","charger, inviter",,,,
18,B1,304,berichten,,,"to report, to inform, to cover","signaler, informer, couvrir",3. no help,be,B2,richten,"to direct, to adjust, to focus, to judge","diriger, ajuster, focaliser, juger",to discuss or mention an object → be,,,
18,B1,307,umsteigen,,,"to change, to transfer, to switch","changer, transférer, commuter",3. no help,um,A2,steigen,"to ascend, to climb, to rise","monter, grimper, s'élever",,,,
18,B1,314,vermeiden,,,"to avoid, to prevent","éviter, empêcher",3. no help,ver,C1,meiden,"to avoid, to shun","éviter, fuir",,,,
18,B1,317,verstecken,,,"to hide, to conceal","cacher, dissimuler",3. no help,ver,B2,stecken,"to stick, to pin","coller, épingler",,,,
18,B1,320,ausgeben,,,"to spend, to expend, to issue","dépenser, émettre",3. no help,aus,A1,geben,to give,donner,"to add the meaning of ""out"", to extend, to complete → aus",,,
31,B2,321,darstellen,,,"to depict, to portray, to represent, to illustrate","dépeindre, représenter, illustrer",3. no help,dar,A2,stellen,"to position, to put, to catch","positionner, mettre",,,,
31,B2,323,erreichen,,,"to reach, to achieve, to attain","atteindre, réaliser, parvenir",3. no help,er,B2,reichen,"to reach, to hand, to be enough","atteindre, mettre la main, être suffisant",,,,
31,B2,326,herstellen,,,"to produce, to make, to establish","produire, fabriquer, établir",3. no help,her,A2,stellen,"to position, to put, to catch","positionner, mettre",,,,
31,B2,330,verwenden,,,"to use, to employ, to utilize","utiliser, employer, exploiter",3. no help,ver,B2,wenden,"to turn, to reverse, to address","tourner, inverser, s'adresser",,,,
31,B2,331,verschieben,,,"to postpone, to move, to shift","reporter, déplacer, décaler",3. no help,ver,B2,schieben,"to push, to shove, to wheel","pousser, bousculer, faire tourner",,,,
31,B2,332,feststellen,,,"to determine, to ascertain, to notice","déterminer, constater, remarquer",3. no help,fest,A2,stellen,"to position, to put, to catch","positionner, mettre",,,,
31,B2,333,unterhalten,,,"to entertain, to maintain, to support, to convert","divertir, entretenir, soutenir, convertir",3. no help,unter,A1,halten,"to hold, to stop (a movement), to support, to keep","tenir, arrêter (un mouvement), soutenir, garder",,,,
31,B2,334,einstellen,,,"to hire, to adjust, to stop","embaucher, ajuster, arrêter",3. no help,ein,A2,stellen,"to position, to put, to catch","positionner, mettre","to add the meaning of <i>in</i>, <i>into</i> → ein",,,
31,B2,339,überlegen,,,"to consider, to think about, to reflect, to lay over","considérer, penser à, réfléchir, recouvrir, poser par-dessus",3. no help,über,A2,legen,"to lay, to lean, to lie down","poser, se pencher, s'allonger",,,,
31,B2,340,unternehmen,,,"to undertake, to attempt, to take action","entreprendre, tenter, agir",3. no help,unter,A1,nehmen,"to take, to cause oneself to be (in some state)","prendre, se mettre (dans un état)","to add the meaning of <i>under</i>, to translate the prefix <i>sub-</i> → unter",,,
31,B2,342,vertreten,,,"to represent, to advocate, to stand in for","représenter, défendre, se substituer",3. no help,ver,B2,treten,"to step, to kick, to enter","marcher, donner un coup de pied, entrer",,,,
31,B2,345,durchführen,,,"to carry out, to conduct, to implement","réaliser, mener, mettre en œuvre",3. no help,durch,A2,führen,"to lead, to guide","guider, conduire",to add the meaning of <i>through</i> → durch,,,
31,B2,347,untersuchen,,,"to investigate, to examine, to analyze","enquêter, examiner, analyser",3. no help,unter,A1,suchen,"to seek, to search","chercher, rechercher",,,,
31,B2,348,verraten,,,"to betray, to reveal","trahir, révéler",3. no help,ver,B1,raten,"to advise, to recommend, to guess","conseiller, recommander, deviner",,,,
31,B2,349,entstehen,,,"to arise, to develop, to come into being","surgir, se développer, naître",3. no help,ent,A1,stehen,"to stand, to be, to appear","être debout, apparaître",,,,
31,B2,350,abgeben,,,"to submit, to hand in, to deliver","soumettre, remettre, livrer",3. no help,ab,A1,geben,to give,donner,"to add the meaning of <i>off</i>, <i>away</i> → ab",,,
31,B2,356,ablehnen,,,"to refuse, to reject, to decline","refuser, rejeter, décliner",3. no help,ab,C2,lehnen,to lean,se pencher,,,,
31,B2,357,einsetzen,,,"to use, to apply, to deploy, to insert","utiliser, appliquer, déployer, insérer",3. no help,ein,A2,setzen,"to set, to sit down (refl.)",s'asseoir (réfl.),"to add the meaning of <i>in</i>, <i>into</i> → ein",,,
31,B2,361,auswählen,,,"to choose, to select","choisir, sélectionner",3. no help,aus,A2,wählen,"to choose, to dial (a number), to vote","choisir, composer (un numéro), voter","to add the meaning of ""out"", to extend, to complete → aus",,,
31,B2,372,behandeln,,,"to treat, to handle, to deal with","traiter, manipuler, faire face à",3. no help,be,B1,handeln,"to act, to deal, to trade, to negotiate","agir, traiter, commercer, négocier",,,,
31,B2,373,ansehen,,,"to look at something, to watch something","regarder quelque chose, observer quelque chose",3. no help,an,A1,sehen,"to see, to realise","voir, se rendre compte",to add intensity to a reference point → an,,,
32,B2,374,mitteilen,,,"to inform, to notify, to communicate","informer, notifier, communiquer",3. no help,mit,A2,teilen,"to split, to share, to divide","diviser, partager","to add the meaning of <i>along</i>, <i>with</i> → mit",,,
32,B2,375,erstellen,,,"to create, to prepare, to compile","créer, préparer, compiler",3. no help,er,A2,stellen,"to position, to put, to catch","positionner, mettre",,,,
32,B2,377,bedienen,,,"to serve, to operate, to use","servir, opérer, utiliser",3. no help,be,B1,dienen,"to serve, to function","servir, fonctionner",to make an intransitive verb transitive → be,,,
32,B2,380,zuhören,,,to listen to someone (with dative),écouter quelqu'un,3. no help,zu,A1,hören,"to hear, to listen to","entendre, écouter",,,,
32,B2,383,übertragen,,,"to transfer, to transmit, to broadcast","transférer, transmettre, diffuser",3. no help,über,A1,tragen,"to wear (clothing), to carry, to hold","porter (des vêtements), transporter, tenir",to translate the prefix <i>trans-</i> → über,,,
32,B2,384,verteilen,,,"to distribute, to allocate, to hand out","distribuer, attribuer",3. no help,ver,A2,teilen,"to split, to share, to divide","diviser, partager",,,,
32,B2,387,zunehmen,,,"to increase, to gain (weight), to rise","augmenter, prendre (du poids), s'élever",3. no help,zu,A1,nehmen,"to take, to cause oneself to be (in some state)","prendre, se mettre (dans un état)",,,,
32,B2,388,entsprechen,,,"to correspond, to match, to comply with","correspondre, égaler, se conformer à",3. no help,ent,A1,sprechen,to speak,parler (une langue),,,,
32,B2,389,mitmachen,,,"to participate, to join in, to go along","participer, se joindre à, accompagner",3. no help,mit,A1,machen,"to make, to prepare, to do","faire, préparer","to add the meaning of <i>along</i>, <i>with</i> → mit",,,
32,B2,391,erfüllen,,,"to fulfill, to satisfy, to carry out","accomplir, satisfaire, réaliser",3. no help,er,B2,füllen,"to fill, to stuff","remplir, farcir",,,,
32,B2,405,erfolgen,,,"to occur, to take place","se produire, avoir lieu",3. no help,er,A2,folgen,to follow,suivre,,,,
32,B2,409,begründen,,,"to justify, to explain, to establish","justifier, expliquer, établir",3. no help,be,B2,gründen,"to found, to establish, to start","fonder, établir, démarrer",,,,
32,B2,411,festlegen,,,"to define, to determine, to set","définir, déterminer, établir",3. no help,fest,A2,legen,"to lay, to lean, to lie down","poser, se pencher, s'allonger",,,,
32,B2,414,ausfüllen,,,"to complete, to fill in, to fill out","compléter, remplir",3. no help,aus,B2,füllen,"to fill, to stuff","remplir, farcir","to add the meaning of ""out"", to extend, to complete → aus",,,
32,B2,417,einziehen,,,"to move in, to penetrate, to infiltrate","s'introduire, pénétrer, s'infiltrer",3. no help,ein,A1,ziehen,"to pull, to drag, to move","tirer, traîner, déplacer","to add the meaning of <i>in</i>, <i>into</i> → ein",,,
32,B2,420,eingehen,,,"to shrink (textile), to wither, to die (plants, animals), to assume something","rétrécir (textile), se faner, mourir (plantes, animaux), prendre quelque chose",3. no help,ein,A1,gehen,"to go, to leave, to work, to function (coll.), to be going (Dat.), to be all right (Dat.)","aller, partir, fonctionner (familier)",,,,
32,B2,430,nachdenken,,,"to think about, to reflect, to ponder","penser à, réfléchir, méditer",3. no help,nach,A1,denken,"to think, to consider","penser, considérer",to indicate a purposeful action → nach,,,
32,B2,432,einrichten,,,"to set up, to furnish, to arrange","installer, meubler, aménager",3. no help,ein,B2,richten,"to direct, to adjust, to focus, to judge","diriger, ajuster, focaliser, juger",,,,
32,B2,435,beachten,,,"to notice, to pay attention to, to observe","remarquer, prêter attention à, observer",3. no help,be,B1,achten,"to respect, to pay attention to, to heed","respecter, prêter attention à",to make an intransitive verb transitive → be,,,
32,B2,438,anzeigen,,,"to report, to indicate, to display","signaler, indiquer, afficher",3. no help,an,A1,zeigen,"to show, to point at, to demonstrate","montrer, pointer du doigt, démontrer","to add the meaning of <i>on</i>, of a contact → an",,,
32,B2,442,eröffnen,,,"to open, to inaugurate","ouvrir, inaugurer",3. no help,er,A1,öffnen,to open,ouvrir,,,,
33,B2,451,abnehmen,,,"to decrease, to lose weight, to remove","diminuer, perdre du poids, éliminer",3. no help,ab,A1,nehmen,"to take, to cause oneself to be (in some state)","prendre, se mettre (dans un état)","to add the meaning of <i>off</i>, <i>away</i> → ab",,,
33,B2,452,beweisen,,,"to prove, to demonstrate","prouver, démontrer",3. no help,be,B2,weisen,"to point, to direct, to indicate","pointer, diriger, indiquer",,,,
33,B2,454,erscheinen,,,"to appear, to be published, to seem","apparaître, être publié, sembler",3. no help,er,A2,scheinen,"to shine, to seem (formal)","briller, paraître (formel)",,,,
33,B2,457,beschließen,,,"to decide, to resolve","décider, résoudre",3. no help,be,A1,schließen,"to shut, to close, to lock, to conclude","fermer, clore, verrouiller, conclure",to work on or change the state of an object → be,,,
33,B2,458,bearbeiten,,,"to edit, to process, to work on","éditer, traiter, travailler sur",3. no help,be,A1,arbeiten,to work,travailler,to work on or change the state of an object → be,,,
33,B2,459,hinweisen,,,"to indicate, to point out, to refer","indiquer, faire remarquer, se référer",3. no help,hin,B2,weisen,"to point, to direct, to indicate","pointer, diriger, indiquer",,,,
33,B2,462,zulassen,,,"to allow, to permit, to license","permettre, autoriser, autoriser",3. no help,zu,A2,lassen,"to let, to leave, to allow","laisser, quitter, permettre",,,,
33,B2,465,belegen,,,"to prove, to occupy, to substantiate","prouver, occuper, étayer",3. no help,be,A2,legen,"to lay, to lean, to lie down","poser, se pencher, s'allonger",to work on or change the state of an object → be,,,
33,B2,466,auftreten,,,"to appear, to occur, to perform","apparaître, se produire, accomplir",3. no help,auf,B2,treten,"to step, to kick, to enter","marcher, donner un coup de pied, entrer",,,,
33,B2,467,angeben,,,"to state, to declare, to show off, to brag","déclarer, affirmer, se vanter",3. no help,an,A1,geben,to give,donner,,,,
33,B2,469,errichten,,,"to build, to erect, to establish","construire, ériger, établir",3. no help,er,B2,richten,"to direct, to adjust, to focus, to judge","diriger, ajuster, focaliser, juger",,,,
33,B2,470,ausrichten,,,"to align, to arrange, to organize","aligner, arranger, organiser",3. no help,aus,B2,richten,"to direct, to adjust, to focus, to judge","diriger, ajuster, focaliser, juger","to add the meaning of ""out"", to extend, to complete → aus",,,
33,B2,473,unterstreichen,,,"to underline, to emphasize, to highlight","souligner, mettre en valeur, mettre en valeur",3. no help,unter,B2,streichen,"to stroke, to cancel, to spread, to rub, to paint","caresser, annuler, étaler, frotter, peindre","to add the meaning of <i>under</i>, to translate the prefix <i>sub-</i> → unter",,,
33,B2,476,erzielen,,,"to achieve, to obtain, to reach","atteindre, obtenir, parvenir",3. no help,er,C1,zielen,"to aim, to target, to focus on","viser, cibler, se concentrer sur",,,,
33,B2,482,beitragen,,,to contribute,contribuer,3. no help,bei,A1,tragen,"to wear (clothing), to carry, to hold","porter (des vêtements), transporter, tenir",to add the meaning of <i>co</i> → bei,,,
33,B2,483,berechnen,,,"to calculate, to charge","calculer, facturer",3. no help,be,B1,rechnen,"to calculate, to expect, to count on","calculer, s'attendre à, compter sur",,,,
33,B2,486,bezeichnen,,,"to designate, to label, to describe","désigner, étiqueter, décrire",3. no help,be,A2,zeichnen,"to draw, to sketch","dessiner, esquisser",to discuss or mention an object → be,,,
33,B2,489,umgehen,,,"to handle, to deal with, to avoid","gérer, faire face à, éviter",3. no help,um,A1,gehen,"to go, to leave, to work, to function (coll.), to be going (Dat.), to be all right (Dat.)","aller, partir, fonctionner (familier)",to add the meaning of <i>around</i> → um,,,
33,B2,490,anpassen,,,"to adapt, to adjust","s'adapter, ajuster",3. no help,an,A2,passen,"to fit, to suit","s'adapter, convenir",,,,
33,B2,491,unterscheiden,,,"to distinguish, to differentiate","distinguer, différencier",3. no help,unter,B2,scheiden,"to separate, to divorce, to part","se séparer, divorcer",,,,
33,B2,492,verfolgen,,,"to pursue, to track, to follow, to prosecute","poursuivre, pister, suivre",3. no help,ver,A2,folgen,to follow,suivre,,,,
34,B2,493,anschließen,,,"to join, to attach, to affiliate, to connect","rejoindre, attacher, s'affilier, se connecter",3. no help,an,A1,schließen,"to shut, to close, to lock, to conclude","fermer, clore, verrouiller, conclure","to add the meaning of <i>on</i>, of a contact → an",,,
34,B2,495,betreffen,,,"to concern, to affect","concerner, affecter",3. no help,be,A1,treffen,"to meet (refl.), to encounter (refl.), to hit, to affect","rencontrer (refl.), se rencontrer (refl.), heurter, frapper",,,,
34,B2,496,vorkommen,,,"to occur, to happen, to advance","se produire, arriver, progresser",3. no help,vor,A1,kommen,"to come, to make it (e.g. over something), to go to, to occur","venir, aller à, se produire",to add the meaning of <i>forward</i> → vor,,,
34,B2,498,zusammenarbeiten,,,"to cooperate, to collaborate","coopérer, collaborer",3. no help,zusammen,A1,arbeiten,to work,travailler,"to add the meaning of <i>co</i>, <i>together</i> → zusammen",,,
34,B2,499,hochladen,,,to upload,"uploader, télécharger",3. no help,hoch,B1,laden,"to load, to charge, to invite","charger, inviter",,,,
34,B2,500,abmelden,,,"to deregister, to unsubscribe, to log out","se désinscrire, se désabonner, se déconnecter",3. no help,ab,A2,melden,"to report, to register","signaler, enregistrer",,,,
34,B2,502,bedanken,,,to thank,remercier,3. no help,be,A2,danken,to thank,remercier,,,,
34,B2,503,verlaufen,,,"to proceed, to pass, to go (in a certain way)","procéder, passer, aller (d'une certaine manière)",3. no help,ver,A1,laufen,"to walk, to flow (of a fluid), to run (of an event)","marcher, couler (un fluide), se dérouler (un événement)",,,,
34,B2,505,eingeben,,,"to enter, to input, to give, to supply","entrer, saisir, donner, fournir",3. no help,ein,A1,geben,to give,donner,"to add the meaning of <i>in</i>, <i>into</i> → ein",,,
34,B2,507,umtauschen,,,"to convert, to exchange (currency)","convertir, échanger (monnaie)",3. no help,um,C1,tauschen,"to swap, to trade, to exchange","échanger, troquer, échanger",,,,
34,B2,510,nachfragen,,,"to ask, to inquire, to demand","demander, s'enquérir, exiger",3. no help,nach,A1,fragen,"to ask, to wonder (refl.)","demander, se demander (réfl.)",to indicate a purposeful action → nach,,,
34,B2,515,aufmachen,,,"to open (coll.), to head or move off (refl.), to undo something","ouvrir (familier), se diriger ou s'éloigner (réfl.), défaire quelque chose",3. no help,auf,A1,machen,"to make, to prepare, to do","faire, préparer",,,,
34,B2,517,verleihen,,,"to award, to grant, to lend","attribuer, accorder, prêter",3. no help,ver,B1,leihen,"to lend, to borrow","prêter, emprunter",,,,
34,B2,520,einschalten,,,"to switch on, to intervene, to turn on","allumer, intervenir",3. no help,ein,B2,schalten,"to switch, to shift gears, to turn on, to turn off","changer, changer de vitesse, allumer, éteindre",,,,
34,B2,524,austauschen,,,"to exchange, to replace, to swap","échanger, remplacer, permuter",3. no help,aus,C1,tauschen,"to swap, to trade, to exchange","échanger, troquer, échanger","to add the meaning of ""out"", to extend, to complete → aus",,,
34,B2,525,zusammenfassen,,,"to summarize, to condense, to abstract","résumer, condenser, abstraire",3. no help,zusammen,B2,fassen,"to grasp, to seize, to capture, to comprehend","saisir, capturer, comprendre","to add the meaning of <i>co</i>, <i>together</i> → zusammen",,,
34,B2,530,abfahren,,,"to depart, to leave","partir, quitter",3. no help,ab,A1,fahren,"to go (by vehicle), to leave, to drive","aller (en véhicule), partir, conduire","to add the meaning of <i>off</i>, <i>away</i> → ab",,,
34,B2,536,zubereiten,,,"to prepare (food), to cook","préparer (de la nourriture), cuisiner",3. no help,zu,C1,bereiten,"to prepare, to cause","préparer, provoquer",,,,
34,B2,538,sich verhalten,,,"to behave (refl.), to act (refl.), to press (coll.)","se comporter (réfl.), agir (réfl.), faire pression (familier)",3. no help,ver,A1,halten,"to hold, to stop (a movement), to support, to keep","tenir, arrêter (un mouvement), soutenir, garder",,,,
34,B2,539,überweisen,,,"to transfer (money), to refer (a patient)","transférer (de l'argent), référer (un patient)",3. no help,über,B2,weisen,"to point, to direct, to indicate","pointer, diriger, indiquer",to translate the prefix <i>trans-</i> → über,,,
35,B2,541,ansprechen,,,"to address, to speak to, to appeal to","s'adresser à, parler à, faire appel à",3. no help,an,A1,sprechen,to speak,parler (une langue),to add intensity to a reference point → an,,,
35,B2,543,zurückgehen,,,"to go back, to decrease, to decline","revenir en arrière, diminuer, décliner",3. no help,zurück,A1,gehen,"to go, to leave, to work, to function (coll.), to be going (Dat.), to be all right (Dat.)","aller, partir, fonctionner (familier)",to add the meaning of <i>back</i> → zurück,,,
35,B2,554,ankündigen,,,"to announce, to declare","annoncer, déclarer",3. no help,an,B2,kündigen,"to resign, to quit, to terminate, to cancel","démissionner, quitter, mettre fin à, annuler",,,,
35,B2,556,verabreden,,,"to arrange, to make an appointment","prendre rendez-vous, convenir d'un rendez-vous",3. no help,verab,A1,reden,to talk,"parler, discuter",,,,
35,B2,557,unterbrechen,,,"to interrupt, to suspend","interrompre, suspendre",3. no help,unter,A2,brechen,to break,"casser, briser",,,,
35,B2,559,verschreiben,,,"to prescribe, to commit oneself to, to misspell by accident","prescrire, s'engager à, faire une faute d'orthographe par accident",3. no help,ver,A1,schreiben,to write,écrire,,,,
35,B2,560,hingehen,,,"to go (there), (of time) to pass","aller (là-bas), passer (le temps)",3. no help,hin,A1,gehen,"to go, to leave, to work, to function (coll.), to be going (Dat.), to be all right (Dat.)","aller, partir, fonctionner (familier)",,,,
35,B2,561,weggehen,,,"to go away, to leave","s'en aller, quitter",3. no help,weg,A1,gehen,"to go, to leave, to work, to function (coll.), to be going (Dat.), to be all right (Dat.)","aller, partir, fonctionner (familier)",,,,
35,B2,562,abheben,,,"to withdraw (money), to take off (aircraft)","retirer (de l'argent), décoller (un avion)",3. no help,ab,B1,heben,"to lift, to raise","soulever, élever","to add the meaning of <i>off</i>, <i>away</i> → ab",,,
35,B2,566,entlassen,,,"to dismiss, to fire, to release","congédier, licencier, libérer",3. no help,ent,A2,lassen,"to let, to leave, to allow","laisser, quitter, permettre",,,,
35,B2,568,einfügen,,,"to insert, to infix, to conform","insérer, infixer, se conformer",3. no help,ein,C1,fügen,"to acquiesce, to comply, to fit together","acquiescer, se conformer, s'adapter","to add the meaning of <i>in</i>, <i>into</i> → ein",,,
35,B2,569,zusagen,,,"to promise, to accept, to agree","promettre, accepter, convenir",3. no help,zu,A1,sagen,"to say, to tell","dire, raconter",,,,
35,B2,571,erheben,,,"to raise, to collect, to levy","lever, collecter, prélever",3. no help,er,B1,heben,"to lift, to raise","soulever, élever",,,,
35,B2,572,ausreichen,,,"to suffice, to be sufficient, to be adequate","suffire, être suffisant, être adéquat",3. no help,aus,B2,reichen,"to reach, to hand, to be enough","atteindre, mettre la main, être suffisant","to add the meaning of ""out"", to extend, to complete → aus",,,
35,B2,576,auffallen,,,"to stand out, to catch someone's eye (with dative)","se démarquer, attirer l'attention (avec le datif)",3. no help,auf,B1,fallen,"to fall, to fall in battle, to collapse","tomber, tomber au combat, s'effondrer",,,,
35,B2,581,einschlafen,,,to fall asleep,s'endormir,3. no help,ein,A1,schlafen,to sleep,dormir,"to add the meaning of <i>in</i>, <i>into</i> → ein",,,
35,B2,583,anklicken,,,"to click, to click on, to press","cliquer, cliquer sur, appuyer",3. no help,an,B2,klicken,to click,cliquer,,,,
35,B2,587,vergeben,,,"to forgive, to award, to assign","pardonner, récompenser, attribuer",3. no help,ver,A1,geben,to give,donner,equivalent of english <i>for</i> → ver,,,
35,B2,588,verhandeln,,,"to negotiate, to bargain, to discuss","négocier, discuter",3. no help,ver,B1,handeln,"to act, to deal, to trade, to negotiate","agir, traiter, commercer, négocier",,,,
35,B2,592,widersprechen,,,"to contradict, to disagree","contredire, être en désaccord",3. no help,wider,A1,sprechen,to speak,parler (une langue),,,,
36,B2,594,losgehen,,,"to leave, to go off, to advance","partir, s'en aller, avancer",3. no help,los,A1,gehen,"to go, to leave, to work, to function (coll.), to be going (Dat.), to be all right (Dat.)","aller, partir, fonctionner (familier)",,,,
36,B2,597,ausfallen,,,"to fail, to be canceled, to malfunction","échouer, être annulé, dysfonctionner",3. no help,aus,B1,fallen,"to fall, to fall in battle, to collapse","tomber, tomber au combat, s'effondrer",,,,
36,B2,599,aufgeben,,,"to give up on, to give up (refl.), to abandon","renoncer à, abandonner (réfl.),",3. no help,auf,A1,geben,to give,donner,to add the meaning of <i>up</i> → auf,,,
36,B2,603,vorlesen,,,"to read aloud, to read out",lire à haute voix,3. no help,vor,A1,lesen,to read,lire,"to indicate that something is <i>in front</i>, a performance → vor",,,
36,B2,604,zugeben,,,"to admit, to confess, to add","admettre, confesser, ajouter",3. no help,zu,A1,geben,to give,donner,,,,
36,B2,605,hinzufügen,,,to add,ajouter,3. no help,hinzu,C1,fügen,"to acquiesce, to comply, to fit together","acquiescer, se conformer, s'adapter",,,,
36,B2,608,ausschließen,,,"to exclude, to eliminate","exclure, éliminer",3. no help,aus,A1,schließen,"to shut, to close, to lock, to conclude","fermer, clore, verrouiller, conclure",,,,
36,B2,615,anprobieren,,,"to try on, to fit, to fit on","essayer, ajuster, s'adapter à",3. no help,an,B1,probieren,"to try, to taste, to sample, to probe","essayer, goûter, échantillonner, sonder","to add the meaning of <i>on</i>, of a contact → an",,,
36,B2,619,abstimmen,,,"to coordinate, to vote, to adjust","coordonner, voter, ajuster",3. no help,ab,B1,stimmen,"to be true, to vote, to tune","être vrai, voter, s'accorder",,,,
36,B2,621,weitermachen,,,"to go on, to keep going, to continue to do something","continuer, continuer à faire quelque chose",3. no help,weiter,A1,machen,"to make, to prepare, to do","faire, préparer",,,,
36,B2,623,anschauen,,,"to look at, to behold, to take a look at, to watch (Bayern and Austria)","regarder, contempler, jeter un coup d'œil à, observer (Bayern et Autriche)",3. no help,an,A2,schauen,to look at (Bayern and Austria),regarder (Bayern et Autriche),to add intensity to a reference point → an,,,
36,B2,626,angreifen,,,to attack,attaquer,3. no help,an,B1,greifen,"to grab, to grasp, to seize","saisir, s'emparer","to add the meaning of <i>on</i>, of a contact → an",,,
36,B2,627,beeindrucken,,,to impress,impressionner,3. no help,beein,B2,drucken,to print,imprimer,,,,
36,B2,629,einpacken,,,"to pack in, to pack, to wrap, to wrap up","emballer, conclure",3. no help,ein,B2,packen,"to pack, to grab, to manage","emballer, saisir, gérer","to add the meaning of <i>in</i>, <i>into</i> → ein",,,
36,B2,630,auspacken,,,"to unpack, to unwrap, to blow the whistle on","déballer, dénoncer",3. no help,aus,B2,packen,"to pack, to grab, to manage","emballer, saisir, gérer",,,,
36,B2,631,ausdrücken,,,"to express, to articulate, to convey, to embody","exprimer, articuler, transmettre, incarner",3. no help,aus,B1,drücken,"to press, to push","appuyer, pousser",,,,
36,B2,633,aufwachsen,,,"to grow up, to be raised","grandir, être élevé",3. no help,auf,B1,wachsen,"to grow, to increase","grandir, augmenter",to add the meaning of <i>up</i> → auf,,,
36,B2,635,entnehmen,,,"to extract, to gather from, to remove","retirer, tirer, déduire",3. no help,ent,A1,nehmen,"to take, to cause oneself to be (in some state)","prendre, se mettre (dans un état)",,,,
36,B2,636,überleben,,,to survive,survivre,3. no help,über,A1,leben,to live,vivre,"to add the meaning of <i>over</i>, to translate the prefix <i>sur</i> → über",,,
36,B2,640,bemerken,,,"to notice, to observe, to remark","remarquer, observer",3. no help,be,A2,merken,"to notice, to realise, to remember (refl.)","remarquer, se rendre compte, se souvenir (réfl.)",,,,
87,C1,643,aussuchen,,,"to select, to choose, to pick","sélectionner, choisir, cueillir",3. no help,aus,A1,suchen,"to seek, to search","chercher, rechercher",,,,
87,C1,644,vorgehen,,,"to proceed, to advance, to go ahead","procéder, avancer, aller de l'avant",3. no help,vor,A1,gehen,"to go, to leave, to work, to function (coll.), to be going (Dat.), to be all right (Dat.)","aller, partir, fonctionner (familier)",to add the meaning of <i>forward</i> → vor,,,
87,C1,645,ausmachen,,,"to arrange, to constitute, to represent, to settle","organiser, constituer, représenter, régler",3. no help,aus,A1,machen,"to make, to prepare, to do","faire, préparer","to add the meaning of ""out"", to extend, to complete → aus",,,
87,C1,646,ausführen,,,"to carry out, to execute, to perform","réaliser, exécuter, accomplir",3. no help,aus,A2,führen,"to lead, to guide","guider, conduire","to add the meaning of ""out"", to extend, to complete → aus",,,
87,C1,647,betreiben,,,"to operate, to run, to conduct","opérer, diriger, conduire",3. no help,be,B1,treiben,"to practice (sport), to propel, to put forth, to urge (figuratively), to fuck, to float, to sprout, to get up to","pratiquer (sport), propulser, mettre en avant, pousser (au sens figuré), baiser, flotter, germer, se lever",,,,
87,C1,648,ergeben,,,"to result in, to yield, to surrender","aboutir à, céder, se rendre",3. no help,er,A1,geben,to give,donner,,,,
87,C1,650,umsetzen,,,"to implement, to apply, to put into practice","mettre en œuvre, appliquer, mettre en pratique",3. no help,um,A2,setzen,"to set, to sit down (refl.)",s'asseoir (réfl.),,,,
87,C1,651,vornehmen,,,"to undertake, to carry out","entreprendre, réaliser",3. no help,vor,A1,nehmen,"to take, to cause oneself to be (in some state)","prendre, se mettre (dans un état)",to add the meaning of <i>forward</i> → vor,,,
87,C1,656,gewährleisten,,,"to ensure, to guarantee","assurer, garantir",3. no help,gewähr,B2,leisten,"to achieve, to perform, to provide","réaliser, réaliser, fournir",,,,
87,C1,657,zuordnen,,,"to assign, to allocate","attribuer, allouer",3. no help,zu,B2,ordnen,"to arrange, to organize, to classify","arranger, organiser, classer",,,,
87,C1,659,einführen,,,"to introduce, to implement, to import","introduire, mettre en œuvre, importer",3. no help,ein,A2,führen,"to lead, to guide","guider, conduire","to add the meaning of <i>in</i>, <i>into</i> → ein",,,
87,C1,660,anerkennen,,,"to recognize, to acknowledge, to approve","reconnaître, admettre, approuver",3. no help,an,B1,erkennen,"to recognize, to realise","reconnaître, réaliser",to add intensity to a reference point → an,,,
87,C1,661,ausstellen,,,"to exhibit, to display","exposer, montrer",3. no help,aus,A2,stellen,"to position, to put, to catch","positionner, mettre",,,,
87,C1,662,ausdrucken,,,"to print, to print out, to print off",imprimer,3. no help,aus,B2,drucken,to print,imprimer,,,,
87,C1,663,versehen,,,"to provide, to equip, to supply","fournir, équiper, approvisionner",3. no help,ver,A1,sehen,"to see, to realise","voir, se rendre compte",,,,
87,C1,664,anlegen,,,"to create, to invest","créer, investir",3. no help,an,A2,legen,"to lay, to lean, to lie down","poser, se pencher, s'allonger","to indicate the action is partial, beginning → an",,,
87,C1,665,betragen,,,"to amount to, to come to","s'élever à, arriver à",3. no help,be,A1,tragen,"to wear (clothing), to carry, to hold","porter (des vêtements), transporter, tenir",,,,
87,C1,667,umfassen,,,"to include, to comprise","inclure, comprendre",3. no help,um,B2,fassen,"to grasp, to seize, to capture, to comprehend","saisir, capturer, comprendre",,,,
87,C1,668,beziehen,,,"to refer, to relate, to obtain, to cover, to move into","se référer, obtenir",3. no help,be,A1,ziehen,"to pull, to drag, to move","tirer, traîner, déplacer",,,,
87,C1,670,versorgen,,,"to supply, to provide for, to take care of","fournir, pourvoir à, prendre soin de",3. no help,ver,A2,sorgen,"to care, to worry","se soucier, s'inquiéter",,,,
88,C1,672,ergreifen,,,"to seize, to grasp, to take hold of","saisir, s'emparer de",3. no help,er,B1,greifen,"to grab, to grasp, to seize","saisir, s'emparer",,,,
88,C1,673,einnehmen,,,"to capture, to earn, to ingest","capturer, gagner, ingérer",3. no help,ein,A1,nehmen,"to take, to cause oneself to be (in some state)","prendre, se mettre (dans un état)","to add the meaning of <i>in</i>, <i>into</i> → ein",,,
88,C1,675,verarbeiten,,,"to process, to handle, to work through","traiter, manipuler, travailler",3. no help,ver,A1,arbeiten,to work,travailler,,,,
88,C1,676,aufbauen,,,"to build, to establish, to develop","construire, établir, développer",3. no help,auf,A2,bauen,to build,construire,to add the meaning of <i>up</i> → auf,,,
88,C1,678,erfordern,,,"to require, to demand, to necessitate","exiger, nécessiter",3. no help,er,B2,fordern,"to demand, to require, to call for","exiger, requérir, réclamer",,,,
88,C1,682,einhalten,,,"to observe, to adhere, to comply","observer, adhérer, se conformer",3. no help,ein,A1,halten,"to hold, to stop (a movement), to support, to keep","tenir, arrêter (un mouvement), soutenir, garder",,,,
88,C1,683,ausprobieren,,,"to test, to try, to check out","tester, essayer, vérifier",3. no help,aus,B1,probieren,"to try, to taste, to sample, to probe","essayer, goûter, échantillonner, sonder",,,,
88,C1,684,weitergeben,,,"to pass on, to impart, to relay","transmettre, relayer",3. no help,weiter,A1,geben,to give,donner,,,,
88,C1,687,einbauen,,,"to install, to build in, to build into","installer, monter, intégrer, insérer",3. no help,ein,A2,bauen,to build,construire,"to add the meaning of <i>in</i>, <i>into</i> → ein",,,
88,C1,688,aufrufen,,,"to call up, to call, to call for, to invite","appeler, solliciter, inviter",3. no help,auf,B1,rufen,"to call, to shout, to summon","appeler, crier, convoquer",,,,
88,C1,690,aufheben,,,"to abolish, to lift, to pick up, to keep","abolir, lever, ramasser, garder",3. no help,auf,B1,heben,"to lift, to raise","soulever, élever",to add the meaning of <i>up</i> → auf,,,
88,C1,693,hinterlassen,,,"to leave behind, to bequeath","laisser derrière soi, léguer",3. no help,hinter,A2,lassen,"to let, to leave, to allow","laisser, quitter, permettre",to add the meaning of <i>behind</i> → hinter,,,
88,C1,694,aufstellen,,,"to set up, to establish","mettre en place, établir",3. no help,auf,A2,stellen,"to position, to put, to catch","positionner, mettre",to add the meaning of <i>up</i> → auf,,,
88,C1,696,anhaben,,,"to have on, to wear, to harm, to damage","porter, arborer, avoir, posséder",3. no help,an,A1,haben,"to have, to contain","avoir, contenir","to add the meaning of <i>on</i>, of a contact → an",,,
88,C1,698,sich beeilen,,,"to hurry, to hasten, to rush (refl.)","se dépêcher, se hâter, se précipiter (réfl.)",3. no help,be,C1,eilen,"to hurry, to rush, to be urgent, to haste","se dépêcher, se hâter, être urgent",,,,
88,C1,699,abbrechen,,,"to cancel, to break off, to interrupt","annuler, interrompre, rompre",3. no help,ab,A2,brechen,to break,"casser, briser","to add the meaning of <i>off</i>, <i>away</i> → ab",,,
88,C1,700,zerschlagen,,,"to break, to crush, to defeat, to shatter","briser, écraser, vaincre, anéantir",3. no help,zer,B1,schlagen,"to hit, to beat, to strike, to defeat","frapper, battre, vaincre",,,,
88,C1,704,bewirken,,,"to bring about, to cause, to effect","provoquer, causer, effectuer",3. no help,be,B1,wirken,"to have an effect, to work","avoir un effet, functionner",to make an intransitive verb transitive → be,,,
88,C1,706,unterliegen,,,"to be subject to, to undergo","être soumis à, subir",3. no help,unter,A2,liegen,"to lie, to be located","être allongé, être localisé","to add the meaning of <i>under</i>, to translate the prefix <i>sub-</i> → unter",,,
88,C1,709,gebrauchen,,,"to use, to make use of","utiliser, faire usage de",3. no help,ge,A1,brauchen,to need,avoir besoin,,,,
89,C1,711,aussprechen,,,"to pronounce, to express, to speak out","prononcer, exprimer, s'exprimer",3. no help,aus,A1,sprechen,to speak,parler (une langue),,,,
89,C1,712,entwerfen,,,"to design, to draft, to sketch","concevoir, ébaucher, esquisser",3. no help,ent,A2,werfen,to throw,"jeter, lancer",,,,
89,C1,713,eintragen,,,"to register, to enter, to record, to enrol","inscrire, entrer, enregistrer, inscrire",3. no help,ein,A1,tragen,"to wear (clothing), to carry, to hold","porter (des vêtements), transporter, tenir","to add the meaning of <i>in</i>, <i>into</i> → ein",,,
89,C1,715,zurückkehren,,,to return,revenir,3. no help,zurück,C1,kehren,"to sweep, to return","retourner, balayer",to add the meaning of <i>back</i> → zurück,,,
89,C1,716,verwechseln,,,"to mix up, to confuse, to mistake for",confondre,3. no help,ver,B1,wechseln,"to change, to switch, to exchange","changer, échanger",,,,
89,C1,718,verpacken,,,"to pack, to wrap, to package","emballer, envelopper, conditionner",3. no help,ver,B2,packen,"to pack, to grab, to manage","emballer, saisir, gérer",,,,
89,C1,719,versichern,,,"to assure, to insure, to cover","assurer, couvrir",3. no help,ver,B1,sichern,"to secure, to safeguard, to back up","sécuriser, sauvegarder",,,,
89,C1,721,bereitstellen,,,"to make available, to provide, to supply","mettre à disposition, fournir, approvisionner",3. no help,bereit,A2,stellen,"to position, to put, to catch","positionner, mettre",,,,
89,C1,722,umdrehen,,,to turn around,faire demi-tour,3. no help,um,B2,drehen,"to turn, to veer","tourner, dévier",to add the meaning of <i>around</i> → um,,,
89,C1,723,einfallen,,,"to invade, to collapse, to come to mind","envahir, s'effondrer, venir à l'esprit",3. no help,ein,B1,fallen,"to fall, to fall in battle, to collapse","tomber, tomber au combat, s'effondrer",,,,
89,C1,726,abstellen,,,"to put down, to assign, to set down, to shut down","poser, assigner, mettre en place, fermer",3. no help,ab,A2,stellen,"to position, to put, to catch","positionner, mettre",,,,
89,C1,731,vermieten,,,"to lease, to let, to rent to","louer, donner en location à",3. no help,ver,A2,mieten,"to rent, to hire","louer, embaucher",,,,
89,C1,733,vorliegen,,,"to exist, to be available","exister, être disponible",3. no help,vor,A2,liegen,"to lie, to be located","être allongé, être localisé","to add the meaning of <i>pre-</i>, that something is <i>before</i>, <i>in advance</i> → vor",,,
89,C1,735,erwerben,,,"to acquire, to purchase, to gain","acquérir, acheter, gagner",3. no help,er,B2,werben,"to advertise, to recruit","faire de la publicité, recruter",,,,
89,C1,737,bereiten,,,"to prepare, to cause","préparer, provoquer",3. no help,be,B2,reiten,to ride (a horse),monter à cheval,,,,
89,C1,739,verreisen,,,"to go away, to travel, to go on a trip","partir, voyager, faire un voyage",3. no help,ver,A1,reisen,to travel,voyager,,,,
89,C1,744,vorlegen,,,"to present, to submit, to bring forward","présenter, soumettre, avancer",3. no help,vor,A2,legen,"to lay, to lean, to lie down","poser, se pencher, s'allonger","to indicate that something is <i>in front</i>, a performance → vor",,,
89,C1,748,einleiten,,,"to introduce, to initiate, to commence","introduire, initier, commencer",3. no help,ein,B2,leiten,"to lead, to manage, to conduct","diriger, gérer, conduire","to add the meaning of <i>in</i>, <i>into</i> → ein",,,
89,C1,749,durchsetzen,,,"to enforce, to assert","faire respecter, affirmer",3. no help,durch,A2,setzen,"to set, to sit down (refl.)",s'asseoir (réfl.),to add the meaning of <i>through</i> → durch,,,
89,C1,750,nachweisen,,,"to prove, to account for, to demonstrate","prouver, rendre compte de, démontrer",3. no help,nach,B2,weisen,"to point, to direct, to indicate","pointer, diriger, indiquer",to indicate a purposeful action → nach,,,
90,C1,751,aufweisen,,,"to exhibit, to feature, to show, to boast","exposer, mettre en valeur, montrer, se vanter",3. no help,auf,B2,weisen,"to point, to direct, to indicate","pointer, diriger, indiquer",,,,
90,C1,753,befehlen,,,"to command, to order, to bid","ordonner, commander, enjoindre",3. no help,be,A2,fehlen,"to lack, to be absent or missing","manquer, être absent ou manquant",,,,
90,C1,760,verbrennen,,,"to burn, to consume by fire, to incinerate","brûler, consumer par le feu, incinérer",3. no help,ver,B2,brennen,"to burn, to have a strong affection for, to induce pain, to tan","brûler, avoir une forte affection pour, provoquer de la douleur",,,,
90,C1,761,aufhalten,,,"to stop, to stay, to delay","arrêter, rester, retarder",3. no help,auf,A1,halten,"to hold, to stop (a movement), to support, to keep","tenir, arrêter (un mouvement), soutenir, garder",,,,
90,C1,762,erarbeiten,,,"to develop, to elaborate, to work out, to acquire","développer, élaborer, acquérir",3. no help,er,A1,arbeiten,to work,travailler,,,,
90,C1,763,bedrohen,,,"to threaten, to menace",menacer,3. no help,be,B2,drohen,to threaten,menacer,,,,
90,C1,764,ausüben,,,"to exercise, to perform, to practice","exercer, exécuter, pratiquer",3. no help,aus,A2,üben,"to practice, to exercise, to rehearse","pratiquer, s'exercer, répéter",,,,
90,C1,765,verstärken,,,"to amplify, to intensify, to strengthen","amplifier, intensifier, renforcer",3. no help,ver,B2,stärken,"to strengthen, to reinforce","renforcer, consolider",,,,
90,C1,766,bedenken,,,"to consider, to reflect, to give, to allow for","considérer, réfléchir, donner, permettre",3. no help,be,A1,denken,"to think, to consider","penser, considérer",,,,
90,C1,769,verklagen,,,"to sue, to bring a suit against, to bring an action against","poursuivre en justice, intenter un procès",3. no help,ver,B2,klagen,"to complain, to lament, to sue","se plaindre, se lamenter, poursuivre en justice",,,,
90,C1,771,beherrschen,,,"to dominate, to master, to control, to rule","dominer, maîtriser, contrôler, régner",3. no help,be,C1,herrschen,"to rule, to prevail, to control","gouverner, prévaloir, contrôler",,,,
90,C1,774,auseinandersetzen,,,"to discuss, to engage, to altercate, to argue with","discuter, s'engager, se disputer, argumenter avec",3. no help,auseinander,A2,setzen,"to set, to sit down (refl.)",s'asseoir (réfl.),,,,
90,C1,775,aushalten,,,"to bear, to endure, to withstand, to tolerate","supporter, endurer, résister, tolérer",3. no help,aus,A1,halten,"to hold, to stop (a movement), to support, to keep","tenir, arrêter (un mouvement), soutenir, garder",,,,
90,C1,777,vorbeikommen,,,"to come by, to come over, to drop by","passer, venir voir, faire un saut",3. no help,vorbei,A1,kommen,"to come, to make it (e.g. over something), to go to, to occur","venir, aller à, se produire",,,,
90,C1,778,weitergehen,,,"to continue, to proceed, to keep moving","continuer, avancer, continuer à avancer",3. no help,weiter,A1,gehen,"to go, to leave, to work, to function (coll.), to be going (Dat.), to be all right (Dat.)","aller, partir, fonctionner (familier)",,,,
90,C1,779,betreten,,,"to enter, to access, to apprehend, to catch","entrer, accéder, appréhender, attraper",3. no help,be,B2,treten,"to step, to kick, to enter","marcher, donner un coup de pied, entrer",,,,
90,C1,780,entsorgen,,,"to clean up, to depollute, to dispose, to dispose of","nettoyer, dépolluer, éliminer, se débarrasser de",3. no help,ent,A2,sorgen,"to care, to worry","se soucier, s'inquiéter",,,,
90,C1,783,verlegen,,,"to install, to lay, to misplace, to publish","installer, poser, égarer, publier",3. no help,ver,A2,legen,"to lay, to lean, to lie down","poser, se pencher, s'allonger",,,,
90,C1,784,aufschreiben,,,"to write down, to note down, to record","écrire, noter, enregistrer",3. no help,auf,A1,schreiben,to write,écrire,,,,
90,C1,786,einlegen,,,"to insert, to pickle, to assert","insérer, mettre en conserve, affirmer",3. no help,ein,A2,legen,"to lay, to lean, to lie down","poser, se pencher, s'allonger",,,,
91,C1,787,wahrnehmen,,,"to perceive, to notice, to observe, to sense","percevoir, remarquer, observer, pressentir",3. no help,wahr,A1,nehmen,"to take, to cause oneself to be (in some state)","prendre, se mettre (dans un état)",,,,
91,C1,788,sicherstellen,,,"to seize, to assure, to confiscate, to guarantee","saisir, assurer, confisquer, garantir",3. no help,sicher,A2,stellen,"to position, to put, to catch","positionner, mettre",,,,
91,C1,789,besetzen,,,"to occupy, to border, to cast","occuper, border, jeter",3. no help,be,A2,setzen,"to set, to sit down (refl.)",s'asseoir (réfl.),to work on or change the state of an object → be,,,
91,C1,790,aufführen,,,"to perform, to present","exécuter, présenter",3. no help,auf,A2,führen,"to lead, to guide","guider, conduire",,,,
91,C1,791,verhaften,,,"to detain, to take into custody","détenir, mettre en détention",3. no help,ver,C1,haften,"to adhere, to be liable","adhérer, être responsable",,,,
91,C1,793,überlassen,,,"to leave to, to entrust, to surrender","laisser à, confier, abandonner",3. no help,über,A2,lassen,"to let, to leave, to allow","laisser, quitter, permettre","to add the meaning of <i>over</i>, to translate the prefix <i>sur</i> → über",,,
91,C1,794,befürchten,,,"to fear, to apprehend, to be afraid","craindre, appréhender, avoir peur",3. no help,be,B2,fürchten,"to fear, to be afraid of",avoir peur de,,,,
91,C1,795,verfassen,,,"to write, to compose, to draft","écrire, composer, rédiger",3. no help,ver,B2,fassen,"to grasp, to seize, to capture, to comprehend","saisir, capturer, comprendre",,,,
91,C1,801,ablaufen,,,"to expire, to run out, to discharge","expirer, s'épuiser, se décharger",3. no help,ab,A1,laufen,"to walk, to flow (of a fluid), to run (of an event)","marcher, couler (un fluide), se dérouler (un événement)","to add the meaning of <i>off</i>, <i>away</i> → ab",,,
91,C1,802,anführen,,,"to cite, to lead, to quote, to instruct","citer, diriger, instruire",3. no help,an,A2,führen,"to lead, to guide","guider, conduire",to add intensity to a reference point → an,,,
91,C1,803,vertreiben,,,"to expel, to dislodge, to displace, to put on the market, to sell","expulser, déloger, déplacer",3. no help,ver,B1,treiben,"to practice (sport), to propel, to put forth, to urge (figuratively), to fuck, to float, to sprout, to get up to","pratiquer (sport), propulser, mettre en avant, pousser (au sens figuré), baiser, flotter, germer, se lever",,,,
91,C1,804,erteilen,,,"to grant, to issue, to give","accorder, délivrer, donner",3. no help,er,A2,teilen,"to split, to share, to divide","diviser, partager",,,,
91,C1,805,erfassen,,,"to record, to capture, to collect","enregistrer, capturer, collecter",3. no help,er,B2,fassen,"to grasp, to seize, to capture, to comprehend","saisir, capturer, comprendre",,,,
91,C1,806,übergeben,,,"to hand over, to vomit (refl.)","remettre, vomir (réfl.)",3. no help,über,A1,geben,to give,donner,"to add the meaning of <i>over</i>, to translate the prefix <i>sur</i> → über",,,
91,C1,808,befassen,,,"to address, to deal with, to attend to","s'adresser à, traiter, s'occuper de",3. no help,be,B2,fassen,"to grasp, to seize, to capture, to comprehend","saisir, capturer, comprendre",to discuss or mention an object → be,,,
91,C1,809,beruhen,,,"to base on, to depend on, to consist","se baser sur, dépendre de, se composer de",3. no help,be,C1,ruhen,"to rest, to be at rest, to repose",reposer,,,,
91,C1,810,vorwerfen,,,"to reproach, to accuse of, to allege","reprocher, accuser de, alléguer",3. no help,vor,A2,werfen,to throw,"jeter, lancer",to add the meaning of <i>forward</i> → vor,,,
91,C1,813,vereinigen,,,"to coalesce, to unify, to merge","unir, réunir, unifier, combiner",3. no help,ver,C1,einigen,"to unite, to reconcile, to agree","s'unir, se réconcilier, s'accorder",,,,
91,C1,817,sich auswirken,,,"to affect, to have an impact","affecter, avoir un impact",3. no help,aus,B1,wirken,"to have an effect, to work","avoir un effet, functionner","to add the meaning of ""out"", to extend, to complete → aus",,,
91,C1,818,abbauen,,,"to dismantle, to reduce, to break down","démanteler, réduire, décomposer",3. no help,ab,A2,bauen,to build,construire,"to add the meaning of <i>off</i>, <i>away</i> → ab",,,
92,C1,819,besorgen,,,"to get, to obtain, to take care of","obtenir, prendre soin de",3. no help,be,A2,sorgen,"to care, to worry","se soucier, s'inquiéter",,,,
92,C1,820,anwenden,,,"to apply, to make use of","appliquer, faire usage de",3. no help,an,B2,wenden,"to turn, to reverse, to address","tourner, inverser, s'adresser",,,,
92,C1,821,zusammenstellen,,,"to compile, to assemble","compiler, assembler",3. no help,zusammen,A2,stellen,"to position, to put, to catch","positionner, mettre","to add the meaning of <i>co</i>, <i>together</i> → zusammen",,,
92,C1,822,verbrauchen,,,"to consume, to use","consommer, utiliser",3. no help,ver,A1,brauchen,to need,avoir besoin,,,,
92,C1,823,berühren,,,to touch,toucher,3. no help,be,C1,rühren,"to stir, to move, to mix",remuer,,,,
92,C1,824,anstellen,,,"to queue (refl.), to employ someone, to hire, to get into mischief","faire la queue (réfl.), employer quelqu'un, faire des bêtises",3. no help,an,A2,stellen,"to position, to put, to catch","positionner, mettre",,,,
92,C1,825,festhalten,,,"to hold, to retain something, to record something, to detain","détenir, conserver quelque chose, enregistrer quelque chose, détenir",3. no help,fest,A1,halten,"to hold, to stop (a movement), to support, to keep","tenir, arrêter (un mouvement), soutenir, garder",,,,
92,C1,826,auflösen,,,"to dissolve, to resolve, to annul, to liquidate","dissoudre, résoudre, annuler, liquider",3. no help,auf,B1,lösen,"to loosen, to solve, to separate, to remove","desserrer, résoudre, séparer, enlever",,,,
92,C1,827,auslösen,,,"to ransom, to trigger, to initiate, to set up","rançonner, déclencher, initier, mettre en place",3. no help,aus,B1,lösen,"to loosen, to solve, to separate, to remove","desserrer, résoudre, séparer, enlever",,,,
92,C1,828,eintreten,,,"to enter, to join, to occur, to step in","entrer, se joindre, se produire",3. no help,ein,B2,treten,"to step, to kick, to enter","marcher, donner un coup de pied, entrer","to add the meaning of <i>in</i>, <i>into</i> → ein",,,
92,C1,831,verweisen,,,"to refer, to direct","se référer, diriger",3. no help,ver,B2,weisen,"to point, to direct, to indicate","pointer, diriger, indiquer",,,,
92,C1,835,abziehen,,,"to remove, to deduct, to withdraw","supprimer, déduire, retirer",3. no help,ab,A1,ziehen,"to pull, to drag, to move","tirer, traîner, déplacer","to add the meaning of <i>off</i>, <i>away</i> → ab",,,
92,C1,838,ausschalten,,,"to disable, to turn off","désactiver, éteindre",3. no help,aus,B2,schalten,"to switch, to shift gears, to turn on, to turn off","changer, changer de vitesse, allumer, éteindre",,,,
92,C1,842,übereinstimmen,,,"to agree, to concur, to correspond","concorder, correspondre, coïncider",3. no help,überein,B1,stimmen,"to be true, to vote, to tune","être vrai, voter, s'accorder",,,,
92,C1,843,kennzeichnen,,,"to mark, to label, to characterize, to flag","marquer, étiqueter, caractériser, signaler",3. no help,kenn,A2,zeichnen,"to draw, to sketch","dessiner, esquisser",,,,
92,C1,850,zurückziehen,,,"to withdraw, to pull back, to retreat","se retirer, se replier",3. no help,zurück,A1,ziehen,"to pull, to drag, to move","tirer, traîner, déplacer",to add the meaning of <i>back</i> → zurück,,,
92,C1,851,bekämpfen,,,to fight against something,lutter contre quelque chose,3. no help,be,A2,kämpfen,"to fight, to struggle","se battre, lutter",to make an intransitive verb transitive → be,,,
92,C1,852,erlassen,,,"to enact, to issue, to forgive, to let off, to release from","promulguer, pardonner, renoncer à, libérer de",3. no help,er,A2,lassen,"to let, to leave, to allow","laisser, quitter, permettre",,,,
92,C1,858,angehen,,,"to concern, to tackle (a problem), to turn on (a machine)","s'inquiéter, s'attaquer (à un problème), mettre en marche (une machine)",3. no help,an,A1,gehen,"to go, to leave, to work, to function (coll.), to be going (Dat.), to be all right (Dat.)","aller, partir, fonctionner (familier)","to add the meaning of <i>on</i>, of a contact → an",,,
92,C1,859,wegwerfen,,,"to throw away, to discard","jeter, se débarrasser de",3. no help,weg,A2,werfen,to throw,"jeter, lancer",,,,
93,C1,861,ablegen,,,"to lay down, to put down, to remove","déposer, poser, enlever",3. no help,ab,A2,legen,"to lay, to lean, to lie down","poser, se pencher, s'allonger",,,,
93,C1,862,vergehen,,,"to die, to pass, to elapse, to perish","mourir, passer, s'écouler, périr",3. no help,ver,A1,gehen,"to go, to leave, to work, to function (coll.), to be going (Dat.), to be all right (Dat.)","aller, partir, fonctionner (familier)",,,,
93,C1,865,befragen,,,"to question, to ask, to interrogate, to consult","questionner, demander, interroger, consulter",3. no help,be,A1,fragen,"to ask, to wonder (refl.)","demander, se demander (réfl.)",,,,
93,C1,870,erstrecken,,,"to extend, to span, to bestride","étendre, enjamber",3. no help,er,C1,strecken,"to stretch, to dilute, to extend","étirer, allonger",,,,
93,C1,872,umstellen,,,"to relocate, to adapt, to change","déménager, s'adapter, changer",3. no help,um,A2,stellen,"to position, to put, to catch","positionner, mettre",,,,
93,C1,877,überschreiten,,,"to exceed, to overstep, to surpass","dépasser, outrepasser, surpasser",3. no help,über,C1,schreiten,"to stride, to proceed, to step (formal)","marcher à grands pas, avancer, faire un pas (formel)","to add the meaning of <i>over</i>, to translate the prefix <i>sur</i> → über",,,
93,C1,878,abrufen,,,"to retrieve, to access, to call away","récupérer, accéder, appeler",3. no help,ab,B1,rufen,"to call, to shout, to summon","appeler, crier, convoquer","to add the meaning of <i>off</i>, <i>away</i> → ab",,,
93,C1,879,einschließen,,,"to include, to enclose, to lock up, to surround","inclure, enfermer, entourer",3. no help,ein,A1,schließen,"to shut, to close, to lock, to conclude","fermer, clore, verrouiller, conclure","to add the meaning of <i>in</i>, <i>into</i> → ein",,,
93,C1,880,gewähren,,,"to grant, to afford, to allow, to accord","accorder, permettre",3. no help,ge,C1,währen,"to last, to persist","durer, persister",,,,
93,C1,882,weiterleiten,,,"to forward, to pass on","transmettre, faire passer",3. no help,weiter,B2,leiten,"to lead, to manage, to conduct","diriger, gérer, conduire",,,,
93,C1,885,versagen,,,"to fail, to refuse, to deny","échouer, refuser, nier",3. no help,ver,A1,sagen,"to say, to tell","dire, raconter",,,,
93,C1,887,hervorheben,,,"to emphasize, to highlight, to stress","souligner, mettre en valeur, insister",3. no help,hervor,B1,heben,"to lift, to raise","soulever, élever",,,,
93,C1,888,entziehen,,,"to withdraw, to remove, to deprive","retirer, enlever, priver",3. no help,ent,A1,ziehen,"to pull, to drag, to move","tirer, traîner, déplacer",,,,
93,C1,889,auswerten,,,"to evaluate, to analyze, to assess","évaluer, analyser, estimer",3. no help,aus,C1,werten,"to assess, to consider, to value",évaluer,,,,
93,C1,893,auffordern,,,"to request, to invite, to ask","demander, inviter",3. no help,auf,B2,fordern,"to demand, to require, to call for","exiger, requérir, réclamer",,,,
93,C1,894,ableiten,,,"to derive, to deduce","dériver, déduire",3. no help,ab,B2,leiten,"to lead, to manage, to conduct","diriger, gérer, conduire",,,,
93,C1,897,benennen,,,"to name, to designate, to appoint","nommer, désigner",3. no help,be,B1,nennen,"to name, to call someone something, to mention","nommer, appeler quelqu'un par quelque chose, mentionner",,,,
93,C1,901,umbringen,,,"to kill, to murder, to be very angry at someone","tuer, assassiner, être très en colère contre quelqu'un",3. no help,um,A1,bringen,"to bring, to take, to lead","apporter, prendre, conduire",,,,
93,C1,907,verfahren,,,"to proceed, to act, to deal",procéder,3. no help,ver,A1,fahren,"to go (by vehicle), to leave, to drive","aller (en véhicule), partir, conduire",,,,
93,C1,908,auskommen,,,"to get along, to get on, to manage",s'entendre,3. no help,aus,A1,kommen,"to come, to make it (e.g. over something), to go to, to occur","venir, aller à, se produire",,,,
94,C1,913,ablenken,,,"to distract, to divert, to steer away","distraire, détourner, éloigner",3. no help,ab,C1,lenken,"to steer, to direct, to guide","diriger, orienter, guider","to add the meaning of <i>off</i>, <i>away</i> → ab",,,
94,C1,914,aufladen,,,"to charge, to load, to burden, to impose","charger, accabler, imposer",3. no help,auf,B1,laden,"to load, to charge, to invite","charger, inviter",to add the meaning of <i>up</i> → auf,,,
94,C1,915,übertreiben,,,"to exaggerate, to overdo","exagérer, exagérer",3. no help,über,B1,treiben,"to practice (sport), to propel, to put forth, to urge (figuratively), to fuck, to float, to sprout, to get up to","pratiquer (sport), propulser, mettre en avant, pousser (au sens figuré), baiser, flotter, germer, se lever","to add the meaning of <i>over</i>, to translate the prefix <i>sur</i> → über",,,
94,C1,917,ausbauen,,,"to expand, to develop","étendre, développer",3. no help,aus,A2,bauen,to build,construire,,,,
94,C1,919,abbiegen,,,"to turn, to turn off, to bend","tourner, éteindre, plier",3. no help,ab,C1,biegen,"to turn, to bend","tourner, se pencher","to add the meaning of <i>off</i>, <i>away</i> → ab",,,
94,C1,920,aussagen,,,"to testify, to state","témoigner, déclarer",3. no help,aus,A1,sagen,"to say, to tell","dire, raconter",,,,
94,C1,924,ausleihen,,,"to borrow, to lend, to lend out","emprunter, prêter",3. no help,aus,B1,leihen,"to lend, to borrow","prêter, emprunter",,,,
94,C1,926,aufkommen,,,"to arise, to come down, to emerge, to land","se lever, descendre, émerger, atterrir",3. no help,auf,A1,kommen,"to come, to make it (e.g. over something), to go to, to occur","venir, aller à, se produire",,,,
94,C1,928,anfordern,,,"to request, to solicit, to ask for, to circularize","demander, solliciter, diffuser",3. no help,an,B2,fordern,"to demand, to require, to call for","exiger, requérir, réclamer",,,,
94,C1,930,verschlafen,,,"to oversleep, to sleep in","dormir trop longtemps, faire la grasse matinée",3. no help,ver,A1,schlafen,to sleep,dormir,,,,
94,C1,932,zuschauen,,,"to watch, to look on, to observe","regarder, observer, surveiller",3. no help,zu,A2,schauen,to look at (Bayern and Austria),regarder (Bayern et Autriche),,,,
94,C1,933,einzahlen,,,"to deposit, to make a deposit","déposer, verser",3. no help,ein,A1,zahlen,"to pay (for something), to atone for","payer (pour quelque chose), expier",,,,
94,C1,935,sich wohlfühlen,,,"to feel good, to be comfortable","se sentir bien, être à l'aise",3. no help,wohl,A1,fühlen,"to feel, to feel something (refl.)","sentir, ressentir quelque chose (réfl.)",,,,
94,C1,937,ablesen,,,"to read off, to read out, to deduce","lire à haute voix, déduire",3. no help,ab,A1,lesen,to read,lire,,,,
94,C1,942,verschicken,,,"to dispatch, to despatch, to mail, to send","expédier, envoyer par la poste, envoyer",3. no help,ver,A1,schicken,to send,envoyer,,,,
94,C1,943,anmachen,,,"to turn on, to light, to switch on","allumer, mettre en marche, allumer",3. no help,an,A1,machen,"to make, to prepare, to do","faire, préparer",,,,
94,C1,946,anhalten,,,"to stop (cease moving), to continue, to compel","arrêter (cesser de bouger), continuer, contraindre",3. no help,an,A1,halten,"to hold, to stop (a movement), to support, to keep","tenir, arrêter (un mouvement), soutenir, garder",,,,
94,C1,949,umgeben,,,"to surround, to enclose, to encompass","entourer, enfermer, englober",3. no help,um,A1,geben,to give,donner,to add the meaning of <i>around</i> → um,,,
94,C1,951,wiederherstellen,,,"to restore, to recover, to rehabilitate","restaurer, récupérer, réhabiliter",3. no help,wiederher,A2,stellen,"to position, to put, to catch","positionner, mettre",,,,
94,C1,953,aufsteigen,,,"to rise, to ascend, to advance, to climb","s'élever, monter, avancer, grimper",3. no help,auf,A2,steigen,"to ascend, to climb, to rise","monter, grimper, s'élever",to add the meaning of <i>up</i> → auf,,,
95,C1,954,zusehen,,,"to watch, to see, to make sure (that something happens)","regarder, voir, s'assurer (que quelque chose se passe)",3. no help,zu,A1,sehen,"to see, to realise","voir, se rendre compte",,,,
95,C1,955,auftauchen,,,"to arise, to surface, to turn up","surgir, faire surface, apparaître",3. no help,auf,C1,tauchen,"to dive, to dip","plonger, tremper",to add the meaning of <i>up</i> → auf,,,
95,C1,956,beklagen,,,"to complain, to lament, to air grievances","se plaindre, se lamenter, exprimer des griefs",3. no help,be,B2,klagen,"to complain, to lament, to sue","se plaindre, se lamenter, poursuivre en justice",,,,
95,C1,959,beinhalten,,,"to include, to contain, to entail, to comprise","inclure, contenir, impliquer, comprendre",3. no help,bein,A1,halten,"to hold, to stop (a movement), to support, to keep","tenir, arrêter (un mouvement), soutenir, garder",,,,
95,C1,960,beauftragen,,,"to assign, to commission, to instruct","assigner, commissionner, instruire",3. no help,beauf,A1,tragen,"to wear (clothing), to carry, to hold","porter (des vêtements), transporter, tenir",,,,
95,C1,963,vorsehen,,,"to plan, to provide for","planifier, prévoir",3. no help,vor,A1,sehen,"to see, to realise","voir, se rendre compte","to add the meaning of <i>pre-</i>, that something is <i>before</i>, <i>in advance</i> → vor",,,
95,C1,964,anfallen,,,"to accrue, to accumulate, to arise, to incur","s'accumuler, survenir, encourir",3. no help,an,B1,fallen,"to fall, to fall in battle, to collapse","tomber, tomber au combat, s'effondrer","to indicate the action is partial, beginning → an",,,
95,C1,965,entkommen,,,to escape,s'échapper,3. no help,ent,A1,kommen,"to come, to make it (e.g. over something), to go to, to occur","venir, aller à, se produire",,,,
95,C1,967,anfassen,,,"to touch, to handle","toucher, manipuler",3. no help,an,B2,fassen,"to grasp, to seize, to capture, to comprehend","saisir, capturer, comprendre","to add the meaning of <i>on</i>, of a contact → an",,,
95,C1,968,vorgeben,,,"to claim, to pretend, to set (a pace)","revendiquer, prétendre, donner (un rythme)",3. no help,vor,A1,geben,to give,donner,"to add the meaning of <i>pre-</i>, that something is <i>before</i>, <i>in advance</i> → vor",,,
95,C1,969,ertragen,,,"to bear, to stand","supporter, se tenir debout",3. no help,er,A1,tragen,"to wear (clothing), to carry, to hold","porter (des vêtements), transporter, tenir",,,,
95,C1,970,aufbrechen,,,"to leave, to set off, to start, to break, to burst","partir, se mettre en route, démarrer, rompre, éclater",3. no help,auf,A2,brechen,to break,"casser, briser",,,,
95,C1,972,abweichen,,,"to depart (from), to soak off","partir (de), s'imprégner",3. no help,ab,C1,weichen,to soften,adoucir,"to add the meaning of <i>off</i>, <i>away</i> → ab",,,
95,C1,973,abbilden,,,"to depict, to map, to illustrate","représenter, cartographier, illustrer",3. no help,ab,B1,bilden,"to form, to constitute, to educate","former, constituer, éduquer",,,,
95,C1,975,erweisen,,,"to prove (passively), to turn out to be, to show","prouver (passivement), s'avérer être, montrer",3. no help,er,B2,weisen,"to point, to direct, to indicate","pointer, diriger, indiquer",,,,
95,C1,977,einreichen,,,"to submit, to present, to bring, to bring in, to deposit","soumettre, présenter, apporter, déposer",3. no help,ein,B2,reichen,"to reach, to hand, to be enough","atteindre, mettre la main, être suffisant","to add the meaning of <i>in</i>, <i>into</i> → ein",,,
95,C1,978,erforschen,,,"to research, to investigate, to explore, to ascertain","faire des recherches, enquêter, explorer, vérifier",3. no help,er,C1,forschen,"to research, to investigate","faire des recherches, enquêter",,,,
95,C1,982,bestreiten,,,"to dispute, to contest","contester, disputer",3. no help,be,B1,streiten,"to argue, to fight, to quarrel","se disputer, se battre, se quereller",,,,
95,C1,984,zugreifen,,,"to access, to grab, to help oneself",accéder,3. no help,zu,B1,greifen,"to grab, to grasp, to seize","saisir, s'emparer",,,,
95,C1,985,entführen,,,"to abduct, to kidnap","enlever, kidnapper",3. no help,ent,A2,führen,"to lead, to guide","guider, conduire",,,,
96,C1,988,bewundern,,,to admire,admirer,3. no help,be,C1,wundern,"to surprise, to amaze","surprendre, étonner",,,,
96,C1,989,anschaffen,,,"to purchase, to acquire, to procure","acheter, acquérir, se procurer",3. no help,an,B2,schaffen,"to manage, to accomplish, to create","gérer, accomplir, créer",,,,
96,C1,991,zugehen,,,"to approach, to close, to happen","s'approcher, se fermer, se produire",3. no help,zu,A1,gehen,"to go, to leave, to work, to function (coll.), to be going (Dat.), to be all right (Dat.)","aller, partir, fonctionner (familier)",,,,
96,C1,992,festsetzen,,,"to fix, to appoint, to detain, to determine, to establish","fixer, nommer, détenir, déterminer, établir",3. no help,fest,A2,setzen,"to set, to sit down (refl.)",s'asseoir (réfl.),,,,
96,C1,993,auszeichnen,,,"to honor, to distinguish","honorer, distinguer",3. no help,aus,A2,zeichnen,"to draw, to sketch","dessiner, esquisser",,,,
96,C1,994,festnehmen,,,"to arrest, to apprehend, to detain, to seize","arrêter, appréhender, détenir, saisir",3. no help,fest,A1,nehmen,"to take, to cause oneself to be (in some state)","prendre, se mettre (dans un état)",,,,
96,C1,996,antreten,,,"to begin, to compete","commencer, concourir",3. no help,an,B2,treten,"to step, to kick, to enter","marcher, donner un coup de pied, entrer",,,,
96,C1,997,einschlagen,,,"to strike, to hit, to drive in, to engrave, to heel in","frapper, toucher, enfoncer, graver",3. no help,ein,B1,schlagen,"to hit, to beat, to strike, to defeat","frapper, battre, vaincre",,,,
96,C1,999,sich entschließen,,,to decide (to do something) (refl.),décider (de faire quelque chose) (réfl.),3. no help,ent,A1,schließen,"to shut, to close, to lock, to conclude","fermer, clore, verrouiller, conclure",,,,
96,C1,1001,abdecken,,,"to cover, to remove, to uncover","couvrir, enlever, découvrir",3. no help,ab,B2,decken,"to cover, to set (a table), to hedge","couvrir, dresser (une table), se protéger",,,,
96,C1,1002,absetzen,,,"to set down, to put down, to deduct, to dismiss","Déposer, mettre de côté, déduire, rejeter",3. no help,ab,A2,setzen,"to set, to sit down (refl.)",s'asseoir (réfl.),,,,
96,C1,1003,benehmen,,,to behave (refl.),se comporter (réfl.),3. no help,be,A1,nehmen,"to take, to cause oneself to be (in some state)","prendre, se mettre (dans un état)",,,,
96,C1,1005,ausgleichen,,,"to balance, to offset, to compensate, to equalize","équilibrer, compenser, égaliser",3. no help,aus,B2,gleichen,"to equal, to match, to resemble","égaler, ressembler",,,,
96,C1,1006,einbringen,,,"to bring in, to contribute, to introduce, to harvest","apporter, contribuer, introduire, récolter",3. no help,ein,A1,bringen,"to bring, to take, to lead","apporter, prendre, conduire",,,,
96,C1,1009,vorschreiben,,,"to dictate, to prescribe, to instruct, to stipulate","dicter, prescrire, instruire, stipuler",3. no help,vor,A1,schreiben,to write,écrire,,,,
96,C1,1010,behindern,,,"to obstruct, to hamper","gêner, entraver",3. no help,be,C1,hindern,to prevent somebody from doing something,empêcher quelqu'un de faire quelque chose,,,,
96,C1,1011,anhören,,,to listen to someone,écouter quelqu'un,3. no help,an,A1,hören,"to hear, to listen to","entendre, écouter",,,,
96,C1,1014,abschalten,,,"to switch off, to disconnect, to turn off","éteindre, déconnecter, couper",3. no help,ab,B2,schalten,"to switch, to shift gears, to turn on, to turn off","changer, changer de vitesse, allumer, éteindre",,,,
96,C1,1017,verzögern,,,"to delay, to postpone, to stall","retarder, reporter, bloquer",3. no help,ver,B2,zögern,to hesitate,hésiter,,,,
96,C1,1020,vertragen,,,"to tolerate, to get along, to bear","tolérer, s'entendre, supporter",3. no help,ver,A1,tragen,"to wear (clothing), to carry, to hold","porter (des vêtements), transporter, tenir",,,,
97,C1,1021,einbrechen,,,"to break in, to collapse, to break down","s'introduire par effraction, s'effondrer, tomber en panne",3. no help,ein,A2,brechen,to break,"casser, briser",,,,
97,C1,1022,besiegen,,,to defeat (in battle or contest),vaincre (au combat ou dans un concours),3. no help,be,C1,siegen,"to win, to prevail, to triumph","gagner, triompher, prévaloir",,,,
97,C1,1023,aufteilen,,,"to distribute, to divide, to partition","distribuer, diviser, partitionner",3. no help,auf,A2,teilen,"to split, to share, to divide","diviser, partager",,,,
97,C1,1024,zumachen,,,"to close, to shut, to close down","fermer, cesser ses activités",3. no help,zu,A1,machen,"to make, to prepare, to do","faire, préparer",,,,
97,C1,1025,hinfahren,,,"to drive there, to go, to travel","aller en voiture, y aller, voyager",3. no help,hin,A1,fahren,"to go (by vehicle), to leave, to drive","aller (en véhicule), partir, conduire",,,,
97,C1,1026,austragen,,,"to deliver, to distribute, to carry out","livrer, distribuer, exécuter",3. no help,aus,A1,tragen,"to wear (clothing), to carry, to hold","porter (des vêtements), transporter, tenir",,,,
97,C1,1027,überreichen,,,"to hand over, to present, to submit","remettre, présenter, soumettre",3. no help,über,B2,reichen,"to reach, to hand, to be enough","atteindre, mettre la main, être suffisant","to add the meaning of <i>over</i>, to translate the prefix <i>sur</i> → über",,,
97,C1,1029,vortragen,,,"to perform, to recite, to present, to carry over","interpréter, réciter, présenter, transmettre",3. no help,vor,A1,tragen,"to wear (clothing), to carry, to hold","porter (des vêtements), transporter, tenir",,,,
97,C1,1031,wiedersehen,,,"to see again, to meet again","revoir, se revoir",3. no help,wieder,A1,sehen,"to see, to realise","voir, se rendre compte",,,,
97,C1,1032,ausweisen,,,"to expel, to identify, to deport","expulser, identifier, déporter",3. no help,aus,B2,weisen,"to point, to direct, to indicate","pointer, diriger, indiquer",,,,
97,C1,1033,aufbewahren,,,"to preserve, to keep, to store","préserver, conserver, stocker",3. no help,auf,C1,bewahren,"to keep, to preserve (to maintain the condition of)","garder, préserver (maintenir l'état de)",,,,
97,C1,1034,bedauern,,,"to regret, to deplore, to lament, to pity","regretter, déplorer, se lamenter, avoir pitié",3. no help,be,A2,dauern,"to last, to take (time)","durer, prendre (du temps)",,,,
97,C1,1035,loslassen,,,"to release, to let go, to let loose, to disengage","libérer, lâcher prise, se délier, se désengager",3. no help,los,A2,lassen,"to let, to leave, to allow","laisser, quitter, permettre",,,,
97,C1,1037,wegnehmen,,,"to take away, to remove, to abstract, to cancel","enlever, supprimer, abstraire, annuler",3. no help,weg,A1,nehmen,"to take, to cause oneself to be (in some state)","prendre, se mettre (dans un état)",,,,
97,C1,1039,einatmen,,,"to inhale, to breath in","inspirer, respirer",3. no help,ein,B1,atmen,to breathe,respirer,,,,
97,C1,1040,mitfahren,,,"to go with, to ride along","accompagner, faire un tour avec",3. no help,mit,A1,fahren,"to go (by vehicle), to leave, to drive","aller (en véhicule), partir, conduire",,,,
97,C1,1041,abrechnen,,,"to settle, to account for, to bill","régler, rendre compte, facturer",3. no help,ab,B1,rechnen,"to calculate, to expect, to count on","calculer, s'attendre à, compter sur",,,,
97,C1,1043,einsammeln,,,"to collect, to gather","collecter, rassembler",3. no help,ein,B1,sammeln,"to collect, to gather, to accumulate","recueillir, rassembler, accumuler",,,,
97,C1,1048,zurückfahren,,,"to back, to drive back, to flinch","reculer, faire marche arrière, tressaillir",3. no help,zurück,A1,fahren,"to go (by vehicle), to leave, to drive","aller (en véhicule), partir, conduire",,,,
97,C1,1055,herausfordern,,,"to challenge, to provoke, to banter to","défier, affronter",3. no help,heraus,B2,fordern,"to demand, to require, to call for","exiger, requérir, réclamer",,,,
98,C1,1061,verkehren,,,"to circulate, to interact, to turn, to twist",circuler,3. no help,ver,C1,kehren,"to sweep, to return","retourner, balayer",,,,
98,C1,1067,begehen,,,"to commit, perpetrate (a crime, an offence)","commettre, perpétrer (un crime, un délit)",3. no help,be,A1,gehen,"to go, to leave, to work, to function (coll.), to be going (Dat.), to be all right (Dat.)","aller, partir, fonctionner (familier)",,,,
98,C1,1068,abschneiden,,,"to cut off, to amputate, to block","couper, amputer, bloquer",3. no help,ab,B1,schneiden,"to cut, to slice","couper, trancher","to add the meaning of <i>off</i>, <i>away</i> → ab",,,
98,C1,1069,verdanken,,,"to owe, to be indebted, to owe to","devoir (quelque chose à quelqu'un), être redevable",3. no help,ver,A2,danken,to thank,remercier,,,,
98,C1,1070,zurückhalten,,,"to restrain, to hold back, to withhold","restreindre, retenir",3. no help,zurück,A1,halten,"to hold, to stop (a movement), to support, to keep","tenir, arrêter (un mouvement), soutenir, garder",to add the meaning of <i>back</i> → zurück,,,
98,C1,1071,verdoppeln,,,"to double, to duplicate, to reduplicate","doubler, dupliquer, redoubler",3. no help,ver,C2,doppeln,"to double, to duplicate, to fold","doubler, dupliquer, reproduire",,,,
98,C1,1073,verknüpfen,,,"to connect, to link, to associate, to tie, to annex to","connecter, relier, associer, lier, annexer à",3. no help,ver,C1,knüpfen,"to knot, to tie, to weave",nouer,,,,
98,C1,1074,aufzeigen,,,"to point out, to demonstrate, to indicate","souligner, démontrer, indiquer",3. no help,auf,A1,zeigen,"to show, to point at, to demonstrate","montrer, pointer du doigt, démontrer",,,,
98,C1,1075,aufbringen,,,"to capture, to raise, to antagonise",appliquer,3. no help,auf,A1,bringen,"to bring, to take, to lead","apporter, prendre, conduire",,,,
98,C1,1081,absehen,,,"to foresee, to overlook, to disregard","prévoir, négliger",3. no help,ab,A1,sehen,"to see, to realise","voir, se rendre compte",,,,
98,C1,1082,einsperren,,,"to lock up, to imprison","enfermer, emprisonner",3. no help,ein,C1,sperren,"to block, to lock, to close off","bloquer, verrouiller, fermer",,,,
98,C1,1086,verführen,,,"to seduce, to entice, to tempt, to debauch",séduire,3. no help,ver,A2,führen,"to lead, to guide","guider, conduire",,,,
98,C1,1090,voraussetzen,,,"to presume, to require, to assume","présumer, exiger, supposer",3. no help,voraus,A2,setzen,"to set, to sit down (refl.)",s'asseoir (réfl.),,,,
98,C1,1092,zurücktreten,,,"to resign, to step back, to step down, to withdraw","démissionner, se retirer, quitter ses fonctions",3. no help,zurück,B2,treten,"to step, to kick, to enter","marcher, donner un coup de pied, entrer",,,,
98,C1,1093,hervorgehen,,,"to result, to arise, to arise from, to emerge","résulter, survenir, provenir de, émerger",3. no help,hervor,A1,gehen,"to go, to leave, to work, to function (coll.), to be going (Dat.), to be all right (Dat.)","aller, partir, fonctionner (familier)",,,,
98,C1,1094,verbleiben,,,to remain,rester,3. no help,ver,A1,bleiben,"to remain, to stay",rester,,,,
98,C1,1095,herkommen,,,"to come over, come here (towards the speaker), to come from","venir, venir ici (vers l'orateur), venir de",3. no help,her,A1,kommen,"to come, to make it (e.g. over something), to go to, to occur","venir, aller à, se produire",,,,
98,C1,1096,beibringen,,,"to teach, to break (news, information) carefully to, to inflict","enseigner, annoncer (des nouvelles, des informations) avec précaution, infliger",3. no help,bei,A1,bringen,"to bring, to take, to lead","apporter, prendre, conduire",,,,
98,C1,1097,befördern,,,to transport,transporter,3. no help,be,B2,fördern,"to promote, to support","promouvoir, soutenir",,,,
98,C1,1099,anbringen,,,"to affix, to attach, to fasten, to add, to apply","fixer, attacher, ajouter, appliquer",3. no help,an,A1,bringen,"to bring, to take, to lead","apporter, prendre, conduire",,,,
99,C1,1100,bedürfen,,,"to need, to require, to depend, to demand","avoir besoin, exiger, dépendre, demander",3. no help,be,A1,dürfen,"to be allowed (to do something), may","être autorisé (à faire quelque chose), pouvoir",,,,
99,C1,1101,begreifen,,,"to understand, to comprehend, to grasp, to realise","comprendre, saisir, appréhender, réaliser",3. no help,be,B1,greifen,"to grab, to grasp, to seize","saisir, s'emparer",,,,
99,C1,1102,beitreten,,,"to join, to support, to accede to, to affiliate","adhérer, soutenir, adhérer à, s'affilier",3. no help,bei,B2,treten,"to step, to kick, to enter","marcher, donner un coup de pied, entrer",,,,
99,C1,1104,einräumen,,,"to admit, to acknowledge, to concede, to put away","admettre, reconnaître, concéder, mettre de côté",3. no help,ein,B2,räumen,"to clear, to remove, to vacate","déblayer, débrancher, dégager",,,,
99,C1,1105,entfallen,,,"to be omitted, to be dropped, to be canceled, to be inapplicable","à omettre, à supprimer, à annuler, à ne pas appliquer",3. no help,ent,B1,fallen,"to fall, to fall in battle, to collapse","tomber, tomber au combat, s'effondrer",,,,
99,C1,1106,erbringen,,,"to yield, to provide, to raise, to deliver","céder, fournir, lever, livrer",3. no help,er,A1,bringen,"to bring, to take, to lead","apporter, prendre, conduire",,,,
99,C1,1112,vermögen,,,"to be able, to be capable, to can","être capable, pouvoir",3. no help,ver,A1,mögen,to like,"aimer, apprécier",,,,
99,C1,1113,verschaffen,,,"to procure, to obtain, to acquire, to earn","se procurer, obtenir, acquérir, gagner",3. no help,ver,B2,schaffen,"to manage, to accomplish, to create","gérer, accomplir, créer",,,,
99,C1,1114,versenden,,,"to dispatch, to send, to forward, to ship","expédier, envoyer, faire parvenir, transporter",3. no help,ver,B1,senden,"to send, to broadcast","envoyer, diffuser",,,,
99,C1,1115,zukommen,,,"to approach, to be assigned to, to be due (to)","approcher, être assigné à, être dû (à)",3. no help,zu,A1,kommen,"to come, to make it (e.g. over something), to go to, to occur","venir, aller à, se produire",,,,
99,C1,1116,zusammenhängen,,,"to be related, to hang together, to associate","être apparenté, être ensemble, s'associer",3. no help,zusammen,A2,hängen,"to hang, to be fond of, depend on","accrocher, aimer, dépendre de",,,,
99,C1,1117,zusammensetzen,,,"to assemble, to put together, to be composed of","assembler, réunir, être composé de",3. no help,zusammen,A2,setzen,"to set, to sit down (refl.)",s'asseoir (réfl.),,,,
99,C1,1118,verbergen,,,"to conceal sth, to hide something",cacher quelque chose,3. no help,ver,C1,bergen,"to recover, to rescue, to save, to salvage","récupérer, secourir, sauver, sauver",,,,
99,C1,1119,versetzen,,,"to put, to move, to deal, to give (a blow, hit), to transfer (when to do with work)","mettre, déplacer, distribuer, donner (un coup), transférer (quand il s'agit de travailler)",3. no help,ver,A2,setzen,"to set, to sit down (refl.)",s'asseoir (réfl.),,,,
99,C1,1123,widerrufen,,,"to cancel, to revoke, to withdraw","annuler, révoquer, retirer",3. no help,wider,B1,rufen,"to call, to shout, to summon","appeler, crier, convoquer",,,,
99,C1,1130,berufen,,,"to appoint, to invoke, to cite","nommer, invoquer, citer",3. no help,be,B1,rufen,"to call, to shout, to summon","appeler, crier, convoquer",,,,
99,C1,1132,verdrängen,,,"to displace, to oust, to repress","déplacer, évincer, réprimer",3. no help,ver,C1,drängen,"to urge, to push, to cajole, to shove","exhorter, pousser, cajoler, bousculer",,,,
99,C1,1134,einschreiben,,,"to sign up, to enroll",s'inscrire,3. no help,ein,A1,schreiben,to write,écrire,,,,
99,C1,1137,entgegenkommen,,,"to accommodate, to approach, to come towards","s'adapter, s'approcher, venir vers",3. no help,entgegen,A1,kommen,"to come, to make it (e.g. over something), to go to, to occur","venir, aller à, se produire",,,,
99,C1,1138,erziehen,,,"to educate, to raise, to nurture, to teach, to train","éduquer, élever, nourrir, enseigner, former",3. no help,er,A1,ziehen,"to pull, to drag, to move","tirer, traîner, déplacer",,,,
100,C1,1139,überholen,,,"to overtake, to outstrip, to repair, to outpace","dépasser, distancer, réparer, surpasser",3. no help,über,A2,holen,to fetch,aller chercher,"to add the meaning of <i>over</i>, to translate the prefix <i>sur</i> → über",,,
100,C1,1140,bemalen,,,"to paint, to apply makeup, to color","peindre, maquiller, colorier, colorer",3. no help,be,B1,malen,"to paint, to draw","peindre, dessiner",,,,
100,C1,1144,sich ereignen,,,"to happen, to occur, to bechance","se produire, avoir lieu, être fortuit",3. no help,er,B2,eignen,"to be suitable, to be appropriate","être convenable, être approprié",,,,
100,C1,1146,weglaufen,,,to run away,s'enfuir,3. no help,weg,A1,laufen,"to walk, to flow (of a fluid), to run (of an event)","marcher, couler (un fluide), se dérouler (un événement)",,,,
100,C1,1147,vorhersagen,,,"to foretell, to forecast, to predict","prédire, prévoir, annoncer",3. no help,vorher,A1,sagen,"to say, to tell","dire, raconter",,,,
100,C1,1149,erwachsen,,,"to grow up, to arise, to spring up, to accrue","grandir, surgir, jaillir, s'accumuler",3. no help,er,B1,wachsen,"to grow, to increase","grandir, augmenter",,,,
100,C1,1150,abschreiben,,,"to write off, to copy, to transcribe","radier, copier, transcrire",3. no help,ab,A1,schreiben,to write,écrire,,,,
100,C1,1151,erschließen,,,"to develop, to access, to deduce, to unlock","développer, accéder, déduire, déverrouiller",3. no help,we,A1,schließen,"to shut, to close, to lock, to conclude","fermer, clore, verrouiller, conclure",,,,
100,C1,1152,herausnehmen,,,"to take out, to remove, to arrogate","enlever, retirer, s'arroger",3. no help,heraus,A1,nehmen,"to take, to cause oneself to be (in some state)","prendre, se mettre (dans un état)",,,,
100,C1,1155,weiterhelfen,,,"to assist, to help","pour aider, pour soutenir",3. no help,weiter,A1,helfen,to help,aider,,,,
100,C1,1156,aufhängen,,,"to hang up, to hang, to anchor","accrocher, suspendre, ancrer",3. no help,auf,A2,hängen,"to hang, to be fond of, depend on","accrocher, aimer, dépendre de",,,,
100,C1,1157,hinlegen,,,"to lie down, to put down, to lay down","s'allonger, poser, se coucher",3. no help,hin,A2,legen,"to lay, to lean, to lie down","poser, se pencher, s'allonger",,,,
100,C1,1158,beleuchten,,,"to illuminate, to examine","éclairer, examiner",3. no help,be,C1,leuchten,"to shine, to glow, to be illuminated","briller, allumer, éclairer",,,,
100,C1,1160,zutreffen,,,"to apply, to hold true, to be applicable","s'appliquer, être vrai, être applicable",3. no help,zu,A1,treffen,"to meet (refl.), to encounter (refl.), to hit, to affect","rencontrer (refl.), se rencontrer (refl.), heurter, frapper",,,,
100,C1,1161,zuwenden,,,"to turn to, to turn towards, to allocate, to dedicate","se tourner vers, allouer, dédier",3. no help,zu,B2,wenden,"to turn, to reverse, to address","tourner, inverser, s'adresser",,,,
100,C1,1162,überreden,,,"to convince, to persuade, to argue into","convaincre, persuader, amener à argumenter",3. no help,über,A1,reden,to talk,"parler, discuter",,,,
100,C1,1164,erschießen,,,to shoot dead,tuer par balle,3. no help,er,B2,schießen,"to shoot, to fire","tirer, faire feu",,,,
100,C1,1165,beibehalten,,,"to maintain, to keep, to retain",maintenir,3. no help,bei,B1,behalten,to keep,garder,,,,
100,C1,1166,widerstehen,,,"to resist, to withstand, to oppose","résister, supporter, s'opposer",3. no help,wider,A1,stehen,"to stand, to be, to appear","être debout, apparaître",,,,
100,C1,1168,kaputtgehen,,,"to break down, to break","se briser, se dégrader",3. no help,kaputt,A1,gehen,"to go, to leave, to work, to function (coll.), to be going (Dat.), to be all right (Dat.)","aller, partir, fonctionner (familier)",,,,
101,C1,1169,zusammenleben,,,"to live together, to cohabitate","vivre ensemble, cohabiter",3. no help,zusammen,A1,leben,to live,vivre,,,,
101,C1,1171,ausschlafen,,,"to sleep in, to catch up on sleep","faire la grasse matinée, rattraper son sommeil",3. no help,aus,A1,schlafen,to sleep,dormir,,,,
101,C1,1172,abfliegen,,,"to patrol, to depart, to fly along","patrouiller, partir, voler le long",3. no help,ab,B1,fliegen,"to fly, to travel by plane","voler, voyager en avion",,,,
101,C1,1174,zuweisen,,,"to assign, to allocate, to allot","attribuer, assigner, affecter",3. no help,zu,B2,weisen,"to point, to direct, to indicate","pointer, diriger, indiquer",,,,
101,C1,1180,erleiden,,,"to endure, to suffer, to experience, to experience pain","endurer, souffrir, éprouver, ressentir de la douleur",3. no help,er,B1,leiden,"to suffer, to endure, to bear","souffrir, endurer, supporter",,,,
101,C1,1181,beschützen,,,"to protect, to defend (security)","protéger, défendre (sécurité)",3. no help,be,B1,schützen,"to defend (lawyer), to protect (sunprotection)","défendre (avocat), protéger (protection solaire)",,,,
101,C1,1184,begrenzen,,,"to limit, to restrict, to bound","limiter, resteindre, confiner",3. no help,be,C1,grenzen,"to abut, to approach, to border, to limit",limiter,,,,
101,C1,1186,anfragen,,,"to ask, to inquire, to enquire, to request",demander,3. no help,an,A1,fragen,"to ask, to wonder (refl.)","demander, se demander (réfl.)",to add intensity to a reference point → an,,,
101,C1,1188,gebieten,,,"to command, to demand, to bid, to dominate","dominer, ordonner",3. no help,ge,A2,bieten,"to offer, to bid, to arise, to occur (of an opportunity) (refl.)","offrir, enchérir, surgir, se produire (d'une opportunité) (réfl.)",,,,
101,C1,1189,geleiten,,,"to accompany, to escort, to conduct",accompagner,3. no help,ge,B2,leiten,"to lead, to manage, to conduct","diriger, gérer, conduire",,,,
101,C1,1193,beleben,,,"to invigorate, to animate, to revive","animer, revivre, relancer",3. no help,be,A1,leben,to live,vivre,,,,
101,C1,1194,erlöschen,,,"to go out, to die out, to expire",s'éteindre,3. no help,er,B2,löschen,"to delete, to extinguish, to erase","supprimer, éteindre, effacer",,,,
101,C1,1198,ansteigen,,,"to rise, to increase, to ascend, to advance","s'élever, croître, monter, progresser",3. no help,an,A2,steigen,"to ascend, to climb, to rise","monter, grimper, s'élever",,,,
101,C1,1199,anstreben,,,"to pursue, to seek, to strive for, to aim","poursuivre, chercher, s'efforcer d'obtenir, viser",3. no help,an,C1,streben,"to strive, to tend to, to aspire","aspirer, s'efforcer, viser",,,,
101,C1,1200,ausstrahlen,,,"to emit, to broadcast, to radiate, to air","émettre, diffuser, rayonner",3. no help,aus,C1,strahlen,"to radiate, to beam","rayonner, briller, illuminer",,,,
101,C1,1201,eintreffen,,,"to arrive, to come true, to happen","arriver, se réaliser, se produire",3. no help,ein,A1,treffen,"to meet (refl.), to encounter (refl.), to hit, to affect","rencontrer (refl.), se rencontrer (refl.), heurter, frapper",,,,
101,C1,1203,erlernen,,,"to learn, to acquire, to master","apprendre, acquérir, maîtriser",3. no help,er,A1,lernen,"to learn, to study, to train something","apprendre, étudier, se former à quelque chose",,,,
101,C1,1206,verschließen,,,"to close, to seal, to lock, to block","fermer, sceller, verrouiller, bloquer",3. no help,ver,A1,schließen,"to shut, to close, to lock, to conclude","fermer, clore, verrouiller, conclure",,,,
101,C1,1207,ausarbeiten,,,"to develop, to draw up, to elaborate","développer, élaborer, mettre au point",3. no help,aus,A1,arbeiten,to work,travailler,,,,
101,C1,1209,verbrechen,,,to commit (a crime),commettre (un crime),3. no help,ver,A2,brechen,to break,"casser, briser",,,,
102,C1,1212,zusammenstoßen,,,"to collide, to brush, to bump","entrer en collision, se frôler, se heurter",3. no help,zusammen,B2,stoßen,"to push, to bump, to kick, to thrust","pousser, cogner, donner un coup de pied",,,,
102,C1,1214,verstoßen,,,"to breach, to transgress, to violate","enfreindre, transgresser, violer",3. no help,ver,B2,stoßen,"to push, to bump, to kick, to thrust","pousser, cogner, donner un coup de pied",,,,
102,C1,1215,vermischen,,,"to mix, to blend, to combine","mélanger, combiner",3. no help,ver,B2,mischen,"to mix, to blend",mélanger,,,,
102,C1,1216,begleichen,,,"to acquit, to pay, to settle","acquitter, payer, régler",3. no help,be,B2,gleichen,"to equal, to match, to resemble","égaler, ressembler",,,,
102,C1,1222,zulegen,,,"to add, to gain, to increase, to put on weight, to draw","ajouter, gagner, augmenter, prendre du poids, tirer",3. no help,zu,A2,legen,"to lay, to lean, to lie down","poser, se pencher, s'allonger",,,,
102,C1,1223,vorweisen,,,to demonstrate,démontrer,3. no help,vor,B2,weisen,"to point, to direct, to indicate","pointer, diriger, indiquer",,,,
102,C1,1227,auflisten,,,"to list, to catalogue","lister, cataloguer",3. no help,auf,C1,listen,"to list, to allow in, to lead as a series","énumérer, citer",,,,
102,C1,1228,bedecken,,,"to cover, to conceal, to overlay","couvrir, dissimuler, recouvrir",3. no help,be,B2,decken,"to cover, to set (a table), to hedge","couvrir, dresser (une table), se protéger",,,,
102,C1,1231,herausstellen,,,"to emphasize, to highlight, to put out","mettre en valeur, souligner, diffuser",3. no help,heraus,A2,stellen,"to position, to put, to catch","positionner, mettre",,,,
102,C1,1232,nachgehen,,,"to pursue, to follow up","poursuivre, donner suite",3. no help,nach,A1,gehen,"to go, to leave, to work, to function (coll.), to be going (Dat.), to be all right (Dat.)","aller, partir, fonctionner (familier)",,,,
102,C1,1236,ausnutzen,,,"to exploit, to take advantage of, to use","exploiter, tirer profit de, utiliser",3. no help,aus,B1,nutzen,"to use, to utilize, to benefit from","utiliser, exploiter, bénéficier de",,,,
102,C1,1237,beschaffen,,,"to acquire, to obtain, to procure","acquérir, obtenir, se procurer",3. no help,be,B2,schaffen,"to manage, to accomplish, to create","gérer, accomplir, créer",,,,
102,C1,1238,einholen,,,"to catch up, to reel in, to obtain","rattraper, obtenir",3. no help,ein,A2,holen,to fetch,aller chercher,,,,
102,C1,1239,einsehen,,,"to realize, to understand, to recognize","réaliser, comprendre, reconnaître",3. no help,ein,A1,sehen,"to see, to realise","voir, se rendre compte",,,,
102,C1,1240,hervorrufen,,,"to cause, to elicit, to bring about","provoquer, susciter, entraîner",3. no help,hervor,B1,rufen,"to call, to shout, to summon","appeler, crier, convoquer",,,,
102,C1,1241,hinnehmen,,,"to accept, to take, to abide","accepter, prendre, supporter",3. no help,hin,A1,nehmen,"to take, to cause oneself to be (in some state)","prendre, se mettre (dans un état)",,,,
102,C1,1244,übersehen,,,"to overlook, to miss, to ignore","négliger, manquer, ignorer",3. no help,über,A1,sehen,"to see, to realise","voir, se rendre compte",,,,
102,C1,1245,wegziehen,,,"to move away, to leave","s'éloigner, partir",3. no help,weg,A1,ziehen,"to pull, to drag, to move","tirer, traîner, déplacer",,,,
102,C1,1246,anschalten,,,"to switch on, to turn on, to activate","allumer, mettre en marche, activer",3. no help,an,B2,schalten,"to switch, to shift gears, to turn on, to turn off","changer, changer de vitesse, allumer, éteindre",,,,
102,C1,1247,zurückrufen,,,"to call back, to recall","rappeler, se souvenir",3. no help,zurück,B1,rufen,"to call, to shout, to summon","appeler, crier, convoquer",,,,
103,C1,1248,vorbeigehen,,,"to go by, to pass, to pass by","passer, passer devant",3. no help,vorbei,A1,gehen,"to go, to leave, to work, to function (coll.), to be going (Dat.), to be all right (Dat.)","aller, partir, fonctionner (familier)",,,,
103,C1,1251,zurückschicken,,,"to send back, to return, to remit","renvoyer, retourner, remettre",3. no help,zurück,A1,schicken,to send,envoyer,,,,
103,C1,1252,umschreiben,,,"to circumscribe, to paraphrase","circonscrire, paraphraser",3. no help,um,A1,schreiben,to write,écrire,,,,
103,C1,1257,mitarbeiten,,,"to collaborate, to contribute, to cooperate","collaborer, contribuer, coopérer",3. no help,mit,A1,arbeiten,to work,travailler,,,,
103,C1,1258,nachholen,,,"to catch up, to make up","rattraper, compenser",3. no help,nach,A2,holen,to fetch,aller chercher,,,,
103,C1,1259,einschätzen,,,"to judge, to assess, to evaluate","juger, évaluer, apprécier",3. no help,ein,B1,schätzen,"to appreciate, to evaluate, to guess","apprécier, évaluer",,,,
103,C1,1262,durchfallen,,,"to flunk, to fail, to fall through","échouer, se planter",3. no help,durch,B1,fallen,"to fall, to fall in battle, to collapse","tomber, tomber au combat, s'effondrer",,,,
103,C1,1263,unterschätzen,,,"to underestimate, to underrate, to undervalue","sous-estimer, sous-évaluer, dévaloriser",3. no help,unter,B1,schätzen,"to appreciate, to evaluate, to guess","apprécier, évaluer",,,,
103,C1,1265,untergehen,,,"to sink, to be destroyed, to disappear","couler, être détruit, disparaître",3. no help,unter,A1,gehen,"to go, to leave, to work, to function (coll.), to be going (Dat.), to be all right (Dat.)","aller, partir, fonctionner (familier)",,,,
103,C1,1273,aufschlagen,,,"to hit, to strike, to open","frapper, ouvrir",3. no help,auf,B1,schlagen,"to hit, to beat, to strike, to defeat","frapper, battre, vaincre",,,,
103,C1,1274,aufziehen,,,"to approach, to gather, to march","s'approcher, se rassembler, marcher",3. no help,auf,A1,ziehen,"to pull, to drag, to move","tirer, traîner, déplacer",,,,
103,C1,1277,beheben,,,"to rectify, to remedy, to correct","rectifier, remédier, corriger",3. no help,be,B1,heben,"to lift, to raise","soulever, élever",,,,
103,C1,1279,abwaschen,,,"to clean, to wash off","nettoyer, laver",3. no help,ab,A1,waschen,to wash,laver,,,,
42,A1,40,anziehen,,,"to get dressed, to put on, to dress someone, to attract, to pull","s'habiller, mettre, habiller quelqu'un, attirer, tirer",4. something,an,A1,ziehen,"to pull, to drag, to move","tirer, traîner, déplacer","to add the meaning of <i>on</i>, of a contact → an",,,
45,A1,65,übersetzen,,,to translate,traduire,4. something,über,A2,setzen,"to set, to sit down (refl.)",s'asseoir (réfl.),to translate the prefix <i>trans-</i> → über,,,
43,A2,124,ankommen,,,"to arrive, to depend on something","arriver, dépendre de quelque chose",4. something,an,A1,kommen,"to come, to make it (e.g. over something), to go to, to occur","venir, aller à, se produire","to add the meaning of <i>on</i>, of a contact → an",,,
47,A2,128,verlassen,,,"to leave, to trust with something (refl.), to pass away, to die","partir, confier quelque chose (réfl.), décéder, mourir",4. something,ver,A2,lassen,"to let, to leave, to allow","laisser, quitter, permettre",,,,
38,A2,138,vorstellen,,,"to introduce, to present oneself (refl.), to move forward, to represent","introduire, se présenter (réfl.), représenter",4. something,vor,A2,stellen,"to position, to put, to catch","positionner, mettre","to indicate that something is <i>in front</i>, a performance → vor",,,
39,A2,152,annehmen,,,"to accept, to assume (a hypothesis), to receive, to suppose","accepter, supposer (une hypothèse), recevoir",4. something,an,A1,nehmen,"to take, to cause oneself to be (in some state)","prendre, se mettre (dans un état)","to add the meaning of <i>on</i>, of a contact → an",,,
42,A2,156,umziehen,,,"to move (house), to change clothes","déménager, changer de vêtements",4. something,um,A1,ziehen,"to pull, to drag, to move","tirer, traîner, déplacer",to add the meaning of <i>around</i> → um,,,
39,B1,167,übernehmen,,,to take over,"prendre le relais, prendre le contrôle",4. something,über,A1,nehmen,"to take, to cause oneself to be (in some state)","prendre, se mettre (dans un état)","to add the meaning of <i>over</i>, to translate the prefix <i>sur</i> → über",,,
40,B1,168,enthalten,,,"to contain, to include","contenir, inclure",4. something,ent,A1,halten,"to hold, to stop (a movement), to support, to keep","tenir, arrêter (un mouvement), soutenir, garder",,,,
40,B1,175,behalten,,,to keep,garder,4. something,be,A1,halten,"to hold, to stop (a movement), to support, to keep","tenir, arrêter (un mouvement), soutenir, garder",,,,
40,B1,197,erhalten,,,"to receive, to get, to obtain, to preserve","recevoir, obtenir, acquérir, préserver",4. something,er,A1,halten,"to hold, to stop (a movement), to support, to keep","tenir, arrêter (un mouvement), soutenir, garder",,,,
45,B1,207,ersetzen,,,"to replace, to substitute, to compensate for","remplacer, substituer, compenser",4. something,er,A2,setzen,"to set, to sit down (refl.)",s'asseoir (réfl.),,,,
39,B1,217,mitnehmen,,,"to take along, to take with",emporter,4. something,mit,A1,nehmen,"to take, to cause oneself to be (in some state)","prendre, se mettre (dans un état)","to add the meaning of <i>along</i>, <i>with</i> → mit",,,
50,B1,233,beschreiben,,,"to describe, to depict","décrire, représenter",4. something,be,A1,schreiben,to write,écrire,to discuss or mention an object → be,,,
37,B1,237,zurückgeben,,,"to return, to give back, to answer back","rendre, répondre",4. something,zurück,A1,geben,to give,donner,to add the meaning of <i>back</i> → zurück,,,
43,B1,238,mitkommen,,,"to come along, to keep up","venir, suivre",4. something,mit,A1,kommen,"to come, to make it (e.g. over something), to go to, to occur","venir, aller à, se produire","to add the meaning of <i>along</i>, <i>with</i> → mit",,,
50,B1,255,unterschreiben,,,"to sign, to subscribe, to unterwrite","signer, souscrire",4. something,unter,A1,schreiben,to write,écrire,"to add the meaning of <i>under</i>, to translate the prefix <i>sub-</i> → unter",,,
38,B1,257,bestellen,,,"to order, to reserve","commander, réserver",4. something,be,A2,stellen,"to position, to put, to catch","positionner, mettre",,,,
39,B1,267,aufnehmen,,,"to record, to take in, to absorb, to include","enregistrer, assimiler, absorber, inclure",4. something,auf,A1,nehmen,"to take, to cause oneself to be (in some state)","prendre, se mettre (dans un état)",to add the meaning of <i>up</i> → auf,,,
52,B1,279,abschließen,,,"to complete, to conclude, to lock","compléter, conclure, verrouiller",4. something,ab,A1,schließen,"to shut, to close, to lock, to conclude","fermer, clore, verrouiller, conclure","to add the meaning of <i>off</i>, <i>away</i> → ab",,,
43,B1,285,zurückkommen,,,"to come back, to return","revenir, retourner",4. something,zurück,A1,kommen,"to come, to make it (e.g. over something), to go to, to occur","venir, aller à, se produire",to add the meaning of <i>back</i> → zurück,,,
38,B2,326,herstellen,,,"to produce, to make, to establish","produire, fabriquer, établir",4. something,her,A2,stellen,"to position, to put, to catch","positionner, mettre",,,,
40,B2,333,unterhalten,,,"to entertain, to maintain, to support, to convert","divertir, entretenir, soutenir, convertir",4. something,unter,A1,halten,"to hold, to stop (a movement), to support, to keep","tenir, arrêter (un mouvement), soutenir, garder",,,,
38,B2,334,einstellen,,,"to hire, to adjust, to stop","embaucher, ajuster, arrêter",4. something,ein,A2,stellen,"to position, to put, to catch","positionner, mettre","to add the meaning of <i>in</i>, <i>into</i> → ein",,,
51,B2,339,überlegen,,,"to consider, to think about, to reflect, to lay over","considérer, penser à, réfléchir, recouvrir, poser par-dessus",4. something,über,A2,legen,"to lay, to lean, to lie down","poser, se pencher, s'allonger",,,,
39,B2,340,unternehmen,,,"to undertake, to attempt, to take action","entreprendre, tenter, agir",4. something,unter,A1,nehmen,"to take, to cause oneself to be (in some state)","prendre, se mettre (dans un état)","to add the meaning of <i>under</i>, to translate the prefix <i>sub-</i> → unter",,,
46,B2,345,durchführen,,,"to carry out, to conduct, to implement","réaliser, mener, mettre en œuvre",4. something,durch,A2,führen,"to lead, to guide","guider, conduire",to add the meaning of <i>through</i> → durch,,,
37,B2,350,abgeben,,,"to submit, to hand in, to deliver","soumettre, remettre, livrer",4. something,ab,A1,geben,to give,donner,"to add the meaning of <i>off</i>, <i>away</i> → ab",,,
45,B2,357,einsetzen,,,"to use, to apply, to deploy, to insert","utiliser, appliquer, déployer, insérer",4. something,ein,A2,setzen,"to set, to sit down (refl.)",s'asseoir (réfl.),"to add the meaning of <i>in</i>, <i>into</i> → ein",,,
49,B2,373,ansehen,,,"to look at something, to watch something","regarder quelque chose, observer quelque chose",4. something,an,A1,sehen,"to see, to realise","voir, se rendre compte",to add intensity to a reference point → an,,,
38,B2,375,erstellen,,,"to create, to prepare, to compile","créer, préparer, compiler",4. something,er,A2,stellen,"to position, to put, to catch","positionner, mettre",,,,
39,B2,387,zunehmen,,,"to increase, to gain (weight), to rise","augmenter, prendre (du poids), s'élever",4. something,zu,A1,nehmen,"to take, to cause oneself to be (in some state)","prendre, se mettre (dans un état)",,,,
42,B2,417,einziehen,,,"to move in, to penetrate, to infiltrate","s'introduire, pénétrer, s'infiltrer",4. something,ein,A1,ziehen,"to pull, to drag, to move","tirer, traîner, déplacer","to add the meaning of <i>in</i>, <i>into</i> → ein",,,
41,B2,420,eingehen,,,"to shrink (textile), to wither, to die (plants, animals), to assume something","rétrécir (textile), se faner, mourir (plantes, animaux), prendre quelque chose",4. something,ein,A1,gehen,"to go, to leave, to work, to function (coll.), to be going (Dat.), to be all right (Dat.)","aller, partir, fonctionner (familier)",,,,
39,B2,451,abnehmen,,,"to decrease, to lose weight, to remove","diminuer, perdre du poids, éliminer",4. something,ab,A1,nehmen,"to take, to cause oneself to be (in some state)","prendre, se mettre (dans un état)","to add the meaning of <i>off</i>, <i>away</i> → ab",,,
44,B2,452,beweisen,,,"to prove, to demonstrate","prouver, démontrer",4. something,be,B2,weisen,"to point, to direct, to indicate","pointer, diriger, indiquer",,,,
52,B2,457,beschließen,,,"to decide, to resolve","décider, résoudre",4. something,be,A1,schließen,"to shut, to close, to lock, to conclude","fermer, clore, verrouiller, conclure",to discuss or mention an object → be,,,
44,B2,459,hinweisen,,,"to indicate, to point out, to refer","indiquer, faire remarquer, se référer",4. something,hin,B2,weisen,"to point, to direct, to indicate","pointer, diriger, indiquer",,,,
47,B2,462,zulassen,,,"to allow, to permit, to license","permettre, autoriser, autoriser",4. something,zu,A2,lassen,"to let, to leave, to allow","laisser, quitter, permettre",,,,
51,B2,465,belegen,,,"to prove, to occupy, to substantiate","prouver, occuper, étayer",4. something,be,A2,legen,"to lay, to lean, to lie down","poser, se pencher, s'allonger",,,,
37,B2,467,angeben,,,"to state, to declare, to show off, to brag","déclarer, affirmer, se vanter",4. something,an,A1,geben,to give,donner,,,,
41,B2,489,umgehen,,,"to handle, to deal with, to avoid","gérer, faire face à, éviter",4. something,um,A1,gehen,"to go, to leave, to work, to function (coll.), to be going (Dat.), to be all right (Dat.)","aller, partir, fonctionner (familier)",to add the meaning of <i>around</i> → um,,,
52,B2,493,anschließen,,,"to join, to attach, to affiliate, to connect","rejoindre, attacher, s'affilier, se connecter",4. something,an,A1,schließen,"to shut, to close, to lock, to conclude","fermer, clore, verrouiller, conclure","to add the meaning of <i>on</i>, of a contact → an",,,
43,B2,496,vorkommen,,,"to occur, to happen, to advance","se produire, arriver, progresser",4. something,vor,A1,kommen,"to come, to make it (e.g. over something), to go to, to occur","venir, aller à, se produire",to add the meaning of <i>forward</i> → vor,,,
37,B2,505,eingeben,,,"to enter, to input, to give, to supply","entrer, saisir, donner, fournir",4. something,ein,A1,geben,to give,donner,"to add the meaning of <i>in</i>, <i>into</i> → ein",,,
48,B2,525,zusammenfassen,,,"to summarize, to condense, to abstract","résumer, condenser, abstraire",4. something,zusammen,B2,fassen,"to grasp, to seize, to capture, to comprehend","saisir, capturer, comprendre","to add the meaning of <i>co</i>, <i>together</i> → zusammen",,,
40,B2,538,sich verhalten,,,"to behave (refl.), to act (refl.), to press (coll.)","se comporter (réfl.), agir (réfl.), faire pression (familier)",4. something,ver,A1,halten,"to hold, to stop (a movement), to support, to keep","tenir, arrêter (un mouvement), soutenir, garder",,,,
44,B2,539,überweisen,,,"to transfer (money), to refer (a patient)","transférer (de l'argent), référer (un patient)",4. something,über,B2,weisen,"to point, to direct, to indicate","pointer, diriger, indiquer",to translate the prefix <i>trans-</i> → über,,,
41,B2,543,zurückgehen,,,"to go back, to decrease, to decline","revenir en arrière, diminuer, décliner",4. something,zurück,A1,gehen,"to go, to leave, to work, to function (coll.), to be going (Dat.), to be all right (Dat.)","aller, partir, fonctionner (familier)",to add the meaning of <i>back</i> → zurück,,,
50,B2,559,verschreiben,,,"to prescribe, to commit oneself to, to misspell by accident","prescrire, s'engager à, faire une faute d'orthographe par accident",4. something,ver,A1,schreiben,to write,écrire,,,,
41,B2,560,hingehen,,,"to go (there), (of time) to pass","aller (là-bas), passer (le temps)",4. something,hin,A1,gehen,"to go, to leave, to work, to function (coll.), to be going (Dat.), to be all right (Dat.)","aller, partir, fonctionner (familier)",,,,
47,B2,566,entlassen,,,"to dismiss, to fire, to release","congédier, licencier, libérer",4. something,ent,A2,lassen,"to let, to leave, to allow","laisser, quitter, permettre",,,,
37,B2,587,vergeben,,,"to forgive, to award, to assign","pardonner, récompenser, attribuer",4. something,ver,A1,geben,to give,donner,,,,
37,B2,599,aufgeben,,,"to give up on, to give up (refl.), to abandon","renoncer à, abandonner (réfl.),",4. something,auf,A1,geben,to give,donner,to add the meaning of <i>up</i> → auf,,,
37,B2,604,zugeben,,,"to admit, to confess, to add","admettre, confesser, ajouter",4. something,zu,A1,geben,to give,donner,,,,
39,B2,635,entnehmen,,,"to extract, to gather from, to remove","retirer, tirer, déduire",4. something,ent,A1,nehmen,"to take, to cause oneself to be (in some state)","prendre, se mettre (dans un état)",,,,
41,C1,644,vorgehen,,,"to proceed, to advance, to go ahead","procéder, avancer, aller de l'avant",4. something,vor,A1,gehen,"to go, to leave, to work, to function (coll.), to be going (Dat.), to be all right (Dat.)","aller, partir, fonctionner (familier)",to add the meaning of <i>forward</i> → vor,,,
37,C1,648,ergeben,,,"to result in, to yield, to surrender","aboutir à, céder, se rendre",4. something,er,A1,geben,to give,donner,,,,
45,C1,650,umsetzen,,,"to implement, to apply, to put into practice","mettre en œuvre, appliquer, mettre en pratique",4. something,um,A2,setzen,"to set, to sit down (refl.)",s'asseoir (réfl.),,,,
39,C1,651,vornehmen,,,"to undertake, to carry out","entreprendre, réaliser",4. something,vor,A1,nehmen,"to take, to cause oneself to be (in some state)","prendre, se mettre (dans un état)",to add the meaning of <i>forward</i> → vor,,,
46,C1,659,einführen,,,"to introduce, to implement, to import","introduire, mettre en œuvre, importer",4. something,ein,A2,führen,"to lead, to guide","guider, conduire","to add the meaning of <i>in</i>, <i>into</i> → ein",,,
49,C1,663,versehen,,,"to provide, to equip, to supply","fournir, équiper, approvisionner",4. something,ver,A1,sehen,"to see, to realise","voir, se rendre compte",,,,
51,C1,664,anlegen,,,"to create, to invest","créer, investir",4. something,an,A2,legen,"to lay, to lean, to lie down","poser, se pencher, s'allonger","to indicate the action is partial, beginning → an",,,
48,C1,667,umfassen,,,"to include, to comprise","inclure, comprendre",4. something,um,B2,fassen,"to grasp, to seize, to capture, to comprehend","saisir, capturer, comprendre",,,,
42,C1,668,beziehen,,,"to refer, to relate, to obtain, to cover, to move into","se référer, obtenir",4. something,be,A1,ziehen,"to pull, to drag, to move","tirer, traîner, déplacer",,,,
39,C1,673,einnehmen,,,"to capture, to earn, to ingest","capturer, gagner, ingérer",4. something,ein,A1,nehmen,"to take, to cause oneself to be (in some state)","prendre, se mettre (dans un état)","to add the meaning of <i>in</i>, <i>into</i> → ein",,,
40,C1,682,einhalten,,,"to observe, to adhere, to comply","observer, adhérer, se conformer",4. something,ein,A1,halten,"to hold, to stop (a movement), to support, to keep","tenir, arrêter (un mouvement), soutenir, garder",,,,
37,C1,684,weitergeben,,,"to pass on, to impart, to relay","transmettre, relayer",4. something,weiter,A1,geben,to give,donner,,,,
47,C1,693,hinterlassen,,,"to leave behind, to bequeath","laisser derrière soi, léguer",4. something,hinter,A2,lassen,"to let, to leave, to allow","laisser, quitter, permettre",to add the meaning of <i>behind</i> → hinter,,,
38,C1,694,aufstellen,,,"to set up, to establish","mettre en place, établir",4. something,auf,A2,stellen,"to position, to put, to catch","positionner, mettre",to add the meaning of <i>up</i> → auf,,,
38,C1,721,bereitstellen,,,"to make available, to provide, to supply","mettre à disposition, fournir, approvisionner",4. something,bereit,A2,stellen,"to position, to put, to catch","positionner, mettre",,,,
51,C1,744,vorlegen,,,"to present, to submit, to bring forward","présenter, soumettre, avancer",4. something,vor,A2,legen,"to lay, to lean, to lie down","poser, se pencher, s'allonger","to indicate that something is <i>in front</i>, a performance → vor",,,
45,C1,749,durchsetzen,,,"to enforce, to assert","faire respecter, affirmer",4. something,durch,A2,setzen,"to set, to sit down (refl.)",s'asseoir (réfl.),to add the meaning of <i>through</i> → durch,,,
44,C1,750,nachweisen,,,"to prove, to account for, to demonstrate","prouver, rendre compte de, démontrer",4. something,nach,B2,weisen,"to point, to direct, to indicate","pointer, diriger, indiquer",to indicate a purposeful action → nach,,,
44,C1,751,aufweisen,,,"to exhibit, to feature, to show, to boast","exposer, mettre en valeur, montrer, se vanter",4. something,auf,B2,weisen,"to point, to direct, to indicate","pointer, diriger, indiquer",,,,
40,C1,761,aufhalten,,,"to stop, to stay, to delay","arrêter, rester, retarder",4. something,auf,A1,halten,"to hold, to stop (a movement), to support, to keep","tenir, arrêter (un mouvement), soutenir, garder",,,,
43,C1,777,vorbeikommen,,,"to come by, to come over, to drop by","passer, venir voir, faire un saut",4. something,vorbei,A1,kommen,"to come, to make it (e.g. over something), to go to, to occur","venir, aller à, se produire",,,,
50,C1,784,aufschreiben,,,"to write down, to note down, to record","écrire, noter, enregistrer",4. something,auf,A1,schreiben,to write,écrire,,,,
45,C1,789,besetzen,,,"to occupy, to border, to cast","occuper, border, jeter",4. something,be,A2,setzen,"to set, to sit down (refl.)",s'asseoir (réfl.),to work on or change the state of an object → be,,,
46,C1,790,aufführen,,,"to perform, to present","exécuter, présenter",4. something,auf,A2,führen,"to lead, to guide","guider, conduire",,,,
47,C1,793,überlassen,,,"to leave to, to entrust, to surrender","laisser à, confier, abandonner",4. something,über,A2,lassen,"to let, to leave, to allow","laisser, quitter, permettre","to add the meaning of <i>over</i>, to translate the prefix <i>sur</i> → über",,,
48,C1,795,verfassen,,,"to write, to compose, to draft","écrire, composer, rédiger",4. something,ver,B2,fassen,"to grasp, to seize, to capture, to comprehend","saisir, capturer, comprendre",,,,
46,C1,802,anführen,,,"to cite, to lead, to quote, to instruct","citer, diriger, instruire",4. something,an,A2,führen,"to lead, to guide","guider, conduire",to add intensity to a reference point → an,,,
48,C1,805,erfassen,,,"to record, to capture, to collect","enregistrer, capturer, collecter",4. something,er,B2,fassen,"to grasp, to seize, to capture, to comprehend","saisir, capturer, comprendre",,,,
37,C1,806,übergeben,,,"to hand over, to vomit (refl.)","remettre, vomir (réfl.)",4. something,über,A1,geben,to give,donner,"to add the meaning of <i>over</i>, to translate the prefix <i>sur</i> → über",,,
48,C1,808,befassen,,,"to address, to deal with, to attend to","s'adresser à, traiter, s'occuper de",4. something,be,B2,fassen,"to grasp, to seize, to capture, to comprehend","saisir, capturer, comprendre",to discuss or mention an object → be,,,
38,C1,821,zusammenstellen,,,"to compile, to assemble","compiler, assembler",4. something,zusammen,A2,stellen,"to position, to put, to catch","positionner, mettre","to add the meaning of <i>co</i>, <i>together</i> → zusammen",,,
38,C1,824,anstellen,,,"to queue (refl.), to employ someone, to hire, to get into mischief","faire la queue (réfl.), employer quelqu'un, faire des bêtises",4. something,an,A2,stellen,"to position, to put, to catch","positionner, mettre",,,,
44,C1,831,verweisen,,,"to refer, to direct","se référer, diriger",4. something,ver,B2,weisen,"to point, to direct, to indicate","pointer, diriger, indiquer",,,,
42,C1,835,abziehen,,,"to remove, to deduct, to withdraw","supprimer, déduire, retirer",4. something,ab,A1,ziehen,"to pull, to drag, to move","tirer, traîner, déplacer","to add the meaning of <i>off</i>, <i>away</i> → ab",,,
42,C1,850,zurückziehen,,,"to withdraw, to pull back, to retreat","se retirer, se replier",4. something,zurück,A1,ziehen,"to pull, to drag, to move","tirer, traîner, déplacer",to add the meaning of <i>back</i> → zurück,,,
47,C1,852,erlassen,,,"to enact, to issue, to forgive, to let off, to release from","promulguer, pardonner, renoncer à, libérer de",4. something,er,A2,lassen,"to let, to leave, to allow","laisser, quitter, permettre",,,,
41,C1,858,angehen,,,"to concern, to tackle (a problem), to turn on (a machine)","s'inquiéter, s'attaquer (à un problème), mettre en marche (une machine)",4. something,an,A1,gehen,"to go, to leave, to work, to function (coll.), to be going (Dat.), to be all right (Dat.)","aller, partir, fonctionner (familier)","to add the meaning of <i>on</i>, of a contact → an",,,
41,C1,862,vergehen,,,"to die, to pass, to elapse, to perish","mourir, passer, s'écouler, périr",4. something,ver,A1,gehen,"to go, to leave, to work, to function (coll.), to be going (Dat.), to be all right (Dat.)","aller, partir, fonctionner (familier)",,,,
38,C1,872,umstellen,,,"to relocate, to adapt, to change","déménager, s'adapter, changer",4. something,um,A2,stellen,"to position, to put, to catch","positionner, mettre",,,,
52,C1,879,einschließen,,,"to include, to enclose, to lock up, to surround","inclure, enfermer, entourer",4. something,ein,A1,schließen,"to shut, to close, to lock, to conclude","fermer, clore, verrouiller, conclure","to add the meaning of <i>in</i>, <i>into</i> → ein",,,
42,C1,888,entziehen,,,"to withdraw, to remove, to deprive","retirer, enlever, priver",4. something,ent,A1,ziehen,"to pull, to drag, to move","tirer, traîner, déplacer",,,,
40,C1,946,anhalten,,,"to stop (cease moving), to continue, to compel","arrêter (cesser de bouger), continuer, contraindre",4. something,an,A1,halten,"to hold, to stop (a movement), to support, to keep","tenir, arrêter (un mouvement), soutenir, garder",,,,
37,C1,949,umgeben,,,"to surround, to enclose, to encompass","entourer, enfermer, englober",4. something,um,A1,geben,to give,donner,to add the meaning of <i>around</i> → um,,,
49,C1,954,zusehen,,,"to watch, to see, to make sure (that something happens)","regarder, voir, s'assurer (que quelque chose se passe)",4. something,zu,A1,sehen,"to see, to realise","voir, se rendre compte",,,,
49,C1,963,vorsehen,,,"to plan, to provide for","planifier, prévoir",4. something,vor,A1,sehen,"to see, to realise","voir, se rendre compte","to add the meaning of <i>pre-</i>, that something is <i>before</i>, <i>in advance</i> → vor",,,
43,C1,965,entkommen,,,to escape,s'échapper,4. something,ent,A1,kommen,"to come, to make it (e.g. over something), to go to, to occur","venir, aller à, se produire",,,,
48,C1,967,anfassen,,,"to touch, to handle","toucher, manipuler",4. something,an,B2,fassen,"to grasp, to seize, to capture, to comprehend","saisir, capturer, comprendre","to add the meaning of <i>on</i>, of a contact → an",,,
37,C1,968,vorgeben,,,"to claim, to pretend, to set (a pace)","revendiquer, prétendre, donner (un rythme)",4. something,vor,A1,geben,to give,donner,"to add the meaning of <i>pre-</i>, that something is <i>before</i>, <i>in advance</i> → vor",,,
44,C1,975,erweisen,,,"to prove (passively), to turn out to be, to show","prouver (passivement), s'avérer être, montrer",4. something,er,B2,weisen,"to point, to direct, to indicate","pointer, diriger, indiquer",,,,
46,C1,985,entführen,,,"to abduct, to kidnap","enlever, kidnapper",4. something,ent,A2,führen,"to lead, to guide","guider, conduire",,,,
41,C1,991,zugehen,,,"to approach, to close, to happen","s'approcher, se fermer, se produire",4. something,zu,A1,gehen,"to go, to leave, to work, to function (coll.), to be going (Dat.), to be all right (Dat.)","aller, partir, fonctionner (familier)",,,,
52,C1,999,sich entschließen,,,to decide (to do something) (refl.),décider (de faire quelque chose) (réfl.),4. something,ent,A1,schließen,"to shut, to close, to lock, to conclude","fermer, clore, verrouiller, conclure",,,,
41,C1,1067,begehen,,,"to commit, perpetrate (a crime, an offence)","commettre, perpétrer (un crime, un délit)",4. something,be,A1,gehen,"to go, to leave, to work, to function (coll.), to be going (Dat.), to be all right (Dat.)","aller, partir, fonctionner (familier)",,,,
40,C1,1070,zurückhalten,,,"to restrain, to hold back, to withhold","restreindre, retenir",4. something,zurück,A1,halten,"to hold, to stop (a movement), to support, to keep","tenir, arrêter (un mouvement), soutenir, garder",to add the meaning of <i>back</i> → zurück,,,
49,C1,1081,absehen,,,"to foresee, to overlook, to disregard","prévoir, négliger",4. something,ab,A1,sehen,"to see, to realise","voir, se rendre compte",,,,
46,C1,1086,verführen,,,"to seduce, to entice, to tempt, to debauch",séduire,4. something,ver,A2,führen,"to lead, to guide","guider, conduire",,,,
45,C1,1090,voraussetzen,,,"to presume, to require, to assume","présumer, exiger, supposer",4. something,voraus,A2,setzen,"to set, to sit down (refl.)",s'asseoir (réfl.),,,,
50,C1,1134,einschreiben,,,"to sign up, to enroll",s'inscrire,4. something,ein,A1,schreiben,to write,écrire,"to add the meaning of <i>in</i>, <i>into</i> → ein",,,
43,C1,1137,entgegenkommen,,,"to accommodate, to approach, to come towards","s'adapter, s'approcher, venir vers",4. something,entgegen,A1,kommen,"to come, to make it (e.g. over something), to go to, to occur","venir, aller à, se produire",,,,
42,C1,1138,erziehen,,,"to educate, to raise, to nurture, to teach, to train","éduquer, élever, nourrir, enseigner, former",4. something,er,A1,ziehen,"to pull, to drag, to move","tirer, traîner, déplacer",,,,
44,C1,1174,zuweisen,,,"to assign, to allocate, to allot","attribuer, assigner, affecter",4. something,zu,B2,weisen,"to point, to direct, to indicate","pointer, diriger, indiquer",,,,
51,C1,1222,zulegen,,,"to add, to gain, to increase, to put on weight, to draw","ajouter, gagner, augmenter, prendre du poids, tirer",4. something,zu,A2,legen,"to lay, to lean, to lie down","poser, se pencher, s'allonger",,,,
1000,C1,707,überwinden,,,"to overcome, to conquer, to surmount",surmonter,"5, new",über,C2,winden,,,,,,
1000,C1,995,umarmen,,,"to hug, to embrace, to caress, to embosom","étreindre, embrasser, caresser, enserrer",5. new,um,,armen,,,,,,
1000,C1,707,überwinden,,,"to overcome, to conquer, to surmount",surmonter,5. new,über,C2,winden,,,,,,
1000,C1,958,rechtfertigen,,,"to justify, to warrant, to back up, to exculpate","justifier, garantir, appuyer, disculper",5. new,recht,C2,fertigen,,,,,,
1000,C1,995,umarmen,,,"to hug, to embrace, to caress, to embosom","étreindre, embrasser, caresser, enserrer",5. new,um,,armen,,,,,,
1000,C1,1064,erwägen,,,"to consider, to contemplate, to ponder","envisager, considérer",5. new,er,,wägen,,,,,,
1000,C1,995,umarmen,,,"to hug, to embrace, to caress, to embosom","étreindre, embrasser, caresser, enserrer",5. new,um,,armen,,,,,,
1000,A2,86,bedeuten,,,"to mean, to signify","vouloir dire, signifier",5. new,be,C1,deuten,"to indicate, to interpret, to point","interpréter, indiquer",,,,
1000,A2,100,gehören,,,to belong to,appartenir à,5. new,ge,A1,hören,"to hear, to listen to","entendre, écouter",,,,
1000,A2,112,gefallen,,,"to please, to appeal to",plaire,5. new,ge,B1,fallen,"to fall, to fall in battle, to collapse","tomber, tomber au combat, s'effondrer",,,,
1000,A2,140,vermissen,,,to miss something or someone,se manquer quelque chose ou quelqu'un,5. new,ver,C2,missen,,,,,,
1000,A2,157,vergleichen,,,to compare,comparer,5. new,ver,B2,gleichen,"to equal, to match, to resemble","égaler, ressembler",,,,
1000,B1,170,verschwinden,,,"to disappear, to get lost","disparaître, se perdre",5. new,ver,C1,schwinden,"to diminish, to fade, to shrink","disparaître, diminuer, s'évanouir",,,,
1000,B1,188,unterstützen,,,"to support, to provide help","soutenir, apporter de l'aide",5. new,unter,C1,stützen,"to support, to back, to hold something up, to bolster","soutenir, appuyer, soutenir quelque chose, étayer","to add the meaning of <i>under</i>, to translate the prefix <i>sub-</i> → unter",,,
1000,B1,188,unterstützen,,,"to support, to provide help","soutenir, apporter de l'aide",5. new,unter,C1,stützen,"to support, to back, to hold something up, to bolster","soutenir, appuyer, soutenir quelque chose, étayer","to add the meaning of <i>under</i>, to translate the prefix <i>sub-</i> → unter",,,
1000,B1,188,unterstützen,,,"to support, to provide help","soutenir, apporter de l'aide",5. new,unter,C1,stützen,"to support, to back, to hold something up, to bolster","soutenir, appuyer, soutenir quelque chose, étayer","to add the meaning of <i>under</i>, to translate the prefix <i>sub-</i> → unter",,,
1000,B1,226,verletzen,,,"to injure, to hurt, to violate","blesser, faire du mal, être violent",5. new,ver,D1,letzen,,,,,,
1000,B1,230,entfernen,,,"to remove, to eliminate","supprimer, éliminer",5. new,ent,,fernen,,,,,,
1000,B1,230,entfernen,,,"to remove, to eliminate","supprimer, éliminer",5. new,ent,,fernen,,,,,,
1000,B1,230,entfernen,,,"to remove, to eliminate","supprimer, éliminer",5. new,ent,,fernen,,,,,,
1000,B1,241,entspannen,,,"to relax, to unwind","se détendre, se relaxer",5. new,ent,C2,spannen,,,,,,
1000,B1,259,vertrauen,,,to trust,faire confiance,5. new,ver,C1,trauen,"to trust, to marry, to dare (refl.)","faire confiance, se marier, oser (réfl.)",,,,
1000,B1,268,verbessern,,,"to improve, to enhance, to correct","améliorer, renforcer, corriger",5. new,ver,C2,bessern,,,,,,
1000,B1,306,begrüßen,,,"to greet, to welcome","saluer, accueillir",5. new,be,C1,grüßen,"to greet, to salute","saluer, faire un salut",,,,
1000,B1,308,enttäuschen,,,"to disappoint, to let down","décevoir, laisser tomber",5. new,ent,C1,täuschen,"to deceive, to delude, to mislead","tromper, duper, induire en erreur",,,,
1000,B2,366,überzeugen,,,"to convince, to persuade","convaincre, persuader",5. new,über,C2,zeugen,,,,,,
1000,B2,369,benötigen,,,"to need, to require (formal)","avoir besoin, exiger",5. new,be,D1,nötigen,,,,,,
1000,B2,386,geraten,,,"to get into, to fall into, to turn out","entrer dans, tomber dans, se révéler",5. new,ge,B1,raten,"to advise, to recommend, to guess","conseiller, recommander, deviner",,,,
1000,B2,395,verhindern,,,"to prevent, to hinder, to stop","empêcher, entraver, arrêter",5. new,ver,C1,hindern,to prevent somebody from doing something,empêcher quelqu'un de faire quelque chose,,,,
1000,B2,401,beschränken,,,"to limit, to restrict","limiter, restreindre",5. new,be,C2,schränken,,,,,,
1000,B2,408,begleiten,,,"to accompany, to escort","accompagner, escorter",5. new,be,C1,gleiten,"to glide, to slide","glisser, glisser",,,,
1000,B2,415,verlangen,,,"to demand, to request, to desire","exiger, requérir, désirer",5. new,ver,C2,langen,,,,,,
1000,B2,427,erwähnen,,,"to mention, to refer to","mentionner, faire référence à",5. new,er,D1,wähnen,,,,,,
1000,B2,429,vermuten,,,"to suspect, to assume, to suppose","soupçonner, supposer, présumer",5. new,ver,D1,muten,,,,,,
1000,B2,433,verwalten,,,"to manage, to administer","gérer, administrer",5. new,ver,D1,walten,,,,,,
1000,B2,448,aufregen,,,"to upset, to agitate, to annoy","déranger, agiter, ennuyer",5. new,auf,D1,regen,,,,,,
1000,B2,481,verfügen,,,"to have at one’s disposal (formal), to possess, to control","avoir à sa disposition (formel), posséder, contrôler",5. new,ver,C1,fügen,"to acquiesce, to comply, to fit together","acquiescer, se conformer, s'adapter",,,,
1000,B2,512,erweitern,,,"to expand, to broaden, to widen, to extend","étendre, élargir, étendre",5. new,er,C2,weitern,,,,,,
1000,B2,519,gelangen,,,"to reach, to arrive, to attain","atteindre, arriver",5. new,ge,C2,langen,,,,,,
1000,B2,526,erschrecken,,,"to be frightened, to frighten","avoir peur, effrayer",5. new,er,C1,schrecken,"to frighten, to scare, to startle","effrayer, faire peur, surprendre",,,,
1000,B2,529,verzeihen,,,"to forgive, to pardon, to excuse","pardonner, excuser",5. new,ver,D1,zeihen,,,,,,
1000,B2,553,ernähren,,,"to feed, to nourish, to sustain","nourrir, entretenir, soutenir",5. new,er,C2,nähren,"nourish, feed, aliment",,,,,
23,B2,561,weggehen,,,"to go away, to leave","s'en aller, quitter",5. new,weg,A1,gehen,"to go, to leave, to work, to function (coll.), to be going (Dat.), to be all right (Dat.)","aller, partir, fonctionner (familier)",,,,
1000,B2,584,bewerten,,,"to evaluate, to assess, to rate","évaluer, estimer, noter",5. new,be,C1,werten,"to assess, to consider, to value",évaluer,,,,
1000,B2,585,sich bemühen,,,"to make an effort, to strive","faire un effort, s'efforcer",5. new,be,D1,mühen,,,,,,
1000,B2,600,überwachen,,,"to keep under surveillance, to monitor, to observe, to oversee","surveiller, observer, superviser",5. new,über,C1,wachen,"to wake, to guard, to be awake","veiller, réveiller, surveiller",,,,
1000,B2,602,bestrafen,,,to punish,punir,5. new,be,C2,strafen,,,,,,
1000,B2,606,beurteilen,,,"to judge, to assess","juger, évaluer",5. new,be,C2,urteilen,,,,,,
24,B2,608,ausschließen,,,"to exclude, to eliminate","exclure, éliminer",5. new,aus,A1,schließen,"to shut, to close, to lock, to conclude","fermer, clore, verrouiller, conclure",,,,
1000,B2,620,beschädigen,,,"to damage, to harm","endommager, nuire",5. new,be,C2,schädigen,,,,,,
1000,B2,628,begeistern,,,"to enthuse, to be enthusiastic (refl.)","enthousiasmer, être enthousiaste (réfl.)",5. new,be,D1,geistern,,,,,,
1000,C1,649,erzeugen,,,"to generate, to produce, to create","générer, produire, créer",5. new,er,C2,zeugen,,,,,,
1000,C1,652,vermitteln,,,"to convey, to mediate, to arrange","transmettre, servir de médiateur, arranger",5. new,ver,D1,mitteln,,,,,,
1000,C1,653,beantragen,,,"to apply for, to request","demander, requérir",5. new,be,D1,antragen,,,,,,
1000,C1,655,ermitteln,,,"to investigate, to determine, to ascertain","investiguer, déterminer, s'assurer",5. new,er,D1,mitteln,,,,,,
1000,C1,658,verurteilen,,,"to condemn, to sentence","condamner, prononcer une sentence",5. new,ver,C2,urteilen,,,,,,
1000,C1,674,betrachten,,,"to view, to observe","voir, observer",5. new,be,D1,trachten,,,,,,
1000,C1,680,verpflichten,,,"to oblige, to commit, to bind","obliger, engager, lier",5. new,ver,D1,pflichten,,,,,,
1000,C1,691,bewahren,,,"to keep, to preserve (to maintain the condition of)","garder, préserver (maintenir l'état de)",5. new,be,C2,wahren,"to protect, to safeguard, to maintain, to preserve","protéger, sauvegarder, maintenir, préserver",,,,
1000,C1,707,überwinden,,,"to overcome, to conquer, to surmount",surmonter,5. new,über,C2,winden,,,,,,
1000,C1,732,befreien,,,to free (make free),libérer (rendre libre),5. new,be,C2,freien,"court, marry, take as spouse",,,,,
1000,C1,736,verbreiten,,,"to spread, to disseminate, to distribute","diffuser, propager, distribuer",5. new,ver,C2,breiten,,,,,,
1000,C1,758,verweigern,,,"to refuse, to deny, to decline, to reject",refuser,5. new,ver,C2,weigern,"to refuse, to decline",refuser,,,,
1000,C1,768,betrügen,,,"to cheat, to swindle, to defraud","tricher, escroquer, frauder",5. new,be,C2,trügen,"to deceive, to be deceptive, to mislead","porter, supporter, renforcer",,,,
1000,C1,829,belasten,,,"to burden, to charge, to strain","charger, accabler, mettre à rude épreuve",5. new,be,C2,lasten,,,,,,
1000,C1,834,überqueren,,,to cross,traverser,5. new,über,D1,queren,,,,,,
1000,C1,892,verwandeln,,,"to transform, to convert, to turn into, to metamorphose","transformer, convertir, se métamorphoser",5. new,ver,C2,wandeln,,,,,,
1000,C1,895,einschränken,,,"to limit, to restrict, to stint, to circumscribe","limiter, restreindre, circonscrire",5. new,ein,C2,schränken,,,,,,
1000,C1,903,erläutern,,,"to explain, to clarify","expliquer, clarifier",5. new,er,D1,läutern,"to purify, to clarify, to cleanse, to purge","purifier, nettoyer, purger",,,,
1000,C1,958,rechtfertigen,,,"to justify, to warrant, to back up, to exculpate","justifier, garantir, appuyer, disculper",5. new,recht,C2,fertigen,,,,,,
1000,C1,958,rechtfertigen,,,"to justify, to warrant, to back up, to exculpate","justifier, garantir, appuyer, disculper",5. new,recht,C2,fertigen,,,,,,
1000,C1,971,anregen,,,"to encourage, to stimulate, to excite, to inspire","encourager, stimuler, exciter, inspirer",5. new,an,D1,regen,,,,,,
1000,C1,974,erregen,,,"to arouse, to stimulate, to agitate","éveiller, stimuler, agiter",5. new,er,D1,regen,,,,,,
1000,C1,979,befestigen,,,"to attach, to fasten, to secure",fixer,5. new,be,C2,festigen,"to stabilize, to strengthen, to consolidate, to secure","stabiliser, renforcer, consolider",,,,
1000,C1,987,verweilen,,,"to linger, to stay, to tarry, to abide","rester, s'attarder, séjourner, demeurer",5. new,ver,C2,weilen,"to linger, to reside, to stay, to tarry","séjourner, demeurer, résider, s'attarder",,,,
1000,C1,1064,erwägen,,,"to consider, to contemplate, to ponder","envisager, considérer",5. new,er,,wägen,,,,,,
1000,C1,1064,erwägen,,,"to consider, to contemplate, to ponder","envisager, considérer",5. new,er,,wägen,,,,,,
1000,C1,1079,erschöpfen,,,"to exhaust, to deplete, to drain",épuiser,5. new,er,C2,schöpfen,"to draw, to scoop, to create, to ladle",puiser,,,,
1000,C1,1179,verkünden,,,"to announce, to proclaim, to declare","annoncer, proclamer, déclarer",5. new,ver,D1,künden,,,,,,
1000,C1,1191,übermitteln,,,"to communicate, to deliver, to transmit","transmettre, communiquer",5. new,über,D1,mitteln,,,,,,
1000,C1,1196,ersticken,,,"to suffocate, to choke, to asphyxiate","étouffer, suffoquer",5. new,er,D1,sticken,"to embroider, to stitch","broder, coudre",,,,
1003,B2,617,ankreuzen,,,"to check, to cross, to mark","vérifier, croiser, marquer",6. C2+,an,C2,kreuzen,,,,,,
1003,B2,639,beschweren,,,"to complain, to weigh down","se plaindre, alourdir",6. C2+,be,,schweren,,,,,,
1000,C1,781,erwischen,,,"to catch, to seize, to nab, to surprise, to capture","attraper, saisir, capturer, surprendre, prendre",6. C2+,er,C2,wischen,,,,,,
1000,C1,925,gefährden,,,to endanger,mettre en danger,6. C2+,ge,,fährden,,,,,,
1000,C1,929,belohnen,,,"to reward, to award, to compensate","récompenser, attribuer, indemniser",6. C2+,be,,lohnen,,,,,,
1000,C1,931,erstatten,,,"to reimburse, to refund, to report","rembourser, déduire, signaler",6. C2+,er,,statten,,,,,,
1000,C1,934,betätigen,,,"to operate, to activate, to engage","actionner, activer, engager",6. C2+,be,C2,tätigen,,,,,,
1000,C1,941,verkleiden,,,"to to dress up, to to disguise oneself (refl.)",se déguiser,6. C2+,ver,C2,kleiden,,,,,,
1000,C1,998,anstrengen,,,"to exert, to strain, to make an effort, to apply","exercer, se démener, faire un effort, appliquer",6. C2+,an,D1,strengen,,,,,,
1000,C1,1007,genehmigen,,,"to allow, to permit, to authorize, to approve","permettre, autoriser, approuver",6. C2+,ne,,nehmigen,,,,,,
1000,C1,1019,verschwenden,,,"to squander, to waste",gaspiller,6. C2+,ver,,schwenden,,,,,,
1000,C1,1038,bellen,,,to bark,aboyer,6. C2+,be,,llen,,,,,,
1000,C1,1047,verschmutzen,,,to pollute,"polluer, salir",6. C2+,ver,,schmutzen,,,,,,
1000,C1,1110,verdeutlichen,,,"to clarify, to elucidate, to explain, to illustrate","clarifier, élucider, expliquer, illustrer",6. C2+,ver,,deutlichen,,,,,,
1000,C1,1111,vereinen,,,"to unite, to combine, to join","unir, combiner, joindre",6. C2+,ver,C2,einen,"unite, agree, bring together",,,,,
1000,C1,1120,beseitigen,,,"to remove, to eliminate, to dispose","enlever, éliminer, se débarrasser",6. C2+,be,,seitigen,,,,,,
1000,C1,1128,vergnügen,,,"to please, to amuse, to amuse oneself","plaire, amuser, se divertir",6. C2+,ver,,gnügen,,,,,,
1000,C1,1154,bereuen,,,"to regret something, to rue something","regretter quelque chose, se lamenter sur quelque chose",6. C2+,be,,reuen,,,,,,
1000,C1,1159,ernten,,,"to harvest, to reap, to crop, to gather","récolter, moissonner, cueillir",6. C2+,er,,nten,,,,,,
1000,C1,1202,erlangen,,,"to attain, to achieve, to acquire, to obtain","atteindre, réaliser, acquérir, obtenir",6. C2+,er,C2,langen,,,,,,
1000,C1,1204,erörtern,,,"to debate, to discuss, to argue, to dispute","débattre, discuter, argumenter, se disputer",6. C2+,er,,örtern,,,,,,
1000,C1,1218,ausstatten,,,"to equip, to outfit",équiper,6. C2+,aus,,statten,,,,,,
1000,C1,1221,vorbeugen,,,"to bend forward, to forestall, to lean forward","se pencher en avant, prévenir",6. C2+,vor,C2,beugen,"to bend, to bow","se courber, s'incliner",to add the meaning of <i>forward</i> → vor,,,
1000,C1,1234,veranschaulichen,,,"to illustrate, to clarify, to exemplify","illustrer, clarifier, donner un exemple",6. C2+,veran,,schaulichen,,,,,,
1000,C1,1243,verschärfen,,,"to intensify, to sharpen, to tighten","intensifier, aiguiser, resserrer",6. C2+,ver,C2,schärfen,,,,,,
1000,C1,1254,erwidern,,,"to reply, to respond, to reciprocate","répondre, rendre la pareille",6. C2+,er,,widern,,,,,,
1000,C1,1256,verschönern,,,"to beautify, to embellish, to decorate","embellir, orner, décorer",6. C2+,ver,,schönern,,,,,,
1000,C1,1264,ausblenden,,,"to fade out, to dismiss, to tune out","s'estomper, se désintéresser, se déconnecter",6. C2+,aus,C2,blenden,,,,,,
1000,C1,1266,befürworten,,,"to support, to advocate, to back","soutenir, défendre, appuyer",6. C2+,be,,fürworten,,,,,,
1000,C1,1267,erben,,,"to inherit, to come into, to receive","hériter, entrer dans, recevoir",6. C2+,er,,ben,,,,,,
1000,C1,1271,verwöhnen,,,"to pamper, to spoil, to coddle","choyer, gâter, dorloter",6. C2+,ver,,wöhnen,,,,,,
1000,C1,1275,anspannen,,,"to strain, to harness, to brace","tendre, harnacher, consolider",6. C2+,an,C2,spannen,,,,,,
1000,C1,1280,herunterfahren,,,"to descend, to drive down","descendre, rouler vers le bas",6. C2+,her,,unterfahren,,,,,,
1003,C2,1285,überfallen,,,"to attack, to raid (a bank), to invade (a country)","attaquer, piller (une banque), envahir (un pays)",6. C2+,,C2,überfallen,"to attack, to raid (a bank), to invade (a country)","attaquer, piller (une banque), envahir (un pays)",,,,
1003,C2,1286,abkommen,,,"to diverge, to deviate, to stray, to depart","s'éloigner, s'écarter, maigrir",6. C2+,ab,A1,kommen,"to come, to make it (e.g. over something), to go to, to occur","venir, aller à, se produire","to add the meaning of <i>off</i>, <i>away</i> → ab",,,
1003,C2,1290,übergehen,,,"spill over, change, cross over, descend",,6. C2+,,C2,übergehen,"spill over, change, cross over, descend",,,,,
1003,C2,1291,absprechen,,,,,6. C2+,,C2,absprechen,,,,,,
1003,C2,1292,sich begeben,,,"to proceed to, to repair to, to endorse, to happen","procéder, réparer, approuver, se produire",6. C2+,be,A1,geben,to give,donner,,,,
1003,C2,1295,einbeziehen,,,"to include, to involve, to integrate","inclure, impliquer, intégrer",6. C2+,ein,C1,beziehen,"to refer, to relate, to obtain, to cover, to move into","se référer, obtenir",,,,
1003,C2,1296,unterzeichnen,,,to sign (formal),signer (formel),6. C2+,unter,A2,zeichnen,"to draw, to sketch","dessiner, esquisser",,,,
1003,C2,1297,unterziehen,,,,,6. C2+,,C2,unterziehen,,,,,,
1003,C2,1298,verunsichern,,,,,6. C2+,,C2,verunsichern,,,,,,
1003,C2,1299,unterbringen,,,,,6. C2+,,C2,unterbringen,,,,,,
1003,C2,1300,vorankommen,,,,,6. C2+,,C2,vorankommen,,,,,,
1003,C2,1301,veranlassen,,,,,6. C2+,,C2,veranlassen,,,,,,
1003,C2,1302,eingestehen,,,,,6. C2+,,C2,eingestehen,,,,,,
1003,C2,1303,durchhalten,,,,,6. C2+,,C2,durchhalten,,,,,,
1003,C2,1307,ausgestalten,,,"to design, to shape, to arrange","aménager, arranger, décorer",6. C2+,aus,B2,gestalten,"to shape, to design, to organize","façonner, concevoir, organiser",,,,
1003,C2,1309,herschieben,,,to push along,rapprocher,6. C2+,her,B2,schieben,"to push, to shove, to wheel","pousser, bousculer, faire tourner",,,,
1003,C2,1311,verscheiden,,,"to decease, to die, to pass away",,6. C2+,ver,B2,scheiden,"to separate, to divorce, to part","se séparer, divorcer",,,,
1003,C2,1315,zerfahren,,,to run over,,6. C2+,zer,A1,fahren,"to go (by vehicle), to leave, to drive","aller (en véhicule), partir, conduire",,,,
1003,C2,1316,ablösen,,,"to remove, to detach, to replace","enlever, détacher, remplacer",6. C2+,ab,B1,lösen,"to loosen, to solve, to separate, to remove","desserrer, résoudre, séparer, enlever",,,,
1003,C2,1317,aufklären,,,"to clarify, to explain, to enlighten, to clear up","clarifier, expliquer, éclairer",6. C2+,auf,B2,klären,"to clarify, to resolve, to clear up","clarifier, résoudre, éclaircir",to add the meaning of <i>up</i> → auf,,,
1003,C2,1318,anstoßen,,,"to nudge, to toast, to initiate, to jolt","donner un coup de pouce, trinquer, initier, secouer",6. C2+,,C2,anstoßen,"to nudge, to toast, to initiate, to jolt","donner un coup de pouce, trinquer, initier, secouer",,,,
1003,C2,1320,aussetzen,,,"to pause, to suspend something, to abandon someone, to expose oneself to something (refl.)","faire une pause, suspendre quelque chose, abandonner quelqu'un, s'exposer à quelque chose (réfl.)",6. C2+,aus,A2,setzen,"to set, to sit down (refl.)",s'asseoir (réfl.),,,,
1003,C2,1321,hinausgehen,,,"to go out, to exceed, to exit, to leave","sortir, aller dehors, dépasser",6. C2+,,C2,hinausgehen,"to go out, to exceed, to exit, to leave","sortir, aller dehors, dépasser",,,,
1003,C2,1322,abhalten,,,"prevent, hold, keep away, deter",,6. C2+,,C2,abhalten,"prevent, hold, keep away, deter",,,,,
1003,C2,1323,abwarten,,,"wait, await, wait and see, tarry, temporise",,6. C2+,,C2,abwarten,"wait, await, wait and see, tarry, temporise",,,,,
1003,C2,1324,ansetzen,,,"begin, attach, establish, set",,6. C2+,,C2,ansetzen,"begin, attach, establish, set",,,,,
1003,C2,1325,bemessen,,,"assess, measure, measure according to",,6. C2+,,C2,bemessen,"assess, measure, measure according to",,,,,
1003,C2,1326,eindringen,,,"intrude, invade, break in, penetrate",,6. C2+,,C2,eindringen,"intrude, invade, break in, penetrate",,,,,
1003,C2,1327,eingreifen,,,"interfere, intervene, act on, act upon",,6. C2+,,C2,eingreifen,"interfere, intervene, act on, act upon",,,,,
1003,C2,1331,unterbreiten,,,"submit, bring forward, offer",,6. C2+,,C2,unterbreiten,"submit, bring forward, offer",,,,,
1003,C2,1332,überarbeiten,,,"overwork, rework, edit, re-engineer",,6. C2+,,C2,überarbeiten,"overwork, rework, edit, re-engineer",,,,,
1003,C2,1333,überschreiben,,,"override, overwrite, title, convey",,6. C2+,,C2,überschreiben,"override, overwrite, title, convey",,,,,
1003,C2,1339,vergewaltigen,,,"rape, violate, assault",,6. C2+,,C2,vergewaltigen,"rape, violate, assault",,,,,
1003,C2,1342,zurücknehmen,,,"withdraw, take back, retract",,6. C2+,zurück,,knehmen,,,,,,
1003,C2,1345,mitschreiben,,,,,6. C2+,mit,A1,schreiben,to write,écrire,,,,
1003,C2,1348,anheben,,,,,6. C2+,,C2,anheben,,,,,,
1003,C2,1349,gedenken,,,"to commemorate, to remember","commémorer, se souvenir",6. C2+,,C2,gedenken,"to commemorate, to remember","commémorer, se souvenir",,,,
1003,C2,1350,beugen,,,"to bend, to bow","se courber, s'incliner",6. C2+,be,,ugen,,,,,,
1003,C2,1352,umbauen,,,"to rebuild, to reconstruct, to remodel","reconstruire, remodeler",6. C2+,um,A2,bauen,to build,construire,,,,
1003,C2,1353,weiterführen,,,"to continue, to carry on, to carry forward","continuer, poursuivre, aller de l'avant",6. C2+,weiter,A2,führen,"to lead, to guide","guider, conduire",,,,
1003,C2,1354,zurückblicken,,,"to look back, to hark back, to harken back","se souvenir, se remémorer",6. C2+,zurück,B2,blicken,"to look, to glance, to gaze","regarder, jeter un coup d'œil, contempler",,,,
1003,C2,1355,zustehen,,,"to be entitled to, to to be due","avoir droit à, être dû",6. C2+,,C2,zustehen,"to be entitled to, to to be due","avoir droit à, être dû",,,,
1003,C2,1360,beschuldigen,,,,,6. C2+,,C2,beschuldigen,,,,,,
1003,C2,1363,mitwirken,,,,,6. C2+,,C2,mitwirken,,,,,,
1003,C2,1365,verständigen,,,,,6. C2+,,C2,verständigen,,,,,,
1003,C2,1367,vorziehen,,,,,6. C2+,,C2,vorziehen,,,,,,
1003,C2,1368,abspielen,,,,,6. C2+,,C2,abspielen,,,,,,
1003,C2,1369,angehören,,,,,6. C2+,,C2,angehören,,,,,,
1003,C2,1370,anordnen,,,,,6. C2+,,C2,anordnen,,,,,,
1003,C2,1377,vermehren,,,,,6. C2+,,C2,vermehren,,,,,,
1003,C2,1383,weiterfahren,,,,,6. C2+,weiter,A1,fahren,"to go (by vehicle), to leave, to drive","aller (en véhicule), partir, conduire",,,,
1003,C2,1384,weiterbilden,,,,,6. C2+,weiter,B1,bilden,"to form, to constitute, to educate","former, constituer, éduquer",,,,
1003,C2,1385,überfahren,,,,,6. C2+,über,A1,fahren,"to go (by vehicle), to leave, to drive","aller (en véhicule), partir, conduire",,,,
1003,C2,1387,erraten,,,,,6. C2+,er,B1,raten,"to advise, to recommend, to guess","conseiller, recommander, deviner",,,,
1003,C2,1392,zurechtkommen,,,,,6. C2+,zurecht,A1,kommen,"to come, to make it (e.g. over something), to go to, to occur","venir, aller à, se produire",,,,
1003,C2,1394,abschicken,,,,,6. C2+,ab,A1,schicken,to send,envoyer,,,,
1003,C2,1395,wegfahren,,,,,6. C2+,weg,A1,fahren,"to go (by vehicle), to leave, to drive","aller (en véhicule), partir, conduire",,,,
1003,C2,1397,andeuten,,,,,6. C2+,,C2,andeuten,,,,,,
1003,C2,1398,aufgehen,,,,,6. C2+,,C2,aufgehen,,,,,,
1003,C2,1399,ausbrechen,,,,,6. C2+,aus,A2,brechen,to break,"casser, briser",,,,
1003,C2,1401,einarbeiten,,,,,6. C2+,,C2,einarbeiten,,,,,,
1003,C2,1402,herauskommen,,,,,6. C2+,,C2,herauskommen,,,,,,
1003,C2,1404,nachfolgen,,,,,6. C2+,,C2,nachfolgen,,,,,,
1003,C2,1409,versteigern,,,,,6. C2+,,C2,versteigern,,,,,,
1003,C2,1411,zucken,,,,,6. C2+,zu,,cken,,,,,,
1003,C2,1412,zurückführen,,,,,6. C2+,,C2,zurückführen,,,,,,
1003,C2,1413,wegfallen,,,,,6. C2+,weg,B1,fallen,"to fall, to fall in battle, to collapse","tomber, tomber au combat, s'effondrer",,,,
1003,C2,1414,ausdehnen,,,,,6. C2+,aus,C1,dehnen,"to extend, to stretch, to expand, to dilate","étirer, étendre allonger",,,,
1003,C2,1415,einlassen,,,,,6. C2+,,C2,einlassen,,,,,,
1003,C2,1416,entfalten,,,,,6. C2+,,C2,entfalten,,,,,,
1003,C2,1417,erwecken,,,,,6. C2+,,C2,erwecken,,,,,,
1003,C2,1418,gestehen,,,,,6. C2+,,C2,gestehen,,,,,,
1003,C2,1420,überstehen,,,,,6. C2+,,C2,überstehen,,,,,,
1003,C2,1421,verkürzen,,,to shorten,raccourcir,6. C2+,,C2,verkürzen,to shorten,raccourcir,,,,
1003,C2,1424,antreiben,,,,,6. C2+,,C2,antreiben,,,,,,
1003,C2,1425,begünstigen,,,,,6. C2+,,C2,begünstigen,,,,,,
1003,C2,1426,beladen,,,,,6. C2+,,C2,beladen,,,,,,
1003,C2,1427,benachrichtigen,,,,,6. C2+,,C2,benachrichtigen,,,,,,
1003,C2,1428,eintauchen,,,,,6. C2+,,C2,eintauchen,,,,,,
1003,C2,1429,ermutigen,,,,,6. C2+,,C2,ermutigen,,,,,,
1003,C2,1430,erzwingen,,,,,6. C2+,,C2,erzwingen,,,,,,
1003,C2,1435,verlagern,,,,,6. C2+,,C2,verlagern,,,,,,
1003,C2,1438,überdenken,,,,,6. C2+,,C2,überdenken,,,,,,
1003,C2,1439,beilegen,,,,,6. C2+,,C2,beilegen,,,,,,
1003,C2,1442,anstehen,,,,,6. C2+,,C2,anstehen,,,,,,
1003,C2,1443,erwachen,,,,,6. C2+,,C2,erwachen,,,,,,
1003,C2,1444,vernehmen,,,,,6. C2+,,C2,vernehmen,,,,,,
1003,C2,1445,zutrauen,,,,,6. C2+,,C2,zutrauen,,,,,,
1003,C2,1446,überziehen,,,,,6. C2+,,C2,überziehen,,,,,,
1003,C2,1447,erobern,,,,,6. C2+,,C2,erobern,,,,,,
1003,C2,1449,nachgeben,,,,,6. C2+,,C2,nachgeben,,,,,,
1003,C2,1453,umsehen,,,,,6. C2+,,C2,umsehen,,,,,,
1003,C2,1455,mitspielen,,,,,6. C2+,,C2,mitspielen,,,,,,
1003,C2,1456,abwechseln,,,,,6. C2+,,C2,abwechseln,,,,,,
1003,C2,1457,aufdecken,,,,,6. C2+,,C2,aufdecken,,,,,,
1003,C2,1458,ausdenken,,,,,6. C2+,aus,A1,denken,"to think, to consider","penser, considérer",,,,
1003,C2,1459,auskennen,,,,,6. C2+,aus,A1,kennen,"to know, to be acquainted with, to be familiar with","connaître, être familier avec",,,,
1003,C2,1460,ausräumen,,,,,6. C2+,aus,B2,räumen,"to clear, to remove, to vacate","déblayer, débrancher, dégager",,,,
1003,C2,1462,einplanen,,,,,6. C2+,,C2,einplanen,,,,,,
1003,C2,1463,erfragen,,,,,6. C2+,,C2,erfragen,,,,,,
1003,C2,1468,verstauen,,,,,6. C2+,,C2,verstauen,,,,,,
1003,C2,1469,weitern,,,,,6. C2+,weiter,,n,,,,,,
1003,C2,1471,verkommen,,,,,6. C2+,,C2,verkommen,,,,,,
1003,C2,1472,unterdrücken,,,,,6. C2+,,C2,unterdrücken,,,,,,
1003,C2,1473,durchsuchen,,,,,6. C2+,,C2,durchsuchen,,,,,,
1003,C2,1474,vorbehalten,,,,,6. C2+,,C2,vorbehalten,,,,,,
1003,C2,1476,unterlassen,,,,,6. C2+,,C2,unterlassen,,,,,,
1003,C2,1477,durchgehen,,,,,6. C2+,,C2,durchgehen,,,,,,
1003,C2,1478,aussterben,,,,,6. C2+,aus,A2,sterben,to die,mourir,,,,
1003,C2,1479,durchziehen,,,,,6. C2+,,C2,durchziehen,,,,,,
1003,C2,1480,durchlaufen,,,,,6. C2+,,C2,durchlaufen,,,,,,
1003,C2,1481,verabreichen,,,,,6. C2+,,C2,verabreichen,,,,,,
1003,C2,1482,vorantreiben,,,,,6. C2+,,C2,vorantreiben,,,,,,
1003,C2,1485,ersehen,,,,,6. C2+,,C2,ersehen,,,,,,
1003,C2,1486,ersuchen,,,,,6. C2+,,C2,ersuchen,,,,,,
1003,C2,1487,hervorragen,,,,,6. C2+,,C2,hervorragen,,,,,,
1003,C2,1495,übereinkommen,,,,,6. C2+,,C2,übereinkommen,,,,,,
1003,C2,1496,verwehen,,,,,6. C2+,,C2,verwehen,,,,,,
1003,C2,1497,bersten,,,,,6. C2+,,C2,bersten,,,,,,
1003,C2,1501,abwenden,,,"to turn away, to avert, to abandon","se détourner, détourner, abandonner",6. C2+,ab,B2,wenden,"to turn, to reverse, to address","tourner, inverser, s'adresser",,,,
1003,C2,1502,vergiften,,,to poison,empoisonner,6. C2+,,C2,vergiften,to poison,empoisonner,,,,
1003,C2,1504,abwickeln,,,,,6. C2+,,C2,abwickeln,,,,,,
1003,C2,1505,animieren,,,,,6. C2+,,C2,animieren,,,,,,
1003,C2,1506,aufsetzen,,,,,6. C2+,,C2,aufsetzen,,,,,,
1003,C2,1507,ausbreiten,,,,,6. C2+,aus,C2,breiten,,,,,,
1003,C2,1508,austreten,,,,,6. C2+,aus,B2,treten,"to step, to kick, to enter","marcher, donner un coup de pied, entrer",,,,
1003,C2,1510,versäumen,,,,,6. C2+,,C2,versäumen,,,,,,
1003,C2,1511,gegenüberstehen,,,,,6. C2+,,C2,gegenüberstehen,,,,,,
1003,C2,1512,auftragen,,,,,6. C2+,,C2,auftragen,,,,,,
1003,C2,1513,beabsichtigen,,,,,6. C2+,,C2,beabsichtigen,,,,,,
1003,C2,1514,ersparen,,,,,6. C2+,,C2,ersparen,,,,,,
1003,C2,1518,umwandeln,,,,,6. C2+,,C2,umwandeln,,,,,,
1003,C2,1519,vermindern,,,,,6. C2+,,C2,vermindern,,,,,,
1003,C2,1520,zuführen,,,,,6. C2+,,C2,zuführen,,,,,,
1003,C2,1521,zurückgreifen,,,,,6. C2+,,C2,zurückgreifen,,,,,,
1003,C2,1522,abfragen,,,,,6. C2+,,C2,abfragen,,,,,,
1003,C2,1523,gebühren,,,,,6. C2+,,C2,gebühren,,,,,,
1003,C2,1525,entbehren,,,,,6. C2+,,C2,entbehren,,,,,,
1003,C2,1526,herausbekommen,,,,,6. C2+,,C2,herausbekommen,,,,,,
1003,C2,1528,verachten,,,,,6. C2+,,C2,verachten,,,,,,
1003,C2,1531,zurücklaufen,,,,,6. C2+,zurück,A1,laufen,"to walk, to flow (of a fluid), to run (of an event)","marcher, couler (un fluide), se dérouler (un événement)",,,,
1003,C2,1535,anliegen,,,,,6. C2+,an,A2,liegen,"to lie, to be located","être allongé, être localisé",,,,
1003,C2,1538,bestreuen,,,to sprinkle,saupoudrer,6. C2+,,C2,bestreuen,to sprinkle,saupoudrer,,,,
1003,C2,1540,mithören,,,,,6. C2+,mit,A1,hören,"to hear, to listen to","entendre, écouter",,,,
1003,C2,1541,hereinkommen,,,,,6. C2+,her,D1,einkommen,,,,,,
1003,C2,1542,abmachen,,,,,6. C2+,ab,A1,machen,"to make, to prepare, to do","faire, préparer",,,,
1003,C2,1543,anschnallen,,,,,6. C2+,an,D1,schnallen,,,,,,
1003,C2,1546,nachschlagen,,,,,6. C2+,nach,B1,schlagen,"to hit, to beat, to strike, to defeat","frapper, battre, vaincre",,,,
1003,C2,1547,zurückbringen,,,"to return something, to restore","rendre quelque chose, restaurer",6. C2+,,C2,zurückbringen,"to return something, to restore","rendre quelque chose, restaurer",,,,
1003,C2,1549,einparken,,,,,6. C2+,ein,B2,parken,to park,se garer,,,,
1003,C2,1550,wegräumen,,,,,6. C2+,weg,B2,räumen,"to clear, to remove, to vacate","déblayer, débrancher, dégager",,,,
1003,C2,1552,ausliefern,,,,,6. C2+,aus,B1,liefern,"to deliver, to supply","livrer, approvisionner",,,,
1003,C2,1554,zurücklassen,,,,,6. C2+,,C2,zurücklassen,,,,,,
1003,C2,1555,aufschließen,,,,,6. C2+,,C2,aufschließen,,,,,,
1003,C2,1556,verzehren,,,to consumme (with your mouth),consommer (avec la bouche),6. C2+,,C2,verzehren,to consumme (with your mouth),consommer (avec la bouche),,,,
1003,C2,1563,aufsuchen,,,,,6. C2+,,C2,aufsuchen,,,,,,
1003,C2,1564,befriedigen,,,,,6. C2+,,C2,befriedigen,,,,,,
1003,C2,1566,verfallen,,,,,6. C2+,,C2,verfallen,,,,,,
1003,C2,1567,vernachlässigen,,,,,6. C2+,,C2,vernachlässigen,,,,,,
1003,C2,1568,versammeln,,,,,6. C2+,,C2,versammeln,,,,,,
1003,C2,1569,zurückweisen,,,,,6. C2+,,C2,zurückweisen,,,,,,
1003,C2,1570,erschaffen,,,"to create, to produce, to make","créer, produire, fabriquer",6. C2+,,C2,erschaffen,"to create, to produce, to make","créer, produire, fabriquer",,,,
1003,C2,1572,aufrechterhalten,,,,,6. C2+,,C2,aufrechterhalten,,,,,,
1003,C2,1573,aufzeichnen,,,,,6. C2+,,C2,aufzeichnen,,,,,,
1003,C2,1575,bekräftigen,,,,,6. C2+,,C2,bekräftigen,,,,,,
1003,C2,1577,erneuern,,,,,6. C2+,,C2,erneuern,,,,,,
1003,C2,1581,nachkommen,,,,,6. C2+,,C2,nachkommen,,,,,,
1003,C2,1585,verhelfen,,,,,6. C2+,,C2,verhelfen,,,,,,
1003,C2,1586,zusammenführen,,,,,6. C2+,,C2,zusammenführen,,,,,,
1003,C2,1587,überspringen,,,,,6. C2+,,C2,überspringen,,,,,,
1003,C2,1588,nachvollziehen,,,,,6. C2+,,C2,nachvollziehen,,,,,,
1003,C2,1589,bescheinigen,,,,,6. C2+,,C2,bescheinigen,,,,,,
1003,C2,1592,ernennen,,,,,6. C2+,,C2,ernennen,,,,,,
1003,C2,1594,abgrenzen,,,,,6. C2+,,C2,abgrenzen,,,,,,
1003,C2,1595,bewähren,,,,,6. C2+,be,C1,währen,"to last, to persist","durer, persister",,,,
1003,C2,1596,erhoffen,,,,,6. C2+,,C2,erhoffen,,,,,,
1003,C2,1598,überfordern,,,,,6. C2+,,C2,überfordern,,,,,,
1003,C2,1600,anfertigen,,,,,6. C2+,,C2,anfertigen,,,,,,
1003,C2,1603,belästigen,,,,,6. C2+,,C2,belästigen,,,,,,
1003,C2,1604,bereichern,,,,,6. C2+,,C2,bereichern,,,,,,
1003,C2,1606,einmischen,,,,,6. C2+,,C2,einmischen,,,,,,
1003,C2,1607,einstecken,,,,,6. C2+,,C2,einstecken,,,,,,
1003,C2,1608,entlasten,,,,,6. C2+,ent,C2,lasten,,,,,,
1003,C2,1609,entrichten,,,,,6. C2+,,C2,entrichten,,,,,,
1003,C2,1610,erachten,,,,,6. C2+,,C2,erachten,,,,,,
1003,C2,1619,untermauern,,,,,6. C2+,,C2,untermauern,,,,,,
1003,C2,1620,verankern,,,,,6. C2+,,C2,verankern,,,,,,
1003,C2,1621,verantworten,,,,,6. C2+,,C2,verantworten,,,,,,
1003,C2,1622,vermarkten,,,,,6. C2+,,C2,vermarkten,,,,,,
1003,C2,1623,anfühlen,,,,,6. C2+,,C2,anfühlen,,,,,,
1003,C2,1624,anreisen,,,,,6. C2+,,C2,anreisen,,,,,,
1003,C2,1625,anschreiben,,,,,6. C2+,,C2,anschreiben,,,,,,
1003,C2,1626,auszahlen,,,,,6. C2+,aus,A1,zahlen,"to pay (for something), to atone for","payer (pour quelque chose), expier",,,,
1003,C2,1627,entgegnen,,,,,6. C2+,,C2,entgegnen,,,,,,
1003,C2,1628,erkämpfen,,,,,6. C2+,,C2,erkämpfen,,,,,,
1003,C2,1632,mithelfen,,,,,6. C2+,,C2,mithelfen,,,,,,
1003,C2,1638,verneinen,,,,,6. C2+,,C2,verneinen,,,,,,
1003,C2,1639,zusammenbrechen,,,,,6. C2+,,C2,zusammenbrechen,,,,,,
1003,C2,1640,zuschicken,,,,,6. C2+,,C2,zuschicken,,,,,,
1003,C2,1641,unterstellen,,,,,6. C2+,,C2,unterstellen,,,,,,
1003,C2,1642,vorangehen,,,,,6. C2+,,C2,vorangehen,,,,,,
1003,C2,1643,untersagen,,,,,6. C2+,,C2,untersagen,,,,,,
1003,C2,1644,voranbringen,,,,,6. C2+,,C2,voranbringen,,,,,,
1003,C2,1645,heranführen,,,,,6. C2+,,C2,heranführen,,,,,,
1003,C2,1646,durchmessen,,,"measure through, stride across",,6. C2+,,C2,durchmessen,"measure through, stride across",,,,,
1003,C2,1647,durchgeben,,,,,6. C2+,durch,A1,geben,to give,donner,,,,
1003,C2,1648,unterlaufen,,,,,6. C2+,,C2,unterlaufen,,,,,,
1003,C2,1649,unterwerfen,,,,,6. C2+,,C2,unterwerfen,,,,,,
1003,C2,1650,miterleben,,,,,6. C2+,,C2,miterleben,,,,,,
1003,C2,1651,unterteilen,,,,,6. C2+,,C2,unterteilen,,,,,,
1003,C2,1653,einen,,,"unite, agree, bring together",,6. C2+,ein,,en,,,,,,
1003,C2,1657,überschreien,,,"overvoice, shout down, outscream",,6. C2+,,C2,überschreien,"overvoice, shout down, outscream",,,,,
1003,C2,1658,verschilfen,,,,,6. C2+,,C2,verschilfen,,,,,,
1003,C2,1659,verschneien,,,,,6. C2+,,C2,verschneien,,,,,,
1003,C2,1660,vorschlafen,,,bank sleep (in advance),,6. C2+,,C2,vorschlafen,bank sleep (in advance),,,,,
1003,C2,1663,anhängen,,,to attach,attacher,6. C2+,,C2,anhängen,to attach,attacher,,,,
1003,C2,1670,beben,,,,,6. C2+,,C2,beben,,,,,,
1003,C2,1678,einbilden,,,,,6. C2+,,C2,einbilden,,,,,,
1003,C2,1703,nachsehen,,,"to chech back, to peek, to look something up","vérifier, jeter un coup d'œil, chercher quelque chose",6. C2+,,C2,nachsehen,"to chech back, to peek, to look something up","vérifier, jeter un coup d'œil, chercher quelque chose",,,,
1003,C2,1704,einchecken,,,,,6. C2+,ein,C2,checken,"to check, to bodycheck","vérifier, effectuer un contrôle corporel",,,,
1003,C2,1708,überlasten,,,,,6. C2+,über,C2,lasten,,,,,,
1003,C2,1709,einprägen,,,to memorize,mémoriser,6. C2+,ein,C1,prägen,"to shape, to influence, to mint","façonner, influencer, frapper",,,,
1003,C2,1710,vererben,,,to inherit,hériter,6. C2+,,C2,vererben,to inherit,hériter,,,,
1003,C2,1712,ausrauben,,,,,6. C2+,aus,C2,rauben,,,,,,
1003,C2,1713,anfreunden,,,,,6. C2+,an,,freunden,,,,,,
1003,C2,1714,auswandern,,,,,6. C2+,aus,B1,wandern,"to hike, to wander, to migrate","faire de la randonnée, errer, migrer",,,,
1003,C2,1715,vergewissern,,,,,6. C2+,ver,,gewissern,,,,,,
1003,C2,1718,verdächtigen,,,,,6. C2+,ver,,dächtigen,,,,,,
1003,C2,1719,vorbringen,,,,,6. C2+,vor,A1,bringen,"to bring, to take, to lead","apporter, prendre, conduire",,,,
1003,C2,1720,einfrieren,,,,,6. C2+,ein,B2,frieren,"to freeze, to feel cold","geler, avoir froid",,,,
1003,C2,1721,umfallen,,,,,6. C2+,um,B1,fallen,"to fall, to fall in battle, to collapse","tomber, tomber au combat, s'effondrer",,,,
1003,C2,1722,verschweigen,,,to conceal,dissimuler,6. C2+,ver,B2,schweigen,"to be silent, to say nothing","se taire, ne rien dire",,,,
1003,C2,1723,abkühlen,,,to cool down,pour se rafraîchir,6. C2+,ab,C1,kühlen,"to chill, to cool, to refrigerate","refroidir, réfrigérer",,,,
1003,C2,1724,erwärmen,,,to warm,réchauffer,6. C2+,,C2,erwärmen,to warm,réchauffer,,,,
1003,C2,1726,begraben,,,to bury,enterrer,6. C2+,,C2,begraben,to bury,enterrer,,,,
1003,C2,1727,angucken,,,,,6. C2+,,C2,angucken,,,,,,
1003,C2,1728,ausrüsten,,,,,6. C2+,aus,C2,rüsten,"prepare, arm, equip, mount",,,,,
1003,C2,1729,bekanntgeben,,,,,6. C2+,,C2,bekanntgeben,,,,,,
1003,C2,1730,bewohnen,,,,,6. C2+,,C2,bewohnen,,,,,,
1003,C2,1731,entschärfen,,,,,6. C2+,,C2,entschärfen,,,,,,
1003,C2,1732,erkranken,,,,,6. C2+,,C2,erkranken,,,,,,
1003,C2,1739,verschenken,,,,,6. C2+,,C2,verschenken,,,,,,
1003,C2,1740,verlinken,,,,,6. C2+,,C2,verlinken,,,,,,
1003,C2,1741,anklagen,,,,,6. C2+,,C2,anklagen,,,,,,
1003,C2,1742,anmerken,,,,,6. C2+,,C2,anmerken,,,,,,
1003,C2,1743,auflegen,,,,,6. C2+,,C2,auflegen,,,,,,
1003,C2,1744,ausscheiden,,,,,6. C2+,aus,B2,scheiden,"to separate, to divorce, to part","se séparer, divorcer",,,,
1003,C2,1745,entgehen,,,,,6. C2+,,C2,entgehen,,,,,,
1003,C2,1747,verzeichnen,,,,,6. C2+,,C2,verzeichnen,,,,,,
1003,C2,1748,zusammenkommen,,,,,6. C2+,,C2,zusammenkommen,,,,,,
1003,C2,1749,erfreuen,,,"to please, to enjoy (refl.)","plaire, jouir (réfl.)",6. C2+,,C2,erfreuen,"to please, to enjoy (refl.)","plaire, jouir (réfl.)",,,,
1003,C2,1750,verkleinern,,,to reduce,réduire,6. C2+,,C2,verkleinern,to reduce,réduire,,,,
1003,C2,1753,auffinden,,,,,6. C2+,,C2,auffinden,,,,,,
1003,C2,1754,auslaufen,,,,,6. C2+,aus,A1,laufen,"to walk, to flow (of a fluid), to run (of an event)","marcher, couler (un fluide), se dérouler (un événement)",,,,
1003,C2,1756,befolgen,,,,,6. C2+,,C2,befolgen,,,,,,
1003,C2,1757,befristen,,,,,6. C2+,,C2,befristen,,,,,,
1003,C2,1758,belassen,,,,,6. C2+,,C2,belassen,,,,,,
1003,C2,1759,belaufen,,,,,6. C2+,,C2,belaufen,,,,,,
1003,C2,1760,einhergehen,,,,,6. C2+,,C2,einhergehen,,,,,,
1003,C2,1761,einloggen,,,,,6. C2+,,C2,einloggen,,,,,,
1003,C2,1762,erhitzen,,,,,6. C2+,,C2,erhitzen,,,,,,
1003,C2,1763,generieren,,,,,6. C2+,,C2,generieren,,,,,,
1003,C2,1777,unterbinden,,,,,6. C2+,,C2,unterbinden,,,,,,
1003,C2,1779,vervollständigen,,,,,6. C2+,,C2,vervollständigen,,,,,,
1003,C2,1781,übersteigen,,,,,6. C2+,,C2,übersteigen,,,,,,
1003,C2,1782,anfahren,,,,,6. C2+,,C2,anfahren,,,,,,
1003,C2,1783,anrechnen,,,,,6. C2+,,C2,anrechnen,,,,,,
1003,C2,1784,beschimpfen,,,,,6. C2+,,C2,beschimpfen,,,,,,
1003,C2,1785,ermäßigen,,,,,6. C2+,er,D1,mäßigen,,,,,,
1003,C2,1787,mitreden,,,,,6. C2+,,C2,mitreden,,,,,,
1003,C2,1788,verwerten,,,,,6. C2+,,C2,verwerten,,,,,,
1003,C2,1789,zustellen,,,,,6. C2+,,C2,zustellen,,,,,,
1003,C2,1790,auslegen,,,,,6. C2+,aus,A2,legen,"to lay, to lean, to lie down","poser, se pencher, s'allonger",,,,
1003,C2,1791,ausweichen,,,,,6. C2+,aus,C1,weichen,to soften,adoucir,,,,
1003,C2,1793,verwundern,,,,,6. C2+,,C2,verwundern,,,,,,
1003,C2,1794,abschaffen,,,to abolish,,6. C2+,,C2,abschaffen,to abolish,,,,,
1003,C2,1795,aufgreifen,,,,,6. C2+,,C2,aufgreifen,,,,,,
1003,C2,1796,ausschöpfen,,,,,6. C2+,aus,C2,schöpfen,"to draw, to scoop, to create, to ladle",puiser,,,,
1003,C2,1797,bescheiden,,,,,6. C2+,,C2,bescheiden,,,,,,
1003,C2,1798,durchdringen,,,,,6. C2+,,C2,durchdringen,,,,,,
1003,C2,1799,einbinden,,,,,6. C2+,,C2,einbinden,,,,,,
1003,C2,1803,mithalten,,,,,6. C2+,,C2,mithalten,,,,,,
1003,C2,1805,verfeinern,,,,,6. C2+,,C2,verfeinern,,,,,,
1003,C2,1806,verhängen,,,,,6. C2+,,C2,verhängen,,,,,,
1003,C2,1807,vermerken,,,,,6. C2+,,C2,vermerken,,,,,,
1003,C2,1808,vernetzen,,,,,6. C2+,,C2,vernetzen,,,,,,
1003,C2,1809,verschmelzen,,,,,6. C2+,,C2,verschmelzen,,,,,,
1003,C2,1810,weiterentwickeln,,,,,6. C2+,,C2,weiterentwickeln,,,,,,
1003,C2,1812,zurückzahlen,,,,,6. C2+,,C2,zurückzahlen,,,,,,
1003,C2,1813,übertreffen,,,,,6. C2+,,C2,übertreffen,,,,,,
1003,C2,1816,abfinden,,,,,6. C2+,,C2,abfinden,,,,,,
1003,C2,1817,abstürzen,,,,,6. C2+,,C2,abstürzen,,,,,,
1003,C2,1818,abwägen,,,,,6. C2+,,C2,abwägen,,,,,,
1003,C2,1819,anbinden,,,,,6. C2+,,C2,anbinden,,,,,,
1003,C2,1820,anknüpfen,,,,,6. C2+,,C2,anknüpfen,,,,,,
1003,C2,1821,anreichern,,,,,6. C2+,,C2,anreichern,,,,,,
1003,C2,1822,aufbereiten,,,,,6. C2+,,C2,aufbereiten,,,,,,
1003,C2,1823,aufwenden,,,,,6. C2+,,C2,aufwenden,,,,,,
1003,C2,1824,aushandeln,,,,,6. C2+,aus,B1,handeln,"to act, to deal, to trade, to negotiate","agir, traiter, commercer, négocier",,,,
1003,C2,1826,benachteiligen,,,,,6. C2+,,C2,benachteiligen,,,,,,
1003,C2,1827,bereithalten,,,,,6. C2+,,C2,bereithalten,,,,,,
1003,C2,1828,besagen,,,,,6. C2+,,C2,besagen,,,,,,
1003,C2,1829,beschwören,,,,,6. C2+,,C2,beschwören,,,,,,
1003,C2,1830,besteigen,,,,,6. C2+,,C2,besteigen,,,,,,
1003,C2,1831,bewilligen,,,,,6. C2+,,C2,bewilligen,,,,,,
1003,C2,1834,einteilen,,,,,6. C2+,,C2,einteilen,,,,,,
1003,C2,1835,entstammen,,,,,6. C2+,,C2,entstammen,,,,,,
1003,C2,1836,erahnen,,,,,6. C2+,,C2,erahnen,,,,,,
1003,C2,1837,ergehen,,,,,6. C2+,,C2,ergehen,,,,,,
1003,C2,1852,umgestalten,,,,,6. C2+,,C2,umgestalten,,,,,,
1003,C2,1853,verbauen,,,,,6. C2+,,C2,verbauen,,,,,,
1003,C2,1854,verehren,,,,,6. C2+,,C2,verehren,,,,,,
1003,C2,1855,verrichten,,,,,6. C2+,,C2,verrichten,,,,,,
1003,C2,1856,verschlagen,,,,,6. C2+,,C2,verschlagen,,,,,,
1003,C2,1857,verschonen,,,,,6. C2+,,C2,verschonen,,,,,,
1003,C2,1858,versinken,,,,,6. C2+,,C2,versinken,,,,,,
1003,C2,1859,versperren,,,,,6. C2+,,C2,versperren,,,,,,
1003,C2,1860,versterben,,,,,6. C2+,,C2,versterben,,,,,,
1003,C2,1861,verwickeln,,,,,6. C2+,,C2,verwickeln,,,,,,
1003,C2,1863,vorausgehen,,,,,6. C2+,,C2,vorausgehen,,,,,,
1003,C2,1866,zusammentragen,,,,,6. C2+,,C2,zusammentragen,,,,,,
1003,C2,1867,zuschlagen,,,,,6. C2+,,C2,zuschlagen,,,,,,
1003,C2,1868,zusprechen,,,,,6. C2+,,C2,zusprechen,,,,,,
1003,C2,1869,überbieten,,,,,6. C2+,,C2,überbieten,,,,,,
1003,C2,1873,überfragen,,,,,6. C2+,,C2,überfragen,,,,,,
1003,C2,1874,übersenden,,,,,6. C2+,über,B1,senden,"to send, to broadcast","envoyer, diffuser",,,,
1003,C2,1875,auserwählen,,,,,6. C2+,aus,D1,erwählen,,,,,,
1003,C2,1876,mitbekommen,,,,,6. C2+,,C2,mitbekommen,,,,,,
1003,C2,1878,hinzukommen,,,,,6. C2+,,C2,hinzukommen,,,,,,
1003,C2,1880,auferlegen,,,,,6. C2+,,C2,auferlegen,,,,,,
1003,C2,1881,durchbrechen,,,,,6. C2+,,C2,durchbrechen,,,,,,
1003,C2,1882,einberufen,,,,,6. C2+,,C2,einberufen,,,,,,
1003,C2,1883,überbrücken,,,,,6. C2+,,C2,überbrücken,,,,,,
1003,C2,1884,verstreichen,,,,,6. C2+,,C2,verstreichen,,,,,,
1003,C2,1887,anscheinen,,,,,6. C2+,,C2,anscheinen,,,,,,
1003,C2,1893,hervorwagen,,,,,6. C2+,,C2,hervorwagen,,,,,,
1003,C2,1904,überliegen,,,,,6. C2+,,C2,überliegen,,,,,,
1003,C2,1905,vorbeireiten,,,,,6. C2+,,C2,vorbeireiten,,,,,,
1003,C2,1908,zurückzuführen,,,,,6. C2+,zurück,C2,zuführen,,,,,,
1003,C2,1909,anschneiden,,,,,6. C2+,an,B1,schneiden,"to cut, to slice","couper, trancher",,,,
1003,C2,1912,ausstoßen,,,,,6. C2+,aus,B2,stoßen,"to push, to bump, to kick, to thrust","pousser, cogner, donner un coup de pied",,,,
1003,C2,1913,herzen,,,,,6. C2+,her,,zen,,,,,,
1003,C2,1917,eindecken,,,,,6. C2+,ein,B2,decken,"to cover, to set (a table), to hedge","couvrir, dresser (une table), se protéger",,,,
1003,C2,1918,heraussuchen,,,,,6. C2+,her,C1,aussuchen,"to select, to choose, to pick","sélectionner, choisir, cueillir",,,,
1003,C2,1919,hinfallen,,,,,6. C2+,hin,B1,fallen,"to fall, to fall in battle, to collapse","tomber, tomber au combat, s'effondrer",,,,
1003,C2,1921,nachschauen,,,,,6. C2+,nach,A2,schauen,to look at (Bayern and Austria),regarder (Bayern et Autriche),,,,
1003,C2,1922,umknicken,,,,,6. C2+,um,D1,knicken,,,,,,
1003,C2,1923,auffrischen,,,,,6. C2+,auf,D1,frischen,,,,,,
1003,C2,1924,aushändigen,,,,,6. C2+,aus,,händigen,,,,,,
1003,C2,1925,vortäuschen,,,,,6. C2+,vor,C1,täuschen,"to deceive, to delude, to mislead","tromper, duper, induire en erreur",,,,
1003,C2,1926,bedingen,,,,,6. C2+,be,C2,dingen,,,,,,
1003,C2,1928,erstaunen,,,,,6. C2+,er,C1,staunen,"to be astonished, to be amazed","être étonné, être émerveillé",,,,
1003,C2,1929,verwirren,,,,,6. C2+,ver,,wirren,,,,,,
1003,C2,1931,ausloggen,,,,,6. C2+,aus,D1,loggen,,,,,,
1003,C2,1932,mitfühlen,,,,,6. C2+,mit,A1,fühlen,"to feel, to feel something (refl.)","sentir, ressentir quelque chose (réfl.)",,,,
1003,C2,1934,beistehen,,,,,6. C2+,bei,A1,stehen,"to stand, to be, to appear","être debout, apparaître",,,,
1003,C2,1936,einwenden,,,,,6. C2+,ein,B2,wenden,"to turn, to reverse, to address","tourner, inverser, s'adresser",,,,
1003,C2,1938,beschmieren,,,,,6. C2+,be,C2,schmieren,,,,,,
1003,C2,1943,umkehren,,,,,6. C2+,um,C1,kehren,"to sweep, to return","retourner, balayer",,,,
1003,C2,1944,abzielen,,,,,6. C2+,ab,C1,zielen,"to aim, to target, to focus on","viser, cibler, se concentrer sur",,,,
1003,C2,1945,abtasten,,,,,6. C2+,ab,C2,tasten,,,,,,
1003,C2,1948,aufdrehen,,,,,6. C2+,auf,B2,drehen,"to turn, to veer","tourner, dévier",,,,
1003,C2,1949,mitdenken,,,,,6. C2+,mit,A1,denken,"to think, to consider","penser, considérer",,,,
1003,C2,1950,verschlechtern,,,to worsen,s'aggraver,6. C2+,ver,,schlechtern,,,,,,
1003,C2,1952,ermorden,,,to murder,assassiner,6. C2+,,C2,ermorden,to murder,assassiner,,,,
1003,C2,1953,abzeichnen,,,,,6. C2+,,C2,abzeichnen,,,,,,
1003,C2,1954,anrichten,,,,,6. C2+,,C2,anrichten,,,,,,
1003,C2,1955,anvertrauen,,,,,6. C2+,,C2,anvertrauen,,,,,,
1003,C2,1956,ausnehmen,,,,,6. C2+,aus,A1,nehmen,"to take, to cause oneself to be (in some state)","prendre, se mettre (dans un état)",,,,
1003,C2,1958,herausgeben,,,,,6. C2+,,C2,herausgeben,,,,,,
1003,C2,1961,zurücklegen,,,,,6. C2+,,C2,zurücklegen,,,,,,
1003,C2,1962,verlangsamen,,,to slow down,ralentir,6. C2+,,C2,verlangsamen,to slow down,ralentir,,,,
1003,C2,1963,abfangen,,,,,6. C2+,,C2,abfangen,,,,,,
1003,C2,1964,abführen,,,,,6. C2+,,C2,abführen,,,,,,
1003,C2,1965,abschmecken,,,,,6. C2+,,C2,abschmecken,,,,,,
1003,C2,1966,andauern,,,,,6. C2+,,C2,andauern,,,,,,
1003,C2,1967,anlaufen,,,,,6. C2+,,C2,anlaufen,,,,,,
1003,C2,1968,ansteuern,,,,,6. C2+,,C2,ansteuern,,,,,,
1003,C2,1970,auffangen,,,,,6. C2+,,C2,auffangen,,,,,,
1003,C2,1971,auffüllen,,,,,6. C2+,,C2,auffüllen,,,,,,
1003,C2,1972,aufspüren,,,,,6. C2+,,C2,aufspüren,,,,,,
1003,C2,1973,ausfällen,,,,,6. C2+,aus,C1,fällen,"to fell, to cut down, to precipitate","abattre, couper, fendre",,,,
1003,C2,1974,auslassen,,,,,6. C2+,aus,A2,lassen,"to let, to leave, to allow","laisser, quitter, permettre",,,,
1003,C2,1975,ausverkaufen,,,,,6. C2+,aus,A1,verkaufen,to sell,vendre,,,,
1003,C2,1976,auswechseln,,,,,6. C2+,aus,B1,wechseln,"to change, to switch, to exchange","changer, échanger",,,,
1003,C2,1977,ausweiten,,,,,6. C2+,aus,D1,weiten,,,,,,
1003,C2,1978,beanspruchen,,,,,6. C2+,,C2,beanspruchen,,,,,,
1003,C2,1979,bedrucken,,,,,6. C2+,,C2,bedrucken,,,,,,
1003,C2,1980,befallen,,,,,6. C2+,,C2,befallen,,,,,,
1003,C2,1981,bekennen,,,,,6. C2+,,C2,bekennen,,,,,,
1003,C2,1982,bekunden,,,,,6. C2+,,C2,bekunden,,,,,,
1003,C2,1983,bestechen,,,,,6. C2+,,C2,bestechen,,,,,,
1003,C2,1985,einbetten,,,,,6. C2+,,C2,einbetten,,,,,,
1003,C2,1986,einfangen,,,,,6. C2+,,C2,einfangen,,,,,,
1003,C2,1987,einfließen,,,,,6. C2+,,C2,einfließen,,,,,,
1003,C2,1988,einsparen,,,,,6. C2+,,C2,einsparen,,,,,,
1003,C2,1989,einwirken,,,,,6. C2+,,C2,einwirken,,,,,,
1003,C2,1990,entsenden,,,,,6. C2+,,C2,entsenden,,,,,,
1003,C2,1992,herbeiführen,,,,,6. C2+,,C2,herbeiführen,,,,,,
1003,C2,1998,umleiten,,,,,6. C2+,,C2,umleiten,,,,,,
1003,C2,1999,verbuchen,,,,,6. C2+,,C2,verbuchen,,,,,,
1003,C2,2000,verdichten,,,,,6. C2+,,C2,verdichten,,,,,,
1003,C2,2001,verschlüsseln,,,,,6. C2+,,C2,verschlüsseln,,,,,,
1003,C2,2002,verwerfen,,,,,6. C2+,,C2,verwerfen,,,,,,
1003,C2,2003,vorenthalten,,,,,6. C2+,,C2,vorenthalten,,,,,,
1003,C2,2004,zerbrechen,,,,,6. C2+,,C2,zerbrechen,,,,,,
1003,C2,2005,zerlegen,,,,,6. C2+,,C2,zerlegen,,,,,,
1003,C2,2006,zurückholen,,,,,6. C2+,,C2,zurückholen,,,,,,
1003,C2,2007,zusammenbringen,,,,,6. C2+,,C2,zusammenbringen,,,,,,
1003,C2,2008,zuschneiden,,,,,6. C2+,,C2,zuschneiden,,,,,,
1003,C2,2009,überführen,,,,,6. C2+,,C2,überführen,,,,,,
1003,C2,2011,verdammen,,,"to condemn, to damn","condamner, damner",6. C2+,,C2,verdammen,"to condemn, to damn","condamner, damner",,,,
1003,C2,2012,beharren,,,,,6. C2+,,C2,beharren,,,,,,
1003,C2,2014,abarbeiten,,,,,6. C2+,,C2,abarbeiten,,,,,,
1003,C2,2015,abrunden,,,,,6. C2+,,C2,abrunden,,,,,,
1003,C2,2016,abschrecken,,,,,6. C2+,,C2,abschrecken,,,,,,
1003,C2,2017,abverlangen,,,,,6. C2+,,C2,abverlangen,,,,,,
1003,C2,2018,abwehren,,,,,6. C2+,,C2,abwehren,,,,,,
1003,C2,2019,anbauen,,,,,6. C2+,,C2,anbauen,,,,,,
1003,C2,2020,aneignen,,,,,6. C2+,,C2,aneignen,,,,,,
1003,C2,2021,anpacken,,,,,6. C2+,,C2,anpacken,,,,,,
1003,C2,2022,anstecken,,,,,6. C2+,,C2,anstecken,,,,,,
1003,C2,2024,ausschütten,,,,,6. C2+,aus,C2,schütten,,,,,,
1003,C2,2025,beanstanden,,,,,6. C2+,,C2,beanstanden,,,,,,
1003,C2,2026,beflügeln,,,,,6. C2+,,C2,beflügeln,,,,,,
1003,C2,2027,beherbergen,,,,,6. C2+,,C2,beherbergen,,,,,,
1003,C2,2028,bejahen,,,,,6. C2+,,C2,bejahen,,,,,,
1003,C2,2029,belieben,,,,,6. C2+,,C2,belieben,,,,,,
1003,C2,2030,beliefern,,,,,6. C2+,,C2,beliefern,,,,,,
1003,C2,2031,bescheren,,,,,6. C2+,,C2,bescheren,,,,,,
1003,C2,2032,bestärken,,,,,6. C2+,,C2,bestärken,,,,,,
1003,C2,2033,beteuern,,,,,6. C2+,,C2,beteuern,,,,,,
1003,C2,2034,bezweifeln,,,,,6. C2+,,C2,bezweifeln,,,,,,
1003,C2,2035,bezwingen,,,,,6. C2+,,C2,bezwingen,,,,,,
1003,C2,2037,eindämmen,,,,,6. C2+,,C2,eindämmen,,,,,,
1003,C2,2038,einfordern,,,,,6. C2+,,C2,einfordern,,,,,,
1003,C2,2039,einordnen,,,,,6. C2+,,C2,einordnen,,,,,,
1003,C2,2040,einsenden,,,,,6. C2+,,C2,einsenden,,,,,,
1003,C2,2041,einstufen,,,,,6. C2+,,C2,einstufen,,,,,,
1003,C2,2042,entfachen,,,,,6. C2+,,C2,entfachen,,,,,,
1003,C2,2043,entgegensetzen,,,,,6. C2+,,C2,entgegensetzen,,,,,,
1003,C2,2044,entgegenwirken,,,,,6. C2+,,C2,entgegenwirken,,,,,,
1003,C2,2045,entlarven,,,,,6. C2+,,C2,entlarven,,,,,,
1003,C2,2046,entpuppen,,,,,6. C2+,,C2,entpuppen,,,,,,
1003,C2,2047,entschädigen,,,,,6. C2+,,C2,entschädigen,,,,,,
1003,C2,2048,entwenden,,,,,6. C2+,,C2,entwenden,,,,,,
1003,C2,2049,erbeuten,,,,,6. C2+,,C2,erbeuten,,,,,,
1003,C2,2050,erklimmen,,,,,6. C2+,,C2,erklimmen,,,,,,
1003,C2,2051,erliegen,,,,,6. C2+,,C2,erliegen,,,,,,
1003,C2,2052,ermuntern,,,,,6. C2+,,C2,ermuntern,,,,,,
1003,C2,2053,ertönen,,,,,6. C2+,,C2,ertönen,,,,,,
1003,C2,2054,erwirtschaften,,,,,6. C2+,,C2,erwirtschaften,,,,,,
1003,C2,2058,herrichten,,,,,6. C2+,,C2,herrichten,,,,,,
1003,C2,2059,hervorbringen,,,,,6. C2+,,C2,hervorbringen,,,,,,
1003,C2,2060,hinterfragen,,,,,6. C2+,,C2,hinterfragen,,,,,,
1003,C2,2064,mitgestalten,,,,,6. C2+,,C2,mitgestalten,,,,,,
1003,C2,2065,nachlassen,,,,,6. C2+,,C2,nachlassen,,,,,,
1003,C2,2078,verkraften,,,,,6. C2+,,C2,verkraften,,,,,,
1003,C2,2079,verkörpern,,,,,6. C2+,,C2,verkörpern,,,,,,
1003,C2,2080,verlesen,,,,,6. C2+,,C2,verlesen,,,,,,
1003,C2,2081,vermelden,,,,,6. C2+,,C2,vermelden,,,,,,
1003,C2,2082,verrechnen,,,,,6. C2+,,C2,verrechnen,,,,,,
1003,C2,2083,verschlingen,,,,,6. C2+,,C2,verschlingen,,,,,,
1003,C2,2084,verspielen,,,,,6. C2+,,C2,verspielen,,,,,,
1003,C2,2085,verspüren,,,,,6. C2+,,C2,verspüren,,,,,,
1003,C2,2086,veräußern,,,,,6. C2+,,C2,veräußern,,,,,,
1003,C2,2088,vorführen,,,,,6. C2+,,C2,vorführen,,,,,,
1003,C2,2090,zusammenhalten,,,,,6. C2+,,C2,zusammenhalten,,,,,,
1003,C2,2091,zuschreiben,,,,,6. C2+,,C2,zuschreiben,,,,,,
1003,C2,2092,überwiegen,,,,,6. C2+,,C2,überwiegen,,,,,,
1003,C2,2093,fernhalten,,,,,6. C2+,fern,A1,halten,"to hold, to stop (a movement), to support, to keep","tenir, arrêter (un mouvement), soutenir, garder",,,,
1003,C2,2094,andenken,,,,,6. C2+,an,A1,denken,"to think, to consider","penser, considérer",,,,
1003,C2,2097,bevorstehen,,,,,6. C2+,bevor,A1,stehen,"to stand, to be, to appear","être debout, apparaître",,,,
1003,C2,2098,verpflegen,,,,,6. C2+,ver,B2,pflegen,"to nurse, to care for, to maintain","soigner, prendre soin de, entretenir",,,,
1003,C2,2100,hinbekommen,,,,,6. C2+,,C2,hinbekommen,,,,,,
1003,C2,2103,vorübergehen,,,,,6. C2+,vor,C2,übergehen,"spill over, change, cross over, descend",,,,,
1003,C2,2105,untergraben,,,,,6. C2+,unter,B2,graben,"to dig, to excavate, to delve","creuser, fouiller, excaver",,,,
1003,C2,2106,durchlesen,,,,,6. C2+,,C2,durchlesen,,,,,,
1003,C2,2107,heranziehen,,,,,6. C2+,,C2,heranziehen,,,,,,
1003,C2,2109,veranschlagen,,,,,6. C2+,,C2,veranschlagen,,,,,,
1003,C2,2113,entgegenen,,,,,6. C2+,,C2,entgegenen,,,,,,
1003,C2,2114,genieren,,,,,6. C2+,,C2,genieren,,,,,,
1003,C2,2116,verschähen,,,,,6. C2+,ver,,schähen,,,,,,
1003,C2,2117,untern,,,,,6. C2+,unter,,n,,,,,,
1003,C2,2121,beglückwünschen,,,"to congratulate, to felicitate","féliciter, féliciter",6. C2+,,C2,beglückwünschen,"to congratulate, to felicitate","féliciter, féliciter",,,,
1003,C2,2122,verfilmen,,,,,6. C2+,ver,C1,filmen,"to film, to shoot","filmer, tourner",,,,
1003,C2,2123,verspäten,,,,,6. C2+,ver,,späten,,,,,,
1003,C2,2124,verbeugen,,,,,6. C2+,ver,C2,beugen,"to bend, to bow","se courber, s'incliner",,,,
1003,C2,2125,eintauschen,,,,,6. C2+,ein,C1,tauschen,"to swap, to trade, to exchange","échanger, troquer, échanger",,,,
1003,C2,2127,anzweifeln,,,,,6. C2+,an,C1,zweifeln,"to doubt, to question","douter, remettre en question",,,,
1003,C2,2128,anhäufen,,,,,6. C2+,an,C2,häufen,,,,,,
1003,C2,2129,abholzen,,,,,6. C2+,ab,,holzen,,,,,,
1003,C2,2131,abspalten,,,,,6. C2+,ab,B2,spalten,"to split, to divide","diviser, diviser",,,,
1003,C2,2132,begrünen,,,,,6. C2+,be,C2,grünen,,,,,,
1003,C2,2133,eintippen,,,,,6. C2+,ein,C1,tippen,"to type, to bet, to tap","taper, parier, appuyer",,,,
1003,C2,2134,auffliegen,,,,,6. C2+,auf,B1,fliegen,"to fly, to travel by plane","voler, voyager en avion",,,,
1003,C2,2135,anpflanzen,,,,,6. C2+,an,B2,pflanzen,"to plant, to sow","planter, semer",,,,
1003,C2,2138,zubauen,,,,,6. C2+,zu,A2,bauen,to build,construire,,,,
1003,C2,2143,abhangen,,,,,6. C2+,ab,C2,hangen,,,,,,
1003,C2,2146,einwandern,,,,,6. C2+,ein,B1,wandern,"to hike, to wander, to migrate","faire de la randonnée, errer, migrer",,,,
1003,C2,2147,verharmlosen,,,,,6. C2+,ver,,harmlosen,,,,,,
1003,C2,2149,befreunden,,,to befriend (refl.),se lier d'amitié (réfl.),6. C2+,,C2,befreunden,to befriend (refl.),se lier d'amitié (réfl.),,,,
1003,C2,2159,nachdrucken,,,,,6. C2+,nach,B2,drucken,to print,imprimer,,,,
1003,C2,2161,vorzeichnen,,,,,6. C2+,vor,A2,zeichnen,"to draw, to sketch","dessiner, esquisser",,,,
1003,C2,2163,zurücksetzen,,,,,6. C2+,zurück,A2,setzen,"to set, to sit down (refl.)",s'asseoir (réfl.),,,,
1003,C2,2166,zusammenwirken,,,,,6. C2+,zusammen,B1,wirken,"to have an effect, to work","avoir un effet, functionner",,,,
1003,C2,2168,anecken,,,,,6. C2+,an,D1,ecken,,,,,,
1003,C2,2170,betten,,,,,6. C2+,be,,tten,,,,,,
1003,C2,2175,umschalten,,,,,6. C2+,um,B2,schalten,"to switch, to shift gears, to turn on, to turn off","changer, changer de vitesse, allumer, éteindre",,,,
1003,C2,2177,entladen,,,,,6. C2+,ent,B1,laden,"to load, to charge, to invite","charger, inviter",,,,
1003,C2,2178,ermessen,,,,,6. C2+,er,B1,messen,"to measure, to gauge","mesurer, jauger",,,,
1003,C2,2182,überdachen,,,,,6. C2+,über,,dachen,,,,,,
1003,C2,2194,betrüben,,,,,6. C2+,be,,trüben,,,,,,
1003,C2,2197,überlappen,,,,,6. C2+,über,,lappen,,,,,,
1003,C2,2198,verträumen,,,,,6. C2+,ver,A2,träumen,to dream,rêver,,,,
1003,C2,2208,verschleißen,,,,,6. C2+,ver,,schleißen,,,,,,
1003,C2,2212,bestreben,,,,,6. C2+,be,C1,streben,"to strive, to tend to, to aspire","aspirer, s'efforcer, viser",,,,
1003,C2,2215,abdichten,,,,,6. C2+,ab,C2,dichten,"compose, write poetry, seal, caulk, close",,,,,
1003,C2,2216,verriegeln,,,,,6. C2+,ver,D1,riegeln,,,,,,
1003,C2,2223,vorfahren,,,,,6. C2+,vor,A1,fahren,"to go (by vehicle), to leave, to drive","aller (en véhicule), partir, conduire",,,,
1003,C2,2226,beschichten,,,,,6. C2+,be,C2,schichten,,,,,,
1003,C2,2228,abhauen,,,"to cut off (cutting weapon), to do a runner, to piss off","couper (arme tranchante), faire fuir, énerver",6. C2+,,C2,abhauen,"to cut off (cutting weapon), to do a runner, to piss off","couper (arme tranchante), faire fuir, énerver",,,,
1003,C2,2236,abdrehen,,,,,6. C2+,ab,B2,drehen,"to turn, to veer","tourner, dévier",,,,
1003,C2,2237,angewöhnen,,,,,6. C2+,an,B2,gewöhnen,"to get used to, to accustom oneself","s'habituer à, s'accoutumer",,,,
1003,C2,2238,anstreichen,,,,,6. C2+,an,B2,streichen,"to stroke, to cancel, to spread, to rub, to paint","caresser, annuler, étaler, frotter, peindre",,,,
1003,C2,2239,beglaubigen,,,,,6. C2+,be,,glaubigen,,,,,,
1003,C2,2242,zudrehen,,,,,6. C2+,zu,B2,drehen,"to turn, to veer","tourner, dévier",,,,
1003,C2,2243,zurücksenden,,,,,6. C2+,zurück,B1,senden,"to send, to broadcast","envoyer, diffuser",,,,
1003,C2,2244,verheiraten,,,"to marry (to perform the marriage), to get married (refl.)","se marier (célébrer le mariage), se marier (réfl.)",6. C2+,ver,A2,heiraten,to marry,se marier,,,,
1003,C2,2245,betrinken,,,to get drunk,se saouler,6. C2+,be,A1,trinken,to drink,boire,,,,
1003,C2,2246,verrühren,,,"to stir, to mix","remuer, mélanger",6. C2+,,C2,verrühren,"to stir, to mix","remuer, mélanger",,,,
1003,C2,2247,besinnen,,,,,6. C2+,,C2,besinnen,,,,,,
1003,C2,2248,verleiten,,,,,6. C2+,,C2,verleiten,,,,,,
1003,C2,2249,abgehen,,,,,6. C2+,,C2,abgehen,,,,,,
1003,C2,2250,abhaken,,,,,6. C2+,,C2,abhaken,,,,,,
1003,C2,2251,abklären,,,,,6. C2+,,C2,abklären,,,,,,
1003,C2,2252,abliefern,,,,,6. C2+,,C2,abliefern,,,,,,
1003,C2,2253,abschieben,,,,,6. C2+,,C2,abschieben,,,,,,
1003,C2,2254,abschätzen,,,,,6. C2+,,C2,abschätzen,,,,,,
1003,C2,2255,absichern,,,,,6. C2+,,C2,absichern,,,,,,
1003,C2,2256,absteigen,,,,,6. C2+,,C2,absteigen,,,,,,
1003,C2,2257,abtreten,,,,,6. C2+,,C2,abtreten,,,,,,
1003,C2,2258,abweisen,,,,,6. C2+,,C2,abweisen,,,,,,
1003,C2,2260,anbraten,,,,,6. C2+,,C2,anbraten,,,,,,
1003,C2,2261,ankurbeln,,,,,6. C2+,,C2,ankurbeln,,,,,,
1003,C2,2262,anlocken,,,,,6. C2+,,C2,anlocken,,,,,,
1003,C2,2263,ansagen,,,,,6. C2+,,C2,ansagen,,,,,,
1003,C2,2264,anschlagen,,,,,6. C2+,,C2,anschlagen,,,,,,
1003,C2,2265,antreffen,,,,,6. C2+,,C2,antreffen,,,,,,
1003,C2,2266,anwachsen,,,,,6. C2+,,C2,anwachsen,,,,,,
1003,C2,2267,anweisen,,,,,6. C2+,,C2,anweisen,,,,,,
1003,C2,2268,anzünden,,,,,6. C2+,,C2,anzünden,,,,,,
1003,C2,2269,aufarbeiten,,,,,6. C2+,,C2,aufarbeiten,,,,,,
1003,C2,2270,aufbrauchen,,,,,6. C2+,,C2,aufbrauchen,,,,,,
1003,C2,2271,aufholen,,,,,6. C2+,,C2,aufholen,,,,,,
1003,C2,2272,auflaufen,,,,,6. C2+,,C2,auflaufen,,,,,,
1003,C2,2273,aufspielen,,,,,6. C2+,,C2,aufspielen,,,,,,
1003,C2,2274,aufstocken,,,,,6. C2+,,C2,aufstocken,,,,,,
1003,C2,2275,aufwarten,,,,,6. C2+,,C2,aufwarten,,,,,,
1003,C2,2276,aufwerten,,,,,6. C2+,,C2,aufwerten,,,,,,
1003,C2,2277,ausbleiben,,,,,6. C2+,aus,A1,bleiben,"to remain, to stay",rester,,,,
1003,C2,2278,ausbuchen,,,,,6. C2+,aus,B1,buchen,"to book, to reserve",réserver,,,,
1003,C2,2279,ausklingen,,,,,6. C2+,aus,B2,klingen,"to sound, to ring, to seem","sonner, sonner, sembler",,,,
1003,C2,2280,auslasten,,,,,6. C2+,aus,C2,lasten,,,,,,
1003,C2,2281,ausleben,,,,,6. C2+,aus,A1,leben,to live,vivre,,,,
1003,C2,2282,ausrollen,,,,,6. C2+,aus,C1,rollen,to roll,rouler,,,,
1003,C2,2283,ausrufen,,,,,6. C2+,aus,B1,rufen,"to call, to shout, to summon","appeler, crier, convoquer",,,,
1003,C2,2284,ausschreiben,,,,,6. C2+,aus,A1,schreiben,to write,écrire,,,,
1003,C2,2285,ausspielen,,,,,6. C2+,aus,A1,spielen,to play,jouer,,,,
1003,C2,2286,austoben,,,,,6. C2+,aus,C1,toben,"to fume, to rage, to rampage, to romp","se défouler, se déchaîner, fulminer",,,,
1003,C2,2287,beanständen,,,,,6. C2+,,C2,beanständen,,,,,,
1003,C2,2288,bedachen,,,,,6. C2+,,C2,bedachen,,,,,,
1003,C2,2289,befahren,,,,,6. C2+,,C2,befahren,,,,,,
1003,C2,2290,befüllen,,,,,6. C2+,,C2,befüllen,,,,,,
1003,C2,2291,begehren,,,,,6. C2+,,C2,begehren,,,,,,
1003,C2,2292,begnügen,,,,,6. C2+,,C2,begnügen,,,,,,
1003,C2,2293,begutachten,,,,,6. C2+,,C2,begutachten,,,,,,
1003,C2,2294,beheimaten,,,,,6. C2+,,C2,beheimaten,,,,,,
1003,C2,2295,beisteuern,,,,,6. C2+,,C2,beisteuern,,,,,,
1003,C2,2296,bejubeln,,,,,6. C2+,,C2,bejubeln,,,,,,
1003,C2,2297,bekleiden,,,,,6. C2+,,C2,bekleiden,,,,,,
1003,C2,2298,belehren,,,,,6. C2+,,C2,belehren,,,,,,
1003,C2,2299,bemängeln,,,,,6. C2+,,C2,bemängeln,,,,,,
1003,C2,2300,bereisen,,,,,6. C2+,,C2,bereisen,,,,,,
1003,C2,2301,beschlagnahmen,,,,,6. C2+,,C2,beschlagnahmen,,,,,,
1003,C2,2302,beschreiten,,,,,6. C2+,,C2,beschreiten,,,,,,
1003,C2,2303,besiegeln,,,,,6. C2+,,C2,besiegeln,,,,,,
1003,C2,2304,bessern,,,,,6. C2+,,C2,bessern,,,,,,
1003,C2,2305,bestaunen,,,,,6. C2+,,C2,bestaunen,,,,,,
1003,C2,2306,bestücken,,,,,6. C2+,,C2,bestücken,,,,,,
1003,C2,2307,bewirtschaften,,,,,6. C2+,,C2,bewirtschaften,,,,,,
1003,C2,2308,beziffern,,,,,6. C2+,,C2,beziffern,,,,,,
1003,C2,2315,einfahren,,,,,6. C2+,,C2,einfahren,,,,,,
1003,C2,2316,einfinden,,,,,6. C2+,,C2,einfinden,,,,,,
1003,C2,2317,einkehren,,,,,6. C2+,,C2,einkehren,,,,,,
1003,C2,2318,einliefern,,,,,6. C2+,,C2,einliefern,,,,,,
1003,C2,2319,einläuten,,,,,6. C2+,,C2,einläuten,,,,,,
1003,C2,2320,einlösen,,,,,6. C2+,,C2,einlösen,,,,,,
1003,C2,2321,einspielen,,,,,6. C2+,,C2,einspielen,,,,,,
1003,C2,2322,einstimmen,,,,,6. C2+,,C2,einstimmen,,,,,,
1003,C2,2323,einstudieren,,,,,6. C2+,,C2,einstudieren,,,,,,
1003,C2,2324,einweihen,,,,,6. C2+,,C2,einweihen,,,,,,
1003,C2,2325,entgegennehmen,,,,,6. C2+,,C2,entgegennehmen,,,,,,
1003,C2,2326,enthüllen,,,,,6. C2+,,C2,enthüllen,,,,,,
1003,C2,2327,entspringen,,,,,6. C2+,,C2,entspringen,,,,,,
1003,C2,2328,entzünden,,,,,6. C2+,,C2,entzünden,,,,,,
1003,C2,2329,erbauen,,,,,6. C2+,,C2,erbauen,,,,,,
1003,C2,2330,erbitten,,,,,6. C2+,,C2,erbitten,,,,,,
1003,C2,2331,erblicken,,,,,6. C2+,,C2,erblicken,,,,,,
1003,C2,2332,ergattern,,,,,6. C2+,,C2,ergattern,,,,,,
1003,C2,2333,erklingen,,,,,6. C2+,,C2,erklingen,,,,,,
1003,C2,2334,erlösen,,,,,6. C2+,,C2,erlösen,,,,,,
1003,C2,2335,erproben,,,,,6. C2+,,C2,erproben,,,,,,
1003,C2,2336,errechnen,,,,,6. C2+,,C2,errechnen,,,,,,
1003,C2,2337,erringen,,,,,6. C2+,,C2,erringen,,,,,,
1003,C2,2338,erschlagen,,,,,6. C2+,,C2,erschlagen,,,,,,
1003,C2,2339,erschüttern,,,,,6. C2+,,C2,erschüttern,,,,,,
1003,C2,2340,erspielen,,,,,6. C2+,,C2,erspielen,,,,,,
1003,C2,2341,erstehen,,,,,6. C2+,,C2,erstehen,,,,,,
1003,C2,2342,erstrahlen,,,,,6. C2+,,C2,erstrahlen,,,,,,
1003,C2,2350,gebrechen,,,,,6. C2+,,C2,gebrechen,,,,,,
1003,C2,2351,gedulden,,,,,6. C2+,,C2,gedulden,,,,,,
1003,C2,2352,gefrieren,,,,,6. C2+,,C2,gefrieren,,,,,,
1003,C2,2353,geloben,,,,,6. C2+,,C2,geloben,,,,,,
1003,C2,2354,gereichen,,,,,6. C2+,,C2,gereichen,,,,,,
1003,C2,2355,gesellen,,,,,6. C2+,,C2,gesellen,,,,,,
1003,C2,2360,herausbringen,,,,,6. C2+,,C2,herausbringen,,,,,,
1003,C2,2361,herausholen,,,,,6. C2+,,C2,herausholen,,,,,,
1003,C2,2362,hergeben,,,,,6. C2+,,C2,hergeben,,,,,,
1003,C2,2363,hingeben,,,,,6. C2+,,C2,hingeben,,,,,,
1003,C2,2364,hinschauen,,,,,6. C2+,,C2,hinschauen,,,,,,
1003,C2,2365,hinterlegen,,,,,6. C2+,,C2,hinterlegen,,,,,,
1003,C2,2366,hinziehen,,,,,6. C2+,,C2,hinziehen,,,,,,
1003,C2,2385,mittragen,,,,,6. C2+,,C2,mittragen,,,,,,
1003,C2,2387,nachlesen,,,,,6. C2+,,C2,nachlesen,,,,,,
1003,C2,2424,umbenennen,,,,,6. C2+,,C2,umbenennen,,,,,,
1003,C2,2425,umrahmen,,,,,6. C2+,,C2,umrahmen,,,,,,
1003,C2,2426,verbannen,,,,,6. C2+,,C2,verbannen,,,,,,
1003,C2,2427,verdecken,,,,,6. C2+,,C2,verdecken,,,,,,
1003,C2,2428,verfehlen,,,,,6. C2+,,C2,verfehlen,,,,,,
1003,C2,2429,verlauten,,,,,6. C2+,,C2,verlauten,,,,,,
1003,C2,2430,verlosen,,,,,6. C2+,,C2,verlosen,,,,,,
1003,C2,2431,verordnen,,,,,6. C2+,,C2,verordnen,,,,,,
1003,C2,2432,verschleppen,,,,,6. C2+,,C2,verschleppen,,,,,,
1003,C2,2433,versenken,,,,,6. C2+,,C2,versenken,,,,,,
1003,C2,2434,vertagen,,,,,6. C2+,,C2,vertagen,,,,,,
1003,C2,2435,verwehren,,,,,6. C2+,,C2,verwehren,,,,,,
1003,C2,2436,verzaubern,,,,,6. C2+,,C2,verzaubern,,,,,,
1003,C2,2437,verzieren,,,,,6. C2+,,C2,verzieren,,,,,,
1003,C2,2438,verüben,,,,,6. C2+,,C2,verüben,,,,,,
1003,C2,2439,vorbeischauen,,,,,6. C2+,,C2,vorbeischauen,,,,,,
1003,C2,2440,vorfinden,,,,,6. C2+,,C2,vorfinden,,,,,,
1003,C2,2441,vorhalten,,,,,6. C2+,,C2,vorhalten,,,,,,
1003,C2,2444,wegdenken,,,,,6. C2+,weg,A1,denken,"to think, to consider","penser, considérer",,,,
1003,C2,2446,weiterempfehlen,,,,,6. C2+,,C2,weiterempfehlen,,,,,,
1003,C2,2447,weiterlesen,,,,,6. C2+,,C2,weiterlesen,,,,,,
1003,C2,2451,zertifizieren,,,,,6. C2+,,C2,zertifizieren,,,,,,
1003,C2,2453,zufügen,,,,,6. C2+,,C2,zufügen,,,,,,
1003,C2,2454,zugestehen,,,,,6. C2+,,C2,zugestehen,,,,,,
1003,C2,2455,zumuten,,,,,6. C2+,,C2,zumuten,,,,,,
1003,C2,2456,zurechnen,,,,,6. C2+,,C2,zurechnen,,,,,,
1003,C2,2457,zusammenfinden,,,,,6. C2+,,C2,zusammenfinden,,,,,,
1003,C2,2458,zusammenschließen,,,,,6. C2+,,C2,zusammenschließen,,,,,,
1003,C2,2459,zusichern,,,,,6. C2+,,C2,zusichern,,,,,,
1003,C2,2460,zuziehen,,,,,6. C2+,,C2,zuziehen,,,,,,
1003,C2,2461,überbringen,,,,,6. C2+,,C2,überbringen,,,,,,
1003,C2,2462,überragen,,,,,6. C2+,,C2,überragen,,,,,,
1003,C2,2463,überschlagen,,,,,6. C2+,,C2,überschlagen,,,,,,
1003,C2,2464,überwältigen,,,,,6. C2+,,C2,überwältigen,,,,,,
1006,D1,2488,durchmachen,,,"to go through, to endure, to undergo, to finish, to stay up all night","traverser, endurer, subir, finir, rester éveillé toute la nuit",6. C2+,,D1,durchmachen,"to go through, to endure, to undergo, to finish, to stay up all night","traverser, endurer, subir, finir, rester éveillé toute la nuit",,,,
1006,D1,2490,herangehen,,,,,6. C2+,her,C1,angehen,"to concern, to tackle (a problem), to turn on (a machine)","s'inquiéter, s'attaquer (à un problème), mettre en marche (une machine)",,,,
1006,D1,2491,einbehalten,,,,,6. C2+,ein,B1,behalten,to keep,garder,,,,
1006,D1,2492,hingehören,,,,,6. C2+,hin,A2,gehören,to belong to,appartenir à,,,,
1006,D1,2493,aufspringen,,,,,6. C2+,auf,B1,springen,"to spring, to jump","sauter, bondir",,,,
1006,D1,2499,abscheinen,,,,,6. C2+,ab,A2,scheinen,"to shine, to seem (formal)","briller, paraître (formel)",,,,
1006,D1,2503,erschweren,,,to burden,accabler,6. C2+,,D1,erschweren,to burden,accabler,,,,
1006,D1,2504,nachstechen,,,,,6. C2+,nach,B2,stechen,"to sting, to prick, to puncture, to pierce","piquer, percer",,,,
1006,D1,2509,hersehen,,,,,6. C2+,her,A1,sehen,"to see, to realise","voir, se rendre compte",,,,
1006,D1,2510,versehren,,,,,6. C2+,ver,,sehren,,,,,,
1006,D1,2511,hinreichen,,,,,6. C2+,hin,B2,reichen,"to reach, to hand, to be enough","atteindre, mettre la main, être suffisant",,,,
1006,D1,2515,verzweifeln,,,to despair,désespérer,6. C2+,,D1,verzweifeln,to despair,désespérer,,,,
1006,D1,2526,aufrichten,,,,,6. C2+,auf,B2,richten,"to direct, to adjust, to focus, to judge","diriger, ajuster, focaliser, juger",,,,
1006,D1,2527,vorherrschen,,,,,6. C2+,vor,C1,herrschen,"to rule, to prevail, to control","gouverner, prévaloir, contrôler",,,,
1006,D1,2530,bewachen,,,to guard,garder,6. C2+,,D1,bewachen,to guard,garder,,,,
1006,D1,2532,ausschneiden,,,,,6. C2+,aus,B1,schneiden,"to cut, to slice","couper, trancher",,,,
1006,D1,2538,verschütten,,,,,6. C2+,ver,C2,schütten,,,,,,
1006,D1,2544,absorbieren,,,,,6. C2+,ab,,sorbieren,,,,,,
1006,D1,2545,nachprüfen,,,,,6. C2+,nach,B2,prüfen,"to check, to examine, to test, to investigate","vérifier, examiner, tester, enquêter",,,,
1006,D1,2546,entschlüsseln,,,,,6. C2+,ent,,schlüsseln,,,,,,
1006,D1,2547,verstellen,,,,,6. C2+,ver,A2,stellen,"to position, to put, to catch","positionner, mettre",,,,
1006,D1,2548,erbrechen,,,,,6. C2+,er,A2,brechen,to break,"casser, briser",,,,
1006,D1,2550,beschildern,,,,,6. C2+,be,C2,schildern,,,,,,
1006,D1,2551,bereinigen,,,,,6. C2+,be,B2,reinigen,"to clean, to cleanse","nettoyer, purifier",,,,
1006,D1,2556,ausreden,,,,,6. C2+,aus,A1,reden,to talk,"parler, discuter",,,,
1006,D1,2565,abstützen,,,,,6. C2+,ab,C1,stützen,"to support, to back, to hold something up, to bolster","soutenir, appuyer, soutenir quelque chose, étayer",,,,
1006,D1,2566,verifizieren,,,,,6. C2+,ver,,ifizieren,,,,,,
1006,D1,2567,zersplittern,,,,,6. C2+,zer,D1,splittern,,,,,,
1006,D1,2568,vergraben,,,,,6. C2+,ver,B2,graben,"to dig, to excavate, to delve","creuser, fouiller, excaver",,,,
1006,D1,2569,verschweißen,,,,,6. C2+,ver,C2,schweißen,,,,,,
1006,D1,2570,verhungern,,,,,6. C2+,ver,D1,hungern,,,,,,
1006,D1,2576,herausziehen,,,,,6. C2+,her,A1,ausziehen,"to take something off, to undress, to pull out, to move out","enlever quelque chose, se déshabiller, se retirer, sortir",,,,
1006,D1,2577,verdampfen,,,,,6. C2+,ver,C2,dampfen,,,,,,
1006,D1,2580,verdrehen,,,,,6. C2+,ver,B2,drehen,"to turn, to veer","tourner, dévier",,,,
1006,D1,2582,beschriften,,,,,6. C2+,be,,schriften,,,,,,
1006,D1,2583,überschneiden,,,,,6. C2+,über,B1,schneiden,"to cut, to slice","couper, trancher",,,,
1006,D1,2585,verfüttern,,,,,6. C2+,ver,C1,füttern,to feed (an animal),nourrir (un animal),,,,
1006,D1,2589,zusammentreffen,,,,,6. C2+,zusammen,A1,treffen,"to meet (refl.), to encounter (refl.), to hit, to affect","rencontrer (refl.), se rencontrer (refl.), heurter, frapper",,,,
1006,D1,2590,anwählen,,,,,6. C2+,an,A2,wählen,"to choose, to dial (a number), to vote","choisir, composer (un numéro), voter",,,,
1006,D1,2592,aushärten,,,,,6. C2+,aus,C2,härten,to harden,durcir,,,,
1006,D1,2594,verleben,,,,,6. C2+,ver,A1,leben,to live,vivre,,,,
1006,D1,2595,beschämen,,,,,6. C2+,be,,schämen,,,,,,
1006,D1,2597,anfügen,,,,,6. C2+,an,C1,fügen,"to acquiesce, to comply, to fit together","acquiescer, se conformer, s'adapter",,,,
1006,D1,2601,behaften,,,,,6. C2+,be,C1,haften,"to adhere, to be liable","adhérer, être responsable",,,,
1006,D1,2604,gehorchen,,,,,6. C2+,ge,D1,horchen,,,,,,
1006,D1,2605,absenken,,,,,6. C2+,ab,B2,senken,"to lower, to sink, to drop, to reduce","abaisser, couler, laisser tomber, réduire",,,,
1006,D1,2607,befeuchten,,,,,6. C2+,be,D1,feuchten,,,,,,
1006,D1,2609,zerkleinern,,,,,6. C2+,zer,,kleinern,,,,,,
1006,D1,2610,ausstehen,,,,,6. C2+,aus,A1,stehen,"to stand, to be, to appear","être debout, apparaître",,,,
1006,D1,2611,hervorstechen,,,,,6. C2+,her,,vorstechen,,,,,,
1006,D1,2613,verformen,,,,,6. C2+,ver,C1,formen,"to form, to shape, to model, to mold, to fashion","former, modeler, façonner",,,,
1006,D1,2614,vergeuden,,,,,6. C2+,ver,,geuden,,,,,,
1006,D1,2615,überlesen,,,,,6. C2+,über,A1,lesen,to read,lire,,,,
1006,D1,2620,vorstehen,,,,,6. C2+,vor,A1,stehen,"to stand, to be, to appear","être debout, apparaître",,,,
1006,D1,2621,entzücken,,,,,6. C2+,ent,D1,zücken,,,,,,
1006,D1,2623,bewerkstelligen,,,,,6. C2+,be,,werkstelligen,,,,,,
1006,D1,2624,bezeugen,,,,,6. C2+,be,C2,zeugen,,,,,,
1006,D1,2625,beamen,,,,,6. C2+,be,,amen,,,,,,
1006,D1,2627,verkleben,,,,,6. C2+,ver,B2,kleben,"to stick, to adhere, to bond, to glue","coller, adhérer, lier",,,,
1006,D1,2628,besehen,,,,,6. C2+,be,A1,sehen,"to see, to realise","voir, se rendre compte",,,,
1006,D1,2629,umschließen,,,,,6. C2+,um,A1,schließen,"to shut, to close, to lock, to conclude","fermer, clore, verrouiller, conclure",,,,
1006,D1,2630,berichtigen,,,,,6. C2+,be,C2,richtigen,,,,,,
1006,D1,2631,erpressen,,,,,6. C2+,er,C1,pressen,"to press, to squeeze, to push, to bear down","presser, serrer, pousser, exercer une pression",,,,
1006,D1,2632,getrauen,,,,,6. C2+,ge,C1,trauen,"to trust, to marry, to dare (refl.)","faire confiance, se marier, oser (réfl.)",,,,
1006,D1,2633,abgleichen,,,,,6. C2+,ab,B2,gleichen,"to equal, to match, to resemble","égaler, ressembler",,,,
1006,D1,2634,betteln,,,,,6. C2+,be,,tteln,,,,,,
1006,D1,2642,auslesen,,,,,6. C2+,aus,A1,lesen,to read,lire,,,,
1006,D1,2644,auslöschen,,,,,6. C2+,aus,B2,löschen,"to delete, to extinguish, to erase","supprimer, éteindre, effacer",,,,
1006,D1,2645,durchmüssen,,,,,6. C2+,durch,A1,müssen,"must, to have to, to be obliged (to do something)","devoir, être obligé (de faire quelque chose)",,,,
1006,D1,2649,abendessen,,,,,6. C2+,ab,,endessen,,,,,,
1006,D1,2650,überkleben,,,,,6. C2+,über,B2,kleben,"to stick, to adhere, to bond, to glue","coller, adhérer, lier",,,,
1006,D1,2652,umhertragen,,,,,6. C2+,um,,hertragen,,,,,,
1006,D1,2654,auferstehen,,,,,6. C2+,auf,C2,erstehen,,,,,,
1006,D1,2655,aufschalten,,,,,6. C2+,auf,B2,schalten,"to switch, to shift gears, to turn on, to turn off","changer, changer de vitesse, allumer, éteindre",,,,
1006,D1,2664,durchbringen,,,,,6. C2+,durch,A1,bringen,"to bring, to take, to lead","apporter, prendre, conduire",,,,
1006,D1,2665,durchkommen,,,,,6. C2+,durch,A1,kommen,"to come, to make it (e.g. over something), to go to, to occur","venir, aller à, se produire",,,,
1006,D1,2666,durchlassen,,,,,6. C2+,durch,A2,lassen,"to let, to leave, to allow","laisser, quitter, permettre",,,,
1006,D1,2667,durchsehen,,,,,6. C2+,durch,A1,sehen,"to see, to realise","voir, se rendre compte",,,,
1006,D1,2668,durchspielen,,,,,6. C2+,durch,A1,spielen,to play,jouer,,,,
1006,D1,2669,durchstehen,,,,,6. C2+,durch,A1,stehen,"to stand, to be, to appear","être debout, apparaître",,,,
1006,D1,2670,einbestellen,,,,,6. C2+,ein,B1,bestellen,"to order, to reserve","commander, réserver",,,,
1006,D1,2672,herablassen,,,,,6. C2+,her,D1,ablassen,,,,,,
1006,D1,2673,herabsetzen,,,,,6. C2+,her,C1,absetzen,"to set down, to put down, to deduct, to dismiss","Déposer, mettre de côté, déduire, rejeter",,,,
1006,D1,2674,herankommen,,,,,6. C2+,her,A2,ankommen,"to arrive, to depend on something","arriver, dépendre de quelque chose",,,,
1006,D1,2675,herumführen,,,,,6. C2+,her,,umführen,,,,,,
1006,D1,2676,herumkommen,,,,,6. C2+,her,D1,umkommen,,,,,,
1006,D1,2677,herumliegen,,,,,6. C2+,her,,umliegen,,,,,,
1006,D1,2678,herumspielen,,,,,6. C2+,her,D1,umspielen,,,,,,
1006,D1,2679,herumstehen,,,,,6. C2+,her,D1,umstehen,,,,,,
1006,D1,2680,mitansehen,,,,,6. C2+,mit,B2,ansehen,"to look at something, to watch something","regarder quelque chose, observer quelque chose",,,,
1006,D1,2693,unterbieten,,,,,6. C2+,unter,A2,bieten,"to offer, to bid, to arise, to occur (of an opportunity) (refl.)","offrir, enchérir, surgir, se produire (d'une opportunité) (réfl.)",,,,
1006,D1,2694,unterbleiben,,,,,6. C2+,unter,A1,bleiben,"to remain, to stay",rester,,,,
1006,D1,2695,unterkommen,,,,,6. C2+,unter,A1,kommen,"to come, to make it (e.g. over something), to go to, to occur","venir, aller à, se produire",,,,
1006,D1,2696,unterstehen,,,,,6. C2+,unter,A1,stehen,"to stand, to be, to appear","être debout, apparaître",,,,
1006,D1,2698,voranstellen,,,,,6. C2+,vor,C1,anstellen,"to queue (refl.), to employ someone, to hire, to get into mischief","faire la queue (réfl.), employer quelqu'un, faire des bêtises",,,,
1006,D1,2699,vorbestellen,,,,,6. C2+,vor,B1,bestellen,"to order, to reserve","commander, réserver",,,,
1006,D1,2700,zuvorkommen,,,,,6. C2+,zuvor,A1,kommen,"to come, to make it (e.g. over something), to go to, to occur","venir, aller à, se produire",,,,
1006,D1,2701,überfliegen,,,,,6. C2+,über,B1,fliegen,"to fly, to travel by plane","voler, voyager en avion",,,,
1006,D1,2703,überbraten,,,,,6. C2+,über,B1,braten,"to fry, to roast, to sauté","frire, rôtir, sauter",,,,
1006,D1,2704,auffressen,,,,,6. C2+,auf,B2,fressen,"to devour, to eat (animals), to gobble","dévorer, manger (des animaux), engloutir",,,,
1006,D1,2705,ausbezahlen,,,,,6. C2+,aus,A1,bezahlen,"to pay, to pay someone (transitive)","payer, payer quelqu'un (transitif)",,,,
1006,D1,2706,auspressen,,,,,6. C2+,aus,C1,pressen,"to press, to squeeze, to push, to bear down","presser, serrer, pousser, exercer une pression",,,,
1006,D1,2707,bemitleiden,,,,,6. C2+,be,,mitleiden,,,,,,
1006,D1,2714,durcharbeiten,,,,,6. C2+,durch,A1,arbeiten,to work,travailler,,,,
1006,D1,2715,durchblicken,,,,,6. C2+,durch,B2,blicken,"to look, to glance, to gaze","regarder, jeter un coup d'œil, contempler",,,,
1006,D1,2716,durchdenken,,,,,6. C2+,durch,A1,denken,"to think, to consider","penser, considérer",,,,
1006,D1,2717,durchdrehen,,,,,6. C2+,durch,B2,drehen,"to turn, to veer","tourner, dévier",,,,
1006,D1,2718,durchdrücken,,,,,6. C2+,durch,B1,drücken,"to press, to push","appuyer, pousser",,,,
1006,D1,2719,durchfahren,,,,,6. C2+,durch,A1,fahren,"to go (by vehicle), to leave, to drive","aller (en véhicule), partir, conduire",,,,
1006,D1,2720,durchfließen,,,,,6. C2+,durch,B2,fließen,"to flow, to run","couler, courir",,,,
1006,D1,2721,durchgreifen,,,,,6. C2+,durch,B1,greifen,"to grab, to grasp, to seize","saisir, s'emparer",,,,
1006,D1,2722,durchklicken,,,,,6. C2+,durch,B2,klicken,to click,cliquer,,,,
1006,D1,2723,durchkämpfen,,,,,6. C2+,durch,A2,kämpfen,"to fight, to struggle","se battre, lutter",,,,
1006,D1,2724,durchleben,,,,,6. C2+,durch,A1,leben,to live,vivre,,,,
1006,D1,2725,durchleiden,,,,,6. C2+,durch,B1,leiden,"to suffer, to endure, to bear","souffrir, endurer, supporter",,,,
1006,D1,2726,durchplanen,,,,,6. C2+,durch,A2,planen,"to plan, to schedule","planifier, programmer",,,,
1006,D1,2727,durchrechnen,,,,,6. C2+,durch,B1,rechnen,"to calculate, to expect, to count on","calculer, s'attendre à, compter sur",,,,
1006,D1,2728,durchreichen,,,,,6. C2+,durch,B2,reichen,"to reach, to hand, to be enough","atteindre, mettre la main, être suffisant",,,,
1006,D1,2729,durchschauen,,,,,6. C2+,durch,A2,schauen,to look at (Bayern and Austria),regarder (Bayern et Autriche),,,,
1006,D1,2730,durchscheinen,,,,,6. C2+,durch,A2,scheinen,"to shine, to seem (formal)","briller, paraître (formel)",,,,
1006,D1,2731,durchschlagen,,,,,6. C2+,durch,B1,schlagen,"to hit, to beat, to strike, to defeat","frapper, battre, vaincre",,,,
1006,D1,2732,durchschneiden,,,,,6. C2+,durch,B1,schneiden,"to cut, to slice","couper, trancher",,,,
1006,D1,2733,durchsprechen,,,,,6. C2+,durch,A1,sprechen,to speak,parler (une langue),,,,
1006,D1,2734,durchstarten,,,,,6. C2+,durch,B2,starten,"to start, to launch, to take off","démarrer, lancer, décoller",,,,
1006,D1,2735,durchtrennen,,,,,6. C2+,durch,B1,trennen,"to separate, to divide, to split","séparer, diviser",,,,
1006,D1,2736,einberechnen,,,,,6. C2+,ein,B2,berechnen,"to calculate, to charge","calculer, facturer",,,,
1006,D1,2737,einblenden,,,,,6. C2+,ein,C2,blenden,,,,,,
1006,D1,2738,einpflegen,,,,,6. C2+,ein,B2,pflegen,"to nurse, to care for, to maintain","soigner, prendre soin de, entretenir",,,,
1006,D1,2739,einstreichen,,,,,6. C2+,ein,B2,streichen,"to stroke, to cancel, to spread, to rub, to paint","caresser, annuler, étaler, frotter, peindre",,,,
1006,D1,2740,gegensteuern,,,,,6. C2+,gegen,B2,steuern,"to steer, to control, to govern","diriger, contrôler, gouverner",,,,
1006,D1,2741,heranreichen,,,,,6. C2+,her,,anreichen,,,,,,
1006,D1,2742,heranrücken,,,,,6. C2+,her,D1,anrücken,,,,,,
1006,D1,2743,herantragen,,,,,6. C2+,her,D1,antragen,,,,,,
1006,D1,2744,herantreten,,,,,6. C2+,her,C1,antreten,"to begin, to compete","commencer, concourir",,,,
1006,D1,2745,heranwachsen,,,,,6. C2+,her,C2,anwachsen,,,,,,
1006,D1,2746,herumfahren,,,,,6. C2+,her,D1,umfahren,,,,,,
1006,D1,2747,herumlaufen,,,,,6. C2+,her,D1,umlaufen,,,,,,
1006,D1,2748,herumschlagen,,,,,6. C2+,her,D1,umschlagen,,,,,,
1006,D1,2749,herumsprechen,,,,,6. C2+,her,,umsprechen,,,,,,
1006,D1,2750,herumtragen,,,,,6. C2+,her,,umtragen,,,,,,
1006,D1,2751,herumtreiben,,,,,6. C2+,her,D1,umtreiben,,,,,,
1006,D1,2752,hinabsteigen,,,,,6. C2+,hin,C2,absteigen,,,,,,
1006,D1,2756,mitbegründen,,,,,6. C2+,mit,B2,begründen,"to justify, to explain, to establish","justifier, expliquer, établir",,,,
1006,D1,2757,mitbestimmen,,,,,6. C2+,mit,B1,bestimmen,"to determine, to assign, to decide, to ascertain","déterminer, fixer, décider, identifier, assigner",,,,
1006,D1,2758,nachverfolgen,,,,,6. C2+,nach,B2,verfolgen,"to pursue, to track, to follow, to prosecute","poursuivre, pister, suivre",,,,
1006,D1,2761,umverteilen,,,,,6. C2+,um,B2,verteilen,"to distribute, to allocate, to hand out","distribuer, attribuer",,,,
1006,D1,2762,unterbewerten,,,,,6. C2+,unter,B2,bewerten,"to evaluate, to assess, to rate","évaluer, estimer, noter",,,,
1006,D1,2763,unterfordern,,,,,6. C2+,unter,B2,fordern,"to demand, to require, to call for","exiger, requérir, réclamer",,,,
1006,D1,2764,unterheben,,,,,6. C2+,unter,B1,heben,"to lift, to raise","soulever, élever",,,,
1006,D1,2765,unterschlagen,,,,,6. C2+,unter,B1,schlagen,"to hit, to beat, to strike, to defeat","frapper, battre, vaincre",,,,
1006,D1,2766,untertreiben,,,,,6. C2+,unter,B1,treiben,"to practice (sport), to propel, to put forth, to urge (figuratively), to fuck, to float, to sprout, to get up to","pratiquer (sport), propulser, mettre en avant, pousser (au sens figuré), baiser, flotter, germer, se lever",,,,
1006,D1,2767,unterweisen,,,,,6. C2+,unter,B2,weisen,"to point, to direct, to indicate","pointer, diriger, indiquer",,,,
1006,D1,2768,verblenden,,,,,6. C2+,ver,C2,blenden,,,,,,
1006,D1,2769,verschandeln,,,,,6. C2+,ver,,schandeln,,,,,,
1006,D1,2770,verunfallen,,,,,6. C2+,ver,,unfallen,,,,,,
1006,D1,2772,zerfressen,,,,,6. C2+,zer,B2,fressen,"to devour, to eat (animals), to gobble","dévorer, manger (des animaux), engloutir",,,,
1006,D1,2773,bestreichen,,,,,6. C2+,be,B2,streichen,"to stroke, to cancel, to spread, to rub, to paint","caresser, annuler, étaler, frotter, peindre",,,,
1006,D1,2774,verbleichen,,,,,6. C2+,ver,D1,bleichen,,,,,,
1006,D1,2775,abschrauben,,,,,6. C2+,ab,C2,schrauben,,,,,,
1006,D1,2776,aburteilen,,,,,6. C2+,ab,C2,urteilen,,,,,,
1006,D1,2777,anschrauben,,,,,6. C2+,an,C2,schrauben,,,,,,
1006,D1,2779,ausbalancieren,,,,,6. C2+,aus,D1,balancieren,,,,,,
1006,D1,2780,ausschauen,,,,,6. C2+,aus,A2,schauen,to look at (Bayern and Austria),regarder (Bayern et Autriche),,,,
1006,D1,2782,durchatmen,,,,,6. C2+,durch,B1,atmen,to breathe,respirer,,,,
1006,D1,2783,durchblättern,,,,,6. C2+,durch,C1,blättern,"to browse in, to leaf, to leaf through, to page through","parcourir, feuilleter, feuilleter, parcourir les pages",,,,
1006,D1,2784,durchbohren,,,,,6. C2+,durch,C2,bohren,,,,,,
1006,D1,2785,durchbrennen,,,,,6. C2+,durch,B2,brennen,"to burn, to have a strong affection for, to induce pain, to tan","brûler, avoir une forte affection pour, provoquer de la douleur",,,,
1006,D1,2786,durchchecken,,,,,6. C2+,durch,C2,checken,"to check, to bodycheck","vérifier, effectuer un contrôle corporel",,,,
1006,D1,2787,durchknallen,,,,,6. C2+,durch,C2,knallen,,,,,,
1006,D1,2788,durchkreuzen,,,,,6. C2+,durch,C2,kreuzen,,,,,,
1006,D1,2789,durchleuchten,,,,,6. C2+,durch,C1,leuchten,"to shine, to glow, to be illuminated","briller, allumer, éclairer",,,,
1006,D1,2790,durchlüften,,,,,6. C2+,durch,C2,lüften,,,,,,
1006,D1,2791,durchmischen,,,,,6. C2+,durch,B2,mischen,"to mix, to blend",mélanger,,,,
1006,D1,2792,durchprobieren,,,,,6. C2+,durch,B1,probieren,"to try, to taste, to sample, to probe","essayer, goûter, échantillonner, sonder",,,,
1006,D1,2793,durchringen,,,,,6. C2+,durch,C1,ringen,"to struggle, to wrestle, to agonise",lutter,,,,
1006,D1,2794,durchrühren,,,,,6. C2+,durch,C1,rühren,"to stir, to move, to mix",remuer,,,,
1006,D1,2795,durchschlafen,,,,,6. C2+,durch,A1,schlafen,to sleep,dormir,,,,
1006,D1,2796,durchschreiten,,,,,6. C2+,durch,C1,schreiten,"to stride, to proceed, to step (formal)","marcher à grands pas, avancer, faire un pas (formel)",,,,
1006,D1,2797,durchschütteln,,,,,6. C2+,durch,C1,schütteln,"to agitate, to shake, to jolt","agiter, secouer",,,,
1006,D1,2798,durchstreichen,,,,,6. C2+,durch,B2,streichen,"to stroke, to cancel, to spread, to rub, to paint","caresser, annuler, étaler, frotter, peindre",,,,
1006,D1,2799,durchstreifen,,,,,6. C2+,durch,C1,streifen,"to wander, to drift","errer, dériver",,,,
1006,D1,2800,durchströmen,,,,,6. C2+,durch,C1,strömen,"to flow, to stream, to course","couler, ruisseler, suivre le cours",,,,
1006,D1,2801,durchstöbern,,,,,6. C2+,durch,C2,stöbern,,,,,,
1006,D1,2802,durchwandern,,,,,6. C2+,durch,B1,wandern,"to hike, to wander, to migrate","faire de la randonnée, errer, migrer",,,,
1006,D1,2803,durchwinken,,,,,6. C2+,durch,B2,winken,"to wave, to beckon",faire signe,,,,
1006,D1,2804,einspringen,,,,,6. C2+,ein,B1,springen,"to spring, to jump","sauter, bondir",,,,
1006,D1,2807,herabwürdigen,,,,,6. C2+,her,,abwürdigen,,,,,,
1006,D1,2808,heranreifen,,,,,6. C2+,her,,anreifen,,,,,,
1006,D1,2809,heranwagen,,,,,6. C2+,her,,anwagen,,,,,,
1006,D1,2810,herumschleppen,,,,,6. C2+,her,,umschleppen,,,,,,
1006,D1,2815,nachtragen,,,,,6. C2+,nach,A1,tragen,"to wear (clothing), to carry, to hold","porter (des vêtements), transporter, tenir",,,,
1006,D1,2819,unterfüttern,,,,,6. C2+,unter,C1,füttern,to feed (an animal),nourrir (un animal),,,,
1006,D1,2820,untergliedern,,,,,6. C2+,unter,C2,gliedern,,,,,,
1006,D1,2821,unterjubeln,,,,,6. C2+,unter,C2,jubeln,,,,,,
1006,D1,2822,unterkriegen,,,,,6. C2+,unter,B2,kriegen,"to get after asking or fighting, to wage war","obtenir après avoir demandé ou combattu, faire la guerre",,,,
1006,D1,2823,untermalen,,,,,6. C2+,unter,B1,malen,"to paint, to draw","peindre, dessiner",,,,
1006,D1,2824,untermischen,,,,,6. C2+,unter,B2,mischen,"to mix, to blend",mélanger,,,,
1006,D1,2825,unterordnen,,,,,6. C2+,unter,B2,ordnen,"to arrange, to organize, to classify","arranger, organiser, classer",,,,
1006,D1,2826,unterrühren,,,,,6. C2+,unter,C1,rühren,"to stir, to move, to mix",remuer,,,,
1006,D1,2827,unterschieben,,,,,6. C2+,unter,B2,schieben,"to push, to shove, to wheel","pousser, bousculer, faire tourner",,,,
1006,D1,2828,unterschreiten,,,,,6. C2+,unter,C1,schreiten,"to stride, to proceed, to step (formal)","marcher à grands pas, avancer, faire un pas (formel)",,,,
1006,D1,2829,untertauchen,,,,,6. C2+,unter,C1,tauchen,"to dive, to dip","plonger, tremper",,,,
1006,D1,2830,unterwandern,,,,,6. C2+,unter,B1,wandern,"to hike, to wander, to migrate","faire de la randonnée, errer, migrer",,,,
1006,D1,2831,verabscheuen,,,,,6. C2+,ver,,abscheuen,,,,,,
1006,D1,2832,verunglücken,,,,,6. C2+,ver,,unglücken,,,,,,
1006,D1,2833,verunreinigen,,,,,6. C2+,ver,,unreinigen,,,,,,
1006,D1,2834,voranschreiten,,,,,6. C2+,vor,,anschreiten,,,,,,
1006,D1,2835,vorüberziehen,,,,,6. C2+,vor,C2,überziehen,,,,,,
1006,D1,2836,wegschauen,,,,,6. C2+,weg,A2,schauen,to look at (Bayern and Austria),regarder (Bayern et Autriche),,,,
1006,D1,2838,zerspringen,,,,,6. C2+,zer,B1,springen,"to spring, to jump","sauter, bondir",,,,
1006,D1,2839,zerstreiten,,,,,6. C2+,zer,B1,streiten,"to argue, to fight, to quarrel","se disputer, se battre, se quereller",,,,
1006,D1,2841,übergreifen,,,,,6. C2+,über,B1,greifen,"to grab, to grasp, to seize","saisir, s'emparer",,,,
1006,D1,2844,zusenden,,,,,6. C2+,,D1,zusenden,,,,,,
1006,D1,2845,geboren,,,,,6. C2+,ge,,boren,,,,,,
1006,D1,2847,zubinden,,,,,6. C2+,zu,B2,binden,"to tie, to bind, to attach","attacher, lier",,,,
1006,D1,2848,wegputzen,,,,,6. C2+,weg,B1,putzen,"to clean, to rub","nettoyer, frotter",,,,
1006,D1,2852,verstorben,,,,,6. C2+,ver,,storben,,,,,,
1006,D1,2855,mittagessen,,,,,6. C2+,mit,,tagessen,,,,,,
1006,D1,2860,einkommen,,,,,6. C2+,ein,A1,kommen,"to come, to make it (e.g. over something), to go to, to occur","venir, aller à, se produire",,,,
1006,D1,2864,hintern,,,,,6. C2+,hin,,tern,,,,,,
1006,D1,2868,heraustragen,,,,,6. C2+,her,C1,austragen,"to deliver, to distribute, to carry out","livrer, distribuer, exécuter",,,,
1006,D1,2869,heraussagen,,,,,6. C2+,her,C1,aussagen,"to testify, to state","témoigner, déclarer",,,,
1006,D1,2870,herauswagen,,,,,6. C2+,her,,auswagen,,,,,,
1006,D1,2873,beischreiben,,,,,6. C2+,bei,A1,schreiben,to write,écrire,,,,
1006,D1,2877,verschüchtern,,,,,6. C2+,ver,,schüchtern,,,,,,
1006,D1,2878,vorausgeben,,,,,6. C2+,vor,B1,ausgeben,"to spend, to expend, to issue","dépenser, émettre",,,,
1006,D1,2880,voraufgehen,,,,,6. C2+,vor,C2,aufgehen,,,,,,
1006,D1,2884,gesunden,,,,,6. C2+,ge,,sunden,,,,,,
1006,D1,2888,zusammenhauen,,,,,6. C2+,zusammen,C1,hauen,"to slash, to cut, to hit (coll.)","trancher, couper, frapper (coll.)",,,,
1006,D1,2890,verspiegeln,,,,,6. C2+,ver,C1,spiegeln,"to mirror, to reflect, to assign, to dazzle","refléter, renvoyer, attribuer, éblouir",,,,
1006,D1,2892,vorwiegen,,,,,6. C2+,vor,B2,wiegen,"to weight, to balance",peser,,,,
1006,D1,2898,zusammenlassen,,,,,6. C2+,zusammen,A2,lassen,"to let, to leave, to allow","laisser, quitter, permettre",,,,
1006,D1,2906,übern,,,,,6. C2+,über,,n,,,,,,
1006,D1,2907,verheeren,,,,,6. C2+,ver,,heeren,,,,,,
1006,D1,2913,beschwerdeführen,,,,,6. C2+,be,,schwerdeführen,,,,,,
1006,D1,2917,hertrauen,,,,,6. C2+,her,C1,trauen,"to trust, to marry, to dare (refl.)","faire confiance, se marier, oser (réfl.)",,,,
1006,D1,2918,vertrauern,,,,,6. C2+,ver,C2,trauern,to mourn,être en deuil,,,,
1006,D1,2919,auschecken,,,,,6. C2+,aus,C2,checken,"to check, to bodycheck","vérifier, effectuer un contrôle corporel",,,,
1006,D1,2928,hinteressen,,,,,6. C2+,hin,,teressen,,,,,,
1006,D1,2932,einhertragen,,,,,6. C2+,ein,,hertragen,,,,,,
1006,D1,2936,einvernehmen,,,,,6. C2+,ein,C2,vernehmen,,,,,,
1006,D1,2941,herauslegen,,,,,6. C2+,her,C2,auslegen,,,,,,
1006,D1,2944,verborgen,,,,,6. C2+,ver,D1,borgen,,,,,,
1006,D1,2946,überhitzen,,,,,6. C2+,über,D1,hitzen,,,,,,
1006,D1,2947,einrasten,,,,,6. C2+,ein,C2,rasten,,,,,,
1006,D1,2953,abbringen,,,to dissuade,dissuader,6. C2+,ab,A1,bringen,"to bring, to take, to lead","apporter, prendre, conduire",,,,
1006,D1,2958,verheimlichen,,,to conceal,dissimuler,6. C2+,ver,,heimlichen,,,,,,
1006,D1,2959,aufzählen,,,,,6. C2+,auf,A2,zählen,to count,compter,,,,
1006,D1,2961,abmühen,,,,,6. C2+,ab,D1,mühen,,,,,,
1006,D1,2962,entsetzen,,,,,6. C2+,ent,A2,setzen,"to set, to sit down (refl.)",s'asseoir (réfl.),,,,
1006,D1,2964,beglücken,,,to make happy,rendre heureux,6. C2+,be,C2,glücken,,,,,,
1006,D1,2966,verarschen,,,"to trick, to fool","tromper, duper",6. C2+,ver,,arschen,,,,,,
1006,D1,2968,anlügen,,,"to lie to, to tell someone a lie","mentir à quelqu'un, dire un mensonge à quelqu'un",6. C2+,an,B1,lügen,"to lie, to tell a falsehood","mentir, dire une fausseté",,,,
1006,D1,2970,verfluchen,,,to curse,maudire,6. C2+,ver,C2,fluchen,"to curse, to swear, to damn","maudire, jurer, damner",,,,
1006,D1,2971,anschießen,,,"to shoot along, to shoot someone","tirer sur quelqu'un, tirer sur quelqu'un",6. C2+,an,B2,schießen,"to shoot, to fire","tirer, faire feu",,,,
1006,D1,2972,versauen,,,"to mess something up, to butcher something, to cock something up","gâcher quelque chose, massacrer quelque chose, faire foirer quelque chose",6. C2+,ver,D1,sauen,,,,,,
1006,D1,2974,vermasseln,,,"to screw up, to botch, to goof, to muddle","faire une erreur, bâcler, faire une gaffe, embrouiller",6. C2+,ver,,masseln,,,,,,
1006,D1,2975,verprügeln,,,"to beat someone up, to wallop","frapper quelqu'un, lui donner une claque",6. C2+,ver,D1,prügeln,,,,,,
1006,D1,2976,abtrennen,,,to detach,se détacher,6. C2+,ab,B1,trennen,"to separate, to divide, to split","séparer, diviser",,,,
1006,D1,2977,befehligen,,,to command,commander,6. C2+,be,,fehligen,,,,,,
1006,D1,2978,abbekommen,,,,,6. C2+,ab,A1,bekommen,"to receive, to catch (e.g. a cold), to sit well with someone","recevoir, attraper (par exemple un rhume), s'entendre avec quelqu'un",,,,
1006,D1,2979,abberufen,,,,,6. C2+,ab,C1,berufen,"to appoint, to invoke, to cite","nommer, invoquer, citer",,,,
1006,D1,2980,abbestellen,,,,,6. C2+,ab,B1,bestellen,"to order, to reserve","commander, réserver",,,,
1006,D1,2981,abbezahlen,,,,,6. C2+,ab,A1,bezahlen,"to pay, to pay someone (transitive)","payer, payer quelqu'un (transitif)",,,,
1006,D1,2982,abblasen,,,,,6. C2+,ab,C1,blasen,"to blow, to play, to puff, to breathe on, to emit",souffler,,,,
1006,D1,2983,abblenden,,,,,6. C2+,ab,C2,blenden,,,,,,
1006,D1,2984,abblitzen,,,,,6. C2+,ab,C1,blitzen,to flash,"clignoter, étinceler, flasher, scintiller",,,,
1006,D1,2985,abblocken,,,,,6. C2+,ab,D1,blocken,,,,,,
1006,D1,2986,abbremsen,,,,,6. C2+,ab,C1,bremsen,"to slow down, to brake, to decelerate, to retard","ralentir, freiner, décélérer, retarder",,,,
1006,D1,2987,abbrennen,,,,,6. C2+,ab,B2,brennen,"to burn, to have a strong affection for, to induce pain, to tan","brûler, avoir une forte affection pour, provoquer de la douleur",,,,
1006,D1,2988,abbuchen,,,,,6. C2+,ab,B1,buchen,"to book, to reserve",réserver,,,,
1006,D1,2989,abdanken,,,,,6. C2+,ab,A2,danken,to thank,remercier,,,,
1006,D1,2990,abdriften,,,,,6. C2+,ab,D1,driften,,,,,,
1006,D1,2991,abdrucken,,,,,6. C2+,ab,B2,drucken,to print,imprimer,,,,
1006,D1,2992,abdrängen,,,,,6. C2+,ab,C1,drängen,"to urge, to push, to cajole, to shove","exhorter, pousser, cajoler, bousculer",,,,
1006,D1,2993,abdrücken,,,,,6. C2+,ab,B1,drücken,"to press, to push","appuyer, pousser",,,,
1006,D1,2994,abdunkeln,,,,,6. C2+,ab,D1,dunkeln,,,,,,
1006,D1,2995,abebben,,,,,6. C2+,ab,D1,ebben,,,,,,
1006,D1,2996,aberkennen,,,,,6. C2+,ab,B1,erkennen,"to recognize, to realise","reconnaître, réaliser",,,,
1006,D1,2997,abernten,,,,,6. C2+,ab,C1,ernten,"to harvest, to reap, to crop, to gather","récolter, moissonner, cueillir",,,,
1006,D1,2998,abfackeln,,,,,6. C2+,ab,D1,fackeln,,,,,,
1006,D1,2999,abfallen,,,,,6. C2+,ab,B1,fallen,"to fall, to fall in battle, to collapse","tomber, tomber au combat, s'effondrer",,,,
1006,D1,3000,abfassen,,,,,6. C2+,ab,B2,fassen,"to grasp, to seize, to capture, to comprehend","saisir, capturer, comprendre",,,,
1006,D1,3001,abfedern,,,,,6. C2+,ab,C2,federn,,,,,,
1006,D1,3002,abfeiern,,,,,6. C2+,ab,A1,feiern,to celebrate,célébrer,,,,
1006,D1,3003,abfertigen,,,,,6. C2+,ab,C2,fertigen,,,,,,
1006,D1,3004,abfeuern,,,,,6. C2+,ab,C2,feuern,"to fire (a weapon), to fire (terminate employment)","tirer (avec une arme), tirer (mettre fin à l'emploi)",,,,
1006,D1,3005,abflachen,,,,,6. C2+,ab,D1,flachen,,,,,,
1006,D1,3006,abflauen,,,,,6. C2+,ab,,flauen,,,,,,
1006,D1,3007,abfließen,,,,,6. C2+,ab,B2,fließen,"to flow, to run","couler, courir",,,,
1006,D1,3008,abfordern,,,,,6. C2+,ab,B2,fordern,"to demand, to require, to call for","exiger, requérir, réclamer",,,,
1006,D1,3009,abfotografieren,,,,,6. C2+,ab,B1,fotografieren,"to take a photo, to photograph","prendre une photo, photographier",,,,
1006,D1,3010,abfälschen,,,,,6. C2+,ab,D1,fälschen,,,,,,
1006,D1,3011,abfärben,,,,,6. C2+,ab,C1,färben,"to color, to dye","colorer, teindre",,,,
1006,D1,3012,abfüllen,,,,,6. C2+,ab,B2,füllen,"to fill, to stuff","remplir, farcir",,,,
1006,D1,3013,abgelten,,,,,6. C2+,ab,B2,gelten,"to apply, to be valid, to count","appliquer, être valide, compter",,,,
1006,D1,3014,abgewinnen,,,,,6. C2+,ab,A2,gewinnen,to win,gagner,,,,
1006,D1,3015,abgewöhnen,,,,,6. C2+,ab,B2,gewöhnen,"to get used to, to accustom oneself","s'habituer à, s'accoutumer",,,,
1006,D1,3016,abgießen,,,,,6. C2+,ab,B2,gießen,"to pour, to water (plants), to cast (metal)","verser, arroser (des plantes), couler (du métal)",,,,
1006,D1,3017,abgleiten,,,,,6. C2+,ab,C1,gleiten,"to glide, to slide","glisser, glisser",,,,
1006,D1,3018,abgraben,,,,,6. C2+,ab,B2,graben,"to dig, to excavate, to delve","creuser, fouiller, excaver",,,,
1006,D1,3019,abgreifen,,,,,6. C2+,ab,B1,greifen,"to grab, to grasp, to seize","saisir, s'emparer",,,,
1006,D1,3020,abgucken,,,,,6. C2+,ab,B2,gucken,"to look, to watch, to peek (coll.)","regarder, épier, jeter un coup d'œil (familier)",,,,
1006,D1,3021,abhacken,,,,,6. C2+,ab,C2,hacken,,,,,,
1006,D1,3022,abhandeln,,,,,6. C2+,ab,B1,handeln,"to act, to deal, to trade, to negotiate","agir, traiter, commercer, négocier",,,,
1006,D1,3023,abhandenkommen,,,,,6. C2+,ab,,handenkommen,,,,,,
1006,D1,3024,abhelfen,,,,,6. C2+,ab,A1,helfen,to help,aider,,,,
1006,D1,3025,abhören,,,,,6. C2+,ab,A1,hören,"to hear, to listen to","entendre, écouter",,,,
1006,D1,3026,abjagen,,,,,6. C2+,ab,B2,jagen,"to hunt, to chase, to pursue","chasser, poursuivre",,,,
1006,D1,3027,abkassieren,,,,,6. C2+,ab,C2,kassieren,,,,,,
1006,D1,3028,abkaufen,,,,,6. C2+,ab,A1,kaufen,to buy,acheter,,,,
1006,D1,3029,abklappern,,,,,6. C2+,ab,D1,klappern,,,,,,
1006,D1,3030,abklatschen,,,,,6. C2+,ab,C2,klatschen,,,,,,
1006,D1,3031,abkleben,,,,,6. C2+,ab,B2,kleben,"to stick, to adhere, to bond, to glue","coller, adhérer, lier",,,,
1006,D1,3032,abklingen,,,,,6. C2+,ab,B2,klingen,"to sound, to ring, to seem","sonner, sonner, sembler",,,,
1006,D1,3033,abklopfen,,,,,6. C2+,ab,B2,klopfen,"to knock, to tap (food)","frapper, tapoter (nourriture)",,,,
1006,D1,3034,abknöpfen,,,,,6. C2+,ab,D1,knöpfen,,,,,,
1006,D1,3035,abkochen,,,,,6. C2+,ab,A1,kochen,"to cook, to boil (to heat a liquid), to boil something","cuire, faire bouillir (chauffer un liquide), faire bouillir quelque chose",,,,
1006,D1,3036,abkommandieren,,,,,6. C2+,ab,D1,kommandieren,,,,,,
1006,D1,3037,abkoppeln,,,,,6. C2+,ab,C2,koppeln,,,,,,
1006,D1,3038,abkupfern,,,,,6. C2+,ab,,kupfern,,,,,,
1006,D1,3039,abkürzen,,,,,6. C2+,ab,C1,kürzen,"to shorten, to reduce, to abbreviate","réduire, raccourcir, abréger",,,,
1006,D1,3040,abladen,,,,,6. C2+,ab,B1,laden,"to load, to charge, to invite","charger, inviter",,,,
1006,D1,3041,ablagern,,,,,6. C2+,ab,C2,lagern,,,,,,
1006,D1,3042,ablassen,,,,,6. C2+,ab,A2,lassen,"to let, to leave, to allow","laisser, quitter, permettre",,,,
1006,D1,3043,ableisten,,,,,6. C2+,ab,B2,leisten,"to achieve, to perform, to provide","réaliser, réaliser, fournir",,,,
1006,D1,3044,ablichten,,,,,6. C2+,ab,C2,lichten,,,,,,
1006,D1,3045,ablöschen,,,,,6. C2+,ab,B2,löschen,"to delete, to extinguish, to erase","supprimer, éteindre, effacer",,,,
1006,D1,3046,abmagern,,,,,6. C2+,ab,D1,magern,,,,,,
1006,D1,3047,abmahnen,,,,,6. C2+,ab,C2,mahnen,,,,,,
1006,D1,3048,abmessen,,,,,6. C2+,ab,B1,messen,"to measure, to gauge","mesurer, jauger",,,,
1006,D1,3049,abmildern,,,,,6. C2+,ab,D1,mildern,,,,,,
1006,D1,3050,abmontieren,,,,,6. C2+,ab,C2,montieren,,,,,,
1006,D1,3051,abnicken,,,,,6. C2+,ab,C1,nicken,to nod,hocher la tête,,,,
1006,D1,3052,abnutzen,,,,,6. C2+,ab,B1,nutzen,"to use, to utilize, to benefit from","utiliser, exploiter, bénéficier de",,,,
1006,D1,3053,abpfeifen,,,,,6. C2+,ab,C1,pfeifen,"to whistle, to ignore, to referee, to arbitrate","siffler, siffloter",,,,
1006,D1,3054,abprallen,,,,,6. C2+,ab,C2,prallen,,,,,,
1006,D1,3055,abpumpen,,,,,6. C2+,ab,C2,pumpen,,,,,,
1006,D1,3056,abraten,,,,,6. C2+,ab,B1,raten,"to advise, to recommend, to guess","conseiller, recommander, deviner",,,,
1006,D1,3057,abreiben,,,,,6. C2+,ab,C2,reiben,,,,,,
1006,D1,3058,abreisen,,,,,6. C2+,ab,A1,reisen,to travel,voyager,,,,
1006,D1,3059,abriegeln,,,,,6. C2+,ab,D1,riegeln,,,,,,
1006,D1,3060,abringen,,,,,6. C2+,ab,C1,ringen,"to struggle, to wrestle, to agonise",lutter,,,,
1006,D1,3061,abrutschen,,,,,6. C2+,ab,C2,rutschen,,,,,,
1006,D1,3062,abräumen,,,,,6. C2+,ab,B2,räumen,"to clear, to remove, to vacate","déblayer, débrancher, dégager",,,,
1006,D1,3063,abrücken,,,,,6. C2+,ab,B2,rücken,"to move, to shift, to edge, to advance","déplacer, décaler, border, avancer",,,,
1006,D1,3064,absacken,,,,,6. C2+,ab,D1,sacken,,,,,,
1006,D1,3065,absahnen,,,,,6. C2+,ab,,sahnen,,,,,,
1006,D1,3066,absaufen,,,,,6. C2+,ab,C1,saufen,"to drink (animals), to booze","boire (des animaux), s'enivrer",,,,
1006,D1,3067,absaugen,,,,,6. C2+,ab,C1,saugen,"to suck, to vacuum, to suckle","sucer, aspirer, téter",,,,
1006,D1,3068,abschauen,,,,,6. C2+,ab,A2,schauen,to look at (Bayern and Austria),regarder (Bayern et Autriche),,,,
1006,D1,3069,abschießen,,,,,6. C2+,ab,B2,schießen,"to shoot, to fire","tirer, faire feu",,,,
1006,D1,3070,abschirmen,,,,,6. C2+,ab,D1,schirmen,,,,,,
1006,D1,3071,abschlachten,,,,,6. C2+,ab,C1,schlachten,"to slaughter, to butcher, to battle","abattre, massacrer, combattre",,,,
1006,D1,3072,abschlagen,,,,,6. C2+,ab,B1,schlagen,"to hit, to beat, to strike, to defeat","frapper, battre, vaincre",,,,
1006,D1,3073,abschleifen,,,,,6. C2+,ab,C1,schleifen,"to drag, to drill, to pull","poncer, affûter, aiguiser, tailler",,,,
1006,D1,3074,abschleppen,,,,,6. C2+,ab,C2,schleppen,,,,,,
1006,D1,3075,abschmelzen,,,,,6. C2+,ab,B2,schmelzen,to melt,faire fondre,,,,
1006,D1,3076,abschmettern,,,,,6. C2+,ab,D1,schmettern,,,,,,
1006,D1,3077,abschminken,,,,,6. C2+,ab,C2,schminken,,,,,,
1006,D1,3078,abschotten,,,,,6. C2+,ab,,schotten,,,,,,
1006,D1,3079,abschweifen,,,,,6. C2+,ab,D1,schweifen,,,,,,
1006,D1,3080,abschwächen,,,,,6. C2+,ab,C2,schwächen,to weaken,affaiblir,,,,
1006,D1,3081,abschwören,,,,,6. C2+,ab,C1,schwören,"to swear, to take an oath","jurer, prêter serment",,,,
1006,D1,3082,abschöpfen,,,,,6. C2+,ab,C2,schöpfen,"to draw, to scoop, to create, to ladle",puiser,,,,
1006,D1,3083,abschütteln,,,,,6. C2+,ab,C1,schütteln,"to agitate, to shake, to jolt","agiter, secouer",,,,
1006,D1,3084,absegnen,,,,,6. C2+,ab,C2,segnen,"bless, consecrate",,,,,
1006,D1,3085,abseihen,,,,,6. C2+,ab,C2,seihen,,,,,,
1006,D1,3086,abseilen,,,,,6. C2+,ab,,seilen,,,,,,
1006,D1,3087,absenden,,,,,6. C2+,ab,B1,senden,"to send, to broadcast","envoyer, diffuser",,,,
1006,D1,3088,abservieren,,,,,6. C2+,ab,B2,servieren,to serve,servir,,,,
1006,D1,3089,absinken,,,,,6. C2+,ab,B2,sinken,"to sink, to decrease, to drop","couler, diminuer, laisser tomber",,,,
1006,D1,3090,absitzen,,,,,6. C2+,ab,A1,sitzen,"to be seated, to stay, to fit (of clothing)","être assis, rester",,,,
1006,D1,3091,absondern,,,,,6. C2+,ab,C1,sondern,"to separate, to split","séparer, diviser",,,,
1006,D1,3092,abspecken,,,,,6. C2+,ab,,specken,,,,,,
1006,D1,3093,abspeichern,,,,,6. C2+,ab,B2,speichern,"to save, to store","sauvegarder, stocker",,,,
1006,D1,3094,abspeisen,,,,,6. C2+,ab,C2,speisen,,,,,,
1006,D1,3095,absperren,,,,,6. C2+,ab,C1,sperren,"to block, to lock, to close off","bloquer, verrouiller, fermer",,,,
1006,D1,3096,abspringen,,,,,6. C2+,ab,B1,springen,"to spring, to jump","sauter, bondir",,,,
1006,D1,3097,abspulen,,,,,6. C2+,ab,C2,spulen,,,,,,
1006,D1,3098,abspülen,,,,,6. C2+,ab,B1,spülen,"to rinse, to wash, to flush","rincer, laver, tirer la chasse",,,,
1006,D1,3099,abstammen,,,,,6. C2+,ab,B2,stammen,"to come from, to originate, to descend","venir de, être originaire, descendre",,,,
1006,D1,3100,abstatten,,,,,6. C2+,ab,,statten,,,,,,
1006,D1,3101,abstauben,,,,,6. C2+,ab,D1,stauben,,,,,,
1006,D1,3102,abstechen,,,,,6. C2+,ab,B2,stechen,"to sting, to prick, to puncture, to pierce","piquer, percer",,,,
1006,D1,3103,abstecken,,,,,6. C2+,ab,B2,stecken,"to stick, to pin","coller, épingler",,,,
1006,D1,3104,abstehen,,,,,6. C2+,ab,A1,stehen,"to stand, to be, to appear","être debout, apparaître",,,,
1006,D1,3105,abstempeln,,,,,6. C2+,ab,D1,stempeln,,,,,,
1006,D1,3106,absterben,,,,,6. C2+,ab,A2,sterben,to die,mourir,,,,
1006,D1,3107,abstoßen,,,,,6. C2+,ab,B2,stoßen,"to push, to bump, to kick, to thrust","pousser, cogner, donner un coup de pied",,,,
1006,D1,3108,abstrafen,,,,,6. C2+,ab,C2,strafen,,,,,,
1006,D1,3109,abstrahieren,,,,,6. C2+,ab,,strahieren,,,,,,
1006,D1,3110,abstrahlen,,,,,6. C2+,ab,C1,strahlen,"to radiate, to beam","rayonner, briller, illuminer",,,,
1006,D1,3111,abstreifen,,,,,6. C2+,ab,C1,streifen,"to wander, to drift","errer, dériver",,,,
1006,D1,3112,abstreiten,,,,,6. C2+,ab,B1,streiten,"to argue, to fight, to quarrel","se disputer, se battre, se quereller",,,,
1006,D1,3113,abstufen,,,,,6. C2+,ab,C2,stufen,,,,,,
1006,D1,3114,abstumpfen,,,,,6. C2+,ab,,stumpfen,,,,,,
1006,D1,3115,absuchen,,,,,6. C2+,ab,A1,suchen,"to seek, to search","chercher, rechercher",,,,
1006,D1,3116,absägen,,,,,6. C2+,ab,D1,sägen,,,,,,
1006,D1,3117,abtauchen,,,,,6. C2+,ab,C1,tauchen,"to dive, to dip","plonger, tremper",,,,
1006,D1,3118,abtragen,,,,,6. C2+,ab,A1,tragen,"to wear (clothing), to carry, to hold","porter (des vêtements), transporter, tenir",,,,
1006,D1,3119,abtransportieren,,,,,6. C2+,ab,C1,transportieren,"to transport, to transfer","transporter, transférer",,,,
1006,D1,3120,abtreiben,,,,,6. C2+,ab,B1,treiben,"to practice (sport), to propel, to put forth, to urge (figuratively), to fuck, to float, to sprout, to get up to","pratiquer (sport), propulser, mettre en avant, pousser (au sens figuré), baiser, flotter, germer, se lever",,,,
1006,D1,3121,abtrocknen,,,,,6. C2+,ab,B2,trocknen,"to dry, to dehumidify","sécher, déshumidifier",,,,
1006,D1,3122,abtropfen,,,,,6. C2+,ab,C1,tropfen,"to drip, to drop, to be gouting","goutter, tomber",,,,
1006,D1,3123,abtrotzen,,,,,6. C2+,ab,C2,trotzen,to defy,,,,,
1006,D1,3124,abtöten,,,,,6. C2+,ab,B2,töten,"to kill, to slay","tuer, égorger",,,,
1006,D1,3125,abwandeln,,,,,6. C2+,ab,C2,wandeln,,,,,,
1006,D1,3126,abwandern,,,,,6. C2+,ab,B1,wandern,"to hike, to wander, to migrate","faire de la randonnée, errer, migrer",,,,
1006,D1,3127,abwerben,,,,,6. C2+,ab,B2,werben,"to advertise, to recruit","faire de la publicité, recruter",,,,
1006,D1,3128,abwerfen,,,,,6. C2+,ab,A2,werfen,to throw,"jeter, lancer",,,,
1006,D1,3129,abwerten,,,,,6. C2+,ab,C1,werten,"to assess, to consider, to value",évaluer,,,,
1006,D1,3130,abwiegen,,,,,6. C2+,ab,B2,wiegen,"to weight, to balance",peser,,,,
1006,D1,3131,abwinken,,,,,6. C2+,ab,B2,winken,"to wave, to beckon",faire signe,,,,
1006,D1,3132,abwischen,,,,,6. C2+,ab,C2,wischen,,,,,,
1006,D1,3133,abwählen,,,,,6. C2+,ab,A2,wählen,"to choose, to dial (a number), to vote","choisir, composer (un numéro), voter",,,,
1006,D1,3134,abwälzen,,,,,6. C2+,ab,C2,wälzen,,,,,,
1006,D1,3135,abwürgen,,,,,6. C2+,ab,D1,würgen,,,,,,
1006,D1,3136,abzahlen,,,,,6. C2+,ab,A1,zahlen,"to pay (for something), to atone for","payer (pour quelque chose), expier",,,,
1006,D1,3137,abzapfen,,,,,6. C2+,ab,C2,zapfen,"to tap, to connect, to drain, to draw",,,,,
1006,D1,3138,abzocken,,,,,6. C2+,ab,D1,zocken,,,,,,
1006,D1,3139,abzweigen,,,,,6. C2+,ab,,zweigen,,,,,,
1006,D1,3140,abzählen,,,,,6. C2+,ab,A2,zählen,to count,compter,,,,
1006,D1,3141,abändern,,,,,6. C2+,ab,A2,ändern,to change (one's personality or behavior),changer (sa personnalité ou son comportement),,,,
1006,D1,3157,anbahnen,,,,,6. C2+,an,C2,bahnen,,,,,,
1006,D1,3158,anbelangen,,,,,6. C2+,an,D1,belangen,,,,,,
1006,D1,3159,anberaumen,,,,,6. C2+,an,,beraumen,,,,,,
1006,D1,3160,anbeten,,,,,6. C2+,an,B2,beten,to pray,prier,,,,
1006,D1,3161,anbetreffen,,,,,6. C2+,an,B2,betreffen,"to concern, to affect","concerner, affecter",,,,
1006,D1,3162,anbiedern,,,,,6. C2+,an,,biedern,,,,,,
1006,D1,3163,anbrechen,,,,,6. C2+,an,A2,brechen,to break,"casser, briser",,,,
1006,D1,3164,anbrennen,,,,,6. C2+,an,B2,brennen,"to burn, to have a strong affection for, to induce pain, to tan","brûler, avoir une forte affection pour, provoquer de la douleur",,,,
1006,D1,3165,andichten,,,,,6. C2+,an,C2,dichten,"compose, write poetry, seal, caulk, close",,,,,
1006,D1,3166,andienen,,,,,6. C2+,an,B1,dienen,"to serve, to function","servir, fonctionner",,,,
1006,D1,3167,andocken,,,,,6. C2+,an,D1,docken,,,,,,
1006,D1,3168,andrehen,,,,,6. C2+,an,B2,drehen,"to turn, to veer","tourner, dévier",,,,
1006,D1,3169,androhen,,,,,6. C2+,an,B2,drohen,to threaten,menacer,,,,
1006,D1,3170,andrücken,,,,,6. C2+,an,B1,drücken,"to press, to push","appuyer, pousser",,,,
1006,D1,3171,andünsten,,,,,6. C2+,an,D1,dünsten,,,,,,
1006,D1,3172,aneinandergeraten,,,,,6. C2+,an,,einandergeraten,,,,,,
1006,D1,3173,aneinanderreihen,,,,,6. C2+,an,,einanderreihen,,,,,,
1006,D1,3174,anfachen,,,,,6. C2+,an,D1,fachen,,,,,,
1006,D1,3175,anfechten,,,,,6. C2+,an,C2,fechten,,,,,,
1006,D1,3176,anfeinden,,,,,6. C2+,an,,feinden,,,,,,
1006,D1,3177,anfeuchten,,,,,6. C2+,an,D1,feuchten,,,,,,
1006,D1,3178,anfeuern,,,,,6. C2+,an,C2,feuern,"to fire (a weapon), to fire (terminate employment)","tirer (avec une arme), tirer (mettre fin à l'emploi)",,,,
1006,D1,3179,anfixen,,,,,6. C2+,an,,fixen,,,,,,
1006,D1,3180,anfliegen,,,,,6. C2+,an,B1,fliegen,"to fly, to travel by plane","voler, voyager en avion",,,,
1006,D1,3181,anfressen,,,,,6. C2+,an,B2,fressen,"to devour, to eat (animals), to gobble","dévorer, manger (des animaux), engloutir",,,,
1006,D1,3182,anfüllen,,,,,6. C2+,an,B2,füllen,"to fill, to stuff","remplir, farcir",,,,
1006,D1,3183,angedeihen,,,,,6. C2+,an,C1,gedeihen,"to flourish, to prosper, to thrive","prospérer, s'épanouir, croître, fleurir",,,,
1006,D1,3184,angießen,,,,,6. C2+,an,B2,gießen,"to pour, to water (plants), to cast (metal)","verser, arroser (des plantes), couler (du métal)",,,,
1006,D1,3185,angleichen,,,,,6. C2+,an,B2,gleichen,"to equal, to match, to resemble","égaler, ressembler",,,,
1006,D1,3186,angliedern,,,,,6. C2+,an,C2,gliedern,,,,,,
1006,D1,3187,angrenzen,,,,,6. C2+,an,C1,grenzen,"to abut, to approach, to border, to limit",limiter,,,,
1006,D1,3188,anhaften,,,,,6. C2+,an,C1,haften,"to adhere, to be liable","adhérer, être responsable",,,,
1006,D1,3189,anhauchen,,,,,6. C2+,an,D1,hauchen,,,,,,
1006,D1,3190,anheften,,,,,6. C2+,an,D1,heften,,,,,,
1006,D1,3191,anheizen,,,,,6. C2+,an,B2,heizen,"to heat, to warm, to fuel","chauffer, se chauffer",,,,
1006,D1,3192,anheuern,,,,,6. C2+,an,D1,heuern,,,,,,
1006,D1,3193,ankaufen,,,,,6. C2+,an,A1,kaufen,to buy,acheter,,,,
1006,D1,3194,ankern,,,,,6. C2+,an,,kern,,,,,,
1006,D1,3195,ankleben,,,,,6. C2+,an,B2,kleben,"to stick, to adhere, to bond, to glue","coller, adhérer, lier",,,,
1006,D1,3196,anklingen,,,,,6. C2+,an,B2,klingen,"to sound, to ring, to seem","sonner, sonner, sembler",,,,
1006,D1,3197,anklopfen,,,,,6. C2+,an,B2,klopfen,"to knock, to tap (food)","frapper, tapoter (nourriture)",,,,
1006,D1,3198,ankratzen,,,,,6. C2+,an,C1,kratzen,"to scratch, to scrape","gratter, racler",,,,
1006,D1,3199,ankreiden,,,,,6. C2+,an,,kreiden,,,,,,
1006,D1,3200,ankämpfen,,,,,6. C2+,an,A2,kämpfen,"to fight, to struggle","se battre, lutter",,,,
1006,D1,3201,anlangen,,,,,6. C2+,an,C2,langen,,,,,,
1006,D1,3202,anlassen,,,,,6. C2+,an,A2,lassen,"to let, to leave, to allow","laisser, quitter, permettre",,,,
1006,D1,3203,anlasten,,,,,6. C2+,an,C2,lasten,,,,,,
1006,D1,3204,anleinen,,,,,6. C2+,an,,leinen,,,,,,
1006,D1,3205,anleiten,,,,,6. C2+,an,B2,leiten,"to lead, to manage, to conduct","diriger, gérer, conduire",,,,
1006,D1,3206,anlernen,,,,,6. C2+,an,A1,lernen,"to learn, to study, to train something","apprendre, étudier, se former à quelque chose",,,,
1006,D1,3207,anliefern,,,,,6. C2+,an,B1,liefern,"to deliver, to supply","livrer, approvisionner",,,,
1006,D1,3208,anlächeln,,,,,6. C2+,an,B1,lächeln,to smile,sourire,,,,
1006,D1,3209,anmahnen,,,,,6. C2+,an,C2,mahnen,,,,,,
1006,D1,3210,anmalen,,,,,6. C2+,an,B1,malen,"to paint, to draw","peindre, dessiner",,,,
1006,D1,3211,anmaßen,,,,,6. C2+,an,,maßen,,,,,,
1006,D1,3212,anmieten,,,,,6. C2+,an,A2,mieten,"to rent, to hire","louer, embaucher",,,,
1006,D1,3213,anmuten,,,,,6. C2+,an,D1,muten,,,,,,
1006,D1,3214,annektieren,,,,,6. C2+,an,,nektieren,,,,,,
1006,D1,3215,annullieren,,,,,6. C2+,an,,nullieren,,,,,,
1006,D1,3216,annähen,,,,,6. C2+,an,C1,nähen,"to sew, to stitch, to seam","coudre, piquer, assembler",,,,
1006,D1,3217,annähern,,,,,6. C2+,an,C1,nähern,"to approach, to get closer, to advance","s'approcher, se rapprocher, avancer",,,,
1006,D1,3218,anonymisieren,,,,,6. C2+,an,,onymisieren,,,,,,
1006,D1,3219,anpeilen,,,,,6. C2+,an,D1,peilen,,,,,,
1006,D1,3220,anpfeifen,,,,,6. C2+,an,C1,pfeifen,"to whistle, to ignore, to referee, to arbitrate","siffler, siffloter",,,,
1006,D1,3221,anprangern,,,,,6. C2+,an,,prangern,,,,,,
1006,D1,3222,anpreisen,,,,,6. C2+,an,B2,preisen,"to praise, to commend","louer, féliciter",,,,
1006,D1,3223,anpöbeln,,,,,6. C2+,an,D1,pöbeln,,,,,,
1006,D1,3224,anraten,,,,,6. C2+,an,B1,raten,"to advise, to recommend, to guess","conseiller, recommander, deviner",,,,
1006,D1,3225,anreden,,,,,6. C2+,an,A1,reden,to talk,"parler, discuter",,,,
1006,D1,3226,anrennen,,,,,6. C2+,an,B1,rennen,"to run, to race, to sprint","courir, faire la course, sprinter",,,,
1006,D1,3227,anrollen,,,,,6. C2+,an,C1,rollen,to roll,rouler,,,,
1006,D1,3228,anrösten,,,,,6. C2+,an,C1,rösten,"to roast, to calcine, to toast","rôtir, calciner, griller",,,,
1006,D1,3229,anrücken,,,,,6. C2+,an,B2,rücken,"to move, to shift, to edge, to advance","déplacer, décaler, border, avancer",,,,
1006,D1,3230,anrühren,,,,,6. C2+,an,C1,rühren,"to stir, to move, to mix",remuer,,,,
1006,D1,3231,ansammeln,,,,,6. C2+,an,B1,sammeln,"to collect, to gather, to accumulate","recueillir, rassembler, accumuler",,,,
1006,D1,3232,ansaugen,,,,,6. C2+,an,C1,saugen,"to suck, to vacuum, to suckle","sucer, aspirer, téter",,,,
1006,D1,3233,anschicken,,,,,6. C2+,an,A1,schicken,to send,envoyer,,,,
1006,D1,3234,anschieben,,,,,6. C2+,an,B2,schieben,"to push, to shove, to wheel","pousser, bousculer, faire tourner",,,,
1006,D1,3235,anschreien,,,,,6. C2+,an,B1,schreien,"to scream, to shout, to yell","crier, hurler",,,,
1006,D1,3236,anschwellen,,,,,6. C2+,an,C1,schwellen,"to swell, to expand, to rise","gonfler, enfler",,,,
1006,D1,3237,anschwitzen,,,,,6. C2+,an,B2,schwitzen,"to sweat, to be in a sweat","transpirer, être en sueur",,,,
1006,D1,3238,ansparen,,,,,6. C2+,an,B1,sparen,"to save, to conserve","sauver, conserver",,,,
1006,D1,3239,anspielen,,,,,6. C2+,an,A1,spielen,to play,jouer,,,,
1006,D1,3240,anspornen,,,,,6. C2+,an,D1,spornen,,,,,,
1006,D1,3241,anspringen,,,,,6. C2+,an,B1,springen,"to spring, to jump","sauter, bondir",,,,
1006,D1,3242,anstacheln,,,,,6. C2+,an,,stacheln,,,,,,
1006,D1,3243,anstarren,,,,,6. C2+,an,C2,starren,,,,,,
1006,D1,3244,anstauen,,,,,6. C2+,an,D1,stauen,,,,,,
1006,D1,3245,anstiften,,,,,6. C2+,an,C2,stiften,,,,,,
1006,D1,3246,anstimmen,,,,,6. C2+,an,B1,stimmen,"to be true, to vote, to tune","être vrai, voter, s'accorder",,,,
1006,D1,3247,anstrahlen,,,,,6. C2+,an,C1,strahlen,"to radiate, to beam","rayonner, briller, illuminer",,,,
1006,D1,3248,antasten,,,,,6. C2+,an,C2,tasten,,,,,,
1006,D1,3249,antesten,,,,,6. C2+,an,B1,testen,"to test, to examine","tester, examiner",,,,
1006,D1,3250,antippen,,,,,6. C2+,an,C1,tippen,"to type, to bet, to tap","taper, parier, appuyer",,,,
1006,D1,3251,antizipieren,,,,,6. C2+,an,,tizipieren,,,,,,
1006,D1,3252,antragen,,,,,6. C2+,an,A1,tragen,"to wear (clothing), to carry, to hold","porter (des vêtements), transporter, tenir",,,,
1006,D1,3253,antrainieren,,,,,6. C2+,an,B1,trainieren,"to train, to practice, to coach","entraîner, pratiquer, coacher",,,,
1006,D1,3254,antrinken,,,,,6. C2+,an,A1,trinken,to drink,boire,,,,
1006,D1,3255,anvisieren,,,,,6. C2+,an,D1,visieren,,,,,,
1006,D1,3256,anwerben,,,,,6. C2+,an,B2,werben,"to advertise, to recruit","faire de la publicité, recruter",,,,
1006,D1,3257,anwerfen,,,,,6. C2+,an,A2,werfen,to throw,"jeter, lancer",,,,
1006,D1,3258,anzapfen,,,,,6. C2+,an,C2,zapfen,"to tap, to connect, to drain, to draw",,,,,
1006,D1,3259,anzetteln,,,,,6. C2+,an,,zetteln,,,,,,
1006,D1,3267,aufatmen,,,,,6. C2+,auf,B1,atmen,to breathe,respirer,,,,
1006,D1,3268,aufbahren,,,,,6. C2+,auf,,bahren,,,,,,
1006,D1,3269,aufbauschen,,,,,6. C2+,auf,,bauschen,,,,,,
1006,D1,3270,aufbegehren,,,,,6. C2+,auf,C2,begehren,,,,,,
1006,D1,3271,aufbessern,,,,,6. C2+,auf,C2,bessern,,,,,,
1006,D1,3272,aufbieten,,,,,6. C2+,auf,A2,bieten,"to offer, to bid, to arise, to occur (of an opportunity) (refl.)","offrir, enchérir, surgir, se produire (d'une opportunité) (réfl.)",,,,
1006,D1,3273,aufblasen,,,,,6. C2+,auf,C1,blasen,"to blow, to play, to puff, to breathe on, to emit",souffler,,,,
1006,D1,3274,aufblitzen,,,,,6. C2+,auf,C1,blitzen,to flash,"clignoter, étinceler, flasher, scintiller",,,,
1006,D1,3275,aufblähen,,,,,6. C2+,auf,D1,blähen,,,,,,
1006,D1,3276,aufblühen,,,,,6. C2+,auf,C1,blühen,"to bloom, to flourish","fleurir, s'épanouir",,,,
1006,D1,3277,aufbrummen,,,,,6. C2+,auf,D1,brummen,,,,,,
1006,D1,3278,aufbürden,,,,,6. C2+,auf,,bürden,,,,,,
1006,D1,3279,aufdrucken,,,,,6. C2+,auf,B2,drucken,to print,imprimer,,,,
1006,D1,3280,aufdrängen,,,,,6. C2+,auf,C1,drängen,"to urge, to push, to cajole, to shove","exhorter, pousser, cajoler, bousculer",,,,
1006,D1,3281,aufdrücken,,,,,6. C2+,auf,B1,drücken,"to press, to push","appuyer, pousser",,,,
1006,D1,3282,aufeinandertreffen,,,,,6. C2+,auf,,einandertreffen,,,,,,
1006,D1,3283,aufessen,,,,,6. C2+,auf,A1,essen,to eat,manger,,,,
1006,D1,3284,auffahren,,,,,6. C2+,auf,A1,fahren,"to go (by vehicle), to leave, to drive","aller (en véhicule), partir, conduire",,,,
1006,D1,3285,auffassen,,,,,6. C2+,auf,B2,fassen,"to grasp, to seize, to capture, to comprehend","saisir, capturer, comprendre",,,,
1006,D1,3286,aufflammen,,,,,6. C2+,auf,D1,flammen,,,,,,
1006,D1,3287,aufforsten,,,,,6. C2+,auf,,forsten,,,,,,
1006,D1,3288,aufgießen,,,,,6. C2+,auf,B2,gießen,"to pour, to water (plants), to cast (metal)","verser, arroser (des plantes), couler (du métal)",,,,
1006,D1,3289,aufhebeln,,,,,6. C2+,auf,D1,hebeln,,,,,,
1006,D1,3290,aufheizen,,,,,6. C2+,auf,B2,heizen,"to heat, to warm, to fuel","chauffer, se chauffer",,,,
1006,D1,3291,aufhellen,,,,,6. C2+,auf,D1,hellen,,,,,,
1006,D1,3292,aufhetzen,,,,,6. C2+,auf,C1,hetzen,"to rush, to hurry","se précipiter, se dépêcher",,,,
1006,D1,3293,aufhorchen,,,,,6. C2+,auf,D1,horchen,,,,,,
1006,D1,3294,aufhübschen,,,,,6. C2+,auf,,hübschen,,,,,,
1006,D1,3295,aufkaufen,,,,,6. C2+,auf,A1,kaufen,to buy,acheter,,,,
1006,D1,3296,aufklappen,,,,,6. C2+,auf,B2,klappen,"to work out, to go smoothly, to fold","se dérouler, se dérouler sans problème, se plier",,,,
1006,D1,3297,aufkleben,,,,,6. C2+,auf,B2,kleben,"to stick, to adhere, to bond, to glue","coller, adhérer, lier",,,,
1006,D1,3298,aufkochen,,,,,6. C2+,auf,A1,kochen,"to cook, to boil (to heat a liquid), to boil something","cuire, faire bouillir (chauffer un liquide), faire bouillir quelque chose",,,,
1006,D1,3299,aufkreuzen,,,,,6. C2+,auf,C2,kreuzen,,,,,,
1006,D1,3300,aufkündigen,,,,,6. C2+,auf,B2,kündigen,"to resign, to quit, to terminate, to cancel","démissionner, quitter, mettre fin à, annuler",,,,
1006,D1,3301,auflauern,,,,,6. C2+,auf,C2,lauern,,,,,,
1006,D1,3302,aufleben,,,,,6. C2+,auf,A1,leben,to live,vivre,,,,
1006,D1,3303,auflehnen,,,,,6. C2+,auf,C2,lehnen,to lean,se pencher,,,,
1006,D1,3304,auflesen,,,,,6. C2+,auf,A1,lesen,to read,lire,,,,
1006,D1,3305,aufleuchten,,,,,6. C2+,auf,C1,leuchten,"to shine, to glow, to be illuminated","briller, allumer, éclairer",,,,
1006,D1,3306,aufliegen,,,,,6. C2+,auf,A2,liegen,"to lie, to be located","être allongé, être localisé",,,,
1006,D1,3307,auflockern,,,,,6. C2+,auf,C2,lockern,,,,,,
1006,D1,3308,aufmalen,,,,,6. C2+,auf,B1,malen,"to paint, to draw","peindre, dessiner",,,,
1006,D1,3309,aufmarschieren,,,,,6. C2+,auf,C2,marschieren,,,,,,
1006,D1,3310,aufmischen,,,,,6. C2+,auf,B2,mischen,"to mix, to blend",mélanger,,,,
1006,D1,3311,aufmuntern,,,,,6. C2+,auf,,muntern,,,,,,
1006,D1,3312,aufmöbeln,,,,,6. C2+,auf,,möbeln,,,,,,
1006,D1,3313,aufopfern,,,,,6. C2+,auf,C1,opfern,to sacrifice,sacrifier,,,,
1006,D1,3314,aufpeppen,,,,,6. C2+,auf,,peppen,,,,,,
1006,D1,3315,aufpolieren,,,,,6. C2+,auf,C2,polieren,,,,,,
1006,D1,3316,aufpumpen,,,,,6. C2+,auf,C2,pumpen,,,,,,
1006,D1,3317,aufpäppeln,,,,,6. C2+,auf,,päppeln,,,,,,
1006,D1,3318,aufraffen,,,,,6. C2+,auf,D1,raffen,,,,,,
1006,D1,3319,aufrechnen,,,,,6. C2+,auf,B1,rechnen,"to calculate, to expect, to count on","calculer, s'attendre à, compter sur",,,,
1006,D1,3320,aufreiben,,,,,6. C2+,auf,C2,reiben,,,,,,
1006,D1,3321,aufreihen,,,,,6. C2+,auf,C2,reihen,,,,,,
1006,D1,3322,aufrollen,,,,,6. C2+,auf,C1,rollen,to roll,rouler,,,,
1006,D1,3323,aufrunden,,,,,6. C2+,auf,D1,runden,,,,,,
1006,D1,3324,aufrücken,,,,,6. C2+,auf,B2,rücken,"to move, to shift, to edge, to advance","déplacer, décaler, border, avancer",,,,
1006,D1,3325,aufrüsten,,,,,6. C2+,auf,C2,rüsten,"prepare, arm, equip, mount",,,,,
1006,D1,3326,aufrütteln,,,,,6. C2+,auf,C2,rütteln,,,,,,
1006,D1,3327,aufsagen,,,,,6. C2+,auf,A1,sagen,"to say, to tell","dire, raconter",,,,
1006,D1,3328,aufsammeln,,,,,6. C2+,auf,B1,sammeln,"to collect, to gather, to accumulate","recueillir, rassembler, accumuler",,,,
1006,D1,3329,aufsaugen,,,,,6. C2+,auf,C1,saugen,"to suck, to vacuum, to suckle","sucer, aspirer, téter",,,,
1006,D1,3330,aufscheinen,,,,,6. C2+,auf,A2,scheinen,"to shine, to seem (formal)","briller, paraître (formel)",,,,
1006,D1,3331,aufschichten,,,,,6. C2+,auf,C2,schichten,,,,,,
1006,D1,3332,aufschieben,,,,,6. C2+,auf,B2,schieben,"to push, to shove, to wheel","pousser, bousculer, faire tourner",,,,
1006,D1,3333,aufschlitzen,,,,,6. C2+,auf,D1,schlitzen,,,,,,
1006,D1,3334,aufschlüsseln,,,,,6. C2+,auf,,schlüsseln,,,,,,
1006,D1,3335,aufschnappen,,,,,6. C2+,auf,C1,schnappen,"to snap (with one's mouth), to catch, to nab (a criminal) (coll.)","claquer (avec sa bouche), attraper, choper (un criminel) (coll.)",,,,
1006,D1,3336,aufschneiden,,,,,6. C2+,auf,B1,schneiden,"to cut, to slice","couper, trancher",,,,
1006,D1,3337,aufschrauben,,,,,6. C2+,auf,C2,schrauben,,,,,,
1006,D1,3338,aufschrecken,,,,,6. C2+,auf,C1,schrecken,"to frighten, to scare, to startle","effrayer, faire peur, surprendre",,,,
1006,D1,3339,aufschreien,,,,,6. C2+,auf,B1,schreien,"to scream, to shout, to yell","crier, hurler",,,,
1006,D1,3340,aufschwingen,,,,,6. C2+,auf,C1,schwingen,"to swing, to oscillate","se balancer, osciller",,,,
1006,D1,3341,aufschäumen,,,,,6. C2+,auf,D1,schäumen,,,,,,
1006,D1,3342,aufschütten,,,,,6. C2+,auf,C2,schütten,,,,,,
1006,D1,3343,aufsitzen,,,,,6. C2+,auf,A1,sitzen,"to be seated, to stay, to fit (of clothing)","être assis, rester",,,,
1006,D1,3344,aufspalten,,,,,6. C2+,auf,B2,spalten,"to split, to divide","diviser, diviser",,,,
1006,D1,3345,aufspannen,,,,,6. C2+,auf,C2,spannen,,,,,,
1006,D1,3346,aufsperren,,,,,6. C2+,auf,C1,sperren,"to block, to lock, to close off","bloquer, verrouiller, fermer",,,,
1006,D1,3347,aufspießen,,,,,6. C2+,auf,,spießen,,,,,,
1006,D1,3348,aufsprühen,,,,,6. C2+,auf,C1,sprühen,"to spray, to atomize, to disperse","pulvériser, atomiser, disperser",,,,
1006,D1,3349,aufstauen,,,,,6. C2+,auf,D1,stauen,,,,,,
1006,D1,3350,aufstecken,,,,,6. C2+,auf,B2,stecken,"to stick, to pin","coller, épingler",,,,
1006,D1,3351,aufstoßen,,,,,6. C2+,auf,B2,stoßen,"to push, to bump, to kick, to thrust","pousser, cogner, donner un coup de pied",,,,
1006,D1,3352,aufstöbern,,,,,6. C2+,auf,C2,stöbern,,,,,,
1006,D1,3353,auftanken,,,,,6. C2+,auf,C1,tanken,"to refuel, to fill up","faire le plein, faire le plein",,,,
1006,D1,3354,auftauen,,,,,6. C2+,auf,D1,tauen,,,,,,
1006,D1,3355,auftischen,,,,,6. C2+,auf,D1,tischen,,,,,,
1006,D1,3356,auftreiben,,,,,6. C2+,auf,B1,treiben,"to practice (sport), to propel, to put forth, to urge (figuratively), to fuck, to float, to sprout, to get up to","pratiquer (sport), propulser, mettre en avant, pousser (au sens figuré), baiser, flotter, germer, se lever",,,,
1006,D1,3357,auftrumpfen,,,,,6. C2+,auf,D1,trumpfen,,,,,,
1006,D1,3358,auftürmen,,,,,6. C2+,auf,D1,türmen,,,,,,
1006,D1,3359,aufwecken,,,,,6. C2+,auf,B2,wecken,"to wake, to awaken, to arouse","réveiller, éveiller",,,,
1006,D1,3360,aufweichen,,,,,6. C2+,auf,C1,weichen,to soften,adoucir,,,,
1006,D1,3361,aufwerfen,,,,,6. C2+,auf,A2,werfen,to throw,"jeter, lancer",,,,
1006,D1,3362,aufwiegen,,,,,6. C2+,auf,B2,wiegen,"to weight, to balance",peser,,,,
1006,D1,3363,aufwinden,,,,,6. C2+,auf,C2,winden,,,,,,
1006,D1,3364,aufwirbeln,,,,,6. C2+,auf,C2,wirbeln,,,,,,
1006,D1,3365,aufwärmen,,,,,6. C2+,auf,C2,wärmen,,,,,,
1006,D1,3366,aufwühlen,,,,,6. C2+,auf,D1,wühlen,,,,,,
1006,D1,3367,aufzehren,,,,,6. C2+,auf,D1,zehren,,,,,,
1006,D1,3368,aufzwingen,,,,,6. C2+,auf,B2,zwingen,"to force, to compel","forcer, contraindre",,,,
1006,D1,3369,ausarten,,,,,6. C2+,aus,D1,arten,,,,,,
1006,D1,3370,ausatmen,,,,,6. C2+,aus,B1,atmen,to breathe,respirer,,,,
1006,D1,3371,ausbacken,,,,,6. C2+,aus,B1,backen,to bake,cuire (du pain ou des pâtisseries),,,,
1006,D1,3372,ausbaden,,,,,6. C2+,aus,B2,baden,"to bathe, to swim, to take a bath","se baigner, nager, prendre un bain",,,,
1006,D1,3373,ausbessern,,,,,6. C2+,aus,C2,bessern,,,,,,
1006,D1,3374,ausbeuten,,,,,6. C2+,aus,D1,beuten,,,,,,
1006,D1,3375,ausbluten,,,,,6. C2+,aus,B2,bluten,"to bleed, to haemorrhage","saigner, avoir une hémorragie",,,,
1006,D1,3376,ausbremsen,,,,,6. C2+,aus,C1,bremsen,"to slow down, to brake, to decelerate, to retard","ralentir, freiner, décélérer, retarder",,,,
1006,D1,3377,ausbrennen,,,,,6. C2+,aus,B2,brennen,"to burn, to have a strong affection for, to induce pain, to tan","brûler, avoir une forte affection pour, provoquer de la douleur",,,,
1006,D1,3378,ausbringen,,,,,6. C2+,aus,A1,bringen,"to bring, to take, to lead","apporter, prendre, conduire",,,,
1006,D1,3379,ausbrüten,,,,,6. C2+,aus,D1,brüten,,,,,,
1006,D1,3380,ausbügeln,,,,,6. C2+,aus,C1,bügeln,to iron,repasser (des vêtements),,,,
1006,D1,3381,ausdauern,,,,,6. C2+,aus,A2,dauern,"to last, to take (time)","durer, prendre (du temps)",,,,
1006,D1,3382,ausdienen,,,,,6. C2+,aus,B1,dienen,"to serve, to function","servir, fonctionner",,,,
1006,D1,3383,ausdiskutieren,,,,,6. C2+,aus,B1,diskutieren,"to discuss, to debate","discuter, débattre",,,,
1006,D1,3384,ausdünnen,,,,,6. C2+,aus,,dünnen,,,,,,
1006,D1,3385,auseinanderbrechen,,,,,6. C2+,aus,,einanderbrechen,,,,,,
1006,D1,3386,auseinanderfallen,,,,,6. C2+,aus,,einanderfallen,,,,,,
1006,D1,3387,auseinandergehen,,,,,6. C2+,aus,,einandergehen,,,,,,
1006,D1,3388,auseinanderhalten,,,,,6. C2+,aus,,einanderhalten,,,,,,
1006,D1,3389,auseinandernehmen,,,,,6. C2+,aus,,einandernehmen,,,,,,
1006,D1,3390,auserkiesen,,,,,6. C2+,aus,D1,erkiesen,,,,,,
1006,D1,3391,ausfahren,,,,,6. C2+,aus,A1,fahren,"to go (by vehicle), to leave, to drive","aller (en véhicule), partir, conduire",,,,
1006,D1,3392,ausfechten,,,,,6. C2+,aus,C2,fechten,,,,,,
1006,D1,3393,ausfliegen,,,,,6. C2+,aus,B1,fliegen,"to fly, to travel by plane","voler, voyager en avion",,,,
1006,D1,3394,ausflippen,,,,,6. C2+,aus,D1,flippen,,,,,,
1006,D1,3395,ausformulieren,,,,,6. C2+,aus,C1,formulieren,"to formulate, to phrase","formuler, exprimer",,,,
1006,D1,3396,ausforschen,,,,,6. C2+,aus,C1,forschen,"to research, to investigate","faire des recherches, enquêter",,,,
1006,D1,3397,ausfragen,,,,,6. C2+,aus,A1,fragen,"to ask, to wonder (refl.)","demander, se demander (réfl.)",,,,
1006,D1,3398,ausgießen,,,,,6. C2+,aus,B2,gießen,"to pour, to water (plants), to cast (metal)","verser, arroser (des plantes), couler (du métal)",,,,
1006,D1,3399,ausgliedern,,,,,6. C2+,aus,C2,gliedern,,,,,,
1006,D1,3400,ausgraben,,,,,6. C2+,aus,B2,graben,"to dig, to excavate, to delve","creuser, fouiller, excaver",,,,
1006,D1,3401,ausgrenzen,,,,,6. C2+,aus,C1,grenzen,"to abut, to approach, to border, to limit",limiter,,,,
1006,D1,3402,ausgucken,,,,,6. C2+,aus,B2,gucken,"to look, to watch, to peek (coll.)","regarder, épier, jeter un coup d'œil (familier)",,,,
1006,D1,3403,ausharren,,,,,6. C2+,aus,D1,harren,,,,,,
1006,D1,3404,aushebeln,,,,,6. C2+,aus,D1,hebeln,,,,,,
1006,D1,3405,ausheben,,,,,6. C2+,aus,B1,heben,"to lift, to raise","soulever, élever",,,,
1006,D1,3406,aushecken,,,,,6. C2+,aus,,hecken,,,,,,
1006,D1,3407,ausheilen,,,,,6. C2+,aus,B2,heilen,to heal,guérir,,,,
1006,D1,3408,aushelfen,,,,,6. C2+,aus,A1,helfen,to help,aider,,,,
1006,D1,3409,ausholen,,,,,6. C2+,aus,A2,holen,to fetch,aller chercher,,,,
1006,D1,3410,aushungern,,,,,6. C2+,aus,D1,hungern,,,,,,
1006,D1,3411,aushängen,,,,,6. C2+,aus,A2,hängen,"to hang, to be fond of, depend on","accrocher, aimer, dépendre de",,,,
1006,D1,3412,aushöhlen,,,,,6. C2+,aus,D1,höhlen,,,,,,
1006,D1,3413,ausklammern,,,,,6. C2+,aus,C2,klammern,,,,,,
1006,D1,3414,ausklappen,,,,,6. C2+,aus,B2,klappen,"to work out, to go smoothly, to fold","se dérouler, se dérouler sans problème, se plier",,,,
1006,D1,3415,auskleiden,,,,,6. C2+,aus,C2,kleiden,,,,,,
1006,D1,3416,ausklinken,,,,,6. C2+,aus,D1,klinken,,,,,,
1006,D1,3417,auskontern,,,,,6. C2+,aus,C2,kontern,,,,,,
1006,D1,3418,auskosten,,,,,6. C2+,aus,A1,kosten,"to cost, to taste",coûter,,,,
1006,D1,3419,auskundschaften,,,,,6. C2+,aus,,kundschaften,,,,,,
1006,D1,3420,auskurieren,,,,,6. C2+,aus,D1,kurieren,,,,,,
1006,D1,3421,auskühlen,,,,,6. C2+,aus,C1,kühlen,"to chill, to cool, to refrigerate","refroidir, réfrigérer",,,,
1006,D1,3422,auslachen,,,,,6. C2+,aus,A2,lachen,to laugh,rire,,,,
1006,D1,3423,ausladen,,,,,6. C2+,aus,B1,laden,"to load, to charge, to invite","charger, inviter",,,,
1006,D1,3424,auslagern,,,,,6. C2+,aus,C2,lagern,,,,,,
1006,D1,3425,auslaugen,,,,,6. C2+,aus,,laugen,,,,,,
1006,D1,3426,ausleuchten,,,,,6. C2+,aus,C1,leuchten,"to shine, to glow, to be illuminated","briller, allumer, éclairer",,,,
1006,D1,3427,ausliegen,,,,,6. C2+,aus,A2,liegen,"to lie, to be located","être allongé, être localisé",,,,
1006,D1,3428,ausloben,,,,,6. C2+,aus,B2,loben,"to praise, to commend","louer, féliciter",,,,
1006,D1,3429,auslosen,,,,,6. C2+,aus,D1,losen,,,,,,
1006,D1,3430,ausloten,,,,,6. C2+,aus,D1,loten,,,,,,
1006,D1,3431,ausmalen,,,,,6. C2+,aus,B1,malen,"to paint, to draw","peindre, dessiner",,,,
1006,D1,3432,ausmerzen,,,,,6. C2+,aus,D1,merzen,,,,,,
1006,D1,3433,ausmessen,,,,,6. C2+,aus,B1,messen,"to measure, to gauge","mesurer, jauger",,,,
1006,D1,3434,ausmisten,,,,,6. C2+,aus,D1,misten,,,,,,
1006,D1,3435,ausmustern,,,,,6. C2+,aus,C2,mustern,,,,,,
1006,D1,3436,ausnützen,,,,,6. C2+,aus,C1,nützen,"to be of use, to be useful, to benefit",utiliser,,,,
1006,D1,3437,auspfeifen,,,,,6. C2+,aus,C1,pfeifen,"to whistle, to ignore, to referee, to arbitrate","siffler, siffloter",,,,
1006,D1,3438,ausplaudern,,,,,6. C2+,aus,C2,plaudern,,,,,,
1006,D1,3439,ausplündern,,,,,6. C2+,aus,D1,plündern,,,,,,
1006,D1,3440,auspowern,,,,,6. C2+,aus,,powern,,,,,,
1006,D1,3441,ausradieren,,,,,6. C2+,aus,,radieren,,,,,,
1006,D1,3442,ausrasten,,,,,6. C2+,aus,C2,rasten,,,,,,
1006,D1,3443,ausrechnen,,,,,6. C2+,aus,B1,rechnen,"to calculate, to expect, to count on","calculer, s'attendre à, compter sur",,,,
1006,D1,3444,ausreifen,,,,,6. C2+,aus,C1,reifen,"to ripen, to mature",mûrir,,,,
1006,D1,3445,ausreisen,,,,,6. C2+,aus,A1,reisen,to travel,voyager,,,,
1006,D1,3446,ausreizen,,,,,6. C2+,aus,C1,reizen,"to stimulate, to irritate, to tease","irriter, émouvoir, exciter",,,,
1006,D1,3447,ausrotten,,,,,6. C2+,aus,,rotten,,,,,,
1006,D1,3448,ausrutschen,,,,,6. C2+,aus,C2,rutschen,,,,,,
1006,D1,3449,ausrücken,,,,,6. C2+,aus,B2,rücken,"to move, to shift, to edge, to advance","déplacer, décaler, border, avancer",,,,
1006,D1,3450,ausschenken,,,,,6. C2+,aus,B1,schenken,"to gift, to give as a present","offrir, faire un cadeau",,,,
1006,D1,3451,ausschildern,,,,,6. C2+,aus,C2,schildern,,,,,,
1006,D1,3452,ausschlachten,,,,,6. C2+,aus,C1,schlachten,"to slaughter, to butcher, to battle","abattre, massacrer, combattre",,,,
1006,D1,3453,ausschlagen,,,,,6. C2+,aus,B1,schlagen,"to hit, to beat, to strike, to defeat","frapper, battre, vaincre",,,,
1006,D1,3454,ausschmücken,,,,,6. C2+,aus,C1,schmücken,"to adorn, to decorate, to embellish","orner, décorer, embellir",,,,
1006,D1,3455,aussenden,,,,,6. C2+,aus,B1,senden,"to send, to broadcast","envoyer, diffuser",,,,
1006,D1,3456,aussitzen,,,,,6. C2+,aus,A1,sitzen,"to be seated, to stay, to fit (of clothing)","être assis, rester",,,,
1006,D1,3457,aussortieren,,,,,6. C2+,aus,C1,sortieren,"to sort, to arrange, to merge, to assort","trier, arranger, fusionner, associer",,,,
1006,D1,3458,ausspannen,,,,,6. C2+,aus,C2,spannen,,,,,,
1006,D1,3459,aussparen,,,,,6. C2+,aus,B1,sparen,"to save, to conserve","sauver, conserver",,,,
1006,D1,3460,aussperren,,,,,6. C2+,aus,C1,sperren,"to block, to lock, to close off","bloquer, verrouiller, fermer",,,,
1006,D1,3461,ausspionieren,,,,,6. C2+,aus,D1,spionieren,,,,,,
1006,D1,3462,ausspucken,,,,,6. C2+,aus,C2,spucken,,,,,,
1006,D1,3463,ausspähen,,,,,6. C2+,aus,D1,spähen,,,,,,
1006,D1,3464,ausspülen,,,,,6. C2+,aus,B1,spülen,"to rinse, to wash, to flush","rincer, laver, tirer la chasse",,,,
1006,D1,3465,ausstaffieren,,,,,6. C2+,aus,,staffieren,,,,,,
1006,D1,3466,ausstanzen,,,,,6. C2+,aus,D1,stanzen,,,,,,
1006,D1,3467,ausstechen,,,,,6. C2+,aus,B2,stechen,"to sting, to prick, to puncture, to pierce","piquer, percer",,,,
1006,D1,3468,ausstrecken,,,,,6. C2+,aus,C1,strecken,"to stretch, to dilute, to extend","étirer, allonger",,,,
1006,D1,3469,aussäen,,,,,6. C2+,aus,C2,säen,to sow,,,,,
1006,D1,3470,austarieren,,,,,6. C2+,aus,,tarieren,,,,,,
1006,D1,3471,austesten,,,,,6. C2+,aus,B1,testen,"to test, to examine","tester, examiner",,,,
1006,D1,3472,austreiben,,,,,6. C2+,aus,B1,treiben,"to practice (sport), to propel, to put forth, to urge (figuratively), to fuck, to float, to sprout, to get up to","pratiquer (sport), propulser, mettre en avant, pousser (au sens figuré), baiser, flotter, germer, se lever",,,,
1006,D1,3473,austricksen,,,,,6. C2+,aus,D1,tricksen,,,,,,
1006,D1,3474,austrinken,,,,,6. C2+,aus,A1,trinken,to drink,boire,,,,
1006,D1,3475,austrocknen,,,,,6. C2+,aus,B2,trocknen,"to dry, to dehumidify","sécher, déshumidifier",,,,
1006,D1,3476,austräumen,,,,,6. C2+,aus,A2,träumen,to dream,rêver,,,,
1006,D1,3477,austüfteln,,,,,6. C2+,aus,D1,tüfteln,,,,,,
1006,D1,3478,ausufern,,,,,6. C2+,aus,,ufern,,,,,,
1006,D1,3479,auswachsen,,,,,6. C2+,aus,B1,wachsen,"to grow, to increase","grandir, augmenter",,,,
1006,D1,3480,auswaschen,,,,,6. C2+,aus,A1,waschen,to wash,laver,,,,
1006,D1,3481,auswerfen,,,,,6. C2+,aus,A2,werfen,to throw,"jeter, lancer",,,,
1006,D1,3482,auswiegen,,,,,6. C2+,aus,B2,wiegen,"to weight, to balance",peser,,,,
1006,D1,3483,auswildern,,,,,6. C2+,aus,D1,wildern,,,,,,
1006,D1,3484,auswischen,,,,,6. C2+,aus,C2,wischen,,,,,,
1006,D1,3485,auszählen,,,,,6. C2+,aus,A2,zählen,to count,compter,,,,
1006,D1,3495,beackern,,,,,6. C2+,be,D1,ackern,,,,,,
1006,D1,3496,beatmen,,,,,6. C2+,be,B1,atmen,to breathe,respirer,,,,
1006,D1,3497,beaufsichtigen,,,,,6. C2+,be,,aufsichtigen,,,,,,
1006,D1,3498,bebauen,,,,,6. C2+,be,A2,bauen,to build,construire,,,,
1006,D1,3499,bebildern,,,,,6. C2+,be,,bildern,,,,,,
1006,D1,3500,bedrängen,,,,,6. C2+,be,C1,drängen,"to urge, to push, to cajole, to shove","exhorter, pousser, cajoler, bousculer",,,,
1006,D1,3501,beehren,,,,,6. C2+,be,C1,ehren,"to honor, to respect, to esteem",honorer,,,,
1006,D1,3502,beerben,,,,,6. C2+,be,C1,erben,"to inherit, to come into, to receive","hériter, entrer dans, recevoir",,,,
1006,D1,3503,beerdigen,,,,,6. C2+,be,,erdigen,,,,,,
1006,D1,3504,befeuern,,,,,6. C2+,be,C2,feuern,"to fire (a weapon), to fire (terminate employment)","tirer (avec une arme), tirer (mettre fin à l'emploi)",,,,
1006,D1,3505,befremden,,,,,6. C2+,be,,fremden,,,,,,
1006,D1,3506,befrieden,,,,,6. C2+,be,C2,frieden,,,,,,
1006,D1,3507,befruchten,,,,,6. C2+,be,D1,fruchten,,,,,,
1006,D1,3508,befugen,,,,,6. C2+,be,,fugen,,,,,,
1006,D1,3509,befähigen,,,,,6. C2+,be,,fähigen,,,,,,
1006,D1,3510,begaben,,,,,6. C2+,be,,gaben,,,,,,
1006,D1,3511,begießen,,,,,6. C2+,be,B2,gießen,"to pour, to water (plants), to cast (metal)","verser, arroser (des plantes), couler (du métal)",,,,
1006,D1,3512,begnadigen,,,,,6. C2+,be,,gnadigen,,,,,,
1006,D1,3513,begradigen,,,,,6. C2+,be,,gradigen,,,,,,
1006,D1,3514,behagen,,,,,6. C2+,be,,hagen,,,,,,
1006,D1,3515,beheizen,,,,,6. C2+,be,B2,heizen,"to heat, to warm, to fuel","chauffer, se chauffer",,,,
1006,D1,3516,behelfen,,,,,6. C2+,be,A1,helfen,to help,aider,,,,
1006,D1,3517,behelligen,,,,,6. C2+,be,,helligen,,,,,,
1006,D1,3518,beherzigen,,,,,6. C2+,be,,herzigen,,,,,,
1006,D1,3519,behängen,,,,,6. C2+,be,A2,hängen,"to hang, to be fond of, depend on","accrocher, aimer, dépendre de",,,,
1006,D1,3520,behüten,,,,,6. C2+,be,C2,hüten,,,,,,
1006,D1,3521,beichten,,,,,6. C2+,bei,,chten,,,,,,
1006,D1,3522,beifügen,,,,,6. C2+,bei,C1,fügen,"to acquiesce, to comply, to fit together","acquiescer, se conformer, s'adapter",,,,
1006,D1,3523,beigeben,,,,,6. C2+,bei,A1,geben,to give,donner,,,,
1006,D1,3524,beikommen,,,,,6. C2+,bei,A1,kommen,"to come, to make it (e.g. over something), to go to, to occur","venir, aller à, se produire",,,,
1006,D1,3525,beiliegen,,,,,6. C2+,bei,A2,liegen,"to lie, to be located","être allongé, être localisé",,,,
1006,D1,3526,beimessen,,,,,6. C2+,bei,B1,messen,"to measure, to gauge","mesurer, jauger",,,,
1006,D1,3527,beimischen,,,,,6. C2+,bei,B2,mischen,"to mix, to blend",mélanger,,,,
1006,D1,3528,beipflichten,,,,,6. C2+,bei,D1,pflichten,,,,,,
1006,D1,3529,beirren,,,,,6. C2+,be,C1,irren,"to err, to wander",se tromper,,,,
1006,D1,3530,beisetzen,,,,,6. C2+,bei,A2,setzen,"to set, to sit down (refl.)",s'asseoir (réfl.),,,,
1006,D1,3531,beiwohnen,,,,,6. C2+,bei,A1,wohnen,"to live, to reside, to dwell","vivre, résider, habiter",,,,
1006,D1,3532,beiziehen,,,,,6. C2+,bei,A1,ziehen,"to pull, to drag, to move","tirer, traîner, déplacer",,,,
1006,D1,3533,bekanntmachen,,,,,6. C2+,bekannt,A1,machen,"to make, to prepare, to do","faire, préparer",,,,
1006,D1,3534,bekanntwerden,,,,,6. C2+,bekannt,A1,werden,"to become, will, to be done (passive voice)",devenir,,,,
1006,D1,3535,bekehren,,,,,6. C2+,be,C1,kehren,"to sweep, to return","retourner, balayer",,,,
1006,D1,3536,beklatschen,,,,,6. C2+,be,C2,klatschen,,,,,,
1006,D1,3537,bekleben,,,,,6. C2+,be,B2,kleben,"to stick, to adhere, to bond, to glue","coller, adhérer, lier",,,,
1006,D1,3538,bekleckern,,,,,6. C2+,be,D1,kleckern,,,,,,
1006,D1,3539,bekochen,,,,,6. C2+,be,A1,kochen,"to cook, to boil (to heat a liquid), to boil something","cuire, faire bouillir (chauffer un liquide), faire bouillir quelque chose",,,,
1006,D1,3540,bekriegen,,,,,6. C2+,be,B2,kriegen,"to get after asking or fighting, to wage war","obtenir après avoir demandé ou combattu, faire la guerre",,,,
1006,D1,3541,belagern,,,,,6. C2+,be,C2,lagern,,,,,,
1006,D1,3542,belangen,,,,,6. C2+,be,C2,langen,,,,,,
1006,D1,3543,belauschen,,,,,6. C2+,be,C1,lauschen,"to listen, to eavesdrop","écouter, espionner",,,,
1006,D1,3544,belesen,,,,,6. C2+,be,A1,lesen,to read,lire,,,,
1006,D1,3545,belichten,,,,,6. C2+,be,C2,lichten,,,,,,
1006,D1,3546,belustigen,,,,,6. C2+,be,,lustigen,,,,,,
1006,D1,3547,belächeln,,,,,6. C2+,be,B1,lächeln,to smile,sourire,,,,
1006,D1,3548,belüften,,,,,6. C2+,be,C2,lüften,,,,,,
1006,D1,3549,belügen,,,,,6. C2+,be,B1,lügen,"to lie, to tell a falsehood","mentir, dire une fausseté",,,,
1006,D1,3550,bemächtigen,,,,,6. C2+,be,,mächtigen,,,,,,
1006,D1,3551,beneiden,,,,,6. C2+,be,,neiden,,,,,,
1006,D1,3552,benetzen,,,,,6. C2+,be,C2,netzen,,,,,,
1006,D1,3553,benoten,,,,,6. C2+,be,,noten,,,,,,
1006,D1,3554,benützen,,,,,6. C2+,be,C1,nützen,"to be of use, to be useful, to benefit",utiliser,,,,
1006,D1,3555,beordern,,,,,6. C2+,be,C2,ordern,,,,,,
1006,D1,3556,bepacken,,,,,6. C2+,be,B2,packen,"to pack, to grab, to manage","emballer, saisir, gérer",,,,
1006,D1,3557,bepflanzen,,,,,6. C2+,be,B2,pflanzen,"to plant, to sow","planter, semer",,,,
1006,D1,3558,bepinseln,,,,,6. C2+,be,D1,pinseln,,,,,,
1006,D1,3559,berappen,,,,,6. C2+,be,D1,rappen,,,,,,
1006,D1,3560,berauben,,,,,6. C2+,be,C2,rauben,,,,,,
1006,D1,3561,berauschen,,,,,6. C2+,be,C2,rauschen,"to rustle, to murmur, to roar, to whisper","bruisser, murmurer",,,,
1006,D1,3562,bereden,,,,,6. C2+,be,A1,reden,to talk,"parler, discuter",,,,
1006,D1,3563,bereifen,,,,,6. C2+,be,C1,reifen,"to ripen, to mature",mûrir,,,,
1006,D1,3564,bereitlegen,,,,,6. C2+,be,,reitlegen,,,,,,
1006,D1,3565,bereitstehen,,,,,6. C2+,be,,reitstehen,,,,,,
1006,D1,3566,berieseln,,,,,6. C2+,be,D1,rieseln,,,,,,
1006,D1,3567,beräumen,,,,,6. C2+,be,B2,räumen,"to clear, to remove, to vacate","déblayer, débrancher, dégager",,,,
1006,D1,3568,besaufen,,,,,6. C2+,be,C1,saufen,"to drink (animals), to booze","boire (des animaux), s'enivrer",,,,
1006,D1,3569,beschallen,,,,,6. C2+,be,D1,schallen,,,,,,
1006,D1,3570,beschatten,,,,,6. C2+,be,C2,schatten,,,,,,
1006,D1,3571,beschießen,,,,,6. C2+,be,B2,schießen,"to shoot, to fire","tirer, faire feu",,,,
1006,D1,3572,beschlagen,,,,,6. C2+,be,B1,schlagen,"to hit, to beat, to strike, to defeat","frapper, battre, vaincre",,,,
1006,D1,3573,beschleichen,,,,,6. C2+,be,C1,schleichen,"to sneak, to creep","se faufiler, ramper",,,,
1006,D1,3574,beschmutzen,,,,,6. C2+,be,,schmutzen,,,,,,
1006,D1,3575,beschneiden,,,,,6. C2+,be,B1,schneiden,"to cut, to slice","couper, trancher",,,,
1006,D1,3576,beschnuppern,,,,,6. C2+,be,C2,schnuppern,,,,,,
1006,D1,3577,beschwichtigen,,,,,6. C2+,be,,schwichtigen,,,,,,
1006,D1,3578,beschönigen,,,,,6. C2+,be,,schönigen,,,,,,
1006,D1,3579,beseelen,,,,,6. C2+,be,,seelen,,,,,,
1006,D1,3580,besiedeln,,,,,6. C2+,be,D1,siedeln,,,,,,
1006,D1,3581,besingen,,,,,6. C2+,be,A2,singen,to sing,chanter,,,,
1006,D1,3582,bespannen,,,,,6. C2+,be,C2,spannen,,,,,,
1006,D1,3583,bespielen,,,,,6. C2+,be,A1,spielen,to play,jouer,,,,
1006,D1,3584,bespitzeln,,,,,6. C2+,be,D1,spitzeln,,,,,,
1006,D1,3585,besprühen,,,,,6. C2+,be,C1,sprühen,"to spray, to atomize, to disperse","pulvériser, atomiser, disperser",,,,
1006,D1,3586,bespucken,,,,,6. C2+,be,C2,spucken,,,,,,
1006,D1,3587,bestatten,,,,,6. C2+,be,,statten,,,,,,
1006,D1,3588,bestehlen,,,,,6. C2+,be,B1,stehlen,to steal,voler,,,,
1006,D1,3589,besteuern,,,,,6. C2+,be,B2,steuern,"to steer, to control, to govern","diriger, contrôler, gouverner",,,,
1006,D1,3590,besticken,,,,,6. C2+,be,D1,sticken,"to embroider, to stitch","broder, coudre",,,,
1006,D1,3591,bestrahlen,,,,,6. C2+,be,C1,strahlen,"to radiate, to beam","rayonner, briller, illuminer",,,,
1006,D1,3592,bestreiken,,,,,6. C2+,be,B2,streiken,"to strike, to be on strike","faire grève, être en grève",,,,
1006,D1,3593,bestäuben,,,,,6. C2+,be,,stäuben,,,,,,
1006,D1,3594,besänftigen,,,,,6. C2+,be,,sänftigen,,,,,,
1006,D1,3595,betanken,,,,,6. C2+,be,C1,tanken,"to refuel, to fill up","faire le plein, faire le plein",,,,
1006,D1,3596,betiteln,,,,,6. C2+,be,C2,titeln,,,,,,
1006,D1,3597,betonieren,,,,,6. C2+,be,,tonieren,,,,,,
1006,D1,3598,betrauen,,,,,6. C2+,be,C1,trauen,"to trust, to marry, to dare (refl.)","faire confiance, se marier, oser (réfl.)",,,,
1006,D1,3599,betrauern,,,,,6. C2+,be,C2,trauern,to mourn,être en deuil,,,,
1006,D1,3600,beträufeln,,,,,6. C2+,be,D1,träufeln,,,,,,
1006,D1,3601,betäuben,,,,,6. C2+,be,,täuben,,,,,,
1006,D1,3602,betören,,,,,6. C2+,be,,tören,,,,,,
1006,D1,3603,beunruhigen,,,,,6. C2+,be,,unruhigen,,,,,,
1006,D1,3604,beurkunden,,,,,6. C2+,be,,urkunden,,,,,,
1006,D1,3605,beurlauben,,,,,6. C2+,be,D1,urlauben,,,,,,
1006,D1,3606,beuteln,,,,,6. C2+,be,,uteln,,,,,,
1006,D1,3607,beuten,,,,,6. C2+,be,,uten,,,,,,
1006,D1,3608,bevollmächtigen,,,,,6. C2+,be,,vollmächtigen,,,,,,
1006,D1,3609,bevormunden,,,,,6. C2+,be,,vormunden,,,,,,
1006,D1,3610,bevölkern,,,,,6. C2+,be,,völkern,,,,,,
1006,D1,3611,bewachsen,,,,,6. C2+,be,B1,wachsen,"to grow, to increase","grandir, augmenter",,,,
1006,D1,3612,bewaffnen,,,,,6. C2+,be,,waffnen,,,,,,
1006,D1,3613,bewahrheiten,,,,,6. C2+,be,,wahrheiten,,,,,,
1006,D1,3614,bewalden,,,,,6. C2+,be,,walden,,,,,,
1006,D1,3615,bewenden,,,,,6. C2+,be,B2,wenden,"to turn, to reverse, to address","tourner, inverser, s'adresser",,,,
1006,D1,3616,bewerfen,,,,,6. C2+,be,A2,werfen,to throw,"jeter, lancer",,,,
1006,D1,3617,bewirten,,,,,6. C2+,be,,wirten,,,,,,
1006,D1,3618,bewässern,,,,,6. C2+,be,D1,wässern,,,,,,
1006,D1,3619,bewölken,,,,,6. C2+,be,,wölken,,,,,,
1006,D1,3620,bezaubern,,,,,6. C2+,be,B2,zaubern,"to perform magic, to conjure","conjurer, ensorceler, évoquer",,,,
1006,D1,3621,bezichtigen,,,,,6. C2+,be,,zichtigen,,,,,,
1006,D1,3622,bezuschussen,,,,,6. C2+,be,,zuschussen,,,,,,
1006,D1,3623,bezwecken,,,,,6. C2+,be,,zwecken,,,,,,
1006,D1,3624,beäugen,,,,,6. C2+,be,D1,äugen,,,,,,
1006,D1,3729,durchbluten,,,,,6. C2+,durch,B2,bluten,"to bleed, to haemorrhage","saigner, avoir une hémorragie",,,,
1006,D1,3730,durchboxen,,,,,6. C2+,durch,D1,boxen,,,,,,
1006,D1,3731,durcheinanderbringen,,,,,6. C2+,durch,,einanderbringen,,,,,,
1006,D1,3732,durcheinanderwirbeln,,,,,6. C2+,durch,,einanderwirbeln,,,,,,
1006,D1,3733,durchfeuchten,,,,,6. C2+,durch,D1,feuchten,,,,,,
1006,D1,3734,durchforsten,,,,,6. C2+,durch,,forsten,,,,,,
1006,D1,3735,durchkneten,,,,,6. C2+,durch,D1,kneten,,,,,,
1006,D1,3736,durchkämmen,,,,,6. C2+,durch,C1,kämmen,to comb,peigner,,,,
1006,D1,3737,durchlöchern,,,,,6. C2+,durch,C2,löchern,,,,,,
1006,D1,3738,durchnässen,,,,,6. C2+,durch,,nässen,,,,,,
1006,D1,3739,durchqueren,,,,,6. C2+,durch,D1,queren,,,,,,
1006,D1,3740,durchschnaufen,,,,,6. C2+,durch,D1,schnaufen,,,,,,
1006,D1,3741,durchsickern,,,,,6. C2+,durch,D1,sickern,,,,,,
1006,D1,3742,durchwühlen,,,,,6. C2+,durch,D1,wühlen,,,,,,
1006,D1,3756,einbiegen,,,,,6. C2+,ein,C1,biegen,"to turn, to bend","tourner, se pencher",,,,
1006,D1,3757,einbrocken,,,,,6. C2+,ein,,brocken,,,,,,
1006,D1,3758,einbürgern,,,,,6. C2+,ein,C2,bürgern,,,,,,
1006,D1,3759,eincremen,,,,,6. C2+,ein,D1,cremen,,,,,,
1006,D1,3760,eindrücken,,,,,6. C2+,ein,B1,drücken,"to press, to push","appuyer, pousser",,,,
1006,D1,3761,einebnen,,,,,6. C2+,ein,C2,ebnen,,,,,,
1006,D1,3762,einengen,,,,,6. C2+,ein,D1,engen,,,,,,
1006,D1,3763,einfassen,,,,,6. C2+,ein,B2,fassen,"to grasp, to seize, to capture, to comprehend","saisir, capturer, comprendre",,,,
1006,D1,3764,einflechten,,,,,6. C2+,ein,D1,flechten,,,,,,
1006,D1,3765,einfliegen,,,,,6. C2+,ein,B1,fliegen,"to fly, to travel by plane","voler, voyager en avion",,,,
1006,D1,3766,einflößen,,,,,6. C2+,ein,,flößen,,,,,,
1006,D1,3767,einfädeln,,,,,6. C2+,ein,D1,fädeln,,,,,,
1006,D1,3768,einfärben,,,,,6. C2+,ein,C1,färben,"to color, to dye","colorer, teindre",,,,
1006,D1,3769,einfühlen,,,,,6. C2+,ein,A1,fühlen,"to feel, to feel something (refl.)","sentir, ressentir quelque chose (réfl.)",,,,
1006,D1,3770,einfüllen,,,,,6. C2+,ein,B2,füllen,"to fill, to stuff","remplir, farcir",,,,
1006,D1,3771,eingemeinden,,,,,6. C2+,ein,,gemeinden,,,,,,
1006,D1,3772,eingewöhnen,,,,,6. C2+,ein,B2,gewöhnen,"to get used to, to accustom oneself","s'habituer à, s'accoutumer",,,,
1006,D1,3773,eingliedern,,,,,6. C2+,ein,C2,gliedern,,,,,,
1006,D1,3774,eingraben,,,,,6. C2+,ein,B2,graben,"to dig, to excavate, to delve","creuser, fouiller, excaver",,,,
1006,D1,3775,eingravieren,,,,,6. C2+,ein,D1,gravieren,,,,,,
1006,D1,3776,eingrenzen,,,,,6. C2+,ein,C1,grenzen,"to abut, to approach, to border, to limit",limiter,,,,
1006,D1,3777,eingruppieren,,,,,6. C2+,ein,C2,gruppieren,,,,,,
1006,D1,3778,einhandeln,,,,,6. C2+,ein,B1,handeln,"to act, to deal, to trade, to negotiate","agir, traiter, commercer, négocier",,,,
1006,D1,3779,einhauchen,,,,,6. C2+,ein,D1,hauchen,,,,,,
1006,D1,3780,einheimsen,,,,,6. C2+,ein,,heimsen,,,,,,
1006,D1,3781,einheizen,,,,,6. C2+,ein,B2,heizen,"to heat, to warm, to fuel","chauffer, se chauffer",,,,
1006,D1,3782,einhängen,,,,,6. C2+,ein,A2,hängen,"to hang, to be fond of, depend on","accrocher, aimer, dépendre de",,,,
1006,D1,3783,einhüllen,,,,,6. C2+,ein,D1,hüllen,,,,,,
1006,D1,3784,einjagen,,,,,6. C2+,ein,B2,jagen,"to hunt, to chase, to pursue","chasser, poursuivre",,,,
1006,D1,3785,einkalkulieren,,,,,6. C2+,ein,C2,kalkulieren,,,,,,
1006,D1,3786,einkassieren,,,,,6. C2+,ein,C2,kassieren,,,,,,
1006,D1,3787,einkesseln,,,,,6. C2+,ein,,kesseln,,,,,,
1006,D1,3788,einklagen,,,,,6. C2+,ein,B2,klagen,"to complain, to lament, to sue","se plaindre, se lamenter, poursuivre en justice",,,,
1006,D1,3789,einklappen,,,,,6. C2+,ein,B2,klappen,"to work out, to go smoothly, to fold","se dérouler, se dérouler sans problème, se plier",,,,
1006,D1,3790,einkleben,,,,,6. C2+,ein,B2,kleben,"to stick, to adhere, to bond, to glue","coller, adhérer, lier",,,,
1006,D1,3791,einkleiden,,,,,6. C2+,ein,C2,kleiden,,,,,,
1006,D1,3792,einklemmen,,,,,6. C2+,ein,C2,klemmen,,,,,,
1006,D1,3793,einklinken,,,,,6. C2+,ein,D1,klinken,,,,,,
1006,D1,3794,einknicken,,,,,6. C2+,ein,D1,knicken,,,,,,
1006,D1,3795,einkochen,,,,,6. C2+,ein,A1,kochen,"to cook, to boil (to heat a liquid), to boil something","cuire, faire bouillir (chauffer un liquide), faire bouillir quelque chose",,,,
1006,D1,3796,einkreisen,,,,,6. C2+,ein,C1,kreisen,"to circle, to circulate, to circumgyrate","tourner en rond, circuler, circumgyrer",,,,
1006,D1,3797,einköpfen,,,,,6. C2+,ein,C2,köpfen,,,,,,
1006,D1,3798,einlagern,,,,,6. C2+,ein,C2,lagern,,,,,,
1006,D1,3799,einlaufen,,,,,6. C2+,ein,A1,laufen,"to walk, to flow (of a fluid), to run (of an event)","marcher, couler (un fluide), se dérouler (un événement)",,,,
1006,D1,3800,einleben,,,,,6. C2+,ein,A1,leben,to live,vivre,,,,
1006,D1,3801,einlenken,,,,,6. C2+,ein,C1,lenken,"to steer, to direct, to guide","diriger, orienter, guider",,,,
1006,D1,3802,einlesen,,,,,6. C2+,ein,A1,lesen,to read,lire,,,,
1006,D1,3803,einleuchten,,,,,6. C2+,ein,C1,leuchten,"to shine, to glow, to be illuminated","briller, allumer, éclairer",,,,
1006,D1,3804,einlullen,,,,,6. C2+,ein,,lullen,,,,,,
1006,D1,3805,einmassieren,,,,,6. C2+,ein,C2,massieren,,,,,,
1006,D1,3806,einmauern,,,,,6. C2+,ein,C2,mauern,,,,,,
1006,D1,3807,einmieten,,,,,6. C2+,ein,A2,mieten,"to rent, to hire","louer, embaucher",,,,
1006,D1,3808,einnicken,,,,,6. C2+,ein,C1,nicken,to nod,hocher la tête,,,,
1006,D1,3809,einnisten,,,,,6. C2+,ein,D1,nisten,,,,,,
1006,D1,3810,einnähen,,,,,6. C2+,ein,C1,nähen,"to sew, to stitch, to seam","coudre, piquer, assembler",,,,
1006,D1,3811,einpassen,,,,,6. C2+,ein,A2,passen,"to fit, to suit","s'adapter, convenir",,,,
1006,D1,3812,einpendeln,,,,,6. C2+,ein,C2,pendeln,,,,,,
1006,D1,3813,einpflanzen,,,,,6. C2+,ein,B2,pflanzen,"to plant, to sow","planter, semer",,,,
1006,D1,3814,einpreisen,,,,,6. C2+,ein,B2,preisen,"to praise, to commend","louer, féliciter",,,,
1006,D1,3815,einquartieren,,,,,6. C2+,ein,,quartieren,,,,,,
1006,D1,3816,einrahmen,,,,,6. C2+,ein,C1,rahmen,"to frame, to enclose, to collect, to cream",encadrer,,,,
1006,D1,3817,einrechnen,,,,,6. C2+,ein,B1,rechnen,"to calculate, to expect, to count on","calculer, s'attendre à, compter sur",,,,
1006,D1,3818,einreden,,,,,6. C2+,ein,A1,reden,to talk,"parler, discuter",,,,
1006,D1,3819,einreiben,,,,,6. C2+,ein,C2,reiben,,,,,,
1006,D1,3820,einreihen,,,,,6. C2+,ein,C2,reihen,,,,,,
1006,D1,3821,einreisen,,,,,6. C2+,ein,A1,reisen,to travel,voyager,,,,
1006,D1,3822,einrollen,,,,,6. C2+,ein,C1,rollen,to roll,rouler,,,,
1006,D1,3823,einrücken,,,,,6. C2+,ein,B2,rücken,"to move, to shift, to edge, to advance","déplacer, décaler, border, avancer",,,,
1006,D1,3824,einrühren,,,,,6. C2+,ein,C1,rühren,"to stir, to move, to mix",remuer,,,,
1006,D1,3825,einrüsten,,,,,6. C2+,ein,C2,rüsten,"prepare, arm, equip, mount",,,,,
1006,D1,3826,einsacken,,,,,6. C2+,ein,D1,sacken,,,,,,
1006,D1,3827,einsaugen,,,,,6. C2+,ein,C1,saugen,"to suck, to vacuum, to suckle","sucer, aspirer, téter",,,,
1006,D1,3828,einscannen,,,,,6. C2+,ein,C1,scannen,"to scan, to court, to digitize","scanner, porter devant les tribunaux, numériser",,,,
1006,D1,3829,einschenken,,,,,6. C2+,ein,B1,schenken,"to gift, to give as a present","offrir, faire un cadeau",,,,
1006,D1,3830,einschieben,,,,,6. C2+,ein,B2,schieben,"to push, to shove, to wheel","pousser, bousculer, faire tourner",,,,
1006,D1,3831,einschießen,,,,,6. C2+,ein,B2,schießen,"to shoot, to fire","tirer, faire feu",,,,
1006,D1,3832,einschleichen,,,,,6. C2+,ein,C1,schleichen,"to sneak, to creep","se faufiler, ramper",,,,
1006,D1,3833,einschleppen,,,,,6. C2+,ein,C2,schleppen,,,,,,
1006,D1,3834,einschleusen,,,,,6. C2+,ein,D1,schleusen,,,,,,
1006,D1,3835,einschläfern,,,,,6. C2+,ein,,schläfern,,,,,,
1006,D1,3836,einschmelzen,,,,,6. C2+,ein,B2,schmelzen,to melt,faire fondre,,,,
1006,D1,3837,einschneiden,,,,,6. C2+,ein,B1,schneiden,"to cut, to slice","couper, trancher",,,,
1006,D1,3838,einschreiten,,,,,6. C2+,ein,C1,schreiten,"to stride, to proceed, to step (formal)","marcher à grands pas, avancer, faire un pas (formel)",,,,
1006,D1,3839,einschulen,,,,,6. C2+,ein,C1,schulen,"to train, to instruct, to teach","former, instruire, enseigner",,,,
1006,D1,3840,einschwenken,,,,,6. C2+,ein,C2,schwenken,,,,,,
1006,D1,3841,einschwören,,,,,6. C2+,ein,C1,schwören,"to swear, to take an oath","jurer, prêter serment",,,,
1006,D1,3842,einschüchtern,,,,,6. C2+,ein,,schüchtern,,,,,,
1006,D1,3843,einsitzen,,,,,6. C2+,ein,A1,sitzen,"to be seated, to stay, to fit (of clothing)","être assis, rester",,,,
1006,D1,3844,einsortieren,,,,,6. C2+,ein,C1,sortieren,"to sort, to arrange, to merge, to assort","trier, arranger, fusionner, associer",,,,
1006,D1,3845,einspannen,,,,,6. C2+,ein,C2,spannen,,,,,,
1006,D1,3846,einspeisen,,,,,6. C2+,ein,C2,speisen,,,,,,
1006,D1,3847,einsprühen,,,,,6. C2+,ein,C1,sprühen,"to spray, to atomize, to disperse","pulvériser, atomiser, disperser",,,,
1006,D1,3848,einstampfen,,,,,6. C2+,ein,D1,stampfen,,,,,,
1006,D1,3849,einstechen,,,,,6. C2+,ein,B2,stechen,"to sting, to prick, to puncture, to pierce","piquer, percer",,,,
1006,D1,3850,einstehen,,,,,6. C2+,ein,A1,stehen,"to stand, to be, to appear","être debout, apparaître",,,,
1006,D1,3851,einstreuen,,,,,6. C2+,ein,C2,streuen,,,,,,
1006,D1,3852,einstürzen,,,,,6. C2+,ein,B2,stürzen,"to fall, to rush, to throw, to overturn, to overthrow something","tomber, se précipiter, jeter, renverser, renverser quelque chose",,,,
1006,D1,3853,eintreiben,,,,,6. C2+,ein,B1,treiben,"to practice (sport), to propel, to put forth, to urge (figuratively), to fuck, to float, to sprout, to get up to","pratiquer (sport), propulser, mettre en avant, pousser (au sens figuré), baiser, flotter, germer, se lever",,,,
1006,D1,3854,eintrichtern,,,,,6. C2+,ein,,trichtern,,,,,,
1006,D1,3855,eintrudeln,,,,,6. C2+,ein,D1,trudeln,,,,,,
1006,D1,3856,eintüten,,,,,6. C2+,ein,,tüten,,,,,,
1006,D1,3857,einverleiben,,,,,6. C2+,ein,,verleiben,,,,,,
1006,D1,3858,einweben,,,,,6. C2+,ein,C2,weben,"to weave, to fabricate","tisser, tramer",,,,
1006,D1,3859,einwechseln,,,,,6. C2+,ein,B1,wechseln,"to change, to switch, to exchange","changer, échanger",,,,
1006,D1,3860,einwerben,,,,,6. C2+,ein,B2,werben,"to advertise, to recruit","faire de la publicité, recruter",,,,
1006,D1,3861,einwerfen,,,,,6. C2+,ein,A2,werfen,to throw,"jeter, lancer",,,,
1006,D1,3862,einwickeln,,,,,6. C2+,ein,C2,wickeln,,,,,,
1006,D1,3863,einwählen,,,,,6. C2+,ein,A2,wählen,"to choose, to dial (a number), to vote","choisir, composer (un numéro), voter",,,,
1006,D1,3864,einzeichnen,,,,,6. C2+,ein,A2,zeichnen,"to draw, to sketch","dessiner, esquisser",,,,
1006,D1,3865,einzäunen,,,,,6. C2+,ein,,zäunen,,,,,,
1006,D1,3866,einüben,,,,,6. C2+,ein,A2,üben,"to practice, to exercise, to rehearse","pratiquer, s'exercer, répéter",,,,
1006,D1,3875,entbieten,,,,,6. C2+,ent,A2,bieten,"to offer, to bid, to arise, to occur (of an opportunity) (refl.)","offrir, enchérir, surgir, se produire (d'une opportunité) (réfl.)",,,,
1006,D1,3876,entbinden,,,,,6. C2+,ent,B2,binden,"to tie, to bind, to attach","attacher, lier",,,,
1006,D1,3877,entblößen,,,,,6. C2+,ent,,blößen,,,,,,
1006,D1,3878,entbrennen,,,,,6. C2+,ent,B2,brennen,"to burn, to have a strong affection for, to induce pain, to tan","brûler, avoir une forte affection pour, provoquer de la douleur",,,,
1006,D1,3879,enteignen,,,,,6. C2+,ent,B2,eignen,"to be suitable, to be appropriate","être convenable, être approprié",,,,
1006,D1,3880,enteilen,,,,,6. C2+,ent,C1,eilen,"to hurry, to rush, to be urgent, to haste","se dépêcher, se hâter, être urgent",,,,
1006,D1,3881,entern,,,,,6. C2+,ent,,ern,,,,,,
1006,D1,3882,entfahren,,,,,6. C2+,ent,A1,fahren,"to go (by vehicle), to leave, to drive","aller (en véhicule), partir, conduire",,,,
1006,D1,3883,entfesseln,,,,,6. C2+,ent,C2,fesseln,,,,,,
1006,D1,3884,entflammen,,,,,6. C2+,ent,D1,flammen,,,,,,
1006,D1,3885,entfliehen,,,,,6. C2+,ent,B1,fliehen,"to flee, to escape, to diverge","fuir, s'échapper, diverger",,,,
1006,D1,3886,entgegenbringen,,,,,6. C2+,entgegen,A1,bringen,"to bring, to take, to lead","apporter, prendre, conduire",,,,
1006,D1,3887,entgegenfiebern,,,,,6. C2+,entgegen,D1,fiebern,,,,,,
1006,D1,3888,entgegenhalten,,,,,6. C2+,entgegen,A1,halten,"to hold, to stop (a movement), to support, to keep","tenir, arrêter (un mouvement), soutenir, garder",,,,
1006,D1,3889,entgegenschlagen,,,,,6. C2+,entgegen,B1,schlagen,"to hit, to beat, to strike, to defeat","frapper, battre, vaincre",,,,
1006,D1,3890,entgegensehen,,,,,6. C2+,entgegen,A1,sehen,"to see, to realise","voir, se rendre compte",,,,
1006,D1,3891,entgegenstehen,,,,,6. C2+,entgegen,A1,stehen,"to stand, to be, to appear","être debout, apparaître",,,,
1006,D1,3892,entgegenstellen,,,,,6. C2+,entgegen,A2,stellen,"to position, to put, to catch","positionner, mettre",,,,
1006,D1,3893,entgegensteuern,,,,,6. C2+,entgegen,B2,steuern,"to steer, to control, to govern","diriger, contrôler, gouverner",,,,
1006,D1,3894,entgegentreten,,,,,6. C2+,entgegen,B2,treten,"to step, to kick, to enter","marcher, donner un coup de pied, entrer",,,,
1006,D1,3895,entgiften,,,,,6. C2+,ent,,giften,,,,,,
1006,D1,3896,entgleisen,,,,,6. C2+,ent,,gleisen,,,,,,
1006,D1,3897,entgleiten,,,,,6. C2+,ent,C1,gleiten,"to glide, to slide","glisser, glisser",,,,
1006,D1,3898,enthaupten,,,,,6. C2+,ent,,haupten,,,,,,
1006,D1,3899,entheben,,,,,6. C2+,ent,B1,heben,"to lift, to raise","soulever, élever",,,,
1006,D1,3900,entkernen,,,,,6. C2+,ent,,kernen,,,,,,
1006,D1,3901,entkleiden,,,,,6. C2+,ent,C2,kleiden,,,,,,
1006,D1,3902,entkoppeln,,,,,6. C2+,ent,C2,koppeln,,,,,,
1006,D1,3903,entkräften,,,,,6. C2+,ent,,kräften,,,,,,
1006,D1,3904,entlaufen,,,,,6. C2+,ent,A1,laufen,"to walk, to flow (of a fluid), to run (of an event)","marcher, couler (un fluide), se dérouler (un événement)",,,,
1006,D1,3905,entledigen,,,,,6. C2+,ent,,ledigen,,,,,,
1006,D1,3906,entlehnen,,,,,6. C2+,ent,C2,lehnen,to lean,se pencher,,,,
1006,D1,3907,entleihen,,,,,6. C2+,ent,B1,leihen,"to lend, to borrow","prêter, emprunter",,,,
1006,D1,3908,entlocken,,,,,6. C2+,ent,C1,locken,"to entice, to lure, to rock, to tempt","attirer, allécher",,,,
1006,D1,3909,entlohnen,,,,,6. C2+,ent,,lohnen,,,,,,
1006,D1,3910,entmachten,,,,,6. C2+,ent,,machten,,,,,,
1006,D1,3911,entmutigen,,,,,6. C2+,ent,,mutigen,,,,,,
1006,D1,3912,entpacken,,,,,6. C2+,ent,B2,packen,"to pack, to grab, to manage","emballer, saisir, gérer",,,,
1006,D1,3913,entrinnen,,,,,6. C2+,ent,C1,rinnen,"to flow, to trickle, to run",canaliser,,,,
1006,D1,3914,entrollen,,,,,6. C2+,ent,C1,rollen,to roll,rouler,,,,
1006,D1,3915,entrümpeln,,,,,6. C2+,ent,,rümpeln,,,,,,
1006,D1,3916,entsagen,,,,,6. C2+,ent,A1,sagen,"to say, to tell","dire, raconter",,,,
1006,D1,3917,entschwinden,,,,,6. C2+,ent,C1,schwinden,"to diminish, to fade, to shrink","disparaître, diminuer, s'évanouir",,,,
1006,D1,3918,entsinnen,,,,,6. C2+,ent,D1,sinnen,,,,,,
1006,D1,3919,entsperren,,,,,6. C2+,ent,C1,sperren,"to block, to lock, to close off","bloquer, verrouiller, fermer",,,,
1006,D1,3920,entspinnen,,,,,6. C2+,ent,C1,spinnen,"to spin, to act strangely, to act up","tisser, filer",,,,
1006,D1,3921,entstauben,,,,,6. C2+,ent,D1,stauben,,,,,,
1006,D1,3922,entsteigen,,,,,6. C2+,ent,A2,steigen,"to ascend, to climb, to rise","monter, grimper, s'élever",,,,
1006,D1,3923,entstellen,,,,,6. C2+,ent,A2,stellen,"to position, to put, to catch","positionner, mettre",,,,
1006,D1,3924,enttarnen,,,,,6. C2+,ent,D1,tarnen,,,,,,
1006,D1,3925,entthronen,,,,,6. C2+,ent,D1,thronen,,,,,,
1006,D1,3926,entwachsen,,,,,6. C2+,ent,B1,wachsen,"to grow, to increase","grandir, augmenter",,,,
1006,D1,3927,entwaffnen,,,,,6. C2+,ent,,waffnen,,,,,,
1006,D1,3928,entwischen,,,,,6. C2+,ent,C2,wischen,,,,,,
1006,D1,3929,entwurmen,,,,,6. C2+,ent,D1,wurmen,,,,,,
1006,D1,3930,entwurzeln,,,,,6. C2+,ent,C2,wurzeln,,,,,,
1006,D1,3931,entwässern,,,,,6. C2+,ent,D1,wässern,,,,,,
1006,D1,3932,entzaubern,,,,,6. C2+,ent,B2,zaubern,"to perform magic, to conjure","conjurer, ensorceler, évoquer",,,,
1006,D1,3933,entzerren,,,,,6. C2+,ent,D1,zerren,,,,,,
1006,D1,3934,entziffern,,,,,6. C2+,ent,,ziffern,,,,,,
1006,D1,3935,entzweien,,,,,6. C2+,ent,,zweien,,,,,,
1006,D1,3936,erblinden,,,,,6. C2+,er,,blinden,,,,,,
1006,D1,3937,erblühen,,,,,6. C2+,er,C1,blühen,"to bloom, to flourish","fleurir, s'épanouir",,,,
1006,D1,3938,erbosen,,,,,6. C2+,er,,bosen,,,,,,
1006,D1,3939,erden,,,,,6. C2+,er,,den,,,,,,
1006,D1,3940,erdenken,,,,,6. C2+,er,A1,denken,"to think, to consider","penser, considérer",,,,
1006,D1,3941,erdrosseln,,,,,6. C2+,er,D1,drosseln,,,,,,
1006,D1,3942,erdrücken,,,,,6. C2+,er,B1,drücken,"to press, to push","appuyer, pousser",,,,
1006,D1,3943,erdulden,,,,,6. C2+,er,C2,dulden,,,,,,
1006,D1,3944,ereifern,,,,,6. C2+,er,D1,eifern,,,,,,
1006,D1,3945,ereilen,,,,,6. C2+,er,C1,eilen,"to hurry, to rush, to be urgent, to haste","se dépêcher, se hâter, être urgent",,,,
1006,D1,3946,erfrieren,,,,,6. C2+,er,B2,frieren,"to freeze, to feel cold","geler, avoir froid",,,,
1006,D1,3947,erfrischen,,,,,6. C2+,er,D1,frischen,,,,,,
1006,D1,3948,erfühlen,,,,,6. C2+,er,A1,fühlen,"to feel, to feel something (refl.)","sentir, ressentir quelque chose (réfl.)",,,,
1006,D1,3949,ergaunern,,,,,6. C2+,er,,gaunern,,,,,,
1006,D1,3950,ergießen,,,,,6. C2+,er,B2,gießen,"to pour, to water (plants), to cast (metal)","verser, arroser (des plantes), couler (du métal)",,,,
1006,D1,3951,ergründen,,,,,6. C2+,er,B2,gründen,"to found, to establish, to start","fonder, établir, démarrer",,,,
1006,D1,3952,ergötzen,,,,,6. C2+,er,,götzen,,,,,,
1006,D1,3953,erhaschen,,,,,6. C2+,er,,haschen,,,,,,
1006,D1,3954,erheitern,,,,,6. C2+,er,,heitern,,,,,,
1006,D1,3955,erhellen,,,,,6. C2+,er,D1,hellen,,,,,,
1006,D1,3956,erhängen,,,,,6. C2+,er,A2,hängen,"to hang, to be fond of, depend on","accrocher, aimer, dépendre de",,,,
1006,D1,3957,erhärten,,,,,6. C2+,er,C2,härten,to harden,durcir,,,,
1006,D1,3958,erhören,,,,,6. C2+,er,A1,hören,"to hear, to listen to","entendre, écouter",,,,
1006,D1,3959,erkalten,,,,,6. C2+,er,,kalten,,,,,,
1006,D1,3960,erkaufen,,,,,6. C2+,er,A1,kaufen,to buy,acheter,,,,
1006,D1,3961,erkiesen,,,,,6. C2+,er,,kiesen,,,,,,
1006,D1,3962,erlahmen,,,,,6. C2+,er,,lahmen,,,,,,
1006,D1,3963,erlaufen,,,,,6. C2+,er,A1,laufen,"to walk, to flow (of a fluid), to run (of an event)","marcher, couler (un fluide), se dérouler (un événement)",,,,
1006,D1,3964,erlesen,,,,,6. C2+,er,A1,lesen,to read,lire,,,,
1006,D1,3965,erleuchten,,,,,6. C2+,er,C1,leuchten,"to shine, to glow, to be illuminated","briller, allumer, éclairer",,,,
1006,D1,3966,ermahnen,,,,,6. C2+,er,C2,mahnen,,,,,,
1006,D1,3967,ermächtigen,,,,,6. C2+,er,,mächtigen,,,,,,
1006,D1,3968,ermüden,,,,,6. C2+,er,,müden,,,,,,
1006,D1,3969,erniedrigen,,,,,6. C2+,er,,niedrigen,,,,,,
1006,D1,3970,ernüchtern,,,,,6. C2+,er,,nüchtern,,,,,,
1006,D1,3971,erodieren,,,,,6. C2+,er,,odieren,,,,,,
1006,D1,3972,erschallen,,,,,6. C2+,er,D1,schallen,,,,,,
1006,D1,3973,erschleichen,,,,,6. C2+,er,C1,schleichen,"to sneak, to creep","se faufiler, ramper",,,,
1006,D1,3974,ersehnen,,,,,6. C2+,er,C2,sehnen,"to long for, to crave","désirer ardemment, avoir envie de",,,,
1006,D1,3975,ersinnen,,,,,6. C2+,er,D1,sinnen,,,,,,
1006,D1,3976,erspähen,,,,,6. C2+,er,D1,spähen,,,,,,
1006,D1,3977,erspüren,,,,,6. C2+,er,B1,spüren,"to feel, to sense, to perceive","sentir, pressentir, percevoir",,,,
1006,D1,3978,erstarken,,,,,6. C2+,er,,starken,,,,,,
1006,D1,3979,erstarren,,,,,6. C2+,er,C2,starren,,,,,,
1006,D1,3980,erstechen,,,,,6. C2+,er,B2,stechen,"to sting, to prick, to puncture, to pierce","piquer, percer",,,,
1006,D1,3981,ersteigern,,,,,6. C2+,er,B2,steigern,"to increase, to boost, to enhance","augmenter, stimuler, améliorer",,,,
1006,D1,3982,erstreben,,,,,6. C2+,er,C1,streben,"to strive, to tend to, to aspire","aspirer, s'efforcer, viser",,,,
1006,D1,3983,erstreiten,,,,,6. C2+,er,B1,streiten,"to argue, to fight, to quarrel","se disputer, se battre, se quereller",,,,
1006,D1,3984,ertappen,,,,,6. C2+,er,D1,tappen,,,,,,
1006,D1,3985,ertasten,,,,,6. C2+,er,C2,tasten,,,,,,
1006,D1,3986,ertränken,,,,,6. C2+,er,D1,tränken,,,,,,
1006,D1,3987,erträumen,,,,,6. C2+,er,A2,träumen,to dream,rêver,,,,
1006,D1,3988,ertüchtigen,,,,,6. C2+,er,,tüchtigen,,,,,,
1006,D1,3989,eruieren,,,,,6. C2+,er,,uieren,,,,,,
1006,D1,3990,erwandern,,,,,6. C2+,er,B1,wandern,"to hike, to wander, to migrate","faire de la randonnée, errer, migrer",,,,
1006,D1,3991,erwehren,,,,,6. C2+,er,,wehren,,,,,,
1006,D1,3992,erweichen,,,,,6. C2+,er,C1,weichen,to soften,adoucir,,,,
1006,D1,3993,erwirken,,,,,6. C2+,er,B1,wirken,"to have an effect, to work","avoir un effet, functionner",,,,
1006,D1,3994,erwählen,,,,,6. C2+,er,A2,wählen,"to choose, to dial (a number), to vote","choisir, composer (un numéro), voter",,,,
1006,D1,3995,erwürgen,,,,,6. C2+,er,D1,würgen,,,,,,
1006,D1,3996,erzittern,,,,,6. C2+,er,C1,zittern,"to shiver, to tremble, to fear","trembler, frissonner, grelotter",,,,
1006,D1,3997,erzürnen,,,,,6. C2+,er,D1,zürnen,,,,,,
1006,D1,3998,erübrigen,,,,,6. C2+,er,,übrigen,,,,,,
1006,D1,4022,fernbleiben,,,,,6. C2+,fern,A1,bleiben,"to remain, to stay",rester,,,,
1006,D1,4023,fernsteuern,,,,,6. C2+,fern,B2,steuern,"to steer, to control, to govern","diriger, contrôler, gouverner",,,,
1006,D1,4094,gebärden,,,,,6. C2+,ge,,bärden,,,,,,
1006,D1,4095,gegenübersitzen,,,,,6. C2+,gegenüber,A1,sitzen,"to be seated, to stay, to fit (of clothing)","être assis, rester",,,,
1006,D1,4096,gegenüberstellen,,,,,6. C2+,gegenüber,A2,stellen,"to position, to put, to catch","positionner, mettre",,,,
1006,D1,4097,gegenübertreten,,,,,6. C2+,gegenüber,B2,treten,"to step, to kick, to enter","marcher, donner un coup de pied, entrer",,,,
1006,D1,4098,geistern,,,,,6. C2+,ge,,istern,,,,,,
1006,D1,4099,geizen,,,,,6. C2+,ge,,izen,,,,,,
1006,D1,4100,geißeln,,,,,6. C2+,ge,,ißeln,,,,,,
1006,D1,4101,gemahnen,,,,,6. C2+,ge,C2,mahnen,,,,,,
1006,D1,4102,generalüberholen,,,,,6. C2+,ge,,neralüberholen,,,,,,
1006,D1,4103,geradestehen,,,,,6. C2+,gerade,A1,stehen,"to stand, to be, to appear","être debout, apparaître",,,,
1006,D1,4104,gerieren,,,,,6. C2+,ge,,rieren,,,,,,
1006,D1,4105,gerinnen,,,,,6. C2+,ge,C1,rinnen,"to flow, to trickle, to run",canaliser,,,,
1006,D1,4106,gestikulieren,,,,,6. C2+,ge,,stikulieren,,,,,,
1006,D1,4148,herabstufen,,,,,6. C2+,her,D1,abstufen,,,,,,
1006,D1,4149,herantasten,,,,,6. C2+,her,D1,antasten,,,,,,
1006,D1,4150,heraufbeschwören,,,,,6. C2+,her,,aufbeschwören,,,,,,
1006,D1,4151,heraufsetzen,,,,,6. C2+,her,C2,aufsetzen,,,,,,
1006,D1,4152,herausarbeiten,,,,,6. C2+,her,C1,ausarbeiten,"to develop, to draw up, to elaborate","développer, élaborer, mettre au point",,,,
1006,D1,4153,herausbilden,,,,,6. C2+,her,B1,ausbilden,"to train, to educate, to develop","former, éduquer, développer (une compétence)",,,,
1006,D1,4154,herausbrechen,,,,,6. C2+,her,C2,ausbrechen,,,,,,
1006,D1,4155,herausfahren,,,,,6. C2+,her,D1,ausfahren,,,,,,
1006,D1,4156,herausfallen,,,,,6. C2+,her,B2,ausfallen,"to fail, to be canceled, to malfunction","échouer, être annulé, dysfonctionner",,,,
1006,D1,4157,herausfiltern,,,,,6. C2+,her,,ausfiltern,,,,,,
1006,D1,4158,herausführen,,,,,6. C2+,her,C1,ausführen,"to carry out, to execute, to perform","réaliser, exécuter, accomplir",,,,
1006,D1,4159,herausgehen,,,,,6. C2+,her,A2,ausgehen,"to go out, to run out (e.g. of money)","sortir, être à court (par exemple d'argent)",,,,
1006,D1,4160,herausgreifen,,,,,6. C2+,her,,ausgreifen,,,,,,
1006,D1,4161,heraushalten,,,,,6. C2+,her,C1,aushalten,"to bear, to endure, to withstand, to tolerate","supporter, endurer, résister, tolérer",,,,
1006,D1,4162,herausheben,,,,,6. C2+,her,D1,ausheben,,,,,,
1006,D1,4163,heraushören,,,,,6. C2+,her,,aushören,,,,,,
1006,D1,4164,herauskitzeln,,,,,6. C2+,her,,auskitzeln,,,,,,
1006,D1,4165,herauskristallisieren,,,,,6. C2+,her,,auskristallisieren,,,,,,
1006,D1,4166,herauslesen,,,,,6. C2+,her,D1,auslesen,,,,,,
1006,D1,4167,herauslösen,,,,,6. C2+,her,C1,auslösen,"to ransom, to trigger, to initiate, to set up","rançonner, déclencher, initier, mettre en place",,,,
1006,D1,4168,herauspicken,,,,,6. C2+,her,,auspicken,,,,,,
1006,D1,4169,herausputzen,,,,,6. C2+,her,,ausputzen,,,,,,
1006,D1,4170,herausragen,,,,,6. C2+,her,,ausragen,,,,,,
1006,D1,4171,herausrechnen,,,,,6. C2+,her,D1,ausrechnen,,,,,,
1006,D1,4172,herausrücken,,,,,6. C2+,her,D1,ausrücken,,,,,,
1006,D1,4173,herausschneiden,,,,,6. C2+,her,D1,ausschneiden,,,,,,
1006,D1,4174,herausspielen,,,,,6. C2+,her,C2,ausspielen,,,,,,
1006,D1,4175,herausspringen,,,,,6. C2+,her,,ausspringen,,,,,,
1006,D1,4176,herausstechen,,,,,6. C2+,her,D1,ausstechen,,,,,,
1006,D1,4177,herausstreichen,,,,,6. C2+,her,,ausstreichen,,,,,,
1006,D1,4178,heraustreten,,,,,6. C2+,her,C2,austreten,,,,,,
1006,D1,4179,herauswachsen,,,,,6. C2+,her,D1,auswachsen,,,,,,
1006,D1,4180,herbeisehnen,,,,,6. C2+,her,,beisehnen,,,,,,
1006,D1,4181,herbeiziehen,,,,,6. C2+,her,D1,beiziehen,,,,,,
1006,D1,4182,hereinbrechen,,,,,6. C2+,her,C1,einbrechen,"to break in, to collapse, to break down","s'introduire par effraction, s'effondrer, tomber en panne",,,,
1006,D1,4183,hereinfallen,,,,,6. C2+,her,C1,einfallen,"to invade, to collapse, to come to mind","envahir, s'effondrer, venir à l'esprit",,,,
1006,D1,4184,hereinholen,,,,,6. C2+,her,C1,einholen,"to catch up, to reel in, to obtain","rattraper, obtenir",,,,
1006,D1,4185,hereinspazieren,,,,,6. C2+,her,,einspazieren,,,,,,
1006,D1,4186,herfallen,,,,,6. C2+,her,B1,fallen,"to fall, to fall in battle, to collapse","tomber, tomber au combat, s'effondrer",,,,
1006,D1,4187,hergehen,,,,,6. C2+,her,A1,gehen,"to go, to leave, to work, to function (coll.), to be going (Dat.), to be all right (Dat.)","aller, partir, fonctionner (familier)",,,,
1006,D1,4188,herhalten,,,,,6. C2+,her,A1,halten,"to hold, to stop (a movement), to support, to keep","tenir, arrêter (un mouvement), soutenir, garder",,,,
1006,D1,4189,herholen,,,,,6. C2+,her,A2,holen,to fetch,aller chercher,,,,
1006,D1,4190,herleiten,,,,,6. C2+,her,B2,leiten,"to lead, to manage, to conduct","diriger, gérer, conduire",,,,
1006,D1,4191,hermachen,,,,,6. C2+,her,A1,machen,"to make, to prepare, to do","faire, préparer",,,,
1006,D1,4192,hernehmen,,,,,6. C2+,her,A1,nehmen,"to take, to cause oneself to be (in some state)","prendre, se mettre (dans un état)",,,,
1006,D1,4193,herrühren,,,,,6. C2+,her,C1,rühren,"to stir, to move, to mix",remuer,,,,
1006,D1,4194,herunterbrechen,,,,,6. C2+,her,B2,unterbrechen,"to interrupt, to suspend","interrompre, suspendre",,,,
1006,D1,4195,herunterfallen,,,,,6. C2+,her,,unterfallen,,,,,,
1006,D1,4196,herunterkommen,,,,,6. C2+,her,D1,unterkommen,,,,,,
1006,D1,4197,herunterlassen,,,,,6. C2+,her,C2,unterlassen,,,,,,
1006,D1,4198,herunterspielen,,,,,6. C2+,her,,unterspielen,,,,,,
1006,D1,4199,hervorholen,,,,,6. C2+,her,,vorholen,,,,,,
1006,D1,4200,hervorkramen,,,,,6. C2+,her,,vorkramen,,,,,,
1006,D1,4201,hervortreten,,,,,6. C2+,her,,vortreten,,,,,,
1006,D1,4202,herziehen,,,,,6. C2+,her,A1,ziehen,"to pull, to drag, to move","tirer, traîner, déplacer",,,,
1006,D1,4207,hinarbeiten,,,,,6. C2+,hin,A1,arbeiten,to work,travailler,,,,
1006,D1,4208,hinauskommen,,,,,6. C2+,hin,C1,auskommen,"to get along, to get on, to manage",s'entendre,,,,
1006,D1,4209,hinauslaufen,,,,,6. C2+,hin,C2,auslaufen,,,,,,
1006,D1,4210,hinausreichen,,,,,6. C2+,hin,B2,ausreichen,"to suffice, to be sufficient, to be adequate","suffire, être suffisant, être adéquat",,,,
1006,D1,4211,hinausschauen,,,,,6. C2+,hin,D1,ausschauen,,,,,,
1006,D1,4212,hinausschieben,,,,,6. C2+,hin,,ausschieben,,,,,,
1006,D1,4213,hinausschießen,,,,,6. C2+,hin,,ausschießen,,,,,,
1006,D1,4214,hinauswachsen,,,,,6. C2+,hin,D1,auswachsen,,,,,,
1006,D1,4215,hinauswerfen,,,,,6. C2+,hin,D1,auswerfen,,,,,,
1006,D1,4216,hinauszögern,,,,,6. C2+,hin,,auszögern,,,,,,
1006,D1,4217,hinblättern,,,,,6. C2+,hin,C1,blättern,"to browse in, to leaf, to leaf through, to page through","parcourir, feuilleter, feuilleter, parcourir les pages",,,,
1006,D1,4218,hinbringen,,,,,6. C2+,hin,A1,bringen,"to bring, to take, to lead","apporter, prendre, conduire",,,,
1006,D1,4219,hindeuten,,,,,6. C2+,hin,C1,deuten,"to indicate, to interpret, to point","interpréter, indiquer",,,,
1006,D1,4220,hineingeben,,,,,6. C2+,hin,B2,eingeben,"to enter, to input, to give, to supply","entrer, saisir, donner, fournir",,,,
1006,D1,4221,hineingebären,,,,,6. C2+,hin,,eingebären,,,,,,
1006,D1,4222,hineingehen,,,,,6. C2+,hin,B2,eingehen,"to shrink (textile), to wither, to die (plants, animals), to assume something","rétrécir (textile), se faner, mourir (plantes, animaux), prendre quelque chose",,,,
1006,D1,4223,hineinkommen,,,,,6. C2+,hin,D1,einkommen,,,,,,
1006,D1,4224,hineinlegen,,,,,6. C2+,hin,C1,einlegen,"to insert, to pickle, to assert","insérer, mettre en conserve, affirmer",,,,
1006,D1,4225,hineinpassen,,,,,6. C2+,hin,D1,einpassen,,,,,,
1006,D1,4226,hineinschauen,,,,,6. C2+,hin,,einschauen,,,,,,
1006,D1,4227,hineinschnuppern,,,,,6. C2+,hin,,einschnuppern,,,,,,
1006,D1,4228,hineinstecken,,,,,6. C2+,hin,C2,einstecken,,,,,,
1006,D1,4229,hineintragen,,,,,6. C2+,hin,C1,eintragen,"to register, to enter, to record, to enrol","inscrire, entrer, enregistrer, inscrire",,,,
1006,D1,4230,hineinversetzen,,,,,6. C2+,hin,,einversetzen,,,,,,
1006,D1,4231,hineinwachsen,,,,,6. C2+,hin,,einwachsen,,,,,,
1006,D1,4232,hineinziehen,,,,,6. C2+,hin,B2,einziehen,"to move in, to penetrate, to infiltrate","s'introduire, pénétrer, s'infiltrer",,,,
1006,D1,4233,hinführen,,,,,6. C2+,hin,A2,führen,"to lead, to guide","guider, conduire",,,,
1006,D1,4234,hingucken,,,,,6. C2+,hin,B2,gucken,"to look, to watch, to peek (coll.)","regarder, épier, jeter un coup d'œil (familier)",,,,
1006,D1,4235,hinhalten,,,,,6. C2+,hin,A1,halten,"to hold, to stop (a movement), to support, to keep","tenir, arrêter (un mouvement), soutenir, garder",,,,
1006,D1,4236,hinhauen,,,,,6. C2+,hin,C1,hauen,"to slash, to cut, to hit (coll.)","trancher, couper, frapper (coll.)",,,,
1006,D1,4237,hinhören,,,,,6. C2+,hin,A1,hören,"to hear, to listen to","entendre, écouter",,,,
1006,D1,4238,hinken,,,,,6. C2+,hin,,ken,,,,,,
1006,D1,4239,hinkommen,,,,,6. C2+,hin,A1,kommen,"to come, to make it (e.g. over something), to go to, to occur","venir, aller à, se produire",,,,
1006,D1,4240,hinkriegen,,,,,6. C2+,hin,B2,kriegen,"to get after asking or fighting, to wage war","obtenir après avoir demandé ou combattu, faire la guerre",,,,
1006,D1,4241,hinrichten,,,,,6. C2+,hin,B2,richten,"to direct, to adjust, to focus, to judge","diriger, ajuster, focaliser, juger",,,,
1006,D1,4242,hinsehen,,,,,6. C2+,hin,A1,sehen,"to see, to realise","voir, se rendre compte",,,,
1006,D1,4243,hinstellen,,,,,6. C2+,hin,A2,stellen,"to position, to put, to catch","positionner, mettre",,,,
1006,D1,4244,hintergehen,,,,,6. C2+,hin,,tergehen,,,,,,
1006,D1,4245,hinterherhinken,,,,,6. C2+,hin,,terherhinken,,,,,,
1006,D1,4246,hinterherlaufen,,,,,6. C2+,hin,,terherlaufen,,,,,,
1006,D1,4247,hintertreiben,,,,,6. C2+,hin,,tertreiben,,,,,,
1006,D1,4248,hinterziehen,,,,,6. C2+,hin,,terziehen,,,,,,
1006,D1,4249,hintreten,,,,,6. C2+,hin,B2,treten,"to step, to kick, to enter","marcher, donner un coup de pied, entrer",,,,
1006,D1,4250,hinwegfegen,,,,,6. C2+,hin,,wegfegen,,,,,,
1006,D1,4251,hinwegsehen,,,,,6. C2+,hin,D1,wegsehen,,,,,,
1006,D1,4252,hinwegsetzen,,,,,6. C2+,hin,,wegsetzen,,,,,,
1006,D1,4253,hinwegtäuschen,,,,,6. C2+,hin,,wegtäuschen,,,,,,
1006,D1,4254,hinwerfen,,,,,6. C2+,hin,A2,werfen,to throw,"jeter, lancer",,,,
1006,D1,4255,hinwirken,,,,,6. C2+,hin,B1,wirken,"to have an effect, to work","avoir un effet, functionner",,,,
1006,D1,4256,hinwollen,,,,,6. C2+,hin,A1,wollen,to want,vouloir,,,,
1006,D1,4476,miteinbeziehen,,,,,6. C2+,mit,C2,einbeziehen,"to include, to involve, to integrate","inclure, impliquer, intégrer",,,,
1006,D1,4477,mitentscheiden,,,,,6. C2+,mit,A2,entscheiden,to decide,décider,,,,
1006,D1,4478,mitentwickeln,,,,,6. C2+,mit,B1,entwickeln,"to develop, to evolve, to create","développer, évoluer, créer",,,,
1006,D1,4479,mitessen,,,,,6. C2+,mit,A1,essen,to eat,manger,,,,
1006,D1,4480,mitfeiern,,,,,6. C2+,mit,A1,feiern,to celebrate,célébrer,,,,
1006,D1,4481,mitfiebern,,,,,6. C2+,mit,D1,fiebern,,,,,,
1006,D1,4482,mitfinanzieren,,,,,6. C2+,mit,B2,finanzieren,"to finance, to fund","financer, financer",,,,
1006,D1,4483,mitfliegen,,,,,6. C2+,mit,B1,fliegen,"to fly, to travel by plane","voler, voyager en avion",,,,
1006,D1,4484,mitführen,,,,,6. C2+,mit,A2,führen,"to lead, to guide","guider, conduire",,,,
1006,D1,4485,mitgeben,,,,,6. C2+,mit,A1,geben,to give,donner,,,,
1006,D1,4486,mitgehen,,,,,6. C2+,mit,A1,gehen,"to go, to leave, to work, to function (coll.), to be going (Dat.), to be all right (Dat.)","aller, partir, fonctionner (familier)",,,,
1006,D1,4487,mitgründen,,,,,6. C2+,mit,B2,gründen,"to found, to establish, to start","fonder, établir, démarrer",,,,
1006,D1,4488,mitkriegen,,,,,6. C2+,mit,B2,kriegen,"to get after asking or fighting, to wage war","obtenir après avoir demandé ou combattu, faire la guerre",,,,
1006,D1,4489,mitlaufen,,,,,6. C2+,mit,A1,laufen,"to walk, to flow (of a fluid), to run (of an event)","marcher, couler (un fluide), se dérouler (un événement)",,,,
1006,D1,4490,mitlesen,,,,,6. C2+,mit,A1,lesen,to read,lire,,,,
1006,D1,4491,mitliefern,,,,,6. C2+,mit,B1,liefern,"to deliver, to supply","livrer, approvisionner",,,,
1006,D1,4492,mitmischen,,,,,6. C2+,mit,B2,mischen,"to mix, to blend",mélanger,,,,
1006,D1,4493,mitorganisieren,,,,,6. C2+,mit,B1,organisieren,"to organize, to arrange","organiser, arranger",,,,
1006,D1,4494,mitprägen,,,,,6. C2+,mit,C1,prägen,"to shape, to influence, to mint","façonner, influencer, frapper",,,,
1006,D1,4495,mitrechnen,,,,,6. C2+,mit,B1,rechnen,"to calculate, to expect, to count on","calculer, s'attendre à, compter sur",,,,
1006,D1,4496,mitregieren,,,,,6. C2+,mit,C1,regieren,"to govern, to reign, to rule, to command","gouverner, régner, diriger, commander",,,,
1006,D1,4497,mitreisen,,,,,6. C2+,mit,A1,reisen,to travel,voyager,,,,
1006,D1,4498,mitschicken,,,,,6. C2+,mit,A1,schicken,to send,envoyer,,,,
1006,D1,4499,mitschleppen,,,,,6. C2+,mit,C2,schleppen,,,,,,
1006,D1,4500,mitschneiden,,,,,6. C2+,mit,B1,schneiden,"to cut, to slice","couper, trancher",,,,
1006,D1,4501,mitschwingen,,,,,6. C2+,mit,C1,schwingen,"to swing, to oscillate","se balancer, osciller",,,,
1006,D1,4502,mitsingen,,,,,6. C2+,mit,A2,singen,to sing,chanter,,,,
1006,D1,4503,mitsprechen,,,,,6. C2+,mit,A1,sprechen,to speak,parler (une langue),,,,
1006,D1,4504,mittanzen,,,,,6. C2+,mit,B1,tanzen,to dance,danser,,,,
1006,D1,4505,mitteln,,,,,6. C2+,mit,,teln,,,,,,
1006,D1,4506,mitverdienen,,,,,6. C2+,mit,B1,verdienen,"to earn, to deserve","gagner, mériter",,,,
1006,D1,4507,mitverfolgen,,,,,6. C2+,mit,B2,verfolgen,"to pursue, to track, to follow, to prosecute","poursuivre, pister, suivre",,,,
1006,D1,4508,mitversichern,,,,,6. C2+,mit,C1,versichern,"to assure, to insure, to cover","assurer, couvrir",,,,
1006,D1,4509,mitziehen,,,,,6. C2+,mit,A1,ziehen,"to pull, to drag, to move","tirer, traîner, déplacer",,,,
1006,D1,4510,mitzählen,,,,,6. C2+,mit,A2,zählen,to count,compter,,,,
1006,D1,4530,nachahmen,,,,,6. C2+,nach,,ahmen,,,,,,
1006,D1,4531,nacharbeiten,,,,,6. C2+,nach,A1,arbeiten,to work,travailler,,,,
1006,D1,4532,nachbauen,,,,,6. C2+,nach,A2,bauen,to build,construire,,,,
1006,D1,4533,nachbearbeiten,,,,,6. C2+,nach,B2,bearbeiten,"to edit, to process, to work on","éditer, traiter, travailler sur",,,,
1006,D1,4534,nachbessern,,,,,6. C2+,nach,C2,bessern,,,,,,
1006,D1,4535,nachbestellen,,,,,6. C2+,nach,B1,bestellen,"to order, to reserve","commander, réserver",,,,
1006,D1,4536,nachbilden,,,,,6. C2+,nach,B1,bilden,"to form, to constitute, to educate","former, constituer, éduquer",,,,
1006,D1,4537,nacheifern,,,,,6. C2+,nach,D1,eifern,,,,,,
1006,D1,4538,nachempfinden,,,,,6. C2+,nach,B1,empfinden,"to feel, to sense, to perceive","sentir, pressentir, percevoir",,,,
1006,D1,4539,nacherzählen,,,,,6. C2+,nach,A1,erzählen,"to tell, to narrate","raconter, narrer",,,,
1006,D1,4540,nachfüllen,,,,,6. C2+,nach,B2,füllen,"to fill, to stuff","remplir, farcir",,,,
1006,D1,4541,nachhaken,,,,,6. C2+,nach,C2,haken,,,,,,
1006,D1,4542,nachhelfen,,,,,6. C2+,nach,A1,helfen,to help,aider,,,,
1006,D1,4543,nachhängen,,,,,6. C2+,nach,A2,hängen,"to hang, to be fond of, depend on","accrocher, aimer, dépendre de",,,,
1006,D1,4544,nachhören,,,,,6. C2+,nach,A1,hören,"to hear, to listen to","entendre, écouter",,,,
1006,D1,4545,nachjagen,,,,,6. C2+,nach,B2,jagen,"to hunt, to chase, to pursue","chasser, poursuivre",,,,
1006,D1,4546,nachjustieren,,,,,6. C2+,nach,C2,justieren,,,,,,
1006,D1,4547,nachkaufen,,,,,6. C2+,nach,A1,kaufen,to buy,acheter,,,,
1006,D1,4548,nachladen,,,,,6. C2+,nach,B1,laden,"to load, to charge, to invite","charger, inviter",,,,
1006,D1,4549,nachlaufen,,,,,6. C2+,nach,A1,laufen,"to walk, to flow (of a fluid), to run (of an event)","marcher, couler (un fluide), se dérouler (un événement)",,,,
1006,D1,4550,nachliefern,,,,,6. C2+,nach,B1,liefern,"to deliver, to supply","livrer, approvisionner",,,,
1006,D1,4551,nachmachen,,,,,6. C2+,nach,A1,machen,"to make, to prepare, to do","faire, préparer",,,,
1006,D1,4552,nachnominieren,,,,,6. C2+,nach,C2,nominieren,,,,,,
1006,D1,4553,nachrechnen,,,,,6. C2+,nach,B1,rechnen,"to calculate, to expect, to count on","calculer, s'attendre à, compter sur",,,,
1006,D1,4554,nachrücken,,,,,6. C2+,nach,B2,rücken,"to move, to shift, to edge, to advance","déplacer, décaler, border, avancer",,,,
1006,D1,4555,nachrüsten,,,,,6. C2+,nach,C2,rüsten,"prepare, arm, equip, mount",,,,,
1006,D1,4556,nachsagen,,,,,6. C2+,nach,A1,sagen,"to say, to tell","dire, raconter",,,,
1006,D1,4557,nachschieben,,,,,6. C2+,nach,B2,schieben,"to push, to shove, to wheel","pousser, bousculer, faire tourner",,,,
1006,D1,4558,nachspielen,,,,,6. C2+,nach,A1,spielen,to play,jouer,,,,
1006,D1,4559,nachspüren,,,,,6. C2+,nach,B1,spüren,"to feel, to sense, to perceive","sentir, pressentir, percevoir",,,,
1006,D1,4560,nachstehen,,,,,6. C2+,nach,A1,stehen,"to stand, to be, to appear","être debout, apparaître",,,,
1006,D1,4561,nachstellen,,,,,6. C2+,nach,A2,stellen,"to position, to put, to catch","positionner, mettre",,,,
1006,D1,4562,nachsuchen,,,,,6. C2+,nach,A1,suchen,"to seek, to search","chercher, rechercher",,,,
1006,D1,4563,nachtrauern,,,,,6. C2+,nach,C2,trauern,to mourn,être en deuil,,,,
1006,D1,4564,nachwachsen,,,,,6. C2+,nach,B1,wachsen,"to grow, to increase","grandir, augmenter",,,,
1006,D1,4565,nachwirken,,,,,6. C2+,nach,B1,wirken,"to have an effect, to work","avoir un effet, functionner",,,,
1006,D1,4566,nachzahlen,,,,,6. C2+,nach,A1,zahlen,"to pay (for something), to atone for","payer (pour quelque chose), expier",,,,
1006,D1,4567,nachzeichnen,,,,,6. C2+,nach,A2,zeichnen,"to draw, to sketch","dessiner, esquisser",,,,
1006,D1,4568,nachziehen,,,,,6. C2+,nach,A1,ziehen,"to pull, to drag, to move","tirer, traîner, déplacer",,,,
1006,D1,4992,umbiegen,,,,,6. C2+,um,C1,biegen,"to turn, to bend","tourner, se pencher",,,,
1006,D1,4993,umbuchen,,,,,6. C2+,um,B1,buchen,"to book, to reserve",réserver,,,,
1006,D1,4994,umdenken,,,,,6. C2+,um,A1,denken,"to think, to consider","penser, considérer",,,,
1006,D1,4995,umdeuten,,,,,6. C2+,um,C1,deuten,"to indicate, to interpret, to point","interpréter, indiquer",,,,
1006,D1,4996,umfahren,,,,,6. C2+,um,A1,fahren,"to go (by vehicle), to leave, to drive","aller (en véhicule), partir, conduire",,,,
1006,D1,4997,umfangen,,,,,6. C2+,um,B2,fangen,to catch,attraper,,,,
1006,D1,4998,umformen,,,,,6. C2+,um,C1,formen,"to form, to shape, to model, to mold, to fashion","former, modeler, façonner",,,,
1006,D1,4999,umfunktionieren,,,,,6. C2+,um,A2,funktionieren,"to function, to work",fonctionner,,,,
1006,D1,5000,umfüllen,,,,,6. C2+,um,B2,füllen,"to fill, to stuff","remplir, farcir",,,,
1006,D1,5001,umgarnen,,,,,6. C2+,um,,garnen,,,,,,
1006,D1,5002,umgraben,,,,,6. C2+,um,B2,graben,"to dig, to excavate, to delve","creuser, fouiller, excaver",,,,
1006,D1,5003,umhauen,,,,,6. C2+,um,C1,hauen,"to slash, to cut, to hit (coll.)","trancher, couper, frapper (coll.)",,,,
1006,D1,5004,umhängen,,,,,6. C2+,um,A2,hängen,"to hang, to be fond of, depend on","accrocher, aimer, dépendre de",,,,
1006,D1,5005,umhören,,,,,6. C2+,um,A1,hören,"to hear, to listen to","entendre, écouter",,,,
1006,D1,5006,umhüllen,,,,,6. C2+,um,D1,hüllen,,,,,,
1006,D1,5007,umjubeln,,,,,6. C2+,um,C2,jubeln,,,,,,
1006,D1,5008,umkippen,,,,,6. C2+,um,C2,kippen,,,,,,
1006,D1,5009,umklammern,,,,,6. C2+,um,C2,klammern,,,,,,
1006,D1,5010,umklappen,,,,,6. C2+,um,B2,klappen,"to work out, to go smoothly, to fold","se dérouler, se dérouler sans problème, se plier",,,,
1006,D1,5011,umkommen,,,,,6. C2+,um,A1,kommen,"to come, to make it (e.g. over something), to go to, to occur","venir, aller à, se produire",,,,
1006,D1,5012,umkreisen,,,,,6. C2+,um,C1,kreisen,"to circle, to circulate, to circumgyrate","tourner en rond, circuler, circumgyrer",,,,
1006,D1,5013,umkrempeln,,,,,6. C2+,um,D1,krempeln,,,,,,
1006,D1,5014,umkurven,,,,,6. C2+,um,C2,kurven,,,,,,
1006,D1,5015,umkämpfen,,,,,6. C2+,um,A2,kämpfen,"to fight, to struggle","se battre, lutter",,,,
1006,D1,5016,umlagern,,,,,6. C2+,um,C2,lagern,,,,,,
1006,D1,5017,umlaufen,,,,,6. C2+,um,A1,laufen,"to walk, to flow (of a fluid), to run (of an event)","marcher, couler (un fluide), se dérouler (un événement)",,,,
1006,D1,5018,umlenken,,,,,6. C2+,um,C1,lenken,"to steer, to direct, to guide","diriger, orienter, guider",,,,
1006,D1,5019,ummanteln,,,,,6. C2+,um,,manteln,,,,,,
1006,D1,5020,ummünzen,,,,,6. C2+,um,C2,münzen,,,,,,
1006,D1,5021,umranden,,,,,6. C2+,um,,randen,,,,,,
1006,D1,5022,umrechnen,,,,,6. C2+,um,B1,rechnen,"to calculate, to expect, to count on","calculer, s'attendre à, compter sur",,,,
1006,D1,5023,umringen,,,,,6. C2+,um,C1,ringen,"to struggle, to wrestle, to agonise",lutter,,,,
1006,D1,5024,umrunden,,,,,6. C2+,um,D1,runden,,,,,,
1006,D1,5025,umrühren,,,,,6. C2+,um,C1,rühren,"to stir, to move, to mix",remuer,,,,
1006,D1,5026,umrüsten,,,,,6. C2+,um,C2,rüsten,"prepare, arm, equip, mount",,,,,
1006,D1,5027,umschichten,,,,,6. C2+,um,C2,schichten,,,,,,
1006,D1,5028,umschiffen,,,,,6. C2+,um,D1,schiffen,,,,,,
1006,D1,5029,umschlagen,,,,,6. C2+,um,B1,schlagen,"to hit, to beat, to strike, to defeat","frapper, battre, vaincre",,,,
1006,D1,5030,umschlingen,,,,,6. C2+,um,D1,schlingen,,,,,,
1006,D1,5031,umschmeicheln,,,,,6. C2+,um,D1,schmeicheln,,,,,,
1006,D1,5032,umschulen,,,,,6. C2+,um,C1,schulen,"to train, to instruct, to teach","former, instruire, enseigner",,,,
1006,D1,5033,umschwenken,,,,,6. C2+,um,C2,schwenken,,,,,,
1006,D1,5034,umsiedeln,,,,,6. C2+,um,D1,siedeln,,,,,,
1006,D1,5035,umsorgen,,,,,6. C2+,um,A2,sorgen,"to care, to worry","se soucier, s'inquiéter",,,,
1006,D1,5036,umspannen,,,,,6. C2+,um,C2,spannen,,,,,,
1006,D1,5037,umspielen,,,,,6. C2+,um,A1,spielen,to play,jouer,,,,
1006,D1,5038,umspringen,,,,,6. C2+,um,B1,springen,"to spring, to jump","sauter, bondir",,,,
1006,D1,5039,umstehen,,,,,6. C2+,um,A1,stehen,"to stand, to be, to appear","être debout, apparaître",,,,
1006,D1,5040,umstimmen,,,,,6. C2+,um,B1,stimmen,"to be true, to vote, to tune","être vrai, voter, s'accorder",,,,
1006,D1,5041,umstoßen,,,,,6. C2+,um,B2,stoßen,"to push, to bump, to kick, to thrust","pousser, cogner, donner un coup de pied",,,,
1006,D1,5042,umstrukturieren,,,,,6. C2+,um,C2,strukturieren,"to structure, to organize, to arrange, to texture","structurer, organiser, arranger, texturer",,,,
1006,D1,5043,umstürzen,,,,,6. C2+,um,B2,stürzen,"to fall, to rush, to throw, to overturn, to overthrow something","tomber, se précipiter, jeter, renverser, renverser quelque chose",,,,
1006,D1,5044,umtaufen,,,,,6. C2+,um,C2,taufen,,,,,,
1006,D1,5045,umtreiben,,,,,6. C2+,um,B1,treiben,"to practice (sport), to propel, to put forth, to urge (figuratively), to fuck, to float, to sprout, to get up to","pratiquer (sport), propulser, mettre en avant, pousser (au sens figuré), baiser, flotter, germer, se lever",,,,
1006,D1,5046,umwehen,,,,,6. C2+,um,C2,wehen,,,,,,
1006,D1,5047,umwerben,,,,,6. C2+,um,B2,werben,"to advertise, to recruit","faire de la publicité, recruter",,,,
1006,D1,5048,umwerfen,,,,,6. C2+,um,A2,werfen,to throw,"jeter, lancer",,,,
1006,D1,5049,umwickeln,,,,,6. C2+,um,C2,wickeln,,,,,,
1006,D1,5050,umwidmen,,,,,6. C2+,um,B2,widmen,"to dedicate, to devote",consacrer,,,,
1006,D1,5051,umzingeln,,,,,6. C2+,um,,zingeln,,,,,,
1006,D1,5053,unterminieren,,,,,6. C2+,unter,,minieren,,,,,,
1006,D1,5054,unterqueren,,,,,6. C2+,unter,D1,queren,,,,,,
1006,D1,5060,verallgemeinern,,,,,6. C2+,ver,,allgemeinern,,,,,,
1006,D1,5061,veralten,,,,,6. C2+,ver,,alten,,,,,,
1006,D1,5062,veranlagen,,,,,6. C2+,ver,,anlagen,,,,,,
1006,D1,5063,verarmen,,,,,6. C2+,ver,,armen,,,,,,
1006,D1,5064,verausgaben,,,,,6. C2+,ver,,ausgaben,,,,,,
1006,D1,5065,verbandeln,,,,,6. C2+,ver,,bandeln,,,,,,
1006,D1,5066,verbarrikadieren,,,,,6. C2+,ver,,barrikadieren,,,,,,
1006,D1,5067,verbiegen,,,,,6. C2+,ver,C1,biegen,"to turn, to bend","tourner, se pencher",,,,
1006,D1,5068,verbilligen,,,,,6. C2+,ver,D1,billigen,,,,,,
1006,D1,5069,verbitten,,,,,6. C2+,ver,A2,bitten,"to ask, to beg, to plead, to request","demander, prier (quelqu'un de faire quelque chose), requérir, inviter poliment",,,,
1006,D1,5070,verbittern,,,,,6. C2+,ver,,bittern,,,,,,
1006,D1,5071,verblassen,,,,,6. C2+,ver,,blassen,,,,,,
1006,D1,5072,verbluten,,,,,6. C2+,ver,B2,bluten,"to bleed, to haemorrhage","saigner, avoir une hémorragie",,,,
1006,D1,5073,verblüffen,,,,,6. C2+,ver,,blüffen,,,,,,
1006,D1,5074,verblühen,,,,,6. C2+,ver,C1,blühen,"to bloom, to flourish","fleurir, s'épanouir",,,,
1006,D1,5075,verbocken,,,,,6. C2+,ver,D1,bocken,,,,,,
1006,D1,5076,verbraten,,,,,6. C2+,ver,B1,braten,"to fry, to roast, to sauté","frire, rôtir, sauter",,,,
1006,D1,5077,verbreitern,,,,,6. C2+,ver,,breitern,,,,,,
1006,D1,5078,verbriefen,,,,,6. C2+,ver,,briefen,,,,,,
1006,D1,5079,verbünden,,,,,6. C2+,ver,,bünden,,,,,,
1006,D1,5080,verbürgen,,,,,6. C2+,ver,D1,bürgen,,,,,,
1006,D1,5081,verbüßen,,,,,6. C2+,ver,D1,büßen,,,,,,
1006,D1,5082,verchromen,,,,,6. C2+,ver,,chromen,,,,,,
1006,D1,5083,verdauen,,,,,6. C2+,ver,,dauen,,,,,,
1006,D1,5084,verdenken,,,,,6. C2+,ver,A1,denken,"to think, to consider","penser, considérer",,,,
1006,D1,5085,verdingen,,,,,6. C2+,ver,C2,dingen,,,,,,
1006,D1,5086,verdonnern,,,,,6. C2+,ver,C2,donnern,,,,,,
1006,D1,5087,verdrecken,,,,,6. C2+,ver,,drecken,,,,,,
1006,D1,5088,verdreifachen,,,,,6. C2+,ver,,dreifachen,,,,,,
1006,D1,5089,verdrücken,,,,,6. C2+,ver,B1,drücken,"to press, to push","appuyer, pousser",,,,
1006,D1,5090,verdunkeln,,,,,6. C2+,ver,D1,dunkeln,,,,,,
1006,D1,5091,verdunsten,,,,,6. C2+,ver,,dunsten,,,,,,
1006,D1,5092,verdursten,,,,,6. C2+,ver,,dursten,,,,,,
1006,D1,5093,verdünnen,,,,,6. C2+,ver,,dünnen,,,,,,
1006,D1,5094,veredeln,,,,,6. C2+,ver,,edeln,,,,,,
1006,D1,5095,vereidigen,,,,,6. C2+,ver,,eidigen,,,,,,
1006,D1,5096,vereinheitlichen,,,,,6. C2+,ver,,einheitlichen,,,,,,
1006,D1,5097,vereinnahmen,,,,,6. C2+,ver,,einnahmen,,,,,,
1006,D1,5098,vereinsamen,,,,,6. C2+,ver,,einsamen,,,,,,
1006,D1,5099,vereisen,,,,,6. C2+,ver,C2,eisen,,,,,,
1006,D1,5100,vereiteln,,,,,6. C2+,ver,,eiteln,,,,,,
1006,D1,5101,verenden,,,,,6. C2+,ver,B1,enden,"to end, to finish, to conclude","terminer, achever, conclure",,,,
1006,D1,5102,verengen,,,,,6. C2+,ver,D1,engen,,,,,,
1006,D1,5103,verewigen,,,,,6. C2+,ver,,ewigen,,,,,,
1006,D1,5104,verfangen,,,,,6. C2+,ver,B2,fangen,to catch,attraper,,,,
1006,D1,5105,verfaulen,,,,,6. C2+,ver,D1,faulen,,,,,,
1006,D1,5106,verfechten,,,,,6. C2+,ver,C2,fechten,,,,,,
1006,D1,5107,verfestigen,,,,,6. C2+,ver,C2,festigen,"to stabilize, to strengthen, to consolidate, to secure","stabiliser, renforcer, consolider",,,,
1006,D1,5108,verflachen,,,,,6. C2+,ver,D1,flachen,,,,,,
1006,D1,5109,verflechten,,,,,6. C2+,ver,D1,flechten,,,,,,
1006,D1,5110,verfliegen,,,,,6. C2+,ver,B1,fliegen,"to fly, to travel by plane","voler, voyager en avion",,,,
1006,D1,5111,verflüchtigen,,,,,6. C2+,ver,,flüchtigen,,,,,,
1006,D1,5112,verflüssigen,,,,,6. C2+,ver,,flüssigen,,,,,,
1006,D1,5113,verfrachten,,,,,6. C2+,ver,,frachten,,,,,,
1006,D1,5114,verfremden,,,,,6. C2+,ver,,fremden,,,,,,
1006,D1,5115,verfällen,,,,,6. C2+,ver,C1,fällen,"to fell, to cut down, to precipitate","abattre, couper, fendre",,,,
1006,D1,5116,verfälschen,,,,,6. C2+,ver,D1,fälschen,,,,,,
1006,D1,5117,verfärben,,,,,6. C2+,ver,C1,färben,"to color, to dye","colorer, teindre",,,,
1006,D1,5118,verfüllen,,,,,6. C2+,ver,B2,füllen,"to fill, to stuff","remplir, farcir",,,,
1006,D1,5119,verfünffachen,,,,,6. C2+,ver,,fünffachen,,,,,,
1006,D1,5120,vergaben,,,,,6. C2+,ver,,gaben,,,,,,
1006,D1,5121,vergasen,,,,,6. C2+,ver,,gasen,,,,,,
1006,D1,5122,vergegenwärtigen,,,,,6. C2+,ver,,gegenwärtigen,,,,,,
1006,D1,5123,vergeigen,,,,,6. C2+,ver,,geigen,,,,,,
1006,D1,5124,vergießen,,,,,6. C2+,ver,B2,gießen,"to pour, to water (plants), to cast (metal)","verser, arroser (des plantes), couler (du métal)",,,,
1006,D1,5125,verglasen,,,,,6. C2+,ver,,glasen,,,,,,
1006,D1,5126,verglühen,,,,,6. C2+,ver,C2,glühen,,,,,,
1006,D1,5127,vergolden,,,,,6. C2+,ver,,golden,,,,,,
1006,D1,5128,vergraulen,,,,,6. C2+,ver,,graulen,,,,,,
1006,D1,5129,vergreifen,,,,,6. C2+,ver,B1,greifen,"to grab, to grasp, to seize","saisir, s'emparer",,,,
1006,D1,5130,vergucken,,,,,6. C2+,ver,B2,gucken,"to look, to watch, to peek (coll.)","regarder, épier, jeter un coup d'œil (familier)",,,,
1006,D1,5131,vergären,,,,,6. C2+,ver,C2,gären,,,,,,
1006,D1,5132,vergönnen,,,,,6. C2+,ver,C1,gönnen,"to treat, to allow, to grant","traiter, permettre, accorder",,,,
1006,D1,5133,vergöttern,,,,,6. C2+,ver,,göttern,,,,,,
1006,D1,5134,vergünstigen,,,,,6. C2+,ver,,günstigen,,,,,,
1006,D1,5135,vergüten,,,,,6. C2+,ver,,güten,,,,,,
1006,D1,5136,verhageln,,,,,6. C2+,ver,C1,hageln,"to hail, to volley","saluer, faire une volée",,,,
1006,D1,5137,verhaken,,,,,6. C2+,ver,C2,haken,,,,,,
1006,D1,5138,verhallen,,,,,6. C2+,ver,D1,hallen,,,,,,
1006,D1,5139,verheddern,,,,,6. C2+,ver,,heddern,,,,,,
1006,D1,5140,verhehlen,,,,,6. C2+,ver,,hehlen,,,,,,
1006,D1,5141,verheilen,,,,,6. C2+,ver,B2,heilen,to heal,guérir,,,,
1006,D1,5142,verheizen,,,,,6. C2+,ver,B2,heizen,"to heat, to warm, to fuel","chauffer, se chauffer",,,,
1006,D1,5143,verheißen,,,,,6. C2+,ver,A1,heißen,"to be called, to mean",être appelé,,,,
1006,D1,5144,verherrlichen,,,,,6. C2+,ver,,herrlichen,,,,,,
1006,D1,5145,verhexen,,,,,6. C2+,ver,D1,hexen,,,,,,
1006,D1,5146,verhärten,,,,,6. C2+,ver,C2,härten,to harden,durcir,,,,
1006,D1,5147,verhöhnen,,,,,6. C2+,ver,D1,höhnen,,,,,,
1006,D1,5148,verhökern,,,,,6. C2+,ver,,hökern,,,,,,
1006,D1,5149,verhören,,,,,6. C2+,ver,A1,hören,"to hear, to listen to","entendre, écouter",,,,
1006,D1,5150,verhüllen,,,,,6. C2+,ver,D1,hüllen,,,,,,
1006,D1,5151,verhüten,,,,,6. C2+,ver,C2,hüten,,,,,,
1006,D1,5152,verinnerlichen,,,,,6. C2+,ver,,innerlichen,,,,,,
1006,D1,5153,verirren,,,,,6. C2+,ver,C1,irren,"to err, to wander",se tromper,,,,
1006,D1,5154,verjagen,,,,,6. C2+,ver,B2,jagen,"to hunt, to chase, to pursue","chasser, poursuivre",,,,
1006,D1,5155,verjähren,,,,,6. C2+,ver,D1,jähren,,,,,,
1006,D1,5156,verjüngen,,,,,6. C2+,ver,,jüngen,,,,,,
1006,D1,5157,verkabeln,,,,,6. C2+,ver,C2,kabeln,,,,,,
1006,D1,5158,verkeilen,,,,,6. C2+,ver,,keilen,,,,,,
1006,D1,5159,verkennen,,,,,6. C2+,ver,A1,kennen,"to know, to be acquainted with, to be familiar with","connaître, être familier avec",,,,
1006,D1,5160,verklingen,,,,,6. C2+,ver,B2,klingen,"to sound, to ring, to seem","sonner, sonner, sembler",,,,
1006,D1,5161,verklären,,,,,6. C2+,ver,B2,klären,"to clarify, to resolve, to clear up","clarifier, résoudre, éclaircir",,,,
1006,D1,5162,verknallen,,,,,6. C2+,ver,C2,knallen,,,,,,
1006,D1,5163,verkneifen,,,,,6. C2+,ver,C2,kneifen,,,,,,
1006,D1,5164,verkneten,,,,,6. C2+,ver,D1,kneten,,,,,,
1006,D1,5165,verknoten,,,,,6. C2+,ver,C1,knoten,"to knot, to knit","nouer, tricoter",,,,
1006,D1,5166,verkochen,,,,,6. C2+,ver,A1,kochen,"to cook, to boil (to heat a liquid), to boil something","cuire, faire bouillir (chauffer un liquide), faire bouillir quelque chose",,,,
1006,D1,5167,verkomplizieren,,,,,6. C2+,ver,C2,komplizieren,,,,,,
1006,D1,5168,verkosten,,,,,6. C2+,ver,A1,kosten,"to cost, to taste",coûter,,,,
1006,D1,5169,verkrampfen,,,,,6. C2+,ver,,krampfen,,,,,,
1006,D1,5170,verkratzen,,,,,6. C2+,ver,C1,kratzen,"to scratch, to scrape","gratter, racler",,,,
1006,D1,5171,verkriechen,,,,,6. C2+,ver,C2,kriechen,"to creep, to crawl, to grovel, to cringe",,,,,
1006,D1,5172,verköstigen,,,,,6. C2+,ver,,köstigen,,,,,,
1006,D1,5173,verkümmern,,,,,6. C2+,ver,B1,kümmern,"to take care (refl.), to trouble, to concern","prendre soin (réfl.), être troublé par, se préoccuper",,,,
1006,D1,5174,verkündigen,,,,,6. C2+,ver,B2,kündigen,"to resign, to quit, to terminate, to cancel","démissionner, quitter, mettre fin à, annuler",,,,
1006,D1,5175,verladen,,,,,6. C2+,ver,B1,laden,"to load, to charge, to invite","charger, inviter",,,,
1006,D1,5176,verlautbaren,,,,,6. C2+,ver,,lautbaren,,,,,,
1006,D1,5177,verlernen,,,,,6. C2+,ver,A1,lernen,"to learn, to study, to train something","apprendre, étudier, se former à quelque chose",,,,
1006,D1,5178,verleugnen,,,,,6. C2+,ver,C2,leugnen,,,,,,
1006,D1,5179,verleumden,,,,,6. C2+,ver,,leumden,,,,,,
1006,D1,5180,verloben,,,,,6. C2+,ver,B2,loben,"to praise, to commend","louer, féliciter",,,,
1006,D1,5181,verlocken,,,,,6. C2+,ver,C1,locken,"to entice, to lure, to rock, to tempt","attirer, allécher",,,,
1006,D1,5182,verlorengehen,,,,,6. C2+,ver,,lorengehen,,,,,,
1006,D1,5183,vermachen,,,,,6. C2+,ver,A1,machen,"to make, to prepare, to do","faire, préparer",,,,
1006,D1,5184,vermengen,,,,,6. C2+,ver,C2,mengen,,,,,,
1006,D1,5185,vermessen,,,,,6. C2+,ver,B1,messen,"to measure, to gauge","mesurer, jauger",,,,
1006,D1,5186,vermiesen,,,,,6. C2+,ver,,miesen,,,,,,
1006,D1,5187,vermummen,,,,,6. C2+,ver,,mummen,,,,,,
1006,D1,5188,vermählen,,,,,6. C2+,ver,,mählen,,,,,,
1006,D1,5189,vernaschen,,,,,6. C2+,ver,C2,naschen,,,,,,
1006,D1,5190,vernebeln,,,,,6. C2+,ver,,nebeln,,,,,,
1006,D1,5191,verneigen,,,,,6. C2+,ver,C1,neigen,"to lean, to tilt, to tend","s'incliner, pencher, tendre",,,,
1006,D1,5192,vernähen,,,,,6. C2+,ver,C1,nähen,"to sew, to stitch, to seam","coudre, piquer, assembler",,,,
1006,D1,5193,verorten,,,,,6. C2+,ver,C2,orten,,,,,,
1006,D1,5194,verpachten,,,,,6. C2+,ver,C2,pachten,,,,,,
1006,D1,5195,verpatzen,,,,,6. C2+,ver,D1,patzen,,,,,,
1006,D1,5196,verpennen,,,,,6. C2+,ver,D1,pennen,,,,,,
1006,D1,5197,verpflanzen,,,,,6. C2+,ver,B2,pflanzen,"to plant, to sow","planter, semer",,,,
1006,D1,5198,verpfänden,,,,,6. C2+,ver,D1,pfänden,,,,,,
1006,D1,5199,verplanen,,,,,6. C2+,ver,A2,planen,"to plan, to schedule","planifier, programmer",,,,
1006,D1,5200,verprellen,,,,,6. C2+,ver,D1,prellen,,,,,,
1006,D1,5201,verpuffen,,,,,6. C2+,ver,,puffen,,,,,,
1006,D1,5202,verpulvern,,,,,6. C2+,ver,,pulvern,,,,,,
1006,D1,5203,verputzen,,,,,6. C2+,ver,B1,putzen,"to clean, to rub","nettoyer, frotter",,,,
1006,D1,5204,verpönen,,,,,6. C2+,ver,,pönen,,,,,,
1006,D1,5205,verquirlen,,,,,6. C2+,ver,,quirlen,,,,,,
1006,D1,5206,verrauchen,,,,,6. C2+,ver,A2,rauchen,to smoke (e.g. a cigarette),fumer (par exemple une cigarette),,,,
1006,D1,5207,verrecken,,,,,6. C2+,ver,D1,recken,,,,,,
1006,D1,5208,verrennen,,,,,6. C2+,ver,B1,rennen,"to run, to race, to sprint","courir, faire la course, sprinter",,,,
1006,D1,5209,verrotten,,,,,6. C2+,ver,,rotten,,,,,,
1006,D1,5210,verrutschen,,,,,6. C2+,ver,C2,rutschen,,,,,,
1006,D1,5211,verrücken,,,,,6. C2+,ver,B2,rücken,"to move, to shift, to edge, to advance","déplacer, décaler, border, avancer",,,,
1006,D1,5212,versanden,,,,,6. C2+,ver,,sanden,,,,,,
1006,D1,5213,versauern,,,,,6. C2+,ver,,sauern,,,,,,
1006,D1,5214,verschanzen,,,,,6. C2+,ver,,schanzen,,,,,,
1006,D1,5215,verscharren,,,,,6. C2+,ver,D1,scharren,,,,,,
1006,D1,5216,verscherbeln,,,,,6. C2+,ver,,scherbeln,,,,,,
1006,D1,5217,verscherzen,,,,,6. C2+,ver,C2,scherzen,,,,,,
1006,D1,5218,verscheuchen,,,,,6. C2+,ver,D1,scheuchen,,,,,,
1006,D1,5219,verschießen,,,,,6. C2+,ver,B2,schießen,"to shoot, to fire","tirer, faire feu",,,,
1006,D1,5220,verschiffen,,,,,6. C2+,ver,D1,schiffen,,,,,,
1006,D1,5221,verschlagworten,,,,,6. C2+,ver,,schlagworten,,,,,,
1006,D1,5222,verschlanken,,,,,6. C2+,ver,,schlanken,,,,,,
1006,D1,5223,verschleiern,,,,,6. C2+,ver,,schleiern,,,,,,
1006,D1,5224,verschleudern,,,,,6. C2+,ver,C2,schleudern,,,,,,
1006,D1,5225,verschlimmern,,,,,6. C2+,ver,,schlimmern,,,,,,
1006,D1,5226,verschlucken,,,,,6. C2+,ver,C2,schlucken,,,,,,
1006,D1,5227,verschmerzen,,,,,6. C2+,ver,C1,schmerzen,"to hurt, to ache","faire mal, souffrir",,,,
1006,D1,5228,verschmieren,,,,,6. C2+,ver,C2,schmieren,,,,,,
1006,D1,5229,verschmähen,,,,,6. C2+,ver,D1,schmähen,,,,,,
1006,D1,5230,verschrauben,,,,,6. C2+,ver,C2,schrauben,,,,,,
1006,D1,5231,verschrecken,,,,,6. C2+,ver,C1,schrecken,"to frighten, to scare, to startle","effrayer, faire peur, surprendre",,,,
1006,D1,5232,verschreien,,,,,6. C2+,ver,B1,schreien,"to scream, to shout, to yell","crier, hurler",,,,
1006,D1,5233,verschrotten,,,,,6. C2+,ver,,schrotten,,,,,,
1006,D1,5234,verschränken,,,,,6. C2+,ver,C2,schränken,,,,,,
1006,D1,5235,verschulden,,,,,6. C2+,ver,C1,schulden,"to owe, to be due to","devoir, être dû à",,,,
1006,D1,5236,verschwimmen,,,,,6. C2+,ver,A2,schwimmen,"to swim, to float","nager, flotter",,,,
1006,D1,5237,verschwitzen,,,,,6. C2+,ver,B2,schwitzen,"to sweat, to be in a sweat","transpirer, être en sueur",,,,
1006,D1,5238,verschwören,,,,,6. C2+,ver,C1,schwören,"to swear, to take an oath","jurer, prêter serment",,,,
1006,D1,5239,verschätzen,,,,,6. C2+,ver,B1,schätzen,"to appreciate, to evaluate, to guess","apprécier, évaluer",,,,
1006,D1,5240,verselbstständigen,,,,,6. C2+,ver,,selbstständigen,,,,,,
1006,D1,5241,verselbständigen,,,,,6. C2+,ver,,selbständigen,,,,,,
1006,D1,5242,versemmeln,,,,,6. C2+,ver,,semmeln,,,,,,
1006,D1,5243,verseuchen,,,,,6. C2+,ver,,seuchen,,,,,,
1006,D1,5244,versickern,,,,,6. C2+,ver,D1,sickern,,,,,,
1006,D1,5245,versieben,,,,,6. C2+,ver,C1,sieben,"to sieve, to filter","tamiser, filtrer",,,,
1006,D1,5246,versiegeln,,,,,6. C2+,ver,,siegeln,,,,,,
1006,D1,5247,versiegen,,,,,6. C2+,ver,C1,siegen,"to win, to prevail, to triumph","gagner, triompher, prévaloir",,,,
1006,D1,5248,versieren,,,,,6. C2+,ver,,sieren,,,,,,
1006,D1,5249,versilbern,,,,,6. C2+,ver,,silbern,,,,,,
1006,D1,5250,versinnbildlichen,,,,,6. C2+,ver,,sinnbildlichen,,,,,,
1006,D1,5251,versklaven,,,,,6. C2+,ver,,sklaven,,,,,,
1006,D1,5252,verspannen,,,,,6. C2+,ver,C2,spannen,,,,,,
1006,D1,5253,verspeisen,,,,,6. C2+,ver,C2,speisen,,,,,,
1006,D1,5254,verspinnen,,,,,6. C2+,ver,C1,spinnen,"to spin, to act strangely, to act up","tisser, filer",,,,
1006,D1,5255,verspotten,,,,,6. C2+,ver,D1,spotten,to mock,se moquer,,,,
1006,D1,5256,versprühen,,,,,6. C2+,ver,C1,sprühen,"to spray, to atomize, to disperse","pulvériser, atomiser, disperser",,,,
1006,D1,5257,verstaatlichen,,,,,6. C2+,ver,,staatlichen,,,,,,
1006,D1,5258,versteifen,,,,,6. C2+,ver,D1,steifen,,,,,,
1006,D1,5259,versteigen,,,,,6. C2+,ver,A2,steigen,"to ascend, to climb, to rise","monter, grimper, s'élever",,,,
1006,D1,5260,versteinern,,,,,6. C2+,ver,,steinern,,,,,,
1006,D1,5261,verstetigen,,,,,6. C2+,ver,,stetigen,,,,,,
1006,D1,5262,versteuern,,,,,6. C2+,ver,B2,steuern,"to steer, to control, to govern","diriger, contrôler, gouverner",,,,
1006,D1,5263,verstimmen,,,,,6. C2+,ver,B1,stimmen,"to be true, to vote, to tune","être vrai, voter, s'accorder",,,,
1006,D1,5264,verstopfen,,,,,6. C2+,ver,C1,stopfen,"to stuff, to darn, to jam","bourrer, combler",,,,
1006,D1,5265,verstricken,,,,,6. C2+,ver,C1,stricken,to knit,tricoter,,,,
1006,D1,5266,verströmen,,,,,6. C2+,ver,C1,strömen,"to flow, to stream, to course","couler, ruisseler, suivre le cours",,,,
1006,D1,5267,verstummen,,,,,6. C2+,ver,,stummen,,,,,,
1006,D1,5268,verstören,,,,,6. C2+,ver,A2,stören,"to disturb, to interfere","déranger, interférer",,,,
1006,D1,5269,verstümmeln,,,,,6. C2+,ver,,stümmeln,,,,,,
1006,D1,5270,versöhnen,,,,,6. C2+,ver,,söhnen,,,,,,
1006,D1,5271,versüßen,,,,,6. C2+,ver,D1,süßen,,,,,,
1006,D1,5272,vertauschen,,,,,6. C2+,ver,C1,tauschen,"to swap, to trade, to exchange","échanger, troquer, échanger",,,,
1006,D1,5273,verteufeln,,,,,6. C2+,ver,,teufeln,,,,,,
1006,D1,5274,vertilgen,,,,,6. C2+,ver,D1,tilgen,,,,,,
1006,D1,5275,vertonen,,,,,6. C2+,ver,,tonen,,,,,,
1006,D1,5276,vertrocknen,,,,,6. C2+,ver,B2,trocknen,"to dry, to dehumidify","sécher, déshumidifier",,,,
1006,D1,5277,vertrösten,,,,,6. C2+,ver,C1,trösten,"to console, to comfort, to bring comfort to","consoler, réconforter, apporter du réconfort à",,,,
1006,D1,5278,vertun,,,,,6. C2+,ver,A1,tun,"to do, to do something to someone","faire, faire quelque chose à quelqu'un",,,,
1006,D1,5279,vertuschen,,,,,6. C2+,ver,,tuschen,,,,,,
1006,D1,5280,verunglimpfen,,,,,6. C2+,ver,,unglimpfen,,,,,,
1006,D1,5281,verunmöglichen,,,,,6. C2+,ver,,unmöglichen,,,,,,
1006,D1,5282,verunstalten,,,,,6. C2+,ver,,unstalten,,,,,,
1006,D1,5283,veruntreuen,,,,,6. C2+,ver,,untreuen,,,,,,
1006,D1,5284,vervielfachen,,,,,6. C2+,ver,,vielfachen,,,,,,
1006,D1,5285,vervielfältigen,,,,,6. C2+,ver,,vielfältigen,,,,,,
1006,D1,5286,vervierfachen,,,,,6. C2+,ver,,vierfachen,,,,,,
1006,D1,5287,vervollkommnen,,,,,6. C2+,ver,,vollkommnen,,,,,,
1006,D1,5288,verwachsen,,,,,6. C2+,ver,B1,wachsen,"to grow, to increase","grandir, augmenter",,,,
1006,D1,5289,verwahren,,,,,6. C2+,ver,C2,wahren,"to protect, to safeguard, to maintain, to preserve","protéger, sauvegarder, maintenir, préserver",,,,
1006,D1,5290,verwaisen,,,,,6. C2+,ver,,waisen,,,,,,
1006,D1,5291,verwarnen,,,,,6. C2+,ver,B2,warnen,"to warn, to caution","avertir, mettre en garde",,,,
1006,D1,5292,verweben,,,,,6. C2+,ver,C2,weben,"to weave, to fabricate","tisser, tramer",,,,
1006,D1,5293,verwildern,,,,,6. C2+,ver,D1,wildern,,,,,,
1006,D1,5294,verwinden,,,,,6. C2+,ver,C2,winden,,,,,,
1006,D1,5295,verwirken,,,,,6. C2+,ver,B1,wirken,"to have an effect, to work","avoir un effet, functionner",,,,
1006,D1,5296,verwischen,,,,,6. C2+,ver,C2,wischen,,,,,,
1006,D1,5297,verwitwen,,,,,6. C2+,ver,,witwen,,,,,,
1006,D1,5298,verwurzeln,,,,,6. C2+,ver,C2,wurzeln,,,,,,
1006,D1,5299,verwässern,,,,,6. C2+,ver,D1,wässern,,,,,,
1006,D1,5300,verwüsten,,,,,6. C2+,ver,,wüsten,,,,,,
1006,D1,5301,verzagen,,,,,6. C2+,ver,,zagen,,,,,,
1006,D1,5302,verzahnen,,,,,6. C2+,ver,,zahnen,,,,,,
1006,D1,5303,verzapfen,,,,,6. C2+,ver,C2,zapfen,"to tap, to connect, to drain, to draw",,,,,
1006,D1,5304,verzehnfachen,,,,,6. C2+,ver,,zehnfachen,,,,,,
1006,D1,5305,verzerren,,,,,6. C2+,ver,D1,zerren,,,,,,
1006,D1,5306,verzetteln,,,,,6. C2+,ver,,zetteln,,,,,,
1006,D1,5307,verzinken,,,,,6. C2+,ver,,zinken,,,,,,
1006,D1,5308,verzinsen,,,,,6. C2+,ver,D1,zinsen,,,,,,
1006,D1,5309,verzocken,,,,,6. C2+,ver,D1,zocken,,,,,,
1006,D1,5310,verzweigen,,,,,6. C2+,ver,,zweigen,,,,,,
1006,D1,5311,verzücken,,,,,6. C2+,ver,D1,zücken,,,,,,
1006,D1,5312,verängstigen,,,,,6. C2+,ver,D1,ängstigen,to frighten,effrayer,,,,
1006,D1,5313,veräppeln,,,,,6. C2+,ver,,äppeln,,,,,,
1006,D1,5314,verärgern,,,,,6. C2+,ver,B1,ärgern,"to annoy, to irritate, to anger","irriter, mettre en colère",,,,
1006,D1,5315,veröden,,,,,6. C2+,ver,,öden,,,,,,
1006,D1,5316,verübeln,,,,,6. C2+,ver,,übeln,,,,,,
1006,D1,5326,vorarbeiten,,,,,6. C2+,vor,A1,arbeiten,to work,travailler,,,,
1006,D1,5327,voraussagen,,,,,6. C2+,vor,C1,aussagen,"to testify, to state","témoigner, déclarer",,,,
1006,D1,5328,vorausschauen,,,,,6. C2+,vor,D1,ausschauen,,,,,,
1006,D1,5329,voraussehen,,,,,6. C2+,vor,A2,aussehen,"to look like, to appear","paraître, ressembler, apparaître",,,,
1006,D1,5330,vorbeibringen,,,,,6. C2+,vor,C1,beibringen,"to teach, to break (news, information) carefully to, to inflict","enseigner, annoncer (des nouvelles, des informations) avec précaution, infliger",,,,
1006,D1,5331,vorbeifahren,,,,,6. C2+,vor,,beifahren,,,,,,
1006,D1,5332,vorbeiführen,,,,,6. C2+,vor,,beiführen,,,,,,
1006,D1,5333,vorbeilaufen,,,,,6. C2+,vor,,beilaufen,,,,,,
1006,D1,5334,vorbeischrammen,,,,,6. C2+,vor,,beischrammen,,,,,,
1006,D1,5335,vorbeiziehen,,,,,6. C2+,vor,D1,beiziehen,,,,,,
1006,D1,5336,vordringen,,,,,6. C2+,vor,C1,dringen,"to insist, the seep, to penetrate","insister, s'infiltrer, pénétrer",,,,
1006,D1,5337,voreinstellen,,,,,6. C2+,vor,B2,einstellen,"to hire, to adjust, to stop","embaucher, ajuster, arrêter",,,,
1006,D1,5338,vorentscheiden,,,,,6. C2+,vor,A2,entscheiden,to decide,décider,,,,
1006,D1,5339,vorfallen,,,,,6. C2+,vor,B1,fallen,"to fall, to fall in battle, to collapse","tomber, tomber au combat, s'effondrer",,,,
1006,D1,5340,vorfinanzieren,,,,,6. C2+,vor,B2,finanzieren,"to finance, to fund","financer, financer",,,,
1006,D1,5341,vorgaukeln,,,,,6. C2+,vor,D1,gaukeln,,,,,,
1006,D1,5342,vorgreifen,,,,,6. C2+,vor,B1,greifen,"to grab, to grasp, to seize","saisir, s'emparer",,,,
1006,D1,5343,vorheizen,,,,,6. C2+,vor,B2,heizen,"to heat, to warm, to fuel","chauffer, se chauffer",,,,
1006,D1,5344,vorhersehen,,,,,6. C2+,vor,D1,hersehen,,,,,,
1006,D1,5345,vorinstallieren,,,,,6. C2+,vor,B2,installieren,"to install, to set up","installer, configurer",,,,
1006,D1,5346,vorladen,,,,,6. C2+,vor,B1,laden,"to load, to charge, to invite","charger, inviter",,,,
1006,D1,5347,vorlassen,,,,,6. C2+,vor,A2,lassen,"to let, to leave, to allow","laisser, quitter, permettre",,,,
1006,D1,5348,vorleben,,,,,6. C2+,vor,A1,leben,to live,vivre,,,,
1006,D1,5349,vormachen,,,,,6. C2+,vor,A1,machen,"to make, to prepare, to do","faire, préparer",,,,
1006,D1,5350,vormerken,,,,,6. C2+,vor,A2,merken,"to notice, to realise, to remember (refl.)","remarquer, se rendre compte, se souvenir (réfl.)",,,,
1006,D1,5351,vormontieren,,,,,6. C2+,vor,C2,montieren,,,,,,
1006,D1,5352,vorpreschen,,,,,6. C2+,vor,D1,preschen,,,,,,
1006,D1,5353,vorprogrammieren,,,,,6. C2+,vor,C2,programmieren,,,,,,
1006,D1,5354,vorrechnen,,,,,6. C2+,vor,B1,rechnen,"to calculate, to expect, to count on","calculer, s'attendre à, compter sur",,,,
1006,D1,5355,vorrücken,,,,,6. C2+,vor,B2,rücken,"to move, to shift, to edge, to advance","déplacer, décaler, border, avancer",,,,
1006,D1,5356,vorschieben,,,,,6. C2+,vor,B2,schieben,"to push, to shove, to wheel","pousser, bousculer, faire tourner",,,,
1006,D1,5357,vorschweben,,,,,6. C2+,vor,C1,schweben,"to over, to float, to glide","flotter, planer",,,,
1006,D1,5358,vorsetzen,,,,,6. C2+,vor,A2,setzen,"to set, to sit down (refl.)",s'asseoir (réfl.),,,,
1006,D1,5359,vorsingen,,,,,6. C2+,vor,A2,singen,to sing,chanter,,,,
1006,D1,5360,vorsorgen,,,,,6. C2+,vor,A2,sorgen,"to care, to worry","se soucier, s'inquiéter",,,,
1006,D1,5361,vorspielen,,,,,6. C2+,vor,A1,spielen,to play,jouer,,,,
1006,D1,5362,vorsprechen,,,,,6. C2+,vor,A1,sprechen,to speak,parler (une langue),,,,
1006,D1,5363,vorstoßen,,,,,6. C2+,vor,B2,stoßen,"to push, to bump, to kick, to thrust","pousser, cogner, donner un coup de pied",,,,
1006,D1,5364,vorverlegen,,,,,6. C2+,vor,C1,verlegen,"to install, to lay, to misplace, to publish","installer, poser, égarer, publier",,,,
1006,D1,5365,vorwarnen,,,,,6. C2+,vor,B2,warnen,"to warn, to caution","avertir, mettre en garde",,,,
1006,D1,5366,vorwegnehmen,,,,,6. C2+,vor,C1,wegnehmen,"to take away, to remove, to abstract, to cancel","enlever, supprimer, abstraire, annuler",,,,
1006,D1,5367,vorzeigen,,,,,6. C2+,vor,A1,zeigen,"to show, to point at, to demonstrate","montrer, pointer du doigt, démontrer",,,,
1006,D1,5381,wegblasen,,,,,6. C2+,weg,C1,blasen,"to blow, to play, to puff, to breathe on, to emit",souffler,,,,
1006,D1,5382,wegbleiben,,,,,6. C2+,weg,A1,bleiben,"to remain, to stay",rester,,,,
1006,D1,5383,wegbrechen,,,,,6. C2+,weg,A2,brechen,to break,"casser, briser",,,,
1006,D1,5384,wegbringen,,,,,6. C2+,weg,A1,bringen,"to bring, to take, to lead","apporter, prendre, conduire",,,,
1006,D1,5385,wegfliegen,,,,,6. C2+,weg,B1,fliegen,"to fly, to travel by plane","voler, voyager en avion",,,,
1006,D1,5386,weggeben,,,,,6. C2+,weg,A1,geben,to give,donner,,,,
1006,D1,5387,wegkommen,,,,,6. C2+,weg,A1,kommen,"to come, to make it (e.g. over something), to go to, to occur","venir, aller à, se produire",,,,
1006,D1,5388,weglegen,,,,,6. C2+,weg,A2,legen,"to lay, to lean, to lie down","poser, se pencher, s'allonger",,,,
1006,D1,5389,wegrennen,,,,,6. C2+,weg,B1,rennen,"to run, to race, to sprint","courir, faire la course, sprinter",,,,
1006,D1,5390,wegschieben,,,,,6. C2+,weg,B2,schieben,"to push, to shove, to wheel","pousser, bousculer, faire tourner",,,,
1006,D1,5391,wegschnappen,,,,,6. C2+,weg,C1,schnappen,"to snap (with one's mouth), to catch, to nab (a criminal) (coll.)","claquer (avec sa bouche), attraper, choper (un criminel) (coll.)",,,,
1006,D1,5392,wegschneiden,,,,,6. C2+,weg,B1,schneiden,"to cut, to slice","couper, trancher",,,,
1006,D1,5393,wegsehen,,,,,6. C2+,weg,A1,sehen,"to see, to realise","voir, se rendre compte",,,,
1006,D1,5394,wegsperren,,,,,6. C2+,weg,C1,sperren,"to block, to lock, to close off","bloquer, verrouiller, fermer",,,,
1006,D1,5395,wegspülen,,,,,6. C2+,weg,B1,spülen,"to rinse, to wash, to flush","rincer, laver, tirer la chasse",,,,
1006,D1,5396,wegstecken,,,,,6. C2+,weg,B2,stecken,"to stick, to pin","coller, épingler",,,,
1006,D1,5397,wegwischen,,,,,6. C2+,weg,C2,wischen,,,,,,
1006,D1,5400,weiterarbeiten,,,,,6. C2+,weiter,A1,arbeiten,to work,travailler,,,,
1006,D1,5401,weiterbauen,,,,,6. C2+,weiter,A2,bauen,to build,construire,,,,
1006,D1,5402,weiterbeschäftigen,,,,,6. C2+,weiter,B1,beschäftigen,"to employ, to occupy, to engage","employer, occuper, engager",,,,
1006,D1,5403,weiterbetreiben,,,,,6. C2+,weiter,C1,betreiben,"to operate, to run, to conduct","opérer, diriger, conduire",,,,
1006,D1,5404,weiterbringen,,,,,6. C2+,weiter,A1,bringen,"to bring, to take, to lead","apporter, prendre, conduire",,,,
1006,D1,5405,weiterdenken,,,,,6. C2+,weiter,A1,denken,"to think, to consider","penser, considérer",,,,
1006,D1,5406,weitererzählen,,,,,6. C2+,weiter,A1,erzählen,"to tell, to narrate","raconter, narrer",,,,
1006,D1,5407,weiterkommen,,,,,6. C2+,weiter,A1,kommen,"to come, to make it (e.g. over something), to go to, to occur","venir, aller à, se produire",,,,
1006,D1,5408,weiterkämpfen,,,,,6. C2+,weiter,A2,kämpfen,"to fight, to struggle","se battre, lutter",,,,
1006,D1,5409,weiterlaufen,,,,,6. C2+,weiter,A1,laufen,"to walk, to flow (of a fluid), to run (of an event)","marcher, couler (un fluide), se dérouler (un événement)",,,,
1006,D1,5410,weiterleben,,,,,6. C2+,weiter,A1,leben,to live,vivre,,,,
1006,D1,5411,weiterreichen,,,,,6. C2+,weiter,B2,reichen,"to reach, to hand, to be enough","atteindre, mettre la main, être suffisant",,,,
1006,D1,5412,weiterreisen,,,,,6. C2+,weiter,A1,reisen,to travel,voyager,,,,
1006,D1,5413,weiterschreiben,,,,,6. C2+,weiter,A1,schreiben,to write,écrire,,,,
1006,D1,5414,weiterspielen,,,,,6. C2+,weiter,A1,spielen,to play,jouer,,,,
1006,D1,5415,weitertragen,,,,,6. C2+,weiter,A1,tragen,"to wear (clothing), to carry, to hold","porter (des vêtements), transporter, tenir",,,,
1006,D1,5416,weiterverarbeiten,,,,,6. C2+,weiter,C1,verarbeiten,"to process, to handle, to work through","traiter, manipuler, travailler",,,,
1006,D1,5417,weiterverbreiten,,,,,6. C2+,weiter,C1,verbreiten,"to spread, to disseminate, to distribute","diffuser, propager, distribuer",,,,
1006,D1,5418,weiterverfolgen,,,,,6. C2+,weiter,B2,verfolgen,"to pursue, to track, to follow, to prosecute","poursuivre, pister, suivre",,,,
1006,D1,5419,weiterverkaufen,,,,,6. C2+,weiter,A1,verkaufen,to sell,vendre,,,,
1006,D1,5420,weiterverwenden,,,,,6. C2+,weiter,B2,verwenden,"to use, to employ, to utilize","utiliser, employer, exploiter",,,,
1006,D1,5421,weiterwachsen,,,,,6. C2+,weiter,B1,wachsen,"to grow, to increase","grandir, augmenter",,,,
1006,D1,5422,weiterziehen,,,,,6. C2+,weiter,A1,ziehen,"to pull, to drag, to move","tirer, traîner, déplacer",,,,
1006,D1,5465,zerbersten,,,,,6. C2+,zer,C2,bersten,,,,,,
1006,D1,5466,zerbröseln,,,,,6. C2+,zer,,bröseln,,,,,,
1006,D1,5467,zerdrücken,,,,,6. C2+,zer,B1,drücken,"to press, to push","appuyer, pousser",,,,
1006,D1,5468,zerfallen,,,,,6. C2+,zer,B1,fallen,"to fall, to fall in battle, to collapse","tomber, tomber au combat, s'effondrer",,,,
1006,D1,5469,zerfetzen,,,,,6. C2+,zer,D1,fetzen,,,,,,
1006,D1,5470,zerfleischen,,,,,6. C2+,zer,,fleischen,,,,,,
1006,D1,5471,zergehen,,,,,6. C2+,zer,A1,gehen,"to go, to leave, to work, to function (coll.), to be going (Dat.), to be all right (Dat.)","aller, partir, fonctionner (familier)",,,,
1006,D1,5472,zerknirschen,,,,,6. C2+,zer,D1,knirschen,,,,,,
1006,D1,5473,zerkratzen,,,,,6. C2+,zer,C1,kratzen,"to scratch, to scrape","gratter, racler",,,,
1006,D1,5474,zermürben,,,,,6. C2+,zer,,mürben,,,,,,
1006,D1,5475,zerpflücken,,,,,6. C2+,zer,D1,pflücken,,,,,,
1006,D1,5476,zerplatzen,,,,,6. C2+,zer,C2,platzen,,,,,,
1006,D1,5477,zerquetschen,,,,,6. C2+,zer,C2,quetschen,,,,,,
1006,D1,5478,zerreden,,,,,6. C2+,zer,A1,reden,to talk,"parler, discuter",,,,
1006,D1,5479,zerreiben,,,,,6. C2+,zer,C2,reiben,,,,,,
1006,D1,5480,zerren,,,,,6. C2+,zer,,ren,,,,,,
1006,D1,5481,zerrütten,,,,,6. C2+,zer,,rütten,,,,,,
1006,D1,5482,zerschellen,,,,,6. C2+,zer,,schellen,,,,,,
1006,D1,5483,zerschießen,,,,,6. C2+,zer,B2,schießen,"to shoot, to fire","tirer, faire feu",,,,
1006,D1,5484,zerschmettern,,,,,6. C2+,zer,D1,schmettern,,,,,,
1006,D1,5485,zerschneiden,,,,,6. C2+,zer,B1,schneiden,"to cut, to slice","couper, trancher",,,,
1006,D1,5486,zersetzen,,,,,6. C2+,zer,A2,setzen,"to set, to sit down (refl.)",s'asseoir (réfl.),,,,
1006,D1,5487,zerstechen,,,,,6. C2+,zer,B2,stechen,"to sting, to prick, to puncture, to pierce","piquer, percer",,,,
1006,D1,5488,zerstreuen,,,,,6. C2+,zer,C2,streuen,,,,,,
1006,D1,5489,zerstückeln,,,,,6. C2+,zer,,stückeln,,,,,,
1006,D1,5490,zersägen,,,,,6. C2+,zer,D1,sägen,,,,,,
1006,D1,5491,zerteilen,,,,,6. C2+,zer,A2,teilen,"to split, to share, to divide","diviser, partager",,,,
1006,D1,5492,zertreten,,,,,6. C2+,zer,B2,treten,"to step, to kick, to enter","marcher, donner un coup de pied, entrer",,,,
1006,D1,5493,zertrümmern,,,,,6. C2+,zer,,trümmern,,,,,,
1006,D1,5499,zuarbeiten,,,,,6. C2+,zu,A1,arbeiten,to work,travailler,,,,
1006,D1,5500,zubewegen,,,,,6. C2+,zu,A2,bewegen,to move,se déplacer,,,,
1006,D1,5501,zubilligen,,,,,6. C2+,zu,D1,billigen,,,,,,
1006,D1,5502,zubringen,,,,,6. C2+,zu,A1,bringen,"to bring, to take, to lead","apporter, prendre, conduire",,,,
1006,D1,5503,zudecken,,,,,6. C2+,zu,B2,decken,"to cover, to set (a table), to hedge","couvrir, dresser (une table), se protéger",,,,
1006,D1,5504,zudenken,,,,,6. C2+,zu,A1,denken,"to think, to consider","penser, considérer",,,,
1006,D1,5505,zudrücken,,,,,6. C2+,zu,B1,drücken,"to press, to push","appuyer, pousser",,,,
1006,D1,5506,zuerkennen,,,,,6. C2+,zu,B1,erkennen,"to recognize, to realise","reconnaître, réaliser",,,,
1006,D1,5507,zufahren,,,,,6. C2+,zu,A1,fahren,"to go (by vehicle), to leave, to drive","aller (en véhicule), partir, conduire",,,,
1006,D1,5508,zufallen,,,,,6. C2+,zu,B1,fallen,"to fall, to fall in battle, to collapse","tomber, tomber au combat, s'effondrer",,,,
1006,D1,5509,zufliegen,,,,,6. C2+,zu,B1,fliegen,"to fly, to travel by plane","voler, voyager en avion",,,,
1006,D1,5510,zufließen,,,,,6. C2+,zu,B2,fließen,"to flow, to run","couler, courir",,,,
1006,D1,5511,zufriedengeben,,,,,6. C2+,zufrieden,A1,geben,to give,donner,,,,
1006,D1,5512,zufriedenstellen,,,,,6. C2+,zufrieden,A2,stellen,"to position, to put, to catch","positionner, mettre",,,,
1006,D1,5513,zufrieren,,,,,6. C2+,zu,B2,frieren,"to freeze, to feel cold","geler, avoir froid",,,,
1006,D1,5514,zugehören,,,,,6. C2+,zu,A2,gehören,to belong to,appartenir à,,,,
1006,D1,5515,zugucken,,,,,6. C2+,zu,B2,gucken,"to look, to watch, to peek (coll.)","regarder, épier, jeter un coup d'œil (familier)",,,,
1006,D1,5516,zugutekommen,,,,,6. C2+,zugute,A1,kommen,"to come, to make it (e.g. over something), to go to, to occur","venir, aller à, se produire",,,,
1006,D1,5517,zuhalten,,,,,6. C2+,zu,A1,halten,"to hold, to stop (a movement), to support, to keep","tenir, arrêter (un mouvement), soutenir, garder",,,,
1006,D1,5518,zujubeln,,,,,6. C2+,zu,C2,jubeln,,,,,,
1006,D1,5519,zukaufen,,,,,6. C2+,zu,A1,kaufen,to buy,acheter,,,,
1006,D1,5520,zuklappen,,,,,6. C2+,zu,B2,klappen,"to work out, to go smoothly, to fold","se dérouler, se dérouler sans problème, se plier",,,,
1006,D1,5521,zulaufen,,,,,6. C2+,zu,A1,laufen,"to walk, to flow (of a fluid), to run (of an event)","marcher, couler (un fluide), se dérouler (un événement)",,,,
1006,D1,5522,zuleiten,,,,,6. C2+,zu,B2,leiten,"to lead, to manage, to conduct","diriger, gérer, conduire",,,,
1006,D1,5523,zulosen,,,,,6. C2+,zu,D1,losen,,,,,,
1006,D1,5524,zumessen,,,,,6. C2+,zu,B1,messen,"to measure, to gauge","mesurer, jauger",,,,
1006,D1,5525,zuneigen,,,,,6. C2+,zu,C1,neigen,"to lean, to tilt, to tend","s'incliner, pencher, tendre",,,,
1006,D1,5526,zunichtemachen,,,,,6. C2+,zu,,nichtemachen,,,,,,
1006,D1,5527,zupacken,,,,,6. C2+,zu,B2,packen,"to pack, to grab, to manage","emballer, saisir, gérer",,,,
1006,D1,5528,zuparken,,,,,6. C2+,zu,B2,parken,to park,se garer,,,,
1006,D1,5529,zupfen,,,,,6. C2+,zu,,pfen,,,,,,
1006,D1,5530,zurechtfinden,,,,,6. C2+,zurecht,A1,finden,to find,trouver,,,,
1006,D1,5531,zurechtlegen,,,,,6. C2+,zurecht,A2,legen,"to lay, to lean, to lie down","poser, se pencher, s'allonger",,,,
1006,D1,5532,zurechtrücken,,,,,6. C2+,zurecht,B2,rücken,"to move, to shift, to edge, to advance","déplacer, décaler, border, avancer",,,,
1006,D1,5533,zurufen,,,,,6. C2+,zu,B1,rufen,"to call, to shout, to summon","appeler, crier, convoquer",,,,
1006,D1,5534,zurückbauen,,,,,6. C2+,zurück,A2,bauen,to build,construire,,,,
1006,D1,5535,zurückbekommen,,,,,6. C2+,zurück,A1,bekommen,"to receive, to catch (e.g. a cold), to sit well with someone","recevoir, attraper (par exemple un rhume), s'entendre avec quelqu'un",,,,
1006,D1,5536,zurückbezahlen,,,,,6. C2+,zurück,A1,bezahlen,"to pay, to pay someone (transitive)","payer, payer quelqu'un (transitif)",,,,
1006,D1,5537,zurückbilden,,,,,6. C2+,zurück,B1,bilden,"to form, to constitute, to educate","former, constituer, éduquer",,,,
1006,D1,5538,zurückbleiben,,,,,6. C2+,zurück,A1,bleiben,"to remain, to stay",rester,,,,
1006,D1,5539,zurückdenken,,,,,6. C2+,zurück,A1,denken,"to think, to consider","penser, considérer",,,,
1006,D1,5540,zurückdrehen,,,,,6. C2+,zurück,B2,drehen,"to turn, to veer","tourner, dévier",,,,
1006,D1,5541,zurückdrängen,,,,,6. C2+,zurück,C1,drängen,"to urge, to push, to cajole, to shove","exhorter, pousser, cajoler, bousculer",,,,
1006,D1,5542,zurückerhalten,,,,,6. C2+,zurück,B1,erhalten,"to receive, to get, to obtain, to preserve","recevoir, obtenir, acquérir, préserver",,,,
1006,D1,5543,zurückerinnern,,,,,6. C2+,zurück,A2,erinnern,"to remind, to remember (refl.)","rappeler, se souvenir (réfl.)",,,,
1006,D1,5544,zurückerobern,,,,,6. C2+,zurück,C2,erobern,,,,,,
1006,D1,5545,zurückerstatten,,,,,6. C2+,zurück,C1,erstatten,"to reimburse, to refund, to report","rembourser, déduire, signaler",,,,
1006,D1,5546,zurückfallen,,,,,6. C2+,zurück,B1,fallen,"to fall, to fall in battle, to collapse","tomber, tomber au combat, s'effondrer",,,,
1006,D1,5547,zurückfinden,,,,,6. C2+,zurück,A1,finden,to find,trouver,,,,
1006,D1,5548,zurückfliegen,,,,,6. C2+,zurück,B1,fliegen,"to fly, to travel by plane","voler, voyager en avion",,,,
1006,D1,5549,zurückfließen,,,,,6. C2+,zurück,B2,fließen,"to flow, to run","couler, courir",,,,
1006,D1,5550,zurückfordern,,,,,6. C2+,zurück,B2,fordern,"to demand, to require, to call for","exiger, requérir, réclamer",,,,
1006,D1,5551,zurückgewinnen,,,,,6. C2+,zurück,A2,gewinnen,to win,gagner,,,,
1006,D1,5552,zurückkaufen,,,,,6. C2+,zurück,A1,kaufen,to buy,acheter,,,,
1006,D1,5553,zurücklehnen,,,,,6. C2+,zurück,C2,lehnen,to lean,se pencher,,,,
1006,D1,5554,zurückliegen,,,,,6. C2+,zurück,A2,liegen,"to lie, to be located","être allongé, être localisé",,,,
1006,D1,5555,zurückmelden,,,,,6. C2+,zurück,A2,melden,"to report, to register","signaler, enregistrer",,,,
1006,D1,5556,zurückrudern,,,,,6. C2+,zurück,D1,rudern,,,,,,
1006,D1,5557,zurückschalten,,,,,6. C2+,zurück,B2,schalten,"to switch, to shift gears, to turn on, to turn off","changer, changer de vitesse, allumer, éteindre",,,,
1006,D1,5558,zurückschauen,,,,,6. C2+,zurück,A2,schauen,to look at (Bayern and Austria),regarder (Bayern et Autriche),,,,
1006,D1,5559,zurückschlagen,,,,,6. C2+,zurück,B1,schlagen,"to hit, to beat, to strike, to defeat","frapper, battre, vaincre",,,,
1006,D1,5560,zurückschneiden,,,,,6. C2+,zurück,B1,schneiden,"to cut, to slice","couper, trancher",,,,
1006,D1,5561,zurückschrauben,,,,,6. C2+,zurück,C2,schrauben,,,,,,
1006,D1,5562,zurückschrecken,,,,,6. C2+,zurück,C1,schrecken,"to frighten, to scare, to startle","effrayer, faire peur, surprendre",,,,
1006,D1,5563,zurückstecken,,,,,6. C2+,zurück,B2,stecken,"to stick, to pin","coller, épingler",,,,
1006,D1,5564,zurückstehen,,,,,6. C2+,zurück,A1,stehen,"to stand, to be, to appear","être debout, apparaître",,,,
1006,D1,5565,zurückstellen,,,,,6. C2+,zurück,A2,stellen,"to position, to put, to catch","positionner, mettre",,,,
1006,D1,5566,zurückstufen,,,,,6. C2+,zurück,C2,stufen,,,,,,
1006,D1,5567,zurückverfolgen,,,,,6. C2+,zurück,B2,verfolgen,"to pursue, to track, to follow, to prosecute","poursuivre, pister, suivre",,,,
1006,D1,5568,zurückverlangen,,,,,6. C2+,zurück,B2,verlangen,"to demand, to request, to desire","exiger, requérir, désirer",,,,
1006,D1,5569,zurückversetzen,,,,,6. C2+,zurück,C1,versetzen,"to put, to move, to deal, to give (a blow, hit), to transfer (when to do with work)","mettre, déplacer, distribuer, donner (un coup), transférer (quand il s'agit de travailler)",,,,
1006,D1,5570,zurückverweisen,,,,,6. C2+,zurück,C1,verweisen,"to refer, to direct","se référer, diriger",,,,
1006,D1,5571,zurückweichen,,,,,6. C2+,zurück,C1,weichen,to soften,adoucir,,,,
1006,D1,5572,zurückwerfen,,,,,6. C2+,zurück,A2,werfen,to throw,"jeter, lancer",,,,
1006,D1,5573,zusammenbasteln,,,,,6. C2+,zusammen,B2,basteln,"to craft, to tinker","bricoler, fabriquer",,,,
1006,D1,5574,zusammenbauen,,,,,6. C2+,zusammen,A2,bauen,to build,construire,,,,
1006,D1,5575,zusammenbekommen,,,,,6. C2+,zusammen,A1,bekommen,"to receive, to catch (e.g. a cold), to sit well with someone","recevoir, attraper (par exemple un rhume), s'entendre avec quelqu'un",,,,
1006,D1,5576,zusammenbinden,,,,,6. C2+,zusammen,B2,binden,"to tie, to bind, to attach","attacher, lier",,,,
1006,D1,5577,zusammenbleiben,,,,,6. C2+,zusammen,A1,bleiben,"to remain, to stay",rester,,,,
1006,D1,5578,zusammendrücken,,,,,6. C2+,zusammen,B1,drücken,"to press, to push","appuyer, pousser",,,,
1006,D1,5579,zusammenfallen,,,,,6. C2+,zusammen,B1,fallen,"to fall, to fall in battle, to collapse","tomber, tomber au combat, s'effondrer",,,,
1006,D1,5580,zusammenfalten,,,,,6. C2+,zusammen,C1,falten,"to fold, to bend, to crease","plier, froisser, se plisser",,,,
1006,D1,5581,zusammenfügen,,,,,6. C2+,zusammen,C1,fügen,"to acquiesce, to comply, to fit together","acquiescer, se conformer, s'adapter",,,,
1006,D1,5582,zusammengehen,,,,,6. C2+,zusammen,A1,gehen,"to go, to leave, to work, to function (coll.), to be going (Dat.), to be all right (Dat.)","aller, partir, fonctionner (familier)",,,,
1006,D1,5583,zusammengehören,,,,,6. C2+,zusammen,A2,gehören,to belong to,appartenir à,,,,
1006,D1,5584,zusammenklappen,,,,,6. C2+,zusammen,B2,klappen,"to work out, to go smoothly, to fold","se dérouler, se dérouler sans problème, se plier",,,,
1006,D1,5585,zusammenkleben,,,,,6. C2+,zusammen,B2,kleben,"to stick, to adhere, to bond, to glue","coller, adhérer, lier",,,,
1006,D1,5586,zusammenlaufen,,,,,6. C2+,zusammen,A1,laufen,"to walk, to flow (of a fluid), to run (of an event)","marcher, couler (un fluide), se dérouler (un événement)",,,,
1006,D1,5587,zusammenlegen,,,,,6. C2+,zusammen,A2,legen,"to lay, to lean, to lie down","poser, se pencher, s'allonger",,,,
1006,D1,5588,zusammennehmen,,,,,6. C2+,zusammen,A1,nehmen,"to take, to cause oneself to be (in some state)","prendre, se mettre (dans un état)",,,,
1006,D1,5589,zusammennähen,,,,,6. C2+,zusammen,C1,nähen,"to sew, to stitch, to seam","coudre, piquer, assembler",,,,
1006,D1,5590,zusammenpacken,,,,,6. C2+,zusammen,B2,packen,"to pack, to grab, to manage","emballer, saisir, gérer",,,,
1006,D1,5591,zusammenpassen,,,,,6. C2+,zusammen,A2,passen,"to fit, to suit","s'adapter, convenir",,,,
1006,D1,5592,zusammenraufen,,,,,6. C2+,zusammen,D1,raufen,,,,,,
1006,D1,5593,zusammenrechnen,,,,,6. C2+,zusammen,B1,rechnen,"to calculate, to expect, to count on","calculer, s'attendre à, compter sur",,,,
1006,D1,5594,zusammenrollen,,,,,6. C2+,zusammen,C1,rollen,to roll,rouler,,,,
1006,D1,5595,zusammenrücken,,,,,6. C2+,zusammen,B2,rücken,"to move, to shift, to edge, to advance","déplacer, décaler, border, avancer",,,,
1006,D1,5596,zusammenschlagen,,,,,6. C2+,zusammen,B1,schlagen,"to hit, to beat, to strike, to defeat","frapper, battre, vaincre",,,,
1006,D1,5597,zusammenschneiden,,,,,6. C2+,zusammen,B1,schneiden,"to cut, to slice","couper, trancher",,,,
1006,D1,5598,zusammenschweißen,,,,,6. C2+,zusammen,C2,schweißen,,,,,,
1006,D1,5599,zusammensitzen,,,,,6. C2+,zusammen,A1,sitzen,"to be seated, to stay, to fit (of clothing)","être assis, rester",,,,
1006,D1,5600,zusammenspielen,,,,,6. C2+,zusammen,A1,spielen,to play,jouer,,,,
1006,D1,5601,zusammenstecken,,,,,6. C2+,zusammen,B2,stecken,"to stick, to pin","coller, épingler",,,,
1006,D1,5602,zusammenstehen,,,,,6. C2+,zusammen,A1,stehen,"to stand, to be, to appear","être debout, apparaître",,,,
1006,D1,5603,zusammenstreichen,,,,,6. C2+,zusammen,B2,streichen,"to stroke, to cancel, to spread, to rub, to paint","caresser, annuler, étaler, frotter, peindre",,,,
1006,D1,5604,zusammensuchen,,,,,6. C2+,zusammen,A1,suchen,"to seek, to search","chercher, rechercher",,,,
1006,D1,5605,zusammentreten,,,,,6. C2+,zusammen,B2,treten,"to step, to kick, to enter","marcher, donner un coup de pied, entrer",,,,
1006,D1,5606,zusammentrommeln,,,,,6. C2+,zusammen,D1,trommeln,,,,,,
1006,D1,5607,zusammenwachsen,,,,,6. C2+,zusammen,B1,wachsen,"to grow, to increase","grandir, augmenter",,,,
1006,D1,5608,zusammenziehen,,,,,6. C2+,zusammen,A1,ziehen,"to pull, to drag, to move","tirer, traîner, déplacer",,,,
1006,D1,5609,zusammenzählen,,,,,6. C2+,zusammen,A2,zählen,to count,compter,,,,
1006,D1,5610,zuschalten,,,,,6. C2+,zu,B2,schalten,"to switch, to shift gears, to turn on, to turn off","changer, changer de vitesse, allumer, éteindre",,,,
1006,D1,5611,zuschieben,,,,,6. C2+,zu,B2,schieben,"to push, to shove, to wheel","pousser, bousculer, faire tourner",,,,
1006,D1,5612,zuschießen,,,,,6. C2+,zu,B2,schießen,"to shoot, to fire","tirer, faire feu",,,,
1006,D1,5613,zuschütten,,,,,6. C2+,zu,C2,schütten,,,,,,
1006,D1,5614,zusetzen,,,,,6. C2+,zu,A2,setzen,"to set, to sit down (refl.)",s'asseoir (réfl.),,,,
1006,D1,5615,zusperren,,,,,6. C2+,zu,C1,sperren,"to block, to lock, to close off","bloquer, verrouiller, fermer",,,,
1006,D1,5616,zuspielen,,,,,6. C2+,zu,A1,spielen,to play,jouer,,,,
1006,D1,5617,zuspitzen,,,,,6. C2+,zu,D1,spitzen,,,,,,
1006,D1,5618,zustecken,,,,,6. C2+,zu,B2,stecken,"to stick, to pin","coller, épingler",,,,
1006,D1,5619,zusteigen,,,,,6. C2+,zu,A2,steigen,"to ascend, to climb, to rise","monter, grimper, s'élever",,,,
1006,D1,5620,zusteuern,,,,,6. C2+,zu,B2,steuern,"to steer, to control, to govern","diriger, contrôler, gouverner",,,,
1006,D1,5621,zustoßen,,,,,6. C2+,zu,B2,stoßen,"to push, to bump, to kick, to thrust","pousser, cogner, donner un coup de pied",,,,
1006,D1,5622,zuteilen,,,,,6. C2+,zu,A2,teilen,"to split, to share, to divide","diviser, partager",,,,
1006,D1,5623,zutragen,,,,,6. C2+,zu,A1,tragen,"to wear (clothing), to carry, to hold","porter (des vêtements), transporter, tenir",,,,
1006,D1,5624,zuwachsen,,,,,6. C2+,zu,B1,wachsen,"to grow, to increase","grandir, augmenter",,,,
1006,D1,5625,zuwarten,,,,,6. C2+,zu,A1,warten,"to wait, to maintain (e.g. a car)","attendre, entretenir (par exemple une voiture)",,,,
1006,D1,5626,zuwerfen,,,,,6. C2+,zu,A2,werfen,to throw,"jeter, lancer",,,,
1006,D1,5627,zuwiderlaufen,,,,,6. C2+,zuwider,A1,laufen,"to walk, to flow (of a fluid), to run (of an event)","marcher, couler (un fluide), se dérouler (un événement)",,,,
1006,D1,5628,zuwinken,,,,,6. C2+,zu,B2,winken,"to wave, to beckon",faire signe,,,,
1006,D1,5641,überbacken,,,,,6. C2+,über,B1,backen,to bake,cuire (du pain ou des pâtisseries),,,,
1006,D1,5642,überbauen,,,,,6. C2+,über,A2,bauen,to build,construire,,,,
1006,D1,5643,überblicken,,,,,6. C2+,über,B2,blicken,"to look, to glance, to gaze","regarder, jeter un coup d'œil, contempler",,,,
1006,D1,5644,überdauern,,,,,6. C2+,über,A2,dauern,"to last, to take (time)","durer, prendre (du temps)",,,,
1006,D1,5645,überdecken,,,,,6. C2+,über,B2,decken,"to cover, to set (a table), to hedge","couvrir, dresser (une table), se protéger",,,,
1006,D1,5646,übereignen,,,,,6. C2+,über,B2,eignen,"to be suitable, to be appropriate","être convenable, être approprié",,,,
1006,D1,5647,übererfüllen,,,,,6. C2+,über,B2,erfüllen,"to fulfill, to satisfy, to carry out","accomplir, satisfaire, réaliser",,,,
1006,D1,5648,überfluten,,,,,6. C2+,über,C2,fluten,,,,,,
1006,D1,5649,überflügeln,,,,,6. C2+,über,,flügeln,,,,,,
1006,D1,5650,überfrachten,,,,,6. C2+,über,,frachten,,,,,,
1006,D1,5651,übergießen,,,,,6. C2+,über,B2,gießen,"to pour, to water (plants), to cast (metal)","verser, arroser (des plantes), couler (du métal)",,,,
1006,D1,5652,überhäufen,,,,,6. C2+,über,C2,häufen,,,,,,
1006,D1,5653,überhören,,,,,6. C2+,über,A1,hören,"to hear, to listen to","entendre, écouter",,,,
1006,D1,5654,überkommen,,,,,6. C2+,über,A1,kommen,"to come, to make it (e.g. over something), to go to, to occur","venir, aller à, se produire",,,,
1006,D1,5655,überladen,,,,,6. C2+,über,B1,laden,"to load, to charge, to invite","charger, inviter",,,,
1006,D1,5656,überlagern,,,,,6. C2+,über,C2,lagern,,,,,,
1006,D1,5657,überlaufen,,,,,6. C2+,über,A1,laufen,"to walk, to flow (of a fluid), to run (of an event)","marcher, couler (un fluide), se dérouler (un événement)",,,,
1006,D1,5658,überleiten,,,,,6. C2+,über,B2,leiten,"to lead, to manage, to conduct","diriger, gérer, conduire",,,,
1006,D1,5659,überliefern,,,,,6. C2+,über,B1,liefern,"to deliver, to supply","livrer, approvisionner",,,,
1006,D1,5660,überlisten,,,,,6. C2+,über,C1,listen,"to list, to allow in, to lead as a series","énumérer, citer",,,,
1006,D1,5661,übermalen,,,,,6. C2+,über,B1,malen,"to paint, to draw","peindre, dessiner",,,,
1006,D1,5662,übermannen,,,,,6. C2+,über,C2,mannen,,,,,,
1006,D1,5663,überrennen,,,,,6. C2+,über,B1,rennen,"to run, to race, to sprint","courir, faire la course, sprinter",,,,
1006,D1,5664,überrollen,,,,,6. C2+,über,C1,rollen,to roll,rouler,,,,
1006,D1,5665,überrumpeln,,,,,6. C2+,über,D1,rumpeln,,,,,,
1006,D1,5666,überrunden,,,,,6. C2+,über,D1,runden,,,,,,
1006,D1,5667,überschatten,,,,,6. C2+,über,C2,schatten,,,,,,
1006,D1,5668,überschwemmen,,,,,6. C2+,über,D1,schwemmen,,,,,,
1006,D1,5669,überschätzen,,,,,6. C2+,über,B1,schätzen,"to appreciate, to evaluate, to guess","apprécier, évaluer",,,,
1006,D1,5670,überschütten,,,,,6. C2+,über,C2,schütten,,,,,,
1006,D1,5671,übersiedeln,,,,,6. C2+,über,D1,siedeln,,,,,,
1006,D1,5672,überspannen,,,,,6. C2+,über,C2,spannen,,,,,,
1006,D1,5673,überspielen,,,,,6. C2+,über,A1,spielen,to play,jouer,,,,
1006,D1,5674,überstellen,,,,,6. C2+,über,A2,stellen,"to position, to put, to catch","positionner, mettre",,,,
1006,D1,5675,überstimmen,,,,,6. C2+,über,B1,stimmen,"to be true, to vote, to tune","être vrai, voter, s'accorder",,,,
1006,D1,5676,überstrahlen,,,,,6. C2+,über,C1,strahlen,"to radiate, to beam","rayonner, briller, illuminer",,,,
1006,D1,5677,überstrapazieren,,,,,6. C2+,über,D1,strapazieren,,,,,,
1006,D1,5678,überstreifen,,,,,6. C2+,über,C1,streifen,"to wander, to drift","errer, dériver",,,,
1006,D1,5679,überstülpen,,,,,6. C2+,über,D1,stülpen,,,,,,
1006,D1,5680,überstürzen,,,,,6. C2+,über,B2,stürzen,"to fall, to rush, to throw, to overturn, to overthrow something","tomber, se précipiter, jeter, renverser, renverser quelque chose",,,,
1006,D1,5681,übersäen,,,,,6. C2+,über,C2,säen,to sow,,,,,
1006,D1,5682,übertreten,,,,,6. C2+,über,B2,treten,"to step, to kick, to enter","marcher, donner un coup de pied, entrer",,,,
1006,D1,5683,übertrumpfen,,,,,6. C2+,über,D1,trumpfen,,,,,,
1006,D1,5684,übertönen,,,,,6. C2+,über,C2,tönen,,,,,,
1006,D1,5685,übertünchen,,,,,6. C2+,über,,tünchen,,,,,,
1006,D1,5686,überwerfen,,,,,6. C2+,über,A2,werfen,to throw,"jeter, lancer",,,,
1006,D1,5687,überwintern,,,,,6. C2+,über,,wintern,,,,,,
1006,D1,5688,überwuchern,,,,,6. C2+,über,D1,wuchern,,,,,,
1006,D1,5689,überzeichnen,,,,,6. C2+,über,A2,zeichnen,"to draw, to sketch","dessiner, esquisser",,,,
1006,D1,5698,aufbekommen,,,,,6. C2+,auf,A1,bekommen,"to receive, to catch (e.g. a cold), to sit well with someone","recevoir, attraper (par exemple un rhume), s'entendre avec quelqu'un",,,,
1006,D1,5701,unterfliegen,,,,,6. C2+,unter,B1,fliegen,"to fly, to travel by plane","voler, voyager en avion",,,,
1006,D1,5702,verscheißen,,,,,6. C2+,ver,D1,scheißen,to shit,chier,,,,
1006,D1,5704,unterfangen,,,,,6. C2+,unter,B2,fangen,to catch,attraper,,,,
1006,D1,5706,überdrucken,,,,,6. C2+,über,B2,drucken,to print,imprimer,,,,
1006,D1,5707,abschlecken,,,,,6. C2+,ab,D1,schlecken,,,,,,
1006,D1,5708,antun,,,"to do something to someone, to appeal to someone","faire quelque chose à quelqu'un, faire appel à quelqu'un",6. C2+,an,A1,tun,"to do, to do something to someone","faire, faire quelque chose à quelqu'un",,,,
1006,D1,5711,verdriessen,,,,,6. C2+,ver,,driessen,,,,,,
1006,D1,5712,aufreißen,,,,,6. C2+,auf,C1,reißen,"to rip, to tear, to break","déchirer, arracher, se casser, rompre",,,,
1006,D1,5713,zerreißen,,,,,6. C2+,zer,C1,reißen,"to rip, to tear, to break","déchirer, arracher, se casser, rompre",,,,
1006,D1,5714,abreißen,,,,,6. C2+,ab,C1,reißen,"to rip, to tear, to break","déchirer, arracher, se casser, rompre",,,,
1006,D1,5716,vorauszahlen,,,,,6. C2+,vor,C2,auszahlen,,,,,,
1006,D1,5717,einschreien,,,,,6. C2+,ein,B1,schreien,"to scream, to shout, to yell","crier, hurler",,,,
1006,D1,5718,vorherbestimmen,,,,,6. C2+,vor,,herbestimmen,,,,,,
1006,D1,5719,abscheiden,,,,,6. C2+,ab,B2,scheiden,"to separate, to divorce, to part","se séparer, divorcer",,,,
1006,D1,5720,zurückbegeben,,,,,6. C2+,zurück,,begeben,,,,,,
1006,D1,5724,zuliefern,,,,,6. C2+,zu,B1,liefern,"to deliver, to supply","livrer, approvisionner",,,,
1006,D1,5729,erzeigen,,,,,6. C2+,er,A1,zeigen,"to show, to point at, to demonstrate","montrer, pointer du doigt, démontrer",,,,
1006,D1,5730,umschießen,,,,,6. C2+,um,B2,schießen,"to shoot, to fire","tirer, faire feu",,,,
1006,D1,5731,verstänkern,,,,,6. C2+,ver,,stänkern,,,,,,
1006,D1,5733,übermachen,,,,,6. C2+,über,A1,machen,"to make, to prepare, to do","faire, préparer",,,,
1006,D1,5734,hervorsehen,,,,,6. C2+,her,C1,vorsehen,"to plan, to provide for","planifier, prévoir",,,,
1006,D1,5736,überhasten,,,,,6. C2+,über,D1,hasten,,,,,,
1006,D1,5741,herausordern,,,,,6. C2+,her,,ausordern,,,,,,
1006,D1,5744,verwirtschaften,,,,,6. C2+,ver,D1,wirtschaften,,,,,,
1006,D1,5746,umlegen,,,,,6. C2+,um,A2,legen,"to lay, to lean, to lie down","poser, se pencher, s'allonger",,,,
1006,D1,5747,herschaffen,,,,,6. C2+,her,B2,schaffen,"to manage, to accomplish, to create","gérer, accomplir, créer",,,,
1006,D1,5752,beischaffen,,,,,6. C2+,bei,B2,schaffen,"to manage, to accomplish, to create","gérer, accomplir, créer",,,,
1006,D1,5753,verschlammen,,,,,6. C2+,ver,,schlammen,,,,,,
1006,D1,5754,bescheinen,,,,,6. C2+,be,A2,scheinen,"to shine, to seem (formal)","briller, paraître (formel)",,,,
1006,D1,5757,beängstigen,,,,,6. C2+,be,D1,ängstigen,to frighten,effrayer,,,,
1006,D1,5760,hinaussehen,,,,,6. C2+,hin,A2,aussehen,"to look like, to appear","paraître, ressembler, apparaître",,,,
1006,D1,5761,entschweben,,,,,6. C2+,ent,C1,schweben,"to over, to float, to glide","flotter, planer",,,,
1006,D1,5763,aufstreben,,,,,6. C2+,auf,C1,streben,"to strive, to tend to, to aspire","aspirer, s'efforcer, viser",,,,
1006,D1,5765,entleeren,,,,,6. C2+,ent,C2,leeren,to empty,vider,,,,
1006,D1,5767,hinausgeben,,,,,6. C2+,hin,B1,ausgeben,"to spend, to expend, to issue","dépenser, émettre",,,,
1006,D1,5771,hereinstellen,,,,,6. C2+,her,B2,einstellen,"to hire, to adjust, to stop","embaucher, ajuster, arrêter",,,,
1006,D1,5774,herlassen,,,,,6. C2+,her,A2,lassen,"to let, to leave, to allow","laisser, quitter, permettre",,,,
1006,D1,5775,zerlassen,,,,,6. C2+,zer,A2,lassen,"to let, to leave, to allow","laisser, quitter, permettre",,,,
1006,D1,5776,einschneien,,,,,6. C2+,ein,A1,schneien,to snow,neiger,,,,
1006,D1,5777,bequemen,,,,,6. C2+,be,,quemen,,,,,,
1006,D1,5781,zurückbiegen,,,,,6. C2+,zurück,C1,biegen,"to turn, to bend","tourner, se pencher",,,,
1006,D1,5782,aufwickeln,,,,,6. C2+,auf,C2,wickeln,,,,,,
1006,D1,5786,überdosieren,,,,,6. C2+,über,D1,dosieren,,,,,,
1006,D1,5790,überstechen,,,,,6. C2+,über,B2,stechen,"to sting, to prick, to puncture, to pierce","piquer, percer",,,,
1006,D1,5791,verketten,,,,,6. C2+,ver,C2,ketten,,,,,,
1006,D1,5793,verfluchten,,,,,6. C2+,ver,D1,fluchten,,,,,,
1006,D1,5795,hinsetzen,,,,,6. C2+,hin,A2,setzen,"to set, to sit down (refl.)",s'asseoir (réfl.),,,,
1006,D1,5796,herauswinden,,,,,6. C2+,her,,auswinden,,,,,,
1006,D1,5799,vorspannen,,,,,6. C2+,vor,C2,spannen,,,,,,
1006,D1,5801,aufdringen,,,,,6. C2+,auf,C1,dringen,"to insist, the seep, to penetrate","insister, s'infiltrer, pénétrer",,,,
1006,D1,5802,aufringen,,,,,6. C2+,auf,C1,ringen,"to struggle, to wrestle, to agonise",lutter,,,,
1006,D1,5803,andauen,,,,,6. C2+,an,,dauen,,,,,,
1006,D1,5804,verheben,,,,,6. C2+,ver,B1,heben,"to lift, to raise","soulever, élever",,,,
1006,D1,5809,ernstnehmen,,,,,6. C2+,er,,nstnehmen,,,,,,
1006,D1,5810,ausbestehen,,,to consist,consister,6. C2+,aus,B1,bestehen,"to pass, to exist, to consist, to insist","passer, exister, consister, insister",,,,
1006,D1,5812,einbüssen,,,,,6. C2+,,D1,einbüssen,,,,,,
1006,D1,5815,abrollen,,,,,6. C2+,ab,C1,rollen,to roll,rouler,,,,
1006,D1,5816,behaaren,,,,,6. C2+,be,C2,haaren,,,,,,
1006,D1,5819,herausschlagen,,,,,6. C2+,her,D1,ausschlagen,,,,,,
1006,D1,5826,anflehen,,,,,6. C2+,an,D1,flehen,"to beg, to entreat, to beseech","supplier, implorer, supplier",,,,
1006,D1,5828,entschleunigen,,,"to decelerate, to slow down","décélérer, ralentir",6. C2+,ent,,schleunigen,,,,,,
1006,D1,5829,aufmerken,,,to pay attention,faire attention,6. C2+,auf,A2,merken,"to notice, to realise, to remember (refl.)","remarquer, se rendre compte, se souvenir (réfl.)",,,,
1006,D1,5830,bescheissen,,,"to deceive someone, to screw someone","tromper quelqu'un, arnaquer quelqu'un",6. C2+,be,,scheissen,,,,,,
1006,D1,5831,umrühen,,,to stir,remuer,6. C2+,um,,rühen,,,,,,
1006,D1,5832,ausstecken,,,to unplug,débrancher,6. C2+,aus,B2,stecken,"to stick, to pin","coller, épingler",,,,
1006,D1,5834,bekümmern,,,,,6. C2+,be,B1,kümmern,"to take care (refl.), to trouble, to concern","prendre soin (réfl.), être troublé par, se préoccuper",,,,
1006,D1,5835,hinwegkommen,,,,,6. C2+,hin,D1,wegkommen,,,,,,
1006,D1,5836,hinweggehen,,,,,6. C2+,hin,B2,weggehen,"to go away, to leave","s'en aller, quitter",,,,
1006,D1,5837,hinweghelfen,,,,,6. C2+,hin,,weghelfen,,,,,,
1006,D1,5838,hinauswollen,,,,,6. C2+,hin,,auswollen,,,,,,
1006,D1,5839,einwilligen,,,,,6. C2+,ein,,willigen,,,,,,
1006,D1,5841,beschirmen,,,,,6. C2+,be,D1,schirmen,,,,,,