exercise,question,answer,german,english,french,transitivity_english,transitivity_french
1,,sein,sein,to be,être,,
1,,haben,haben,"to have, to contain","avoir, contenir",,
1,,werden,werden,"to become, will, to be done (passive voice)",devenir,,
1,,können,können,"can, to be able to","pouvoir, être capable de",,
1,,wollen,wollen,to want,vouloir,,
1,,müssen,müssen,"must, to have to, to be obliged (to do something)","devoir, être obligé (de faire quelque chose)",,
1,,sollen,sollen,"shall, to be asked to (do something), to be supposed to (do something)","devoir, être invité (à faire quelque chose)",,
1,,mögen,mögen,to like,"aimer, apprécier",,
1,,dürfen,dürfen,"to be allowed (to do something), may","être autorisé (à faire quelque chose), pouvoir",,
1,,wissen,wissen,"to know, to have knowledge",savoir,,
1,,machen,machen,"to make, to prepare, to do","faire, préparer",Sometimes Reflexive,Parfois Réfléchi
1,,tun,tun,"to do, to do something to someone","faire, faire quelque chose à quelqu'un",Sometimes Reflexive,Parfois Réfléchi
1,,sagen,sagen,"to say, to tell","dire, raconter",Sometimes Reflexive,Parfois Réfléchi
1,,gehen,gehen,"to go, to leave, to work, to function (coll.), to be going (Dat.), to be all right (Dat.)","aller, partir, fonctionner (familier)",Sometimes Reflexive,Parfois Réfléchi
1,,sehen,sehen,"to see, to realise","voir, se rendre compte",Sometimes Reflexive,Parfois Réfléchi
1,,geben,geben,to give,donner,Sometimes Reflexive,Parfois Réfléchi
1,,kommen,kommen,"to come, to make it (e.g. over something), to go to, to occur","venir, aller à, se produire",Sometimes Reflexive,Parfois Réfléchi
1,,glauben,glauben,to believe,croire,Sometimes Reflexive,Parfois Réfléchi
1,,reden,reden,to talk,"parler, discuter",Sometimes Reflexive,Parfois Réfléchi
1,,hören,hören,"to hear, to listen to","entendre, écouter",Sometimes Reflexive,Parfois Réfléchi
2,,finden,finden,to find,trouver,Sometimes Reflexive,Parfois Réfléchi
2,,bleiben,bleiben,"to remain, to stay",rester,,
2,,brauchen,brauchen,to need,avoir besoin,,
2,,lieben,lieben,to love,"aimer, être amoureux de",,
2,,bringen,bringen,"to bring, to take, to lead","apporter, prendre, conduire",,
2,,stehen,stehen,"to stand, to be, to appear","être debout, apparaître",,
2,,heißen,heißen,"to be called, to mean",être appelé,Sometimes Reflexive,Parfois Réfléchi
2,,nehmen,nehmen,"to take, to cause oneself to be (in some state)","prendre, se mettre (dans un état)",Sometimes Reflexive,Parfois Réfléchi
2,,sprechen,sprechen,to speak,parler (une langue),,
2,,bekommen,bekommen,"to receive, to catch (e.g. a cold), to sit well with someone","recevoir, attraper (par exemple un rhume), s'entendre avec quelqu'un",,
2,,vergessen,vergessen,"to forget, to leave (forget to take)",oublier,,
2,,halten,halten,"to hold, to stop (a movement), to support, to keep","tenir, arrêter (un mouvement), soutenir, garder",Sometimes Reflexive,Parfois Réfléchi
2,,warten,warten,"to wait, to maintain (e.g. a car)","attendre, entretenir (par exemple une voiture)",,
2,,kennen,kennen,"to know, to be acquainted with, to be familiar with","connaître, être familier avec",,
2,,verstehen,verstehen,"to understand, to get along with someone","comprendre, s'entendre avec quelqu'un",Sometimes Reflexive,Parfois Réfléchi
2,,denken,denken,"to think, to consider","penser, considérer",Sometimes Reflexive,Parfois Réfléchi
2,,leben,leben,to live,vivre,Sometimes Reflexive,Parfois Réfléchi
2,,arbeiten,arbeiten,to work,travailler,,
2,,essen,essen,to eat,manger,,
2,,anziehen,anziehen,"to get dressed, to put on, to dress someone, to attract, to pull","s'habiller, mettre, habiller quelqu'un, attirer, tirer",Sometimes Reflexive,Parfois Réfléchi
3,,ausziehen,ausziehen,"to take something off, to undress, to pull out, to move out","enlever quelque chose, se déshabiller, se retirer, sortir",Sometimes Reflexive,Parfois Réfléchi
3,,spielen,spielen,to play,jouer,,
3,,fahren,fahren,"to go (by vehicle), to leave, to drive","aller (en véhicule), partir, conduire",Sometimes Reflexive,Parfois Réfléchi
3,,erzählen,erzählen,"to tell, to narrate","raconter, narrer",,
3,,fragen,fragen,"to ask, to wonder (refl.)","demander, se demander (réfl.)",,
3,,treffen/sich treffen,treffen,"to meet (refl.), to encounter (refl.), to hit, to affect","rencontrer (refl.), se rencontrer (refl.), heurter, frapper",Mostly Reflexive,Principalement Réfléchi
3,,hoffen,hoffen,to hope,espérer,,
3,,suchen,suchen,"to seek, to search","chercher, rechercher",,
3,,trinken,trinken,to drink,boire,,
3,,lernen,lernen,"to learn, to study, to train something","apprendre, étudier, se former à quelque chose",,
3,,zeigen,zeigen,"to show, to point at, to demonstrate","montrer, pointer du doigt, démontrer",,
3,,schlafen,schlafen,to sleep,dormir,,
3,,kaufen,kaufen,to buy,acheter,Sometimes Reflexive,Parfois Réfléchi
3,,laufen,laufen,"to walk, to flow (of a fluid), to run (of an event)","marcher, couler (un fluide), se dérouler (un événement)",Sometimes Reflexive,Parfois Réfléchi
3,,zahlen,zahlen,"to pay (for something), to atone for","payer (pour quelque chose), expier",,
3,,kochen,kochen,"to cook, to boil (to heat a liquid), to boil something","cuire, faire bouillir (chauffer un liquide), faire bouillir quelque chose",,
3,,waschen,waschen,to wash,laver,Sometimes Reflexive,Parfois Réfléchi
3,,wohnen,wohnen,"to live, to reside, to dwell","vivre, résider, habiter",,
3,,schreiben,schreiben,to write,écrire,Sometimes Reflexive,Parfois Réfléchi
3,,tragen,tragen,"to wear (clothing), to carry, to hold","porter (des vêtements), transporter, tenir",,
4,,ziehen,ziehen,"to pull, to drag, to move","tirer, traîner, déplacer",Sometimes Reflexive,Parfois Réfléchi
4,,lesen,lesen,to read,lire,,
4,,kosten,kosten,"to cost, to taste",coûter,,
4,,wiederholen,wiederholen,to repeat,répéter,Sometimes Reflexive,Parfois Réfléchi
4,,übersetzen,übersetzen,to translate,traduire,,
4,,fühlen/sich fühlen,fühlen,"to feel, to feel something (refl.)","sentir, ressentir quelque chose (réfl.)",Regularly Reflexive,Régulièrement Réfléchi
4,,regnen,regnen,to rain,pleuvoir,,
4,,schneien,schneien,to snow,neiger,,
4,,verlieren,verlieren,to lose,perdre,,
4,,bezahlen,bezahlen,"to pay, to pay someone (transitive)","payer, payer quelqu'un (transitif)",,
4,,öffnen,öffnen,to open,ouvrir,Sometimes Reflexive,Parfois Réfléchi
4,,beginnen,beginnen,to begin (on a certain date or time),commencer (à une certaine date ou heure),,
4,,schließen,schließen,"to shut, to close, to lock, to conclude","fermer, clore, verrouiller, conclure",Sometimes Reflexive,Parfois Réfléchi
4,,reisen,reisen,to travel,voyager,,
4,,feiern,feiern,to celebrate,célébrer,,
4,,helfen,helfen,to help,aider,,
4,,verkaufen,verkaufen,to sell,vendre,Sometimes Reflexive,Parfois Réfléchi
4,,schicken,schicken,to send,envoyer,,
4,,besuchen,besuchen,to visit,visiter,,
4,,sitzen,sitzen,"to be seated, to stay, to fit (of clothing)","être assis, rester",,
5,,erklären,erklären,"to explain, to declare, to assert","expliquer, déclarer, affirmer",Sometimes Reflexive,Parfois Réfléchi
5,,passieren,passieren,"to happen (colloquial), to move beyond, to strain",se produire,,
5,,bieten,bieten,"to offer, to bid, to arise, to occur (of an opportunity) (refl.)","offrir, enchérir, surgir, se produire (d'une opportunité) (réfl.)",,
5,,versuchen,versuchen,"to try, to attempt","essayer, tenter",,
5,,interessieren/sich interessieren,interessieren,"to interest, to be interested in (refl.)","intéresser, être intéressé par (réfl.)",Mostly Reflexive,Principalement Réfléchi
5,,bedeuten,bedeuten,"to mean, to signify","vouloir dire, signifier",,
5,,funktionieren,funktionieren,"to function, to work",fonctionner,,
5,,erinnern/sich erinnern,erinnern,"to remind, to remember (refl.)","rappeler, se souvenir (réfl.)",Mostly Reflexive,Principalement Réfléchi
5,,führen,führen,"to lead, to guide","guider, conduire",Sometimes Reflexive,Parfois Réfléchi
5,,zeichnen,zeichnen,"to draw, to sketch","dessiner, esquisser",,
5,,holen,holen,to fetch,aller chercher,,
5,,anrufen,anrufen,"to call by telephone, to call on (someone)",appeler par téléphone,,
5,,aufhören,aufhören,"to stop, to cease an activity or process","arrêter, cesser une activité ou un processus",,
5,,anfangen,anfangen,to begin something new,commencer quelque chose de nouveau,,
5,,gewinnen,gewinnen,to win,gagner,,
5,,benutzen,benutzen,to use (transitive),utiliser (transitif),,
5,,lachen,lachen,to laugh,rire,,
5,,scheinen,scheinen,"to shine, to seem (formal)","briller, paraître (formel)",,
5,,ändern,ändern,to change (one's personality or behavior),changer (sa personnalité ou son comportement),Sometimes Reflexive,Parfois Réfléchi
5,,gehören,gehören,to belong to,appartenir à,,
6,,aufstehen,aufstehen,"to get up, to be open (e.g. a window, door)","se lever, être ouvert (par exemple une fenêtre, une porte)",,
6,,aufwachen,aufwachen,to wake up,se réveiller,Sometimes Reflexive,Parfois Réfléchi
6,,wehtun/sich wehtun,wehtun,"to hurt, to be painful","blesser, être douloureux",Mostly Reflexive,Principalement Réfléchi
6,,stellen,stellen,"to position, to put, to catch","positionner, mettre",Sometimes Reflexive,Parfois Réfléchi
6,,setzen,setzen,"to set, to sit down (refl.)",s'asseoir (réfl.),Sometimes Reflexive,Parfois Réfléchi
6,,liegen,liegen,"to lie, to be located","être allongé, être localisé",,
6,,danken,danken,to thank,remercier,,
6,,legen,legen,"to lay, to lean, to lie down","poser, se pencher, s'allonger",Sometimes Reflexive,Parfois Réfléchi
6,,schauen,schauen,to look at (Bayern and Austria),regarder (Bayern et Autriche),,
6,,sich freuen,sich freuen,"to make glad, to be glad (refl.), to look forward (refl.)","rendre heureux, être heureux (réfl.), attendre avec impatience (réfl.)",Always Reflexive,Toujours Réfléchi
6,,einladen,einladen,"to invite, to load (something into a container)","inviter, charger (quelque chose dans un conteneur)",,
6,,gefallen,gefallen,"to please, to appeal to",plaire,,
6,,wünschen,wünschen,to wish,souhaiter,Sometimes Reflexive,Parfois Réfléchi
6,,passen,passen,"to fit, to suit","s'adapter, convenir",,
6,,folgen,folgen,to follow,suivre,,
6,,aussehen,aussehen,"to look like, to appear","paraître, ressembler, apparaître",,
6,,träumen,träumen,to dream,rêver,Sometimes Reflexive,Parfois Réfléchi
6,,fernsehen,fernsehen,to watch TV,regarder la télévision,,
6,,schwimmen,schwimmen,"to swim, to float","nager, flotter",,
6,,antworten,antworten,"to answer, to reply","répondre, répliquer",,
7,,wählen,wählen,"to choose, to dial (a number), to vote","choisir, composer (un numéro), voter",,
7,,ausgehen,ausgehen,"to go out, to run out (e.g. of money)","sortir, être à court (par exemple d'argent)",Sometimes Reflexive,Parfois Réfléchi
7,,zählen,zählen,to count,compter,,
7,,ankommen,ankommen,"to arrive, to depend on something","arriver, dépendre de quelque chose",,
7,,dauern,dauern,"to last, to take (time)","durer, prendre (du temps)",,
7,,anmelden,anmelden,"to register, to sign up, to sign on",s'inscrire,Sometimes Reflexive,Parfois Réfléchi
7,,lassen,lassen,"to let, to leave, to allow","laisser, quitter, permettre",Sometimes Reflexive,Parfois Réfléchi
7,,verlassen,verlassen,"to leave, to trust with something (refl.), to pass away, to die","partir, confier quelque chose (réfl.), décéder, mourir",Sometimes Reflexive,Parfois Réfléchi
7,,bewegen,bewegen,to move,se déplacer,Sometimes Reflexive,Parfois Réfléchi
7,,hängen,hängen,"to hang, to be fond of, depend on","accrocher, aimer, dépendre de",Sometimes Reflexive,Parfois Réfléchi
7,,mieten,mieten,"to rent, to hire","louer, embaucher",,
7,,rauchen,rauchen,to smoke (e.g. a cigarette),fumer (par exemple une cigarette),,
7,,sterben,sterben,to die,mourir,,
7,,heiraten,heiraten,to marry,se marier,,
7,,kämpfen,kämpfen,"to fight, to struggle","se battre, lutter",,
7,,fehlen,fehlen,"to lack, to be absent or missing","manquer, être absent ou manquant",,
7,,sorgen,sorgen,"to care, to worry","se soucier, s'inquiéter",Sometimes Reflexive,Parfois Réfléchi
7,,vorstellen,vorstellen,"to introduce, to present oneself (refl.), to move forward, to represent","introduire, se présenter (réfl.), représenter",Sometimes Reflexive,Parfois Réfléchi
7,,entscheiden/sich entscheiden,entscheiden,to decide,décider,Mostly Reflexive,Principalement Réfléchi
7,,vermissen,vermissen,to miss something or someone,se manquer quelque chose ou quelqu'un,,
8,,werfen,werfen,to throw,"jeter, lancer",,
8,,teilen,teilen,"to split, to share, to divide","diviser, partager",,
8,,bauen,bauen,to build,construire,,
8,,melden,melden,"to report, to register","signaler, enregistrer",Sometimes Reflexive,Parfois Réfléchi
8,,brechen,brechen,to break,"casser, briser",Sometimes Reflexive,Parfois Réfléchi
8,,steigen,steigen,"to ascend, to climb, to rise","monter, grimper, s'élever",,
8,,singen,singen,to sing,chanter,,
8,,empfehlen,empfehlen,"to recommend, to suggest","recommander, suggérer",Sometimes Reflexive,Parfois Réfléchi
8,,bitten,bitten,"to ask, to beg, to plead, to request","demander, prier (quelqu'un de faire quelque chose), requérir, inviter poliment",,
8,,merken,merken,"to notice, to realise, to remember (refl.)","remarquer, se rendre compte, se souvenir (réfl.)",Sometimes Reflexive,Parfois Réfléchi
8,,stören,stören,"to disturb, to interfere","déranger, interférer",,
8,,annehmen,annehmen,"to accept, to assume (a hypothesis), to receive, to suppose","accepter, supposer (une hypothèse), recevoir",,
8,,aussteigen,aussteigen,"to exit, to get off","sortir, descendre",,
8,,einsteigen,einsteigen,"to enter, to get in, to board","entrer, monter à bord, embarquer",,
8,,vorbereiten,vorbereiten,"to prepare, to get ready, to prepare in advance",se préparer,Sometimes Reflexive,Parfois Réfléchi
8,,umziehen,umziehen,"to move (house), to change clothes","déménager, changer de vêtements",Sometimes Reflexive,Parfois Réfléchi
8,,vergleichen,vergleichen,to compare,comparer,Sometimes Reflexive,Parfois Réfléchi
8,,entdecken,entdecken,"to discover, to find","découvrir, trouver",,
8,,planen,planen,"to plan, to schedule","planifier, programmer",,
8,,üben,üben,"to practice, to exercise, to rehearse","pratiquer, s'exercer, répéter",Sometimes Reflexive,Parfois Réfléchi
9,,,verändern,"to alter, to change something","modifier, changer quelque chose",Sometimes Reflexive,Parfois Réfléchi
9,,,stattfinden,"to take place, to occur","avoir lieu, se produire",,
9,,,stimmen,"to be true, to vote, to tune","être vrai, voter, s'accorder",,
9,,,versprechen,"to promise, to hope for, to misspeak","promettre, espérer",Sometimes Reflexive,Parfois Réfléchi
9,,,erkennen,"to recognize, to realise","reconnaître, réaliser",,
9,,,besitzen,"to own, to possess, to have","posséder, avoir",,
9,,,übernehmen,to take over,"prendre le relais, prendre le contrôle",,
9,,,enthalten,"to contain, to include","contenir, inclure",,
9,,,dienen,"to serve, to function","servir, fonctionner",,
9,,,verschwinden,"to disappear, to get lost","disparaître, se perdre",,
9,,,schützen,"to defend (lawyer), to protect (sunprotection)","défendre (avocat), protéger (protection solaire)",Sometimes Reflexive,Parfois Réfléchi
9,,,nennen,"to name, to call someone something, to mention","nommer, appeler quelqu'un par quelque chose, mentionner",,
9,,,schätzen,"to appreciate, to evaluate, to guess","apprécier, évaluer",,
9,,,erwarten,"to expect, to await",s'attendre à,,
9,,,behalten,to keep,garder,,
9,,,verpassen,"to miss (to be late for something, e.g. a train)","manquer (être en retard pour quelque chose, par exemple un train)",,
9,,,schenken,"to gift, to give as a present","offrir, faire un cadeau",,
9,,,wachsen,"to grow, to increase","grandir, augmenter",,
9,,,springen,"to spring, to jump","sauter, bondir",,
9,,,befinden,"to be located (refl.), to find, to consider (formal)","être localisé (réfl.), trouver, considérer (formel)",Mostly Reflexive,Principalement Réfléchi
10,,,fallen,"to fall, to fall in battle, to collapse","tomber, tomber au combat, s'effondrer",Sometimes Reflexive,Parfois Réfléchi
10,,,kümmern,"to take care (refl.), to trouble, to concern","prendre soin (réfl.), être troublé par, se préoccuper",Mostly Reflexive,Principalement Réfléchi
10,,,drücken,"to press, to push","appuyer, pousser",Sometimes Reflexive,Parfois Réfléchi
10,,,putzen,"to clean, to rub","nettoyer, frotter",Sometimes Reflexive,Parfois Réfléchi
10,,,einkaufen,to shop,"faire les courses, faire du shopping",,
10,,,bestimmen,"to determine, to assign, to decide, to ascertain","déterminer, fixer, décider, identifier, assigner",Sometimes Reflexive,Parfois Réfléchi
10,,,lösen,"to loosen, to solve, to separate, to remove","desserrer, résoudre, séparer, enlever",Sometimes Reflexive,Parfois Réfléchi
10,,,unterstützen,"to support, to provide help","soutenir, apporter de l'aide",,
10,,,treiben,"to practice (sport), to propel, to put forth, to urge (figuratively), to fuck, to float, to sprout, to get up to","pratiquer (sport), propulser, mettre en avant, pousser (au sens figuré), baiser, flotter, germer, se lever",Sometimes Reflexive,Parfois Réfléchi
10,,,tanzen,to dance,danser,,
10,,,studieren,"to study, to major in (a subject)","étudier, se spécialiser dans (une matière)",,
10,,,schmecken,"to taste, to be tasty, to enjoy (with Dat.)","être savoureux, apprécier (avec Dat.)",,
10,,,streiten,"to argue, to fight, to quarrel","se disputer, se battre, se quereller",Sometimes Reflexive,Parfois Réfléchi
10,,,entwickeln,"to develop, to evolve, to create","développer, évoluer, créer",Sometimes Reflexive,Parfois Réfléchi
10,,,beenden,"to finish, to end, to complete","finir, terminer, achever",,
10,,,wechseln,"to change, to switch, to exchange","changer, échanger",Sometimes Reflexive,Parfois Réfléchi
10,,,erhalten,"to receive, to get, to obtain, to preserve","recevoir, obtenir, acquérir, préserver",,
10,,,erlauben,"to allow, to permit","permettre, donner l'autorisation",Sometimes Reflexive,Parfois Réfléchi
10,,,verdienen,"to earn, to deserve","gagner, mériter",,
10,,,rufen,"to call, to shout, to summon","appeler, crier, convoquer",,
11,,,fliegen,"to fly, to travel by plane","voler, voyager en avion",Sometimes Reflexive,Parfois Réfléchi
11,,,testen,"to test, to examine","tester, examiner",,
11,,,kontrollieren,"to control, to check","contrôler, vérifier",,
11,,,probieren,"to try, to taste, to sample, to probe","essayer, goûter, échantillonner, sonder",Sometimes Reflexive,Parfois Réfléchi
11,,,kennenlernen,"to meet someone, to get to know someone","rencontrer quelqu'un, apprendre à connaître quelqu'un",Sometimes Reflexive,Parfois Réfléchi
11,,,stehlen,to steal,voler,,
11,,,ersetzen,"to replace, to substitute, to compensate for","remplacer, substituer, compenser",,
11,,,leiden,"to suffer, to endure, to bear","souffrir, endurer, supporter",,
11,,,diskutieren,"to discuss, to debate","discuter, débattre",,
11,,,vorschlagen,"to suggest, to propose","suggérer, proposer",,
11,,,teilnehmen,"to participate, to take part, to partake","participer, prendre part",,
11,,,überprüfen,"to check, to examine, to verify","vérifier, examiner",,
11,,,beraten,"to advise, to consult, to discuss","conseiller, consulter, discuter",Sometimes Reflexive,Parfois Réfléchi
11,,,bewerben,"to apply (for a job, position)","postuler (à un emploi, un poste)",Mostly Reflexive,Principalement Réfléchi
11,,,korrigieren,"to correct, to fix, to revise","corriger, réparer, réviser",,
11,,,anbieten,"to offer, to provide, to propose","offrir, fournir, proposer",Sometimes Reflexive,Parfois Réfléchi
11,,,mitnehmen,"to take along, to take with",emporter,Sometimes Reflexive,Parfois Réfléchi
11,,,mitbringen,"to bring along, to bring with",apporter,,
11,,,sammeln,"to collect, to gather, to accumulate","recueillir, rassembler, accumuler",Sometimes Reflexive,Parfois Réfléchi
11,,,aufpassen,"to pay attention, to watch out, to take care","faire attention, prendre soin",,
12,,,hassen,"to hate, to detest","haïr, détester",,
12,,,ärgern,"to annoy, to irritate, to anger","irriter, mettre en colère",Sometimes Reflexive,Parfois Réfléchi
12,,,heben,"to lift, to raise","soulever, élever",,
12,,,abholen,"to pick up, to collect","ramasser, collecter",,
12,,,wirken,"to have an effect, to work","avoir un effet, functionner",,
12,,,verletzen,"to injure, to hurt, to violate","blesser, faire du mal, être violent",Sometimes Reflexive,Parfois Réfléchi
12,,,zustimmen,"to agree, to consent, to approve","être d'accord, consentir, approuver",,
12,,,trennen,"to separate, to divide, to split","séparer, diviser",Sometimes Reflexive,Parfois Réfléchi
12,,,greifen,"to grab, to grasp, to seize","saisir, s'emparer",Sometimes Reflexive,Parfois Réfléchi
12,,,entfernen,"to remove, to eliminate","supprimer, éliminer",Sometimes Reflexive,Parfois Réfléchi
12,,,sich verlieben,to fall in love,tomber amoureux,Always Reflexive,Toujours Réfléchi
12,,,aufräumen,"to tidy up, to clean up, to clear","ranger, nettoyer, débarrasser",,
12,,,beschreiben,"to describe, to depict","décrire, représenter",,
12,,,verbinden,"to connect, to link, to join, to bandage","connecter, lier, joindre, bander",Sometimes Reflexive,Parfois Réfléchi
12,,,abhängen,"to depend on, to hang out (coll.)","dépendre de, fréquenter (coll.)",Sometimes Reflexive,Parfois Réfléchi
12,,,telefonieren,to talk on the phone,parler au téléphone,,
12,,,zurückgeben,"to return, to give back, to answer back","rendre, répondre",,
12,,,mitkommen,"to come along, to keep up","venir, suivre",,
12,,,rennen,"to run, to race, to sprint","courir, faire la course, sprinter",Sometimes Reflexive,Parfois Réfléchi
12,,,ausruhen,"to rest, to relax","se reposer, se détendre",Mostly Reflexive,Principalement Réfléchi
13,,,entspannen,"to relax, to unwind","se détendre, se relaxer",Mostly Reflexive,Principalement Réfléchi
13,,,verbringen,"to spend (time), to pass",passer (du temps),,
13,,,vorhaben,"to intend, to plan, to be up to","avoir l'intention de, planifier, être à la hauteur",,
13,,,erleben,"to experience, to live through","expérimenter, vivre",,
13,,,malen,"to paint, to draw","peindre, dessiner",,
13,,,sich erholen,"to recover, to recuperate","récupérer, se rétablir",Always Reflexive,Toujours Réfléchi
13,,,erfahren,"to learn, to find out, to experience","apprendre, découvrir, expérimenter",,
13,,,besichtigen,"to visit, to tour, to inspect","visiter, faire un tour, inspecter",,
13,,,spazieren,"to stroll, to walk leisurely","flâner, marcher tranquillement",,
13,,,wandern,"to hike, to wander, to migrate","faire de la randonnée, errer, migrer",,
13,,,trainieren,"to train, to practice, to coach","entraîner, pratiquer, coacher",Sometimes Reflexive,Parfois Réfléchi
13,,,buchen,"to book, to reserve",réserver,,
13,,,überraschen,to surprise,surprendre,Sometimes Reflexive,Parfois Réfléchi
13,,,verbieten,"to forbid, to prohibit","interdire, prohiber",,
13,,,unterschreiben,"to sign, to subscribe, to unterwrite","signer, souscrire",,
13,,,empfangen,"to receive, to welcome, to greet","recevoir, accueillir, saluer",,
13,,,bestellen,"to order, to reserve","commander, réserver",,
13,,,liefern,"to deliver, to supply","livrer, approvisionner",,
13,,,vertrauen,to trust,faire confiance,,
13,,,raten,"to advise, to recommend, to guess","conseiller, recommander, deviner",,
14,,,schneiden,"to cut, to slice","couper, trancher",Sometimes Reflexive,Parfois Réfléchi
14,,,sparen,"to save, to conserve","sauver, conserver",,
14,,,braten,"to fry, to roast, to sauté","frire, rôtir, sauter",,
14,,,backen,to bake,cuire (du pain ou des pâtisseries),,
14,,,senden,"to send, to broadcast","envoyer, diffuser",,
14,,,reservieren,"to reserve, to book",réserver,,
14,,,aufnehmen,"to record, to take in, to absorb, to include","enregistrer, assimiler, absorber, inclure",Sometimes Reflexive,Parfois Réfléchi
14,,,verbessern,"to improve, to enhance, to correct","améliorer, renforcer, corriger",Sometimes Reflexive,Parfois Réfléchi
14,,,sichern,"to secure, to safeguard, to back up","sécuriser, sauvegarder",Sometimes Reflexive,Parfois Réfléchi
14,,,beantworten,"to answer, to reply to (transitive)","répondre, répliquer à (transitif)",,
14,,,beschäftigen,"to employ, to occupy, to engage","employer, occuper, engager",Mostly Reflexive,Principalement Réfléchi
14,,,weinen,"to cry, to weep","pleurer, sangloter",,
14,,,nutzen,"to use, to utilize, to benefit from","utiliser, exploiter, bénéficier de",,
14,,,besprechen,"to discuss, to talk about","discuter, parler de",,
14,,,erfinden,"to invent, to make up, to fabricate","inventer, fabriquer",,
14,,,rechnen,"to calculate, to expect, to count on","calculer, s'attendre à, compter sur",Sometimes Reflexive,Parfois Réfléchi
14,,,unterrichten,"to teach, to instruct, to inform","enseigner, instruire, informer",,
14,,,bestehen,"to pass, to exist, to consist, to insist","passer, exister, consister, insister",,
14,,,abschließen,"to complete, to conclude, to lock","compléter, conclure, verrouiller",Sometimes Reflexive,Parfois Réfléchi
14,,,bilden,"to form, to constitute, to educate","former, constituer, éduquer",Sometimes Reflexive,Parfois Réfléchi
15,,,ausbilden,"to train, to educate, to develop","former, éduquer, développer (une compétence)",Sometimes Reflexive,Parfois Réfléchi
15,,,herausfinden,"to find out, to discover, to figure out","découvrir, comprendre",,
15,,,konzentrieren,"to concentrate, to focus","se concentrer, se focaliser",Mostly Reflexive,Principalement Réfléchi
15,,,küssen,"to kiss, to make out","embrasser, peloter",Sometimes Reflexive,Parfois Réfléchi
15,,,zurückkommen,"to come back, to return","revenir, retourner",,
15,,,zerstören,"to destroy, to ruin","détruire, ruiner",,
15,,,enden,"to end, to finish, to conclude","terminer, achever, conclure",,
15,,,achten,"to respect, to pay attention to, to heed","respecter, prêter attention à",Sometimes Reflexive,Parfois Réfléchi
15,,,absagen,"to cancel, to call off",annuler,,
15,,,spüren,"to feel, to sense, to perceive","sentir, pressentir, percevoir",,
15,,,atmen,to breathe,respirer,,
15,,,lächeln,to smile,sourire,,
15,,,empfinden,"to feel, to sense, to perceive","sentir, pressentir, percevoir",,
15,,,beobachten,"to observe, to watch, to monitor","observer, surveiller",,
15,,,riechen,"to smell, to scent, to sniff, to reek","sentir, flairer, renifler, empester",Sometimes Reflexive,Parfois Réfléchi
15,,,schlagen,"to hit, to beat, to strike, to defeat","frapper, battre, vaincre",Sometimes Reflexive,Parfois Réfléchi
15,,,messen,"to measure, to gauge","mesurer, jauger",Sometimes Reflexive,Parfois Réfléchi
15,,,spülen,"to rinse, to wash, to flush","rincer, laver, tirer la chasse",Sometimes Reflexive,Parfois Réfléchi
15,,,lügen,"to lie, to tell a falsehood","mentir, dire une fausseté",,
15,,,schreien,"to scream, to shout, to yell","crier, hurler",,
16,,,informieren,"to inform, to notify","informer, notifier",Sometimes Reflexive,Parfois Réfléchi
16,,,reagieren,"to react, to respond","réagir, répondre",,
16,,,herunterladen,to download,télécharger,,
16,,,berichten,"to report, to inform, to cover","signaler, informer, couvrir",,
16,,,organisieren,"to organize, to arrange","organiser, arranger",Sometimes Reflexive,Parfois Réfléchi
16,,,begrüßen,"to greet, to welcome","saluer, accueillir",,
16,,,umsteigen,"to change, to transfer, to switch","changer, transférer, commuter",,
16,,,enttäuschen,"to disappoint, to let down","décevoir, laisser tomber",Sometimes Reflexive,Parfois Réfléchi
16,,,laden,"to load, to charge, to invite","charger, inviter",,
16,,,fotografieren,"to take a photo, to photograph","prendre une photo, photographier",,
16,,,frühstücken,to have breakfast,prendre le petit déjeuner,,
16,,,handeln,"to act, to deal, to trade, to negotiate","agir, traiter, commercer, négocier",,
16,,,leihen,"to lend, to borrow","prêter, emprunter",Sometimes Reflexive,Parfois Réfléchi
16,,,vermeiden,"to avoid, to prevent","éviter, empêcher",,
16,,,erhöhen,"to increase, to raise, to enhance","augmenter, élever, rehausser",Sometimes Reflexive,Parfois Réfléchi
16,,,fliehen,"to flee, to escape, to diverge","fuir, s'échapper, diverger",,
16,,,verstecken,"to hide, to conceal","cacher, dissimuler",Sometimes Reflexive,Parfois Réfléchi
16,,,retten,"to save, to rescue","sauver, secourir",Sometimes Reflexive,Parfois Réfléchi
16,,,übernachten,"to stay overnight, to spend the night",passer la nuit,,
16,,,ausgeben,"to spend, to expend, to issue","dépenser, émettre",Sometimes Reflexive,Parfois Réfléchi
17,,verändern,verändern,"to alter, to change something","modifier, changer quelque chose",Sometimes Reflexive,Parfois Réfléchi
17,,stattfinden,stattfinden,"to take place, to occur","avoir lieu, se produire",,
17,,stimmen,stimmen,"to be true, to vote, to tune","être vrai, voter, s'accorder",,
17,,versprechen,versprechen,"to promise, to hope for, to misspeak","promettre, espérer",Sometimes Reflexive,Parfois Réfléchi
17,,erkennen,erkennen,"to recognize, to realise","reconnaître, réaliser",,
17,,besitzen,besitzen,"to own, to possess, to have","posséder, avoir",,
17,,übernehmen,übernehmen,to take over,"prendre le relais, prendre le contrôle",,
17,,enthalten,enthalten,"to contain, to include","contenir, inclure",,
17,,dienen,dienen,"to serve, to function","servir, fonctionner",,
17,,verschwinden,verschwinden,"to disappear, to get lost","disparaître, se perdre",,
17,,schützen,schützen,"to defend (lawyer), to protect (sunprotection)","défendre (avocat), protéger (protection solaire)",Sometimes Reflexive,Parfois Réfléchi
17,,nennen,nennen,"to name, to call someone something, to mention","nommer, appeler quelqu'un par quelque chose, mentionner",,
17,,schätzen,schätzen,"to appreciate, to evaluate, to guess","apprécier, évaluer",,
17,,erwarten,erwarten,"to expect, to await",s'attendre à,,
17,,behalten,behalten,to keep,garder,,
17,,verpassen,verpassen,"to miss (to be late for something, e.g. a train)","manquer (être en retard pour quelque chose, par exemple un train)",,
17,,schenken,schenken,"to gift, to give as a present","offrir, faire un cadeau",,
17,,wachsen,wachsen,"to grow, to increase","grandir, augmenter",,
17,,springen,springen,"to spring, to jump","sauter, bondir",,
17,,befinden,befinden,"to be located (refl.), to find, to consider (formal)","être localisé (réfl.), trouver, considérer (formel)",Mostly Reflexive,Principalement Réfléchi
18,,fallen,fallen,"to fall, to fall in battle, to collapse","tomber, tomber au combat, s'effondrer",Sometimes Reflexive,Parfois Réfléchi
18,,kümmern,kümmern,"to take care (refl.), to trouble, to concern","prendre soin (réfl.), être troublé par, se préoccuper",Mostly Reflexive,Principalement Réfléchi
18,,drücken,drücken,"to press, to push","appuyer, pousser",Sometimes Reflexive,Parfois Réfléchi
18,,putzen,putzen,"to clean, to rub","nettoyer, frotter",Sometimes Reflexive,Parfois Réfléchi
18,,einkaufen,einkaufen,to shop,"faire les courses, faire du shopping",,
18,,bestimmen,bestimmen,"to determine, to assign, to decide, to ascertain","déterminer, fixer, décider, identifier, assigner",Sometimes Reflexive,Parfois Réfléchi
18,,lösen,lösen,"to loosen, to solve, to separate, to remove","desserrer, résoudre, séparer, enlever",Sometimes Reflexive,Parfois Réfléchi
18,,unterstützen,unterstützen,"to support, to provide help","soutenir, apporter de l'aide",,
18,,treiben,treiben,"to practice (sport), to propel, to put forth, to urge (figuratively), to fuck, to float, to sprout, to get up to","pratiquer (sport), propulser, mettre en avant, pousser (au sens figuré), baiser, flotter, germer, se lever",Sometimes Reflexive,Parfois Réfléchi
18,,tanzen,tanzen,to dance,danser,,
18,,studieren,studieren,"to study, to major in (a subject)","étudier, se spécialiser dans (une matière)",,
18,,schmecken,schmecken,"to taste, to be tasty, to enjoy (with Dat.)","être savoureux, apprécier (avec Dat.)",,
18,,streiten,streiten,"to argue, to fight, to quarrel","se disputer, se battre, se quereller",Sometimes Reflexive,Parfois Réfléchi
18,,entwickeln,entwickeln,"to develop, to evolve, to create","développer, évoluer, créer",Sometimes Reflexive,Parfois Réfléchi
18,,beenden,beenden,"to finish, to end, to complete","finir, terminer, achever",,
18,,wechseln,wechseln,"to change, to switch, to exchange","changer, échanger",Sometimes Reflexive,Parfois Réfléchi
18,,erhalten,erhalten,"to receive, to get, to obtain, to preserve","recevoir, obtenir, acquérir, préserver",,
18,,erlauben,erlauben,"to allow, to permit","permettre, donner l'autorisation",Sometimes Reflexive,Parfois Réfléchi
18,,verdienen,verdienen,"to earn, to deserve","gagner, mériter",,
18,,rufen,rufen,"to call, to shout, to summon","appeler, crier, convoquer",,
19,,fliegen,fliegen,"to fly, to travel by plane","voler, voyager en avion",Sometimes Reflexive,Parfois Réfléchi
19,,testen,testen,"to test, to examine","tester, examiner",,
19,,kontrollieren,kontrollieren,"to control, to check","contrôler, vérifier",,
19,,probieren,probieren,"to try, to taste, to sample, to probe","essayer, goûter, échantillonner, sonder",Sometimes Reflexive,Parfois Réfléchi
19,,kennenlernen,kennenlernen,"to meet someone, to get to know someone","rencontrer quelqu'un, apprendre à connaître quelqu'un",Sometimes Reflexive,Parfois Réfléchi
19,,stehlen,stehlen,to steal,voler,,
19,,ersetzen,ersetzen,"to replace, to substitute, to compensate for","remplacer, substituer, compenser",,
19,,leiden,leiden,"to suffer, to endure, to bear","souffrir, endurer, supporter",,
19,,diskutieren,diskutieren,"to discuss, to debate","discuter, débattre",,
19,,vorschlagen,vorschlagen,"to suggest, to propose","suggérer, proposer",,
19,,teilnehmen,teilnehmen,"to participate, to take part, to partake","participer, prendre part",,
19,,überprüfen,überprüfen,"to check, to examine, to verify","vérifier, examiner",,
19,,beraten,beraten,"to advise, to consult, to discuss","conseiller, consulter, discuter",Sometimes Reflexive,Parfois Réfléchi
19,,bewerben,bewerben,"to apply (for a job, position)","postuler (à un emploi, un poste)",Mostly Reflexive,Principalement Réfléchi
19,,korrigieren,korrigieren,"to correct, to fix, to revise","corriger, réparer, réviser",,
19,,anbieten,anbieten,"to offer, to provide, to propose","offrir, fournir, proposer",Sometimes Reflexive,Parfois Réfléchi
19,,mitnehmen,mitnehmen,"to take along, to take with",emporter,Sometimes Reflexive,Parfois Réfléchi
19,,mitbringen,mitbringen,"to bring along, to bring with",apporter,,
19,,sammeln,sammeln,"to collect, to gather, to accumulate","recueillir, rassembler, accumuler",Sometimes Reflexive,Parfois Réfléchi
19,,aufpassen,aufpassen,"to pay attention, to watch out, to take care","faire attention, prendre soin",,
20,,hassen,hassen,"to hate, to detest","haïr, détester",,
20,,ärgern,ärgern,"to annoy, to irritate, to anger","irriter, mettre en colère",Sometimes Reflexive,Parfois Réfléchi
20,,heben,heben,"to lift, to raise","soulever, élever",,
20,,abholen,abholen,"to pick up, to collect","ramasser, collecter",,
20,,wirken,wirken,"to have an effect, to work","avoir un effet, functionner",,
20,,verletzen,verletzen,"to injure, to hurt, to violate","blesser, faire du mal, être violent",Sometimes Reflexive,Parfois Réfléchi
20,,zustimmen,zustimmen,"to agree, to consent, to approve","être d'accord, consentir, approuver",,
20,,trennen,trennen,"to separate, to divide, to split","séparer, diviser",Sometimes Reflexive,Parfois Réfléchi
20,,greifen,greifen,"to grab, to grasp, to seize","saisir, s'emparer",Sometimes Reflexive,Parfois Réfléchi
20,,entfernen,entfernen,"to remove, to eliminate","supprimer, éliminer",Sometimes Reflexive,Parfois Réfléchi
20,,sich verlieben,sich verlieben,to fall in love,tomber amoureux,Always Reflexive,Toujours Réfléchi
20,,aufräumen,aufräumen,"to tidy up, to clean up, to clear","ranger, nettoyer, débarrasser",,
20,,beschreiben,beschreiben,"to describe, to depict","décrire, représenter",,
20,,verbinden,verbinden,"to connect, to link, to join, to bandage","connecter, lier, joindre, bander",Sometimes Reflexive,Parfois Réfléchi
20,,abhängen,abhängen,"to depend on, to hang out (coll.)","dépendre de, fréquenter (coll.)",Sometimes Reflexive,Parfois Réfléchi
20,,telefonieren,telefonieren,to talk on the phone,parler au téléphone,,
20,,zurückgeben,zurückgeben,"to return, to give back, to answer back","rendre, répondre",,
20,,mitkommen,mitkommen,"to come along, to keep up","venir, suivre",,
20,,rennen,rennen,"to run, to race, to sprint","courir, faire la course, sprinter",Sometimes Reflexive,Parfois Réfléchi
20,,ausruhen,ausruhen,"to rest, to relax","se reposer, se détendre",Mostly Reflexive,Principalement Réfléchi
21,,entspannen,entspannen,"to relax, to unwind","se détendre, se relaxer",Mostly Reflexive,Principalement Réfléchi
21,,verbringen,verbringen,"to spend (time), to pass",passer (du temps),,
21,,vorhaben,vorhaben,"to intend, to plan, to be up to","avoir l'intention de, planifier, être à la hauteur",,
21,,erleben,erleben,"to experience, to live through","expérimenter, vivre",,
21,,malen,malen,"to paint, to draw","peindre, dessiner",,
21,,sich erholen,sich erholen,"to recover, to recuperate","récupérer, se rétablir",Always Reflexive,Toujours Réfléchi
21,,erfahren,erfahren,"to learn, to find out, to experience","apprendre, découvrir, expérimenter",,
21,,besichtigen,besichtigen,"to visit, to tour, to inspect","visiter, faire un tour, inspecter",,
21,,spazieren,spazieren,"to stroll, to walk leisurely","flâner, marcher tranquillement",,
21,,wandern,wandern,"to hike, to wander, to migrate","faire de la randonnée, errer, migrer",,
21,,trainieren,trainieren,"to train, to practice, to coach","entraîner, pratiquer, coacher",Sometimes Reflexive,Parfois Réfléchi
21,,buchen,buchen,"to book, to reserve",réserver,,
21,,überraschen,überraschen,to surprise,surprendre,Sometimes Reflexive,Parfois Réfléchi
21,,verbieten,verbieten,"to forbid, to prohibit","interdire, prohiber",,
21,,unterschreiben,unterschreiben,"to sign, to subscribe, to unterwrite","signer, souscrire",,
21,,empfangen,empfangen,"to receive, to welcome, to greet","recevoir, accueillir, saluer",,
21,,bestellen,bestellen,"to order, to reserve","commander, réserver",,
21,,liefern,liefern,"to deliver, to supply","livrer, approvisionner",,
21,,vertrauen,vertrauen,to trust,faire confiance,,
21,,raten,raten,"to advise, to recommend, to guess","conseiller, recommander, deviner",,
22,,schneiden,schneiden,"to cut, to slice","couper, trancher",Sometimes Reflexive,Parfois Réfléchi
22,,sparen,sparen,"to save, to conserve","sauver, conserver",,
22,,braten,braten,"to fry, to roast, to sauté","frire, rôtir, sauter",,
22,,backen,backen,to bake,cuire (du pain ou des pâtisseries),,
22,,senden,senden,"to send, to broadcast","envoyer, diffuser",,
22,,reservieren,reservieren,"to reserve, to book",réserver,,
22,,aufnehmen,aufnehmen,"to record, to take in, to absorb, to include","enregistrer, assimiler, absorber, inclure",Sometimes Reflexive,Parfois Réfléchi
22,,verbessern,verbessern,"to improve, to enhance, to correct","améliorer, renforcer, corriger",Sometimes Reflexive,Parfois Réfléchi
22,,sichern,sichern,"to secure, to safeguard, to back up","sécuriser, sauvegarder",Sometimes Reflexive,Parfois Réfléchi
22,,beantworten,beantworten,"to answer, to reply to (transitive)","répondre, répliquer à (transitif)",,
22,,beschäftigen,beschäftigen,"to employ, to occupy, to engage","employer, occuper, engager",Mostly Reflexive,Principalement Réfléchi
22,,weinen,weinen,"to cry, to weep","pleurer, sangloter",,
22,,nutzen,nutzen,"to use, to utilize, to benefit from","utiliser, exploiter, bénéficier de",,
22,,besprechen,besprechen,"to discuss, to talk about","discuter, parler de",,
22,,erfinden,erfinden,"to invent, to make up, to fabricate","inventer, fabriquer",,
22,,rechnen,rechnen,"to calculate, to expect, to count on","calculer, s'attendre à, compter sur",Sometimes Reflexive,Parfois Réfléchi
22,,unterrichten,unterrichten,"to teach, to instruct, to inform","enseigner, instruire, informer",,
22,,bestehen,bestehen,"to pass, to exist, to consist, to insist","passer, exister, consister, insister",,
22,,abschließen,abschließen,"to complete, to conclude, to lock","compléter, conclure, verrouiller",Sometimes Reflexive,Parfois Réfléchi
22,,bilden,bilden,"to form, to constitute, to educate","former, constituer, éduquer",Sometimes Reflexive,Parfois Réfléchi
23,,ausbilden,ausbilden,"to train, to educate, to develop","former, éduquer, développer (une compétence)",Sometimes Reflexive,Parfois Réfléchi
23,,herausfinden,herausfinden,"to find out, to discover, to figure out","découvrir, comprendre",,
23,,konzentrieren,konzentrieren,"to concentrate, to focus","se concentrer, se focaliser",Mostly Reflexive,Principalement Réfléchi
23,,küssen,küssen,"to kiss, to make out","embrasser, peloter",Sometimes Reflexive,Parfois Réfléchi
23,,zurückkommen,zurückkommen,"to come back, to return","revenir, retourner",,
23,,zerstören,zerstören,"to destroy, to ruin","détruire, ruiner",,
23,,enden,enden,"to end, to finish, to conclude","terminer, achever, conclure",,
23,,achten,achten,"to respect, to pay attention to, to heed","respecter, prêter attention à",Sometimes Reflexive,Parfois Réfléchi
23,,absagen,absagen,"to cancel, to call off",annuler,,
23,,spüren,spüren,"to feel, to sense, to perceive","sentir, pressentir, percevoir",,
23,,atmen,atmen,to breathe,respirer,,
23,,lächeln,lächeln,to smile,sourire,,
23,,empfinden,empfinden,"to feel, to sense, to perceive","sentir, pressentir, percevoir",,
23,,beobachten,beobachten,"to observe, to watch, to monitor","observer, surveiller",,
23,,riechen,riechen,"to smell, to scent, to sniff, to reek","sentir, flairer, renifler, empester",Sometimes Reflexive,Parfois Réfléchi
23,,schlagen,schlagen,"to hit, to beat, to strike, to defeat","frapper, battre, vaincre",Sometimes Reflexive,Parfois Réfléchi
23,,messen,messen,"to measure, to gauge","mesurer, jauger",Sometimes Reflexive,Parfois Réfléchi
23,,spülen,spülen,"to rinse, to wash, to flush","rincer, laver, tirer la chasse",Sometimes Reflexive,Parfois Réfléchi
23,,lügen,lügen,"to lie, to tell a falsehood","mentir, dire une fausseté",,
23,,schreien,schreien,"to scream, to shout, to yell","crier, hurler",,
24,,informieren,informieren,"to inform, to notify","informer, notifier",Sometimes Reflexive,Parfois Réfléchi
24,,reagieren,reagieren,"to react, to respond","réagir, répondre",,
24,,herunterladen,herunterladen,to download,télécharger,,
24,,berichten,berichten,"to report, to inform, to cover","signaler, informer, couvrir",,
24,,organisieren,organisieren,"to organize, to arrange","organiser, arranger",Sometimes Reflexive,Parfois Réfléchi
24,,begrüßen,begrüßen,"to greet, to welcome","saluer, accueillir",,
24,,umsteigen,umsteigen,"to change, to transfer, to switch","changer, transférer, commuter",,
24,,enttäuschen,enttäuschen,"to disappoint, to let down","décevoir, laisser tomber",Sometimes Reflexive,Parfois Réfléchi
24,,laden,laden,"to load, to charge, to invite","charger, inviter",,
24,,fotografieren,fotografieren,"to take a photo, to photograph","prendre une photo, photographier",,
24,,frühstücken,frühstücken,to have breakfast,prendre le petit déjeuner,,
24,,handeln,handeln,"to act, to deal, to trade, to negotiate","agir, traiter, commercer, négocier",,
24,,leihen,leihen,"to lend, to borrow","prêter, emprunter",Sometimes Reflexive,Parfois Réfléchi
24,,vermeiden,vermeiden,"to avoid, to prevent","éviter, empêcher",,
24,,erhöhen,erhöhen,"to increase, to raise, to enhance","augmenter, élever, rehausser",Sometimes Reflexive,Parfois Réfléchi
24,,fliehen,fliehen,"to flee, to escape, to diverge","fuir, s'échapper, diverger",,
24,,verstecken,verstecken,"to hide, to conceal","cacher, dissimuler",Sometimes Reflexive,Parfois Réfléchi
24,,retten,retten,"to save, to rescue","sauver, secourir",Sometimes Reflexive,Parfois Réfléchi
24,,übernachten,übernachten,"to stay overnight, to spend the night",passer la nuit,,
24,,ausgeben,ausgeben,"to spend, to expend, to issue","dépenser, émettre",Sometimes Reflexive,Parfois Réfléchi
25,,,darstellen,"to depict, to portray, to represent, to illustrate","dépeindre, représenter, illustrer",,
25,,,fangen,to catch,attraper,,
25,,,erreichen,"to reach, to achieve, to attain","atteindre, réaliser, parvenir",,
25,,,genießen,"to savor, to relish, to enjoy, to take pleasure in","apprécier, savourer",,
25,,,gelten,"to apply, to be valid, to count","appliquer, être valide, compter",,
25,,,herstellen,"to produce, to make, to establish","produire, fabriquer, établir",,
25,,,entschuldigen,"to excuse, to apologize","excuser, s'excuser",Mostly Reflexive,Principalement Réfléchi
25,,,schaffen,"to manage, to accomplish, to create","gérer, accomplir, créer",,
25,,,meinen,"to think, to mean, to have an opinion","penser, vouloir dire, avoir une opinion",,
25,,,verwenden,"to use, to employ, to utilize","utiliser, employer, exploiter",,
25,,,verschieben,"to postpone, to move, to shift","reporter, déplacer, décaler",Sometimes Reflexive,Parfois Réfléchi
25,,,feststellen,"to determine, to ascertain, to notice","déterminer, constater, remarquer",Sometimes Reflexive,Parfois Réfléchi
25,,,unterhalten,"to entertain, to maintain, to support, to convert","divertir, entretenir, soutenir, convertir",Sometimes Reflexive,Parfois Réfléchi
25,,,einstellen,"to hire, to adjust, to stop","embaucher, ajuster, arrêter",Sometimes Reflexive,Parfois Réfléchi
25,,,geschehen,"to happen, to occur, to take place","se produire, avoir lieu (formel)",,
25,,,stecken,"to stick, to pin","coller, épingler",Sometimes Reflexive,Parfois Réfléchi
25,,,sinken,"to sink, to decrease, to drop","couler, diminuer, laisser tomber",,
25,,,klingen,"to sound, to ring, to seem","sonner, sonner, sembler",,
25,,,überlegen,"to consider, to think about, to reflect, to lay over","considérer, penser à, réfléchir, recouvrir, poser par-dessus",Sometimes Reflexive,Parfois Réfléchi
25,,,unternehmen,"to undertake, to attempt, to take action","entreprendre, tenter, agir",,
26,,,kündigen,"to resign, to quit, to terminate, to cancel","démissionner, quitter, mettre fin à, annuler",Sometimes Reflexive,Parfois Réfléchi
26,,,vertreten,"to represent, to advocate, to stand in for","représenter, défendre, se substituer",,
26,,,gründen,"to found, to establish, to start","fonder, établir, démarrer",,
26,,,packen,"to pack, to grab, to manage","emballer, saisir, gérer",Sometimes Reflexive,Parfois Réfléchi
26,,,durchführen,"to carry out, to conduct, to implement","réaliser, mener, mettre en œuvre",,
26,,,drucken,to print,imprimer,Sometimes Reflexive,Parfois Réfléchi
26,,,untersuchen,"to investigate, to examine, to analyze","enquêter, examiner, analyser",Sometimes Reflexive,Parfois Réfléchi
26,,,verraten,"to betray, to reveal","trahir, révéler",,
26,,,entstehen,"to arise, to develop, to come into being","surgir, se développer, naître",,
26,,,abgeben,"to submit, to hand in, to deliver","soumettre, remettre, livrer",,
26,,,gelingen,"to succeed, to be successful, to work out","réussir, s'entraîner",,
26,,,reichen,"to reach, to hand, to be enough","atteindre, mettre la main, être suffisant",Sometimes Reflexive,Parfois Réfléchi
26,,,fordern,"to demand, to require, to call for","exiger, requérir, réclamer",,
26,,,schießen,"to shoot, to fire","tirer, faire feu",Sometimes Reflexive,Parfois Réfléchi
26,,,wenden,"to turn, to reverse, to address","tourner, inverser, s'adresser",Sometimes Reflexive,Parfois Réfléchi
26,,,ablehnen,"to refuse, to reject, to decline","refuser, rejeter, décliner",,
26,,,einsetzen,"to use, to apply, to deploy, to insert","utiliser, appliquer, déployer, insérer",Sometimes Reflexive,Parfois Réfléchi
26,,,gestalten,"to shape, to design, to organize","façonner, concevoir, organiser",Sometimes Reflexive,Parfois Réfléchi
26,,,speichern,"to save, to store","sauvegarder, stocker",,
26,,,stoßen,"to push, to bump, to kick, to thrust","pousser, cogner, donner un coup de pied",Sometimes Reflexive,Parfois Réfléchi
27,,,auswählen,"to choose, to select","choisir, sélectionner",Sometimes Reflexive,Parfois Réfléchi
27,,,bestätigen,"to confirm, to acknowledge, to endorse","confirmer, reconnaître, approuver",,
27,,,reparieren,"to repair, to fix",réparer,Sometimes Reflexive,Parfois Réfléchi
27,,,reduzieren,"to reduce, to decrease","réduire, diminuer",Sometimes Reflexive,Parfois Réfléchi
27,,,starten,"to start, to launch, to take off","démarrer, lancer, décoller",Sometimes Reflexive,Parfois Réfléchi
27,,,überzeugen,"to convince, to persuade","convaincre, persuader",Sometimes Reflexive,Parfois Réfléchi
27,,,brennen,"to burn, to have a strong affection for, to induce pain, to tan","brûler, avoir une forte affection pour, provoquer de la douleur",,
27,,,kriegen,"to get after asking or fighting, to wage war","obtenir après avoir demandé ou combattu, faire la guerre",Sometimes Reflexive,Parfois Réfléchi
27,,,benötigen,"to need, to require (formal)","avoir besoin, exiger",,
27,,,erledigen,"to handle, to deal with, to get done","gérer, traiter, faire avancer les choses",Sometimes Reflexive,Parfois Réfléchi
27,,,prüfen,"to check, to examine, to test, to investigate","vérifier, examiner, tester, enquêter",,
27,,,behandeln,"to treat, to handle, to deal with","traiter, manipuler, faire face à",Sometimes Reflexive,Parfois Réfléchi
27,,,ansehen,"to look at something, to watch something","regarder quelque chose, observer quelque chose",Sometimes Reflexive,Parfois Réfléchi
27,,,mitteilen,"to inform, to notify, to communicate","informer, notifier, communiquer",,
27,,,erstellen,"to create, to prepare, to compile","créer, préparer, compiler",,
27,,,schieben,"to push, to shove, to wheel","pousser, bousculer, faire tourner",,
27,,,bedienen,"to serve, to operate, to use","servir, opérer, utiliser",Sometimes Reflexive,Parfois Réfléchi
27,,,verabschieden,"to say goodbye, to bid farewell, to adopt (a law formally)","dire au revoir, faire ses adieux",Sometimes Reflexive,Parfois Réfléchi
27,,,behaupten,"to claim, to assert, to maintain","revendiquer, affirmer, maintenir",,
27,,,zuhören,to listen to someone (with dative),écouter quelqu'un,,
28,,,rücken,"to move, to shift, to edge, to advance","déplacer, décaler, border, avancer",Sometimes Reflexive,Parfois Réfléchi
28,,,zwingen,"to force, to compel","forcer, contraindre",,
28,,,übertragen,"to transfer, to transmit, to broadcast","transférer, transmettre, diffuser",Sometimes Reflexive,Parfois Réfléchi
28,,,verteilen,"to distribute, to allocate, to hand out","distribuer, attribuer",Sometimes Reflexive,Parfois Réfléchi
28,,,treten,"to step, to kick, to enter","marcher, donner un coup de pied, entrer",Sometimes Reflexive,Parfois Réfléchi
28,,,geraten,"to get into, to fall into, to turn out","entrer dans, tomber dans, se révéler",,
28,,,zunehmen,"to increase, to gain (weight), to rise","augmenter, prendre (du poids), s'élever",,
28,,,entsprechen,"to correspond, to match, to comply with","correspondre, égaler, se conformer à",,
28,,,mitmachen,"to participate, to join in, to go along","participer, se joindre à, accompagner",,
28,,,stammen,"to come from, to originate, to descend","venir de, être originaire, descendre",,
28,,,erfüllen,"to fulfill, to satisfy, to carry out","accomplir, satisfaire, réaliser",Sometimes Reflexive,Parfois Réfléchi
28,,,garantieren,"to guarantee, to assure","garantir, assurer",,
28,,,installieren,"to install, to set up","installer, configurer",,
28,,,drehen,"to turn, to veer","tourner, dévier",Sometimes Reflexive,Parfois Réfléchi
28,,,verhindern,"to prevent, to hinder, to stop","empêcher, entraver, arrêter",,
28,,,surfen,to surf,surfer,,
28,,,akzeptieren,to accept,accepter,,
28,,,vereinbaren,"to agree, to arrange, to settle","convenir, arranger, régler",,
28,,,schalten,"to switch, to shift gears, to turn on, to turn off","changer, changer de vitesse, allumer, éteindre",Sometimes Reflexive,Parfois Réfléchi
28,,,präsentieren,"to present, to showcase","présenter, mettre en valeur",Sometimes Reflexive,Parfois Réfléchi
29,,,beschränken,"to limit, to restrict","limiter, restreindre",Sometimes Reflexive,Parfois Réfléchi
29,,,leisten,"to achieve, to perform, to provide","réaliser, réaliser, fournir",Sometimes Reflexive,Parfois Réfléchi
29,,,produzieren,"to produce, to manufacture","produire, fabriquer",,
29,,,fördern,"to promote, to support","promouvoir, soutenir",,
29,,,erfolgen,"to occur, to take place","se produire, avoir lieu",,
29,,,ordnen,"to arrange, to organize, to classify","arranger, organiser, classer",Sometimes Reflexive,Parfois Réfléchi
29,,,stärken,"to strengthen, to reinforce","renforcer, consolider",,
29,,,begleiten,"to accompany, to escort","accompagner, escorter",,
29,,,begründen,"to justify, to explain, to establish","justifier, expliquer, établir",,
29,,,veröffentlichen,"to publish, to release","publier, diffuser",,
29,,,festlegen,"to define, to determine, to set","définir, déterminer, établir",Sometimes Reflexive,Parfois Réfléchi
29,,,löschen,"to delete, to extinguish, to erase","supprimer, éteindre, effacer",Sometimes Reflexive,Parfois Réfléchi
29,,,reiten,to ride (a horse),monter à cheval,Sometimes Reflexive,Parfois Réfléchi
29,,,ausfüllen,"to complete, to fill in, to fill out","compléter, remplir",Sometimes Reflexive,Parfois Réfléchi
29,,,verlangen,"to demand, to request, to desire","exiger, requérir, désirer",,
29,,,wiegen,"to weight, to balance",peser,Sometimes Reflexive,Parfois Réfléchi
29,,,einziehen,"to move in, to penetrate, to infiltrate","s'introduire, pénétrer, s'infiltrer",Sometimes Reflexive,Parfois Réfléchi
29,,,wagen,"to venture, to dare, to risk, to jeopardise","s'aventurer, oser, risquer, mettre en péril",,
29,,,stürzen,"to fall, to rush, to throw, to overturn, to overthrow something","tomber, se précipiter, jeter, renverser, renverser quelque chose",Sometimes Reflexive,Parfois Réfléchi
29,,,eingehen,"to shrink (textile), to wither, to die (plants, animals), to assume something","rétrécir (textile), se faner, mourir (plantes, animaux), prendre quelque chose",,
30,,,baden,"to bathe, to swim, to take a bath","se baigner, nager, prendre un bain",Sometimes Reflexive,Parfois Réfléchi
30,,,fressen,"to devour, to eat (animals), to gobble","dévorer, manger (des animaux), engloutir",,
30,,,gucken,"to look, to watch, to peek (coll.)","regarder, épier, jeter un coup d'œil (familier)",,
30,,,decken,"to cover, to set (a table), to hedge","couvrir, dresser (une table), se protéger",Sometimes Reflexive,Parfois Réfléchi
30,,,richten,"to direct, to adjust, to focus, to judge","diriger, ajuster, focaliser, juger",Sometimes Reflexive,Parfois Réfléchi
30,,,verzichten,"to renounce, to give up, to do without, to forgo","renoncer, abandonner, se passer de",,
30,,,erwähnen,"to mention, to refer to","mentionner, faire référence à",,
30,,,töten,"to kill, to slay","tuer, égorger",,
30,,,vermuten,"to suspect, to assume, to suppose","soupçonner, supposer, présumer",,
30,,,nachdenken,"to think about, to reflect, to ponder","penser à, réfléchir, méditer",,
30,,,reinigen,"to clean, to cleanse","nettoyer, purifier",Sometimes Reflexive,Parfois Réfléchi
30,,,einrichten,"to set up, to furnish, to arrange","installer, meubler, aménager",Sometimes Reflexive,Parfois Réfléchi
30,,,verwalten,"to manage, to administer","gérer, administrer",,
30,,,analysieren,to analyze,analyser,,
30,,,beachten,"to notice, to pay attention to, to observe","remarquer, prêter attention à, observer",,
30,,,landen,"to land, to end up","atterrir, finir",,
30,,,profitieren,"to benefit, to profit","bénéficier, profiter",,
30,,,anzeigen,"to report, to indicate, to display","signaler, indiquer, afficher",Sometimes Reflexive,Parfois Réfléchi
30,,,berücksichtigen,"to consider, to take into account","considérer, prendre en compte",,
30,,,pflanzen,"to plant, to sow","planter, semer",,
31,,,fließen,"to flow, to run","couler, courir",,
31,,,eröffnen,"to open, to inaugurate","ouvrir, inaugurer",Sometimes Reflexive,Parfois Réfléchi
31,,,steuern,"to steer, to control, to govern","diriger, contrôler, gouverner",Sometimes Reflexive,Parfois Réfléchi
31,,,schweigen,"to be silent, to say nothing","se taire, ne rien dire",,
31,,,klagen,"to complain, to lament, to sue","se plaindre, se lamenter, poursuivre en justice",,
31,,,kopieren,"to copy, to duplicate","copier, dupliquer",,
31,,,streichen,"to stroke, to cancel, to spread, to rub, to paint","caresser, annuler, étaler, frotter, peindre",Sometimes Reflexive,Parfois Réfléchi
31,,,aufregen,"to upset, to agitate, to annoy","déranger, agiter, ennuyer",Mostly Reflexive,Principalement Réfléchi
31,,,klicken,to click,cliquer,Sometimes Reflexive,Parfois Réfléchi
31,,,wecken,"to wake, to awaken, to arouse","réveiller, éveiller",Sometimes Reflexive,Parfois Réfléchi
31,,,abnehmen,"to decrease, to lose weight, to remove","diminuer, perdre du poids, éliminer",Sometimes Reflexive,Parfois Réfléchi
31,,,beweisen,"to prove, to demonstrate","prouver, démontrer",,
31,,,parken,to park,se garer,Sometimes Reflexive,Parfois Réfléchi
31,,,erscheinen,"to appear, to be published, to seem","apparaître, être publié, sembler",,
31,,,joggen,to jog,faire du jogging,,
31,,,verursachen,"to cause, to provoke, to bring about","causer, provoquer",,
31,,,beschließen,"to decide, to resolve","décider, résoudre",,
31,,,bearbeiten,"to edit, to process, to work on","éditer, traiter, travailler sur",,
31,,,hinweisen,"to indicate, to point out, to refer","indiquer, faire remarquer, se référer",,
31,,,leiten,"to lead, to manage, to conduct","diriger, gérer, conduire",,
32,,,beeinflussen,"to influence, to affect","influencer, affecter",,
32,,,zulassen,"to allow, to permit, to license","permettre, autoriser, autoriser",,
32,,,verlängern,"to extend, to prolong","étendre, prolonger",Sometimes Reflexive,Parfois Réfléchi
32,,,fassen,"to grasp, to seize, to capture, to comprehend","saisir, capturer, comprendre",Sometimes Reflexive,Parfois Réfléchi
32,,,belegen,"to prove, to occupy, to substantiate","prouver, occuper, étayer",,
32,,,auftreten,"to appear, to occur, to perform","apparaître, se produire, accomplir",,
32,,,angeben,"to state, to declare, to show off, to brag","déclarer, affirmer, se vanter",Sometimes Reflexive,Parfois Réfléchi
32,,,betonen,"to emphasize, to stress","souligner, insister",,
32,,,errichten,"to build, to erect, to establish","construire, ériger, établir",,
32,,,ausrichten,"to align, to arrange, to organize","aligner, arranger, organiser",Sometimes Reflexive,Parfois Réfléchi
32,,,schaden,"to damage, to harm (someone)","endommager, nuire (à quelqu'un)",,
32,,,klingeln,"to ring, to chime","sonner, faire sonner",,
32,,,unterstreichen,"to underline, to emphasize, to highlight","souligner, mettre en valeur, mettre en valeur",,
32,,,ermöglichen,"to enable, to make possible","permettre, rendre possible",,
32,,,klären,"to clarify, to resolve, to clear up","clarifier, résoudre, éclaircir",Sometimes Reflexive,Parfois Réfléchi
32,,,erzielen,"to achieve, to obtain, to reach","atteindre, obtenir, parvenir",,
32,,,blicken,"to look, to glance, to gaze","regarder, jeter un coup d'œil, contempler",Sometimes Reflexive,Parfois Réfléchi
32,,,scheiden,"to separate, to divorce, to part","se séparer, divorcer",Sometimes Reflexive,Parfois Réfléchi
32,,,äußern,"to express, to voice, to state","exprimer, déclarer",Sometimes Reflexive,Parfois Réfléchi
32,,,betreuen,"to look after, to care for, to supervise","prendre soin de, soigner, superviser",,
33,,,verfügen,"to have at one’s disposal (formal), to possess, to control","avoir à sa disposition (formel), posséder, contrôler",,
33,,,beitragen,to contribute,contribuer,,
33,,,berechnen,"to calculate, to charge","calculer, facturer",Sometimes Reflexive,Parfois Réfléchi
33,,,regeln,"to regulate, to control, to settle","réguler, contrôler, régler",Sometimes Reflexive,Parfois Réfléchi
33,,,füllen,"to fill, to stuff","remplir, farcir",Sometimes Reflexive,Parfois Réfléchi
33,,,bezeichnen,"to designate, to label, to describe","désigner, étiqueter, décrire",,
33,,,binden,"to tie, to bind, to attach","attacher, lier",Sometimes Reflexive,Parfois Réfléchi
33,,,gießen,"to pour, to water (plants), to cast (metal)","verser, arroser (des plantes), couler (du métal)",Sometimes Reflexive,Parfois Réfléchi
33,,,umgehen,"to handle, to deal with, to avoid","gérer, faire face à, éviter",Sometimes Reflexive,Parfois Réfléchi
33,,,anpassen,"to adapt, to adjust","s'adapter, ajuster",Sometimes Reflexive,Parfois Réfléchi
33,,,unterscheiden,"to distinguish, to differentiate","distinguer, différencier",Mostly Reflexive,Principalement Réfléchi
33,,,verfolgen,"to pursue, to track, to follow, to prosecute","poursuivre, pister, suivre",,
33,,,anschließen,"to join, to attach, to affiliate, to connect","rejoindre, attacher, s'affilier, se connecter",Sometimes Reflexive,Parfois Réfléchi
33,,,heilen,to heal,guérir,Sometimes Reflexive,Parfois Réfléchi
33,,,betreffen,"to concern, to affect","concerner, affecter",,
33,,,vorkommen,"to occur, to happen, to advance","se produire, arriver, progresser",,
33,,,kleben,"to stick, to adhere, to bond, to glue","coller, adhérer, lier",Sometimes Reflexive,Parfois Réfléchi
33,,,zusammenarbeiten,"to cooperate, to collaborate","coopérer, collaborer",,
33,,,hochladen,to upload,"uploader, télécharger",,
33,,,abmelden,"to deregister, to unsubscribe, to log out","se désinscrire, se désabonner, se déconnecter",,
34,,,grillen,"to grill, to barbecue","griller, faire un barbecue",,
34,,,bedanken,to thank,remercier,Mostly Reflexive,Principalement Réfléchi
34,,,verlaufen,"to proceed, to pass, to go (in a certain way)","procéder, passer, aller (d'une certaine manière)",Sometimes Reflexive,Parfois Réfléchi
34,,,klettern,"to climb, to scale","grimper, escalader",,
34,,,eingeben,"to enter, to input, to give, to supply","entrer, saisir, donner, fournir",Sometimes Reflexive,Parfois Réfléchi
34,,,engagieren,"to hire, to engage, to get involved","embaucher, engager, s'impliquer",Sometimes Reflexive,Parfois Réfléchi
34,,,umtauschen,"to convert, to exchange (currency)","convertir, échanger (monnaie)",,
34,,,notieren,"to note, to quote","à noter, à citer",Sometimes Reflexive,Parfois Réfléchi
34,,,räumen,"to clear, to remove, to vacate","déblayer, débrancher, dégager",Sometimes Reflexive,Parfois Réfléchi
34,,,nachfragen,"to ask, to inquire, to demand","demander, s'enquérir, exiger",,
34,,,gewöhnen,"to get used to, to accustom oneself","s'habituer à, s'accoutumer",Mostly Reflexive,Principalement Réfléchi
34,,,erweitern,"to expand, to broaden, to widen, to extend","étendre, élargir, étendre",Sometimes Reflexive,Parfois Réfléchi
34,,,loben,"to praise, to commend","louer, féliciter",Sometimes Reflexive,Parfois Réfléchi
34,,,fürchten,"to fear, to be afraid of",avoir peur de,Sometimes Reflexive,Parfois Réfléchi
34,,,aufmachen,"to open (coll.), to head or move off (refl.), to undo something","ouvrir (familier), se diriger ou s'éloigner (réfl.), défaire quelque chose",Sometimes Reflexive,Parfois Réfléchi
34,,,werben,"to advertise, to recruit","faire de la publicité, recruter",,
34,,,verleihen,"to award, to grant, to lend","attribuer, accorder, prêter",,
34,,,eignen,"to be suitable, to be appropriate","être convenable, être approprié",Mostly Reflexive,Principalement Réfléchi
34,,,gelangen,"to reach, to arrive, to attain","atteindre, arriver",,
34,,,einschalten,"to switch on, to intervene, to turn on","allumer, intervenir",Sometimes Reflexive,Parfois Réfléchi
35,,,integrieren,"to integrate, to incorporate","intégrer, incorporer",Sometimes Reflexive,Parfois Réfléchi
35,,,widmen,"to dedicate, to devote",consacrer,Regularly Reflexive,Toujours Réfléchi
35,,,stoppen,to stop a movement (vehicle or person),arrêter un mouvement (véhicule ou personne),Sometimes Reflexive,Parfois Réfléchi
35,,,austauschen,"to exchange, to replace, to swap","échanger, remplacer, permuter",Sometimes Reflexive,Parfois Réfléchi
35,,,zusammenfassen,"to summarize, to condense, to abstract","résumer, condenser, abstraire",,
35,,,erschrecken,"to be frightened, to frighten","avoir peur, effrayer",Sometimes Reflexive,Parfois Réfléchi
35,,,markieren,"to mark, to highlight","marquer, mettre en valeur",,
35,,,operieren,to operate,opérer,,
35,,,verzeihen,"to forgive, to pardon, to excuse","pardonner, excuser",,
35,,,abfahren,"to depart, to leave","partir, quitter",,
35,,,erleichtern,"to facilitate, to ease, to relieve","faciliter, alléger, soulager",Sometimes Reflexive,Parfois Réfléchi
35,,,senken,"to lower, to sink, to drop, to reduce","abaisser, couler, laisser tomber, réduire",Sometimes Reflexive,Parfois Réfléchi
35,,,warnen,"to warn, to caution","avertir, mettre en garde",Sometimes Reflexive,Parfois Réfléchi
35,,,klappen,"to work out, to go smoothly, to fold","se dérouler, se dérouler sans problème, se plier",,
35,,,ergänzen,"to complement, to add, to supplement","compléter, ajouter, suppléer",Sometimes Reflexive,Parfois Réfléchi
35,,,zubereiten,"to prepare (food), to cook","préparer (de la nourriture), cuisiner",,
35,,,stinken,to stink,puer,,
35,,,sich verhalten,"to behave (refl.), to act (refl.), to press (coll.)","se comporter (réfl.), agir (réfl.), faire pression (familier)",Always Reflexive,Toujours Réfléchi
35,,,überweisen,"to transfer (money), to refer (a patient)","transférer (de l'argent), référer (un patient)",,
35,,,basteln,"to craft, to tinker","bricoler, fabriquer",,
36,,,ansprechen,"to address, to speak to, to appeal to","s'adresser à, parler à, faire appel à",,
36,,,kritisieren,"to criticize, to censure","critiquer, censurer",,
36,,,zurückgehen,"to go back, to decrease, to decline","revenir en arrière, diminuer, décliner",Sometimes Reflexive,Parfois Réfléchi
36,,,investieren,to invest,investir,Sometimes Reflexive,Parfois Réfléchi
36,,,steigern,"to increase, to boost, to enhance","augmenter, stimuler, améliorer",Sometimes Reflexive,Parfois Réfléchi
36,,,weisen,"to point, to direct, to indicate","pointer, diriger, indiquer",Sometimes Reflexive,Parfois Réfléchi
36,,,importieren,to import,importer,,
36,,,klopfen,"to knock, to tap (food)","frapper, tapoter (nourriture)",Sometimes Reflexive,Parfois Réfléchi
36,,,winken,"to wave, to beckon",faire signe,,
36,,,schmelzen,to melt,faire fondre,Sometimes Reflexive,Parfois Réfléchi
36,,,pflegen,"to nurse, to care for, to maintain","soigner, prendre soin de, entretenir",Sometimes Reflexive,Parfois Réfléchi
36,,,finanzieren,"to finance, to fund","financer, financer",Sometimes Reflexive,Parfois Réfléchi
36,,,ernähren,"to feed, to nourish, to sustain","nourrir, entretenir, soutenir",Sometimes Reflexive,Parfois Réfléchi
36,,,ankündigen,"to announce, to declare","annoncer, déclarer",Sometimes Reflexive,Parfois Réfléchi
36,,,realisieren,"to realize, to implement, to actualize","réaliser, mettre en œuvre, actualiser",,
36,,,verabreden,"to arrange, to make an appointment","prendre rendez-vous, convenir d'un rendez-vous",Mostly Reflexive,Principalement Réfléchi
36,,,unterbrechen,"to interrupt, to suspend","interrompre, suspendre",,
36,,,renovieren,"to refurbish, to renovate","remettre à neuf, rénover",,
36,,,verschreiben,"to prescribe, to commit oneself to, to misspell by accident","prescrire, s'engager à, faire une faute d'orthographe par accident",Sometimes Reflexive,Parfois Réfléchi
36,,,hingehen,"to go (there), (of time) to pass","aller (là-bas), passer (le temps)",,
37,,,weggehen,"to go away, to leave","s'en aller, quitter",,
37,,,abheben,"to withdraw (money), to take off (aircraft)","retirer (de l'argent), décoller (un avion)",Sometimes Reflexive,Parfois Réfléchi
37,,,gratulieren,"to congratulate, to compliment on","féliciter, complimenter",,
37,,,zaubern,"to perform magic, to conjure","conjurer, ensorceler, évoquer",,
37,,,servieren,to serve,servir,,
37,,,entlassen,"to dismiss, to fire, to release","congédier, licencier, libérer",,
37,,,lehren,"to teach, to instruct","enseigner, instruire",,
37,,,einfügen,"to insert, to infix, to conform","insérer, infixer, se conformer",Sometimes Reflexive,Parfois Réfléchi
37,,,zusagen,"to promise, to accept, to agree","promettre, accepter, convenir",,
37,,,preisen,"to praise, to commend","louer, féliciter",,
37,,,erheben,"to raise, to collect, to levy","lever, collecter, prélever",Sometimes Reflexive,Parfois Réfléchi
37,,,ausreichen,"to suffice, to be sufficient, to be adequate","suffire, être suffisant, être adéquat",,
37,,,vergrößern,to enlarge,pour agrandir,Sometimes Reflexive,Parfois Réfléchi
37,,,trocknen,"to dry, to dehumidify","sécher, déshumidifier",Sometimes Reflexive,Parfois Réfléchi
37,,,stechen,"to sting, to prick, to puncture, to pierce","piquer, percer",Sometimes Reflexive,Parfois Réfléchi
37,,,auffallen,"to stand out, to catch someone's eye (with dative)","se démarquer, attirer l'attention (avec le datif)",,
37,,,mischen,"to mix, to blend",mélanger,Sometimes Reflexive,Parfois Réfléchi
37,,,schwitzen,"to sweat, to be in a sweat","transpirer, être en sueur",,
37,,,streiken,"to strike, to be on strike","faire grève, être en grève",,
37,,,heizen,"to heat, to warm, to fuel","chauffer, se chauffer",Sometimes Reflexive,Parfois Réfléchi
38,,,einschlafen,to fall asleep,s'endormir,,
38,,,chatten,to chat,"discuter, chatter",,
38,,,anklicken,"to click, to click on, to press","cliquer, cliquer sur, appuyer",,
38,,,bewerten,"to evaluate, to assess, to rate","évaluer, estimer, noter",,
38,,,sich bemühen,"to make an effort, to strive","faire un effort, s'efforcer",Always Reflexive,Toujours Réfléchi
38,,,sich beteiligen,"to participate, to be involved, to take part","participer, être impliqué, prendre part",Mostly Reflexive,Principalement Réfléchi
38,,,vergeben,"to forgive, to award, to assign","pardonner, récompenser, attribuer",,
38,,,verhandeln,"to negotiate, to bargain, to discuss","négocier, discuter",,
38,,,gleichen,"to equal, to match, to resemble","égaler, ressembler",Sometimes Reflexive,Parfois Réfléchi
38,,,würzen,"to season, to flavor","assaisonner, aromatiser",,
38,,,sich lohnen,"to be worthwhile, to pay off","être utile, être rentable",Always Reflexive,Toujours Réfléchi
38,,,widersprechen,"to contradict, to disagree","contredire, être en désaccord",,
38,,,frieren,"to freeze, to feel cold","geler, avoir froid",Sometimes Reflexive,Parfois Réfléchi
38,,,losgehen,"to leave, to go off, to advance","partir, s'en aller, avancer",,
38,,,beruhigen,"to calm, to reassure, to soothe","calmer, rassurer, apaiser",Sometimes Reflexive,Parfois Réfléchi
38,,,zögern,to hesitate,hésiter,,
38,,,ausfallen,"to fail, to be canceled, to malfunction","échouer, être annulé, dysfonctionner",,
38,,,protestieren,"to protest, to object","protester, s'opposer",,
38,,,aufgeben,"to give up on, to give up (refl.), to abandon","renoncer à, abandonner (réfl.),",Sometimes Reflexive,Parfois Réfléchi
38,,,überwachen,"to keep under surveillance, to monitor, to observe, to oversee","surveiller, observer, superviser",,
39,,,verteidigen,to defend,défendre,Sometimes Reflexive,Parfois Réfléchi
39,,,bestrafen,to punish,punir,Sometimes Reflexive,Parfois Réfléchi
39,,,vorlesen,"to read aloud, to read out",lire à haute voix,,
39,,,zugeben,"to admit, to confess, to add","admettre, confesser, ajouter",Sometimes Reflexive,Parfois Réfléchi
39,,,hinzufügen,to add,ajouter,,
39,,,beurteilen,"to judge, to assess","juger, évaluer",,
39,,,husten,"to cough, to have a cough","tousser, toussoter",,
39,,,ausschließen,"to exclude, to eliminate","exclure, éliminer",,
39,,,absolvieren,"to complete, to graduate, to finish","compléter, obtenir un diplôme, finir",,
39,,,faulenzen,"to chill, to laze around","se détendre, paresser",,
39,,,beten,to pray,prier,,
39,,,jagen,"to hunt, to chase, to pursue","chasser, poursuivre",Sometimes Reflexive,Parfois Réfléchi
39,,,angeln,"to fish, to angle, to hook up","pêcher, aller à la pêcher",,
39,,,bluten,"to bleed, to haemorrhage","saigner, avoir une hémorragie",,
39,,,anprobieren,"to try on, to fit, to fit on","essayer, ajuster, s'adapter à",Sometimes Reflexive,Parfois Réfléchi
39,,,duschen,"to shower, to have a shower, to take a shower","se doucher, prendre une douche",Mostly Reflexive,Principalement Réfléchi
39,,,ankreuzen,"to check, to cross, to mark","vérifier, croiser, marquer",,
39,,,graben,"to dig, to excavate, to delve","creuser, fouiller, excaver",Sometimes Reflexive,Parfois Réfléchi
39,,,abstimmen,"to coordinate, to vote, to adjust","coordonner, voter, ajuster",Sometimes Reflexive,Parfois Réfléchi
39,,,beschädigen,"to damage, to harm","endommager, nuire",,
40,,,weitermachen,"to go on, to keep going, to continue to do something","continuer, continuer à faire quelque chose",,
40,,,existieren,to exist,exister,,
40,,,anschauen,"to look at, to behold, to take a look at, to watch (Bayern and Austria)","regarder, contempler, jeter un coup d'œil à, observer (Bayern et Autriche)",Sometimes Reflexive,Parfois Réfléchi
40,,,veranstalten,"to organize, to arrange, to host","organiser, arranger, héberger",,
40,,,spalten,"to split, to divide","diviser, diviser",Sometimes Reflexive,Parfois Réfléchi
40,,,angreifen,to attack,attaquer,,
40,,,beeindrucken,to impress,impressionner,Sometimes Reflexive,Parfois Réfléchi
40,,,begeistern,"to enthuse, to be enthusiastic (refl.)","enthousiasmer, être enthousiaste (réfl.)",Sometimes Reflexive,Parfois Réfléchi
40,,,einpacken,"to pack in, to pack, to wrap, to wrap up","emballer, conclure",,
40,,,auspacken,"to unpack, to unwrap, to blow the whistle on","déballer, dénoncer",,
40,,,ausdrücken,"to express, to articulate, to convey, to embody","exprimer, articuler, transmettre, incarner",Sometimes Reflexive,Parfois Réfléchi
40,,,recyceln,to recycle,recycler,,
40,,,aufwachsen,"to grow up, to be raised","grandir, être élevé",,
40,,,kommunizieren,"to communicate, to commune, to connect","communiquer, se connecter",,
40,,,entnehmen,"to extract, to gather from, to remove","retirer, tirer, déduire",,
40,,,überleben,to survive,survivre,,
40,,,scheitern,"to fail, to fall through","échouer, tomber à travers",,
40,,,drohen,to threaten,menacer,,
40,,,beschweren,"to complain, to weigh down","se plaindre, alourdir",,
40,,,bemerken,"to notice, to observe, to remark","remarquer, observer",,
41,,darstellen,darstellen,"to depict, to portray, to represent, to illustrate","dépeindre, représenter, illustrer",,
41,,fangen,fangen,to catch,attraper,,
41,,erreichen,erreichen,"to reach, to achieve, to attain","atteindre, réaliser, parvenir",,
41,,genießen,genießen,"to savor, to relish, to enjoy, to take pleasure in","apprécier, savourer",,
41,,gelten,gelten,"to apply, to be valid, to count","appliquer, être valide, compter",,
41,,herstellen,herstellen,"to produce, to make, to establish","produire, fabriquer, établir",,
41,,entschuldigen,entschuldigen,"to excuse, to apologize","excuser, s'excuser",Mostly Reflexive,Principalement Réfléchi
41,,schaffen,schaffen,"to manage, to accomplish, to create","gérer, accomplir, créer",,
41,,meinen,meinen,"to think, to mean, to have an opinion","penser, vouloir dire, avoir une opinion",,
41,,verwenden,verwenden,"to use, to employ, to utilize","utiliser, employer, exploiter",,
41,,verschieben,verschieben,"to postpone, to move, to shift","reporter, déplacer, décaler",Sometimes Reflexive,Parfois Réfléchi
41,,feststellen,feststellen,"to determine, to ascertain, to notice","déterminer, constater, remarquer",Sometimes Reflexive,Parfois Réfléchi
41,,unterhalten,unterhalten,"to entertain, to maintain, to support, to convert","divertir, entretenir, soutenir, convertir",Sometimes Reflexive,Parfois Réfléchi
41,,einstellen,einstellen,"to hire, to adjust, to stop","embaucher, ajuster, arrêter",Sometimes Reflexive,Parfois Réfléchi
41,,geschehen,geschehen,"to happen, to occur, to take place","se produire, avoir lieu (formel)",,
41,,stecken,stecken,"to stick, to pin","coller, épingler",Sometimes Reflexive,Parfois Réfléchi
41,,sinken,sinken,"to sink, to decrease, to drop","couler, diminuer, laisser tomber",,
41,,klingen,klingen,"to sound, to ring, to seem","sonner, sonner, sembler",,
41,,überlegen,überlegen,"to consider, to think about, to reflect, to lay over","considérer, penser à, réfléchir, recouvrir, poser par-dessus",Sometimes Reflexive,Parfois Réfléchi
41,,unternehmen,unternehmen,"to undertake, to attempt, to take action","entreprendre, tenter, agir",,
42,,kündigen,kündigen,"to resign, to quit, to terminate, to cancel","démissionner, quitter, mettre fin à, annuler",Sometimes Reflexive,Parfois Réfléchi
42,,vertreten,vertreten,"to represent, to advocate, to stand in for","représenter, défendre, se substituer",,
42,,gründen,gründen,"to found, to establish, to start","fonder, établir, démarrer",,
42,,packen,packen,"to pack, to grab, to manage","emballer, saisir, gérer",Sometimes Reflexive,Parfois Réfléchi
42,,durchführen,durchführen,"to carry out, to conduct, to implement","réaliser, mener, mettre en œuvre",,
42,,drucken,drucken,to print,imprimer,Sometimes Reflexive,Parfois Réfléchi
42,,untersuchen,untersuchen,"to investigate, to examine, to analyze","enquêter, examiner, analyser",Sometimes Reflexive,Parfois Réfléchi
42,,verraten,verraten,"to betray, to reveal","trahir, révéler",,
42,,entstehen,entstehen,"to arise, to develop, to come into being","surgir, se développer, naître",,
42,,abgeben,abgeben,"to submit, to hand in, to deliver","soumettre, remettre, livrer",,
42,,gelingen,gelingen,"to succeed, to be successful, to work out","réussir, s'entraîner",,
42,,reichen,reichen,"to reach, to hand, to be enough","atteindre, mettre la main, être suffisant",Sometimes Reflexive,Parfois Réfléchi
42,,fordern,fordern,"to demand, to require, to call for","exiger, requérir, réclamer",,
42,,schießen,schießen,"to shoot, to fire","tirer, faire feu",Sometimes Reflexive,Parfois Réfléchi
42,,wenden,wenden,"to turn, to reverse, to address","tourner, inverser, s'adresser",Sometimes Reflexive,Parfois Réfléchi
42,,ablehnen,ablehnen,"to refuse, to reject, to decline","refuser, rejeter, décliner",,
42,,einsetzen,einsetzen,"to use, to apply, to deploy, to insert","utiliser, appliquer, déployer, insérer",Sometimes Reflexive,Parfois Réfléchi
42,,gestalten,gestalten,"to shape, to design, to organize","façonner, concevoir, organiser",Sometimes Reflexive,Parfois Réfléchi
42,,speichern,speichern,"to save, to store","sauvegarder, stocker",,
42,,stoßen,stoßen,"to push, to bump, to kick, to thrust","pousser, cogner, donner un coup de pied",Sometimes Reflexive,Parfois Réfléchi
43,,auswählen,auswählen,"to choose, to select","choisir, sélectionner",Sometimes Reflexive,Parfois Réfléchi
43,,bestätigen,bestätigen,"to confirm, to acknowledge, to endorse","confirmer, reconnaître, approuver",,
43,,reparieren,reparieren,"to repair, to fix",réparer,Sometimes Reflexive,Parfois Réfléchi
43,,reduzieren,reduzieren,"to reduce, to decrease","réduire, diminuer",Sometimes Reflexive,Parfois Réfléchi
43,,starten,starten,"to start, to launch, to take off","démarrer, lancer, décoller",Sometimes Reflexive,Parfois Réfléchi
43,,überzeugen,überzeugen,"to convince, to persuade","convaincre, persuader",Sometimes Reflexive,Parfois Réfléchi
43,,brennen,brennen,"to burn, to have a strong affection for, to induce pain, to tan","brûler, avoir une forte affection pour, provoquer de la douleur",,
43,,kriegen,kriegen,"to get after asking or fighting, to wage war","obtenir après avoir demandé ou combattu, faire la guerre",Sometimes Reflexive,Parfois Réfléchi
43,,benötigen,benötigen,"to need, to require (formal)","avoir besoin, exiger",,
43,,erledigen,erledigen,"to handle, to deal with, to get done","gérer, traiter, faire avancer les choses",Sometimes Reflexive,Parfois Réfléchi
43,,prüfen,prüfen,"to check, to examine, to test, to investigate","vérifier, examiner, tester, enquêter",,
43,,behandeln,behandeln,"to treat, to handle, to deal with","traiter, manipuler, faire face à",Sometimes Reflexive,Parfois Réfléchi
43,,ansehen,ansehen,"to look at something, to watch something","regarder quelque chose, observer quelque chose",Sometimes Reflexive,Parfois Réfléchi
43,,mitteilen,mitteilen,"to inform, to notify, to communicate","informer, notifier, communiquer",,
43,,erstellen,erstellen,"to create, to prepare, to compile","créer, préparer, compiler",,
43,,schieben,schieben,"to push, to shove, to wheel","pousser, bousculer, faire tourner",,
43,,bedienen,bedienen,"to serve, to operate, to use","servir, opérer, utiliser",Sometimes Reflexive,Parfois Réfléchi
43,,verabschieden,verabschieden,"to say goodbye, to bid farewell, to adopt (a law formally)","dire au revoir, faire ses adieux",Sometimes Reflexive,Parfois Réfléchi
43,,behaupten,behaupten,"to claim, to assert, to maintain","revendiquer, affirmer, maintenir",,
43,,zuhören,zuhören,to listen to someone (with dative),écouter quelqu'un,,
44,,rücken,rücken,"to move, to shift, to edge, to advance","déplacer, décaler, border, avancer",Sometimes Reflexive,Parfois Réfléchi
44,,zwingen,zwingen,"to force, to compel","forcer, contraindre",,
44,,übertragen,übertragen,"to transfer, to transmit, to broadcast","transférer, transmettre, diffuser",Sometimes Reflexive,Parfois Réfléchi
44,,verteilen,verteilen,"to distribute, to allocate, to hand out","distribuer, attribuer",Sometimes Reflexive,Parfois Réfléchi
44,,treten,treten,"to step, to kick, to enter","marcher, donner un coup de pied, entrer",Sometimes Reflexive,Parfois Réfléchi
44,,geraten,geraten,"to get into, to fall into, to turn out","entrer dans, tomber dans, se révéler",,
44,,zunehmen,zunehmen,"to increase, to gain (weight), to rise","augmenter, prendre (du poids), s'élever",,
44,,entsprechen,entsprechen,"to correspond, to match, to comply with","correspondre, égaler, se conformer à",,
44,,mitmachen,mitmachen,"to participate, to join in, to go along","participer, se joindre à, accompagner",,
44,,stammen,stammen,"to come from, to originate, to descend","venir de, être originaire, descendre",,
44,,erfüllen,erfüllen,"to fulfill, to satisfy, to carry out","accomplir, satisfaire, réaliser",Sometimes Reflexive,Parfois Réfléchi
44,,garantieren,garantieren,"to guarantee, to assure","garantir, assurer",,
44,,installieren,installieren,"to install, to set up","installer, configurer",,
44,,drehen,drehen,"to turn, to veer","tourner, dévier",Sometimes Reflexive,Parfois Réfléchi
44,,verhindern,verhindern,"to prevent, to hinder, to stop","empêcher, entraver, arrêter",,
44,,surfen,surfen,to surf,surfer,,
44,,akzeptieren,akzeptieren,to accept,accepter,,
44,,vereinbaren,vereinbaren,"to agree, to arrange, to settle","convenir, arranger, régler",,
44,,schalten,schalten,"to switch, to shift gears, to turn on, to turn off","changer, changer de vitesse, allumer, éteindre",Sometimes Reflexive,Parfois Réfléchi
44,,präsentieren,präsentieren,"to present, to showcase","présenter, mettre en valeur",Sometimes Reflexive,Parfois Réfléchi
45,,beschränken,beschränken,"to limit, to restrict","limiter, restreindre",Sometimes Reflexive,Parfois Réfléchi
45,,leisten,leisten,"to achieve, to perform, to provide","réaliser, réaliser, fournir",Sometimes Reflexive,Parfois Réfléchi
45,,produzieren,produzieren,"to produce, to manufacture","produire, fabriquer",,
45,,fördern,fördern,"to promote, to support","promouvoir, soutenir",,
45,,erfolgen,erfolgen,"to occur, to take place","se produire, avoir lieu",,
45,,ordnen,ordnen,"to arrange, to organize, to classify","arranger, organiser, classer",Sometimes Reflexive,Parfois Réfléchi
45,,stärken,stärken,"to strengthen, to reinforce","renforcer, consolider",,
45,,begleiten,begleiten,"to accompany, to escort","accompagner, escorter",,
45,,begründen,begründen,"to justify, to explain, to establish","justifier, expliquer, établir",,
45,,veröffentlichen,veröffentlichen,"to publish, to release","publier, diffuser",,
45,,festlegen,festlegen,"to define, to determine, to set","définir, déterminer, établir",Sometimes Reflexive,Parfois Réfléchi
45,,löschen,löschen,"to delete, to extinguish, to erase","supprimer, éteindre, effacer",Sometimes Reflexive,Parfois Réfléchi
45,,reiten,reiten,to ride (a horse),monter à cheval,Sometimes Reflexive,Parfois Réfléchi
45,,ausfüllen,ausfüllen,"to complete, to fill in, to fill out","compléter, remplir",Sometimes Reflexive,Parfois Réfléchi
45,,verlangen,verlangen,"to demand, to request, to desire","exiger, requérir, désirer",,
45,,wiegen,wiegen,"to weight, to balance",peser,Sometimes Reflexive,Parfois Réfléchi
45,,einziehen,einziehen,"to move in, to penetrate, to infiltrate","s'introduire, pénétrer, s'infiltrer",Sometimes Reflexive,Parfois Réfléchi
45,,wagen,wagen,"to venture, to dare, to risk, to jeopardise","s'aventurer, oser, risquer, mettre en péril",,
45,,stürzen,stürzen,"to fall, to rush, to throw, to overturn, to overthrow something","tomber, se précipiter, jeter, renverser, renverser quelque chose",Sometimes Reflexive,Parfois Réfléchi
45,,eingehen,eingehen,"to shrink (textile), to wither, to die (plants, animals), to assume something","rétrécir (textile), se faner, mourir (plantes, animaux), prendre quelque chose",,
46,,baden,baden,"to bathe, to swim, to take a bath","se baigner, nager, prendre un bain",Sometimes Reflexive,Parfois Réfléchi
46,,fressen,fressen,"to devour, to eat (animals), to gobble","dévorer, manger (des animaux), engloutir",,
46,,gucken,gucken,"to look, to watch, to peek (coll.)","regarder, épier, jeter un coup d'œil (familier)",,
46,,decken,decken,"to cover, to set (a table), to hedge","couvrir, dresser (une table), se protéger",Sometimes Reflexive,Parfois Réfléchi
46,,richten,richten,"to direct, to adjust, to focus, to judge","diriger, ajuster, focaliser, juger",Sometimes Reflexive,Parfois Réfléchi
46,,verzichten,verzichten,"to renounce, to give up, to do without, to forgo","renoncer, abandonner, se passer de",,
46,,erwähnen,erwähnen,"to mention, to refer to","mentionner, faire référence à",,
46,,töten,töten,"to kill, to slay","tuer, égorger",,
46,,vermuten,vermuten,"to suspect, to assume, to suppose","soupçonner, supposer, présumer",,
46,,nachdenken,nachdenken,"to think about, to reflect, to ponder","penser à, réfléchir, méditer",,
46,,reinigen,reinigen,"to clean, to cleanse","nettoyer, purifier",Sometimes Reflexive,Parfois Réfléchi
46,,einrichten,einrichten,"to set up, to furnish, to arrange","installer, meubler, aménager",Sometimes Reflexive,Parfois Réfléchi
46,,verwalten,verwalten,"to manage, to administer","gérer, administrer",,
46,,analysieren,analysieren,to analyze,analyser,,
46,,beachten,beachten,"to notice, to pay attention to, to observe","remarquer, prêter attention à, observer",,
46,,landen,landen,"to land, to end up","atterrir, finir",,
46,,profitieren,profitieren,"to benefit, to profit","bénéficier, profiter",,
46,,anzeigen,anzeigen,"to report, to indicate, to display","signaler, indiquer, afficher",Sometimes Reflexive,Parfois Réfléchi
46,,berücksichtigen,berücksichtigen,"to consider, to take into account","considérer, prendre en compte",,
46,,pflanzen,pflanzen,"to plant, to sow","planter, semer",,
47,,fließen,fließen,"to flow, to run","couler, courir",,
47,,eröffnen,eröffnen,"to open, to inaugurate","ouvrir, inaugurer",Sometimes Reflexive,Parfois Réfléchi
47,,steuern,steuern,"to steer, to control, to govern","diriger, contrôler, gouverner",Sometimes Reflexive,Parfois Réfléchi
47,,schweigen,schweigen,"to be silent, to say nothing","se taire, ne rien dire",,
47,,klagen,klagen,"to complain, to lament, to sue","se plaindre, se lamenter, poursuivre en justice",,
47,,kopieren,kopieren,"to copy, to duplicate","copier, dupliquer",,
47,,streichen,streichen,"to stroke, to cancel, to spread, to rub, to paint","caresser, annuler, étaler, frotter, peindre",Sometimes Reflexive,Parfois Réfléchi
47,,aufregen,aufregen,"to upset, to agitate, to annoy","déranger, agiter, ennuyer",Mostly Reflexive,Principalement Réfléchi
47,,klicken,klicken,to click,cliquer,Sometimes Reflexive,Parfois Réfléchi
47,,wecken,wecken,"to wake, to awaken, to arouse","réveiller, éveiller",Sometimes Reflexive,Parfois Réfléchi
47,,abnehmen,abnehmen,"to decrease, to lose weight, to remove","diminuer, perdre du poids, éliminer",Sometimes Reflexive,Parfois Réfléchi
47,,beweisen,beweisen,"to prove, to demonstrate","prouver, démontrer",,
47,,parken,parken,to park,se garer,Sometimes Reflexive,Parfois Réfléchi
47,,erscheinen,erscheinen,"to appear, to be published, to seem","apparaître, être publié, sembler",,
47,,joggen,joggen,to jog,faire du jogging,,
47,,verursachen,verursachen,"to cause, to provoke, to bring about","causer, provoquer",,
47,,beschließen,beschließen,"to decide, to resolve","décider, résoudre",,
47,,bearbeiten,bearbeiten,"to edit, to process, to work on","éditer, traiter, travailler sur",,
47,,hinweisen,hinweisen,"to indicate, to point out, to refer","indiquer, faire remarquer, se référer",,
47,,leiten,leiten,"to lead, to manage, to conduct","diriger, gérer, conduire",,
48,,beeinflussen,beeinflussen,"to influence, to affect","influencer, affecter",,
48,,zulassen,zulassen,"to allow, to permit, to license","permettre, autoriser, autoriser",,
48,,verlängern,verlängern,"to extend, to prolong","étendre, prolonger",Sometimes Reflexive,Parfois Réfléchi
48,,fassen,fassen,"to grasp, to seize, to capture, to comprehend","saisir, capturer, comprendre",Sometimes Reflexive,Parfois Réfléchi
48,,belegen,belegen,"to prove, to occupy, to substantiate","prouver, occuper, étayer",,
48,,auftreten,auftreten,"to appear, to occur, to perform","apparaître, se produire, accomplir",,
48,,angeben,angeben,"to state, to declare, to show off, to brag","déclarer, affirmer, se vanter",Sometimes Reflexive,Parfois Réfléchi
48,,betonen,betonen,"to emphasize, to stress","souligner, insister",,
48,,errichten,errichten,"to build, to erect, to establish","construire, ériger, établir",,
48,,ausrichten,ausrichten,"to align, to arrange, to organize","aligner, arranger, organiser",Sometimes Reflexive,Parfois Réfléchi
48,,schaden,schaden,"to damage, to harm (someone)","endommager, nuire (à quelqu'un)",,
48,,klingeln,klingeln,"to ring, to chime","sonner, faire sonner",,
48,,unterstreichen,unterstreichen,"to underline, to emphasize, to highlight","souligner, mettre en valeur, mettre en valeur",,
48,,ermöglichen,ermöglichen,"to enable, to make possible","permettre, rendre possible",,
48,,klären,klären,"to clarify, to resolve, to clear up","clarifier, résoudre, éclaircir",Sometimes Reflexive,Parfois Réfléchi
48,,erzielen,erzielen,"to achieve, to obtain, to reach","atteindre, obtenir, parvenir",,
48,,blicken,blicken,"to look, to glance, to gaze","regarder, jeter un coup d'œil, contempler",Sometimes Reflexive,Parfois Réfléchi
48,,scheiden,scheiden,"to separate, to divorce, to part","se séparer, divorcer",Sometimes Reflexive,Parfois Réfléchi
48,,äußern,äußern,"to express, to voice, to state","exprimer, déclarer",Sometimes Reflexive,Parfois Réfléchi
48,,betreuen,betreuen,"to look after, to care for, to supervise","prendre soin de, soigner, superviser",,
49,,verfügen,verfügen,"to have at one’s disposal (formal), to possess, to control","avoir à sa disposition (formel), posséder, contrôler",,
49,,beitragen,beitragen,to contribute,contribuer,,
49,,berechnen,berechnen,"to calculate, to charge","calculer, facturer",Sometimes Reflexive,Parfois Réfléchi
49,,regeln,regeln,"to regulate, to control, to settle","réguler, contrôler, régler",Sometimes Reflexive,Parfois Réfléchi
49,,füllen,füllen,"to fill, to stuff","remplir, farcir",Sometimes Reflexive,Parfois Réfléchi
49,,bezeichnen,bezeichnen,"to designate, to label, to describe","désigner, étiqueter, décrire",,
49,,binden,binden,"to tie, to bind, to attach","attacher, lier",Sometimes Reflexive,Parfois Réfléchi
49,,gießen,gießen,"to pour, to water (plants), to cast (metal)","verser, arroser (des plantes), couler (du métal)",Sometimes Reflexive,Parfois Réfléchi
49,,umgehen,umgehen,"to handle, to deal with, to avoid","gérer, faire face à, éviter",Sometimes Reflexive,Parfois Réfléchi
49,,anpassen,anpassen,"to adapt, to adjust","s'adapter, ajuster",Sometimes Reflexive,Parfois Réfléchi
49,,unterscheiden,unterscheiden,"to distinguish, to differentiate","distinguer, différencier",Mostly Reflexive,Principalement Réfléchi
49,,verfolgen,verfolgen,"to pursue, to track, to follow, to prosecute","poursuivre, pister, suivre",,
49,,anschließen,anschließen,"to join, to attach, to affiliate, to connect","rejoindre, attacher, s'affilier, se connecter",Sometimes Reflexive,Parfois Réfléchi
49,,heilen,heilen,to heal,guérir,Sometimes Reflexive,Parfois Réfléchi
49,,betreffen,betreffen,"to concern, to affect","concerner, affecter",,
49,,vorkommen,vorkommen,"to occur, to happen, to advance","se produire, arriver, progresser",,
49,,kleben,kleben,"to stick, to adhere, to bond, to glue","coller, adhérer, lier",Sometimes Reflexive,Parfois Réfléchi
49,,zusammenarbeiten,zusammenarbeiten,"to cooperate, to collaborate","coopérer, collaborer",,
49,,hochladen,hochladen,to upload,"uploader, télécharger",,
49,,abmelden,abmelden,"to deregister, to unsubscribe, to log out","se désinscrire, se désabonner, se déconnecter",,
50,,grillen,grillen,"to grill, to barbecue","griller, faire un barbecue",,
50,,bedanken,bedanken,to thank,remercier,Mostly Reflexive,Principalement Réfléchi
50,,verlaufen,verlaufen,"to proceed, to pass, to go (in a certain way)","procéder, passer, aller (d'une certaine manière)",Sometimes Reflexive,Parfois Réfléchi
50,,klettern,klettern,"to climb, to scale","grimper, escalader",,
50,,eingeben,eingeben,"to enter, to input, to give, to supply","entrer, saisir, donner, fournir",Sometimes Reflexive,Parfois Réfléchi
50,,engagieren,engagieren,"to hire, to engage, to get involved","embaucher, engager, s'impliquer",Sometimes Reflexive,Parfois Réfléchi
50,,umtauschen,umtauschen,"to convert, to exchange (currency)","convertir, échanger (monnaie)",,
50,,notieren,notieren,"to note, to quote","à noter, à citer",Sometimes Reflexive,Parfois Réfléchi
50,,räumen,räumen,"to clear, to remove, to vacate","déblayer, débrancher, dégager",Sometimes Reflexive,Parfois Réfléchi
50,,nachfragen,nachfragen,"to ask, to inquire, to demand","demander, s'enquérir, exiger",,
50,,gewöhnen,gewöhnen,"to get used to, to accustom oneself","s'habituer à, s'accoutumer",Mostly Reflexive,Principalement Réfléchi
50,,erweitern,erweitern,"to expand, to broaden, to widen, to extend","étendre, élargir, étendre",Sometimes Reflexive,Parfois Réfléchi
50,,loben,loben,"to praise, to commend","louer, féliciter",Sometimes Reflexive,Parfois Réfléchi
50,,fürchten,fürchten,"to fear, to be afraid of",avoir peur de,Sometimes Reflexive,Parfois Réfléchi
50,,aufmachen,aufmachen,"to open (coll.), to head or move off (refl.), to undo something","ouvrir (familier), se diriger ou s'éloigner (réfl.), défaire quelque chose",Sometimes Reflexive,Parfois Réfléchi
50,,werben,werben,"to advertise, to recruit","faire de la publicité, recruter",,
50,,verleihen,verleihen,"to award, to grant, to lend","attribuer, accorder, prêter",,
50,,eignen,eignen,"to be suitable, to be appropriate","être convenable, être approprié",Mostly Reflexive,Principalement Réfléchi
50,,gelangen,gelangen,"to reach, to arrive, to attain","atteindre, arriver",,
50,,einschalten,einschalten,"to switch on, to intervene, to turn on","allumer, intervenir",Sometimes Reflexive,Parfois Réfléchi
51,,integrieren,integrieren,"to integrate, to incorporate","intégrer, incorporer",Sometimes Reflexive,Parfois Réfléchi
51,,widmen,widmen,"to dedicate, to devote",consacrer,Regularly Reflexive,Toujours Réfléchi
51,,stoppen,stoppen,to stop a movement (vehicle or person),arrêter un mouvement (véhicule ou personne),Sometimes Reflexive,Parfois Réfléchi
51,,austauschen,austauschen,"to exchange, to replace, to swap","échanger, remplacer, permuter",Sometimes Reflexive,Parfois Réfléchi
51,,zusammenfassen,zusammenfassen,"to summarize, to condense, to abstract","résumer, condenser, abstraire",,
51,,erschrecken,erschrecken,"to be frightened, to frighten","avoir peur, effrayer",Sometimes Reflexive,Parfois Réfléchi
51,,markieren,markieren,"to mark, to highlight","marquer, mettre en valeur",,
51,,operieren,operieren,to operate,opérer,,
51,,verzeihen,verzeihen,"to forgive, to pardon, to excuse","pardonner, excuser",,
51,,abfahren,abfahren,"to depart, to leave","partir, quitter",,
51,,erleichtern,erleichtern,"to facilitate, to ease, to relieve","faciliter, alléger, soulager",Sometimes Reflexive,Parfois Réfléchi
51,,senken,senken,"to lower, to sink, to drop, to reduce","abaisser, couler, laisser tomber, réduire",Sometimes Reflexive,Parfois Réfléchi
51,,warnen,warnen,"to warn, to caution","avertir, mettre en garde",Sometimes Reflexive,Parfois Réfléchi
51,,klappen,klappen,"to work out, to go smoothly, to fold","se dérouler, se dérouler sans problème, se plier",,
51,,ergänzen,ergänzen,"to complement, to add, to supplement","compléter, ajouter, suppléer",Sometimes Reflexive,Parfois Réfléchi
51,,zubereiten,zubereiten,"to prepare (food), to cook","préparer (de la nourriture), cuisiner",,
51,,stinken,stinken,to stink,puer,,
51,,sich verhalten,sich verhalten,"to behave (refl.), to act (refl.), to press (coll.)","se comporter (réfl.), agir (réfl.), faire pression (familier)",Always Reflexive,Toujours Réfléchi
51,,überweisen,überweisen,"to transfer (money), to refer (a patient)","transférer (de l'argent), référer (un patient)",,
51,,basteln,basteln,"to craft, to tinker","bricoler, fabriquer",,
52,,ansprechen,ansprechen,"to address, to speak to, to appeal to","s'adresser à, parler à, faire appel à",,
52,,kritisieren,kritisieren,"to criticize, to censure","critiquer, censurer",,
52,,zurückgehen,zurückgehen,"to go back, to decrease, to decline","revenir en arrière, diminuer, décliner",Sometimes Reflexive,Parfois Réfléchi
52,,investieren,investieren,to invest,investir,Sometimes Reflexive,Parfois Réfléchi
52,,steigern,steigern,"to increase, to boost, to enhance","augmenter, stimuler, améliorer",Sometimes Reflexive,Parfois Réfléchi
52,,weisen,weisen,"to point, to direct, to indicate","pointer, diriger, indiquer",Sometimes Reflexive,Parfois Réfléchi
52,,importieren,importieren,to import,importer,,
52,,klopfen,klopfen,"to knock, to tap (food)","frapper, tapoter (nourriture)",Sometimes Reflexive,Parfois Réfléchi
52,,winken,winken,"to wave, to beckon",faire signe,,
52,,schmelzen,schmelzen,to melt,faire fondre,Sometimes Reflexive,Parfois Réfléchi
52,,pflegen,pflegen,"to nurse, to care for, to maintain","soigner, prendre soin de, entretenir",Sometimes Reflexive,Parfois Réfléchi
52,,finanzieren,finanzieren,"to finance, to fund","financer, financer",Sometimes Reflexive,Parfois Réfléchi
52,,ernähren,ernähren,"to feed, to nourish, to sustain","nourrir, entretenir, soutenir",Sometimes Reflexive,Parfois Réfléchi
52,,ankündigen,ankündigen,"to announce, to declare","annoncer, déclarer",Sometimes Reflexive,Parfois Réfléchi
52,,realisieren,realisieren,"to realize, to implement, to actualize","réaliser, mettre en œuvre, actualiser",,
52,,verabreden,verabreden,"to arrange, to make an appointment","prendre rendez-vous, convenir d'un rendez-vous",Mostly Reflexive,Principalement Réfléchi
52,,unterbrechen,unterbrechen,"to interrupt, to suspend","interrompre, suspendre",,
52,,renovieren,renovieren,"to refurbish, to renovate","remettre à neuf, rénover",,
52,,verschreiben,verschreiben,"to prescribe, to commit oneself to, to misspell by accident","prescrire, s'engager à, faire une faute d'orthographe par accident",Sometimes Reflexive,Parfois Réfléchi
52,,hingehen,hingehen,"to go (there), (of time) to pass","aller (là-bas), passer (le temps)",,
53,,weggehen,weggehen,"to go away, to leave","s'en aller, quitter",,
53,,abheben,abheben,"to withdraw (money), to take off (aircraft)","retirer (de l'argent), décoller (un avion)",Sometimes Reflexive,Parfois Réfléchi
53,,gratulieren,gratulieren,"to congratulate, to compliment on","féliciter, complimenter",,
53,,zaubern,zaubern,"to perform magic, to conjure","conjurer, ensorceler, évoquer",,
53,,servieren,servieren,to serve,servir,,
53,,entlassen,entlassen,"to dismiss, to fire, to release","congédier, licencier, libérer",,
53,,lehren,lehren,"to teach, to instruct","enseigner, instruire",,
53,,einfügen,einfügen,"to insert, to infix, to conform","insérer, infixer, se conformer",Sometimes Reflexive,Parfois Réfléchi
53,,zusagen,zusagen,"to promise, to accept, to agree","promettre, accepter, convenir",,
53,,preisen,preisen,"to praise, to commend","louer, féliciter",,
53,,erheben,erheben,"to raise, to collect, to levy","lever, collecter, prélever",Sometimes Reflexive,Parfois Réfléchi
53,,ausreichen,ausreichen,"to suffice, to be sufficient, to be adequate","suffire, être suffisant, être adéquat",,
53,,vergrößern,vergrößern,to enlarge,pour agrandir,Sometimes Reflexive,Parfois Réfléchi
53,,trocknen,trocknen,"to dry, to dehumidify","sécher, déshumidifier",Sometimes Reflexive,Parfois Réfléchi
53,,stechen,stechen,"to sting, to prick, to puncture, to pierce","piquer, percer",Sometimes Reflexive,Parfois Réfléchi
53,,auffallen,auffallen,"to stand out, to catch someone's eye (with dative)","se démarquer, attirer l'attention (avec le datif)",,
53,,mischen,mischen,"to mix, to blend",mélanger,Sometimes Reflexive,Parfois Réfléchi
53,,schwitzen,schwitzen,"to sweat, to be in a sweat","transpirer, être en sueur",,
53,,streiken,streiken,"to strike, to be on strike","faire grève, être en grève",,
53,,heizen,heizen,"to heat, to warm, to fuel","chauffer, se chauffer",Sometimes Reflexive,Parfois Réfléchi
54,,einschlafen,einschlafen,to fall asleep,s'endormir,,
54,,chatten,chatten,to chat,"discuter, chatter",,
54,,anklicken,anklicken,"to click, to click on, to press","cliquer, cliquer sur, appuyer",,
54,,bewerten,bewerten,"to evaluate, to assess, to rate","évaluer, estimer, noter",,
54,,sich bemühen,sich bemühen,"to make an effort, to strive","faire un effort, s'efforcer",Always Reflexive,Toujours Réfléchi
54,,sich beteiligen,sich beteiligen,"to participate, to be involved, to take part","participer, être impliqué, prendre part",Mostly Reflexive,Principalement Réfléchi
54,,vergeben,vergeben,"to forgive, to award, to assign","pardonner, récompenser, attribuer",,
54,,verhandeln,verhandeln,"to negotiate, to bargain, to discuss","négocier, discuter",,
54,,gleichen,gleichen,"to equal, to match, to resemble","égaler, ressembler",Sometimes Reflexive,Parfois Réfléchi
54,,würzen,würzen,"to season, to flavor","assaisonner, aromatiser",,
54,,sich lohnen,sich lohnen,"to be worthwhile, to pay off","être utile, être rentable",Always Reflexive,Toujours Réfléchi
54,,widersprechen,widersprechen,"to contradict, to disagree","contredire, être en désaccord",,
54,,frieren,frieren,"to freeze, to feel cold","geler, avoir froid",Sometimes Reflexive,Parfois Réfléchi
54,,losgehen,losgehen,"to leave, to go off, to advance","partir, s'en aller, avancer",,
54,,beruhigen,beruhigen,"to calm, to reassure, to soothe","calmer, rassurer, apaiser",Sometimes Reflexive,Parfois Réfléchi
54,,zögern,zögern,to hesitate,hésiter,,
54,,ausfallen,ausfallen,"to fail, to be canceled, to malfunction","échouer, être annulé, dysfonctionner",,
54,,protestieren,protestieren,"to protest, to object","protester, s'opposer",,
54,,aufgeben,aufgeben,"to give up on, to give up (refl.), to abandon","renoncer à, abandonner (réfl.),",Sometimes Reflexive,Parfois Réfléchi
54,,überwachen,überwachen,"to keep under surveillance, to monitor, to observe, to oversee","surveiller, observer, superviser",,
55,,verteidigen,verteidigen,to defend,défendre,Sometimes Reflexive,Parfois Réfléchi
55,,bestrafen,bestrafen,to punish,punir,Sometimes Reflexive,Parfois Réfléchi
55,,vorlesen,vorlesen,"to read aloud, to read out",lire à haute voix,,
55,,zugeben,zugeben,"to admit, to confess, to add","admettre, confesser, ajouter",Sometimes Reflexive,Parfois Réfléchi
55,,hinzufügen,hinzufügen,to add,ajouter,,
55,,beurteilen,beurteilen,"to judge, to assess","juger, évaluer",,
55,,husten,husten,"to cough, to have a cough","tousser, toussoter",,
55,,ausschließen,ausschließen,"to exclude, to eliminate","exclure, éliminer",,
55,,absolvieren,absolvieren,"to complete, to graduate, to finish","compléter, obtenir un diplôme, finir",,
55,,faulenzen,faulenzen,"to chill, to laze around","se détendre, paresser",,
55,,beten,beten,to pray,prier,,
55,,jagen,jagen,"to hunt, to chase, to pursue","chasser, poursuivre",Sometimes Reflexive,Parfois Réfléchi
55,,angeln,angeln,"to fish, to angle, to hook up","pêcher, aller à la pêcher",,
55,,bluten,bluten,"to bleed, to haemorrhage","saigner, avoir une hémorragie",,
55,,anprobieren,anprobieren,"to try on, to fit, to fit on","essayer, ajuster, s'adapter à",Sometimes Reflexive,Parfois Réfléchi
55,,duschen,duschen,"to shower, to have a shower, to take a shower","se doucher, prendre une douche",Mostly Reflexive,Principalement Réfléchi
55,,ankreuzen,ankreuzen,"to check, to cross, to mark","vérifier, croiser, marquer",,
55,,graben,graben,"to dig, to excavate, to delve","creuser, fouiller, excaver",Sometimes Reflexive,Parfois Réfléchi
55,,abstimmen,abstimmen,"to coordinate, to vote, to adjust","coordonner, voter, ajuster",Sometimes Reflexive,Parfois Réfléchi
55,,beschädigen,beschädigen,"to damage, to harm","endommager, nuire",,
56,,weitermachen,weitermachen,"to go on, to keep going, to continue to do something","continuer, continuer à faire quelque chose",,
56,,existieren,existieren,to exist,exister,,
56,,anschauen,anschauen,"to look at, to behold, to take a look at, to watch (Bayern and Austria)","regarder, contempler, jeter un coup d'œil à, observer (Bayern et Autriche)",Sometimes Reflexive,Parfois Réfléchi
56,,veranstalten,veranstalten,"to organize, to arrange, to host","organiser, arranger, héberger",,
56,,spalten,spalten,"to split, to divide","diviser, diviser",Sometimes Reflexive,Parfois Réfléchi
56,,angreifen,angreifen,to attack,attaquer,,
56,,beeindrucken,beeindrucken,to impress,impressionner,Sometimes Reflexive,Parfois Réfléchi
56,,begeistern,begeistern,"to enthuse, to be enthusiastic (refl.)","enthousiasmer, être enthousiaste (réfl.)",Sometimes Reflexive,Parfois Réfléchi
56,,einpacken,einpacken,"to pack in, to pack, to wrap, to wrap up","emballer, conclure",,
56,,auspacken,auspacken,"to unpack, to unwrap, to blow the whistle on","déballer, dénoncer",,
56,,ausdrücken,ausdrücken,"to express, to articulate, to convey, to embody","exprimer, articuler, transmettre, incarner",Sometimes Reflexive,Parfois Réfléchi
56,,recyceln,recyceln,to recycle,recycler,,
56,,aufwachsen,aufwachsen,"to grow up, to be raised","grandir, être élevé",,
56,,kommunizieren,kommunizieren,"to communicate, to commune, to connect","communiquer, se connecter",,
56,,entnehmen,entnehmen,"to extract, to gather from, to remove","retirer, tirer, déduire",,
56,,überleben,überleben,to survive,survivre,,
56,,scheitern,scheitern,"to fail, to fall through","échouer, tomber à travers",,
56,,drohen,drohen,to threaten,menacer,,
56,,beschweren,beschweren,"to complain, to weigh down","se plaindre, alourdir",,
56,,bemerken,bemerken,"to notice, to observe, to remark","remarquer, observer",,
57,,,fortsetzen,"to continue, to carry on, to extend, to proceed","continuer, poursuivre, étendre, procéder",Sometimes Reflexive,Parfois Réfléchi
57,,,fällen,"to fell, to cut down, to precipitate","abattre, couper, fendre",,
57,,,aussuchen,"to select, to choose, to pick","sélectionner, choisir, cueillir",Sometimes Reflexive,Parfois Réfléchi
57,,,vorgehen,"to proceed, to advance, to go ahead","procéder, avancer, aller de l'avant",,
57,,,ausmachen,"to arrange, to constitute, to represent, to settle","organiser, constituer, représenter, régler",Sometimes Reflexive,Parfois Réfléchi
57,,,ausführen,"to carry out, to execute, to perform","réaliser, exécuter, accomplir",,
57,,,betreiben,"to operate, to run, to conduct","opérer, diriger, conduire",,
57,,,ergeben,"to result in, to yield, to surrender","aboutir à, céder, se rendre",Sometimes Reflexive,Parfois Réfléchi
57,,,erzeugen,"to generate, to produce, to create","générer, produire, créer",,
57,,,umsetzen,"to implement, to apply, to put into practice","mettre en œuvre, appliquer, mettre en pratique",Sometimes Reflexive,Parfois Réfléchi
57,,,vornehmen,"to undertake, to carry out","entreprendre, réaliser",Sometimes Reflexive,Parfois Réfléchi
57,,,vermitteln,"to convey, to mediate, to arrange","transmettre, servir de médiateur, arranger",,
57,,,beantragen,"to apply for, to request","demander, requérir",,
57,,,begegnen,"to encounter (with dative), to meet","rencontrer, se rencontrer",,
57,,,ermitteln,"to investigate, to determine, to ascertain","investiguer, déterminer, s'assurer",,
57,,,gewährleisten,"to ensure, to guarantee","assurer, garantir",,
57,,,zuordnen,"to assign, to allocate","attribuer, allouer",Sometimes Reflexive,Parfois Réfléchi
57,,,verurteilen,"to condemn, to sentence","condamner, prononcer une sentence",Sometimes Reflexive,Parfois Réfléchi
57,,,einführen,"to introduce, to implement, to import","introduire, mettre en œuvre, importer",Sometimes Reflexive,Parfois Réfléchi
57,,,anerkennen,"to recognize, to acknowledge, to approve","reconnaître, admettre, approuver",,
58,,,ausstellen,"to exhibit, to display","exposer, montrer",Sometimes Reflexive,Parfois Réfléchi
58,,,ausdrucken,"to print, to print out, to print off",imprimer,,
58,,,versehen,"to provide, to equip, to supply","fournir, équiper, approvisionner",Sometimes Reflexive,Parfois Réfléchi
58,,,anlegen,"to create, to invest","créer, investir",Sometimes Reflexive,Parfois Réfléchi
58,,,betragen,"to amount to, to come to","s'élever à, arriver à",,
58,,,tauschen,"to swap, to trade, to exchange","échanger, troquer, échanger",Sometimes Reflexive,Parfois Réfléchi
58,,,umfassen,"to include, to comprise","inclure, comprendre",,
58,,,beziehen,"to refer, to relate, to obtain, to cover, to move into","se référer, obtenir",Sometimes Reflexive,Parfois Réfléchi
58,,,sperren,"to block, to lock, to close off","bloquer, verrouiller, fermer",Sometimes Reflexive,Parfois Réfléchi
58,,,versorgen,"to supply, to provide for, to take care of","fournir, pourvoir à, prendre soin de",Sometimes Reflexive,Parfois Réfléchi
58,,,schreiten,"to stride, to proceed, to step (formal)","marcher à grands pas, avancer, faire un pas (formel)",,
58,,,ergreifen,"to seize, to grasp, to take hold of","saisir, s'emparer de",,
58,,,einnehmen,"to capture, to earn, to ingest","capturer, gagner, ingérer",Sometimes Reflexive,Parfois Réfléchi
58,,,betrachten,"to view, to observe","voir, observer",,
58,,,verarbeiten,"to process, to handle, to work through","traiter, manipuler, travailler",Sometimes Reflexive,Parfois Réfléchi
58,,,aufbauen,"to build, to establish, to develop","construire, établir, développer",Sometimes Reflexive,Parfois Réfléchi
58,,,identifizieren,to identify,identifier,Sometimes Reflexive,Parfois Réfléchi
58,,,erfordern,"to require, to demand, to necessitate","exiger, nécessiter",,
58,,,biegen,"to turn, to bend","tourner, se pencher",Sometimes Reflexive,Parfois Réfléchi
58,,,verpflichten,"to oblige, to commit, to bind","obliger, engager, lier",Sometimes Reflexive,Parfois Réfléchi
59,,,beleidigen,"to offend someone, to insult someone","offenser quelqu'un, insulter quelqu'un",Sometimes Reflexive,Parfois Réfléchi
59,,,einhalten,"to observe, to adhere, to comply","observer, adhérer, se conformer",,
59,,,ausprobieren,"to test, to try, to check out","tester, essayer, vérifier",,
59,,,weitergeben,"to pass on, to impart, to relay","transmettre, relayer",,
59,,,posten,"to post, to shop","poster, acheter",Sometimes Reflexive,Parfois Réfléchi
59,,,deuten,"to indicate, to interpret, to point","interpréter, indiquer",Sometimes Reflexive,Parfois Réfléchi
59,,,einbauen,"to install, to build in, to build into","installer, monter, intégrer, insérer",,
59,,,aufrufen,"to call up, to call, to call for, to invite","appeler, solliciter, inviter",,
59,,,grüßen,"to greet, to salute","saluer, faire un salut",,
59,,,aufheben,"to abolish, to lift, to pick up, to keep","abolir, lever, ramasser, garder",Sometimes Reflexive,Parfois Réfléchi
59,,,bewahren,"to keep, to preserve (to maintain the condition of)","garder, préserver (maintenir l'état de)",Sometimes Reflexive,Parfois Réfléchi
59,,,formulieren,"to formulate, to phrase","formuler, exprimer",,
59,,,hinterlassen,"to leave behind, to bequeath","laisser derrière soi, léguer",,
59,,,aufstellen,"to set up, to establish","mettre en place, établir",Sometimes Reflexive,Parfois Réfléchi
59,,,sieben,"to sieve, to filter","tamiser, filtrer",,
59,,,anhaben,"to have on, to wear, to harm, to damage","porter, arborer, avoir, posséder",,
59,,,tropfen,"to drip, to drop, to be gouting","goutter, tomber",,
59,,,sich beeilen,"to hurry, to hasten, to rush (refl.)","se dépêcher, se hâter, se précipiter (réfl.)",Always Reflexive,Toujours Réfléchi
59,,,abbrechen,"to cancel, to break off, to interrupt","annuler, interrompre, rompre",Sometimes Reflexive,Parfois Réfléchi
59,,,zerschlagen,"to break, to crush, to defeat, to shatter","briser, écraser, vaincre, anéantir",Sometimes Reflexive,Parfois Réfléchi
60,,,kürzen,"to shorten, to reduce, to abbreviate","réduire, raccourcir, abréger",Sometimes Reflexive,Parfois Réfléchi
60,,,nützen,"to be of use, to be useful, to benefit",utiliser,,
60,,,meiden,"to avoid, to shun","éviter, fuir",,
60,,,bewirken,"to bring about, to cause, to effect","provoquer, causer, effectuer",,
60,,,rühren,"to stir, to move, to mix",remuer,Sometimes Reflexive,Parfois Réfléchi
60,,,unterliegen,"to be subject to, to undergo","être soumis à, subir",,
60,,,überwinden,"to overcome, to conquer, to surmount",surmonter,,
60,,,blühen,"to bloom, to flourish","fleurir, s'épanouir",,
60,,,gebrauchen,"to use, to make use of","utiliser, faire usage de",,
60,,,vernichten,"to destroy, to ruin, to annihilate, to eradicate","détruire, ruiner, anéantir, éradiquer",,
60,,,aussprechen,"to pronounce, to express, to speak out","prononcer, exprimer, s'exprimer",Sometimes Reflexive,Parfois Réfléchi
60,,,entwerfen,"to design, to draft, to sketch","concevoir, ébaucher, esquisser",,
60,,,eintragen,"to register, to enter, to record, to enrol","inscrire, entrer, enregistrer, inscrire",Sometimes Reflexive,Parfois Réfléchi
60,,,qualifizieren,"to qualify, to qualify for","se qualifier, se qualifier pour",Sometimes Reflexive,Parfois Réfléchi
60,,,zurückkehren,to return,revenir,,
60,,,verwechseln,"to mix up, to confuse, to mistake for",confondre,,
60,,,kombinieren,to combine,combiner,Sometimes Reflexive,Parfois Réfléchi
60,,,verpacken,"to pack, to wrap, to package","emballer, envelopper, conditionner",Sometimes Reflexive,Parfois Réfléchi
60,,,versichern,"to assure, to insure, to cover","assurer, couvrir",Sometimes Reflexive,Parfois Réfléchi
60,,,meistern,"to master, to overcome, to cope with","maîtriser, surmonter, faire face à",,
61,,,bereitstellen,"to make available, to provide, to supply","mettre à disposition, fournir, approvisionner",,
61,,,umdrehen,to turn around,faire demi-tour,Sometimes Reflexive,Parfois Réfléchi
61,,,einfallen,"to invade, to collapse, to come to mind","envahir, s'effondrer, venir à l'esprit",,
61,,,falten,"to fold, to bend, to crease","plier, froisser, se plisser",Sometimes Reflexive,Parfois Réfléchi
61,,,bremsen,"to slow down, to brake, to decelerate, to retard","ralentir, freiner, décélérer, retarder",Sometimes Reflexive,Parfois Réfléchi
61,,,abstellen,"to put down, to assign, to set down, to shut down","poser, assigner, mettre en place, fermer",,
61,,,tippen,"to type, to bet, to tap","taper, parier, appuyer",,
61,,,rollen,to roll,rouler,Sometimes Reflexive,Parfois Réfléchi
61,,,tanken,"to refuel, to fill up","faire le plein, faire le plein",Sometimes Reflexive,Parfois Réfléchi
61,,,trauen,"to trust, to marry, to dare (refl.)","faire confiance, se marier, oser (réfl.)",Sometimes Reflexive,Parfois Réfléchi
61,,,vermieten,"to lease, to let, to rent to","louer, donner en location à",,
61,,,befreien,to free (make free),libérer (rendre libre),Sometimes Reflexive,Parfois Réfléchi
61,,,vorliegen,"to exist, to be available","exister, être disponible",,
61,,,prägen,"to shape, to influence, to mint","façonner, influencer, frapper",Sometimes Reflexive,Parfois Réfléchi
61,,,erwerben,"to acquire, to purchase, to gain","acquérir, acheter, gagner",,
61,,,verbreiten,"to spread, to disseminate, to distribute","diffuser, propager, distribuer",Sometimes Reflexive,Parfois Réfléchi
61,,,bereiten,"to prepare, to cause","préparer, provoquer",Sometimes Reflexive,Parfois Réfléchi
61,,,spinnen,"to spin, to act strangely, to act up","tisser, filer",Sometimes Reflexive,Parfois Réfléchi
61,,,verreisen,"to go away, to travel, to go on a trip","partir, voyager, faire un voyage",,
61,,,buchstabieren,to spell,épeler,,
62,,,jobben,"to do casual jobs, to work part-time",travailler à temps partiel,,
62,,,nicken,to nod,hocher la tête,,
62,,,zitieren,"to cite, to quote",citer,,
62,,,vorlegen,"to present, to submit, to bring forward","présenter, soumettre, avancer",,
62,,,bergen,"to recover, to rescue, to save, to salvage","récupérer, secourir, sauver, sauver",,
62,,,definieren,to define,définir,,
62,,,basieren,to base,à la base,,
62,,,einleiten,"to introduce, to initiate, to commence","introduire, initier, commencer",,
62,,,durchsetzen,"to enforce, to assert","faire respecter, affirmer",Sometimes Reflexive,Parfois Réfléchi
62,,,nachweisen,"to prove, to account for, to demonstrate","prouver, rendre compte de, démontrer",,
62,,,aufweisen,"to exhibit, to feature, to show, to boast","exposer, mettre en valeur, montrer, se vanter",,
62,,,schwören,"to swear, to take an oath","jurer, prêter serment",,
62,,,befehlen,"to command, to order, to bid","ordonner, commander, enjoindre",,
62,,,leuchten,"to shine, to glow, to be illuminated","briller, allumer, éclairer",,
62,,,zielen,"to aim, to target, to focus on","viser, cibler, se concentrer sur",,
62,,,sondern,"to separate, to split","séparer, diviser",,
62,,,verderben,"to decay, to spoil, to addle, to degenerate","gâcher, gâter, perdre, périr",Sometimes Reflexive,Parfois Réfléchi
62,,,verweigern,"to refuse, to deny, to decline, to reject",refuser,Sometimes Reflexive,Parfois Réfléchi
62,,,bewältigen,"to manage, to cope with, to overcome, to get over","gérer, faire face à, surmonter",,
62,,,verbrennen,"to burn, to consume by fire, to incinerate","brûler, consumer par le feu, incinérer",Sometimes Reflexive,Parfois Réfléchi
63,,,aufhalten,"to stop, to stay, to delay","arrêter, rester, retarder",Sometimes Reflexive,Parfois Réfléchi
63,,,erarbeiten,"to develop, to elaborate, to work out, to acquire","développer, élaborer, acquérir",Sometimes Reflexive,Parfois Réfléchi
63,,,bedrohen,"to threaten, to menace",menacer,,
63,,,ausüben,"to exercise, to perform, to practice","exercer, exécuter, pratiquer",,
63,,,verstärken,"to amplify, to intensify, to strengthen","amplifier, intensifier, renforcer",Sometimes Reflexive,Parfois Réfléchi
63,,,bedenken,"to consider, to reflect, to give, to allow for","considérer, réfléchir, donner, permettre",,
63,,,impfen,"to vaccinate, to immunize, to inject","vacciner, immuniser, injecter",Sometimes Reflexive,Parfois Réfléchi
63,,,betrügen,"to cheat, to swindle, to defraud","tricher, escroquer, frauder",,
63,,,verklagen,"to sue, to bring a suit against, to bring an action against","poursuivre en justice, intenter un procès",,
63,,,isolieren,"to isolate, to insulate",isoler,Sometimes Reflexive,Parfois Réfléchi
63,,,beherrschen,"to dominate, to master, to control, to rule","dominer, maîtriser, contrôler, régner",,
63,,,blitzen,to flash,"clignoter, étinceler, flasher, scintiller",,
63,,,reizen,"to stimulate, to irritate, to tease","irriter, émouvoir, exciter",Sometimes Reflexive,Parfois Réfléchi
63,,,auseinandersetzen,"to discuss, to engage, to altercate, to argue with","discuter, s'engager, se disputer, argumenter avec",Mostly Reflexive,Principalement Réfléchi
63,,,aushalten,"to bear, to endure, to withstand, to tolerate","supporter, endurer, résister, tolérer",,
63,,,proben,"to rehearse, to practice",répéter,,
63,,,vorbeikommen,"to come by, to come over, to drop by","passer, venir voir, faire un saut",,
63,,,weitergehen,"to continue, to proceed, to keep moving","continuer, avancer, continuer à avancer",,
63,,,betreten,"to enter, to access, to apprehend, to catch","entrer, accéder, appréhender, attraper",,
63,,,entsorgen,"to clean up, to depollute, to dispose, to dispose of","nettoyer, dépolluer, éliminer, se débarrasser de",,
64,,,erwischen,"to catch, to seize, to nab, to surprise, to capture","attraper, saisir, capturer, surprendre, prendre",,
64,,,sortieren,"to sort, to arrange, to merge, to assort","trier, arranger, fusionner, associer",,
64,,,verlegen,"to install, to lay, to misplace, to publish","installer, poser, égarer, publier",,
64,,,aufschreiben,"to write down, to note down, to record","écrire, noter, enregistrer",,
64,,,segeln,"to sail, to glide","naviguer, glisser",,
64,,,einlegen,"to insert, to pickle, to assert","insérer, mettre en conserve, affirmer",,
64,,,wahrnehmen,"to perceive, to notice, to observe, to sense","percevoir, remarquer, observer, pressentir",,
64,,,sicherstellen,"to seize, to assure, to confiscate, to guarantee","saisir, assurer, confisquer, garantir",,
64,,,besetzen,"to occupy, to border, to cast","occuper, border, jeter",Sometimes Reflexive,Parfois Réfléchi
64,,,aufführen,"to perform, to present","exécuter, présenter",Sometimes Reflexive,Parfois Réfléchi
64,,,verhaften,"to detain, to take into custody","détenir, mettre en détention",,
64,,,kommentieren,to comment,commenter,,
64,,,überlassen,"to leave to, to entrust, to surrender","laisser à, confier, abandonner",,
64,,,befürchten,"to fear, to apprehend, to be afraid","craindre, appréhender, avoir peur",,
64,,,verfassen,"to write, to compose, to draft","écrire, composer, rédiger",,
64,,,kehren,"to sweep, to return","retourner, balayer",Sometimes Reflexive,Parfois Réfléchi
64,,,einigen,"to unite, to reconcile, to agree","s'unir, se réconcilier, s'accorder",Mostly Reflexive,Principalement Réfléchi
64,,,reißen,"to rip, to tear, to break","déchirer, arracher, se casser, rompre",Sometimes Reflexive,Parfois Réfléchi
64,,,saufen,"to drink (animals), to booze","boire (des animaux), s'enivrer",,
64,,,abonnieren,to subscribe,s'abonner,Sometimes Reflexive,Parfois Réfléchi
65,,,ablaufen,"to expire, to run out, to discharge","expirer, s'épuiser, se décharger",,
65,,,anführen,"to cite, to lead, to quote, to instruct","citer, diriger, instruire",,
65,,,vertreiben,"to expel, to dislodge, to displace, to put on the market, to sell","expulser, déloger, déplacer",Sometimes Reflexive,Parfois Réfléchi
65,,,erteilen,"to grant, to issue, to give","accorder, délivrer, donner",,
65,,,erfassen,"to record, to capture, to collect","enregistrer, capturer, collecter",,
65,,,übergeben,"to hand over, to vomit (refl.)","remettre, vomir (réfl.)",Sometimes Reflexive,Parfois Réfléchi
65,,,stützen,"to support, to back, to hold something up, to bolster","soutenir, appuyer, soutenir quelque chose, étayer",Sometimes Reflexive,Parfois Réfléchi
65,,,befassen,"to address, to deal with, to attend to","s'adresser à, traiter, s'occuper de",Mostly Reflexive,Principalement Réfléchi
65,,,beruhen,"to base on, to depend on, to consist","se baser sur, dépendre de, se composer de",,
65,,,vorwerfen,"to reproach, to accuse of, to allege","reprocher, accuser de, alléguer",,
65,,,verwirklichen,"to realize, to actualize, to fulfill, to implement","réaliser, concrétiser, accomplir, mettre en œuvre",Sometimes Reflexive,Parfois Réfléchi
65,,,siegen,"to win, to prevail, to triumph","gagner, triompher, prévaloir",,
65,,,vereinigen,"to coalesce, to unify, to merge","unir, réunir, unifier, combiner",Sometimes Reflexive,Parfois Réfléchi
65,,,zittern,"to shiver, to tremble, to fear","trembler, frissonner, grelotter",,
65,,,locken,"to entice, to lure, to rock, to tempt","attirer, allécher",,
65,,,strahlen,"to radiate, to beam","rayonner, briller, illuminer",,
65,,,sich auswirken,"to affect, to have an impact","affecter, avoir un impact",Always Reflexive,Toujours Réfléchi
65,,,abbauen,"to dismantle, to reduce, to break down","démanteler, réduire, décomposer",Sometimes Reflexive,Parfois Réfléchi
65,,,besorgen,"to get, to obtain, to take care of","obtenir, prendre soin de",Sometimes Reflexive,Parfois Réfléchi
65,,,anwenden,"to apply, to make use of","appliquer, faire usage de",Sometimes Reflexive,Parfois Réfléchi
66,,,zusammenstellen,"to compile, to assemble","compiler, assembler",,
66,,,verbrauchen,"to consume, to use","consommer, utiliser",,
66,,,berühren,to touch,toucher,Sometimes Reflexive,Parfois Réfléchi
66,,,anstellen,"to queue (refl.), to employ someone, to hire, to get into mischief","faire la queue (réfl.), employer quelqu'un, faire des bêtises",Sometimes Reflexive,Parfois Réfléchi
66,,,festhalten,"to hold, to retain something, to record something, to detain","détenir, conserver quelque chose, enregistrer quelque chose, détenir",Sometimes Reflexive,Parfois Réfléchi
66,,,auflösen,"to dissolve, to resolve, to annul, to liquidate","dissoudre, résoudre, annuler, liquider",Sometimes Reflexive,Parfois Réfléchi
66,,,auslösen,"to ransom, to trigger, to initiate, to set up","rançonner, déclencher, initier, mettre en place",,
66,,,eintreten,"to enter, to join, to occur, to step in","entrer, se joindre, se produire",,
66,,,belasten,"to burden, to charge, to strain","charger, accabler, mettre à rude épreuve",Sometimes Reflexive,Parfois Réfléchi
66,,,transportieren,"to transport, to transfer","transporter, transférer",,
66,,,verweisen,"to refer, to direct","se référer, diriger",Sometimes Reflexive,Parfois Réfléchi
66,,,regieren,"to govern, to reign, to rule, to command","gouverner, régner, diriger, commander",,
66,,,opfern,to sacrifice,sacrifier,Sometimes Reflexive,Parfois Réfléchi
66,,,überqueren,to cross,traverser,,
66,,,abziehen,"to remove, to deduct, to withdraw","supprimer, déduire, retirer",Sometimes Reflexive,Parfois Réfléchi
66,,,lenken,"to steer, to direct, to guide","diriger, orienter, guider",,
66,,,reifen,"to ripen, to mature",mûrir,,
66,,,ausschalten,"to disable, to turn off","désactiver, éteindre",,
66,,,tauchen,"to dive, to dip","plonger, tremper",Sometimes Reflexive,Parfois Réfléchi
66,,,registrieren,"to register, to enroll","s'inscrire, s'inscrire",Sometimes Reflexive,Parfois Réfléchi
67,,,langweilen,"to bore, to be bored, to be boring","s'ennuyer, être ennuyé, être ennuyeux",Mostly Reflexive,Principalement Réfléchi
67,,,übereinstimmen,"to agree, to concur, to correspond","concorder, correspondre, coïncider",,
67,,,kennzeichnen,"to mark, to label, to characterize, to flag","marquer, étiqueter, caractériser, signaler",,
67,,,füttern,to feed (an animal),nourrir (un animal),,
67,,,nähen,"to sew, to stitch, to seam","coudre, piquer, assembler",,
67,,,aktivieren,"to activate, to enable","activer, permettre",,
67,,,demonstrieren,"to demonstrate, to show","démontrer, montrer",,
67,,,schmerzen,"to hurt, to ache","faire mal, souffrir",,
67,,,saugen,"to suck, to vacuum, to suckle","sucer, aspirer, téter",,
67,,,zurückziehen,"to withdraw, to pull back, to retreat","se retirer, se replier",Sometimes Reflexive,Parfois Réfléchi
67,,,bekämpfen,to fight against something,lutter contre quelque chose,,
67,,,erlassen,"to enact, to issue, to forgive, to let off, to release from","promulguer, pardonner, renoncer à, libérer de",,
67,,,hetzen,"to rush, to hurry","se précipiter, se dépêcher",Sometimes Reflexive,Parfois Réfléchi
67,,,managen,"to manage, to oversee, to organize, to supervise","gérer, contrôler",,
67,,,genügen,"to suffice, to satisfy","suffire, satisfaire",,
67,,,verringern,"to decrease, to diminish, to ease, to lower","diminuer, soulager, abaisser",Sometimes Reflexive,Parfois Réfléchi
67,,,ruhen,"to rest, to be at rest, to repose",reposer,,
67,,,angehen,"to concern, to tackle (a problem), to turn on (a machine)","s'inquiéter, s'attaquer (à un problème), mettre en marche (une machine)",Sometimes Reflexive,Parfois Réfléchi
67,,,wegwerfen,"to throw away, to discard","jeter, se débarrasser de",,
67,,,sich erkundigen,"to ask, to enquire, to enquire after, to inquire","demander, s'enquérir, se renseigner sur, interroger",,
68,,,ablegen,"to lay down, to put down, to remove","déposer, poser, enlever",,
68,,,vergehen,"to die, to pass, to elapse, to perish","mourir, passer, s'écouler, périr",,
68,,,streben,"to strive, to tend to, to aspire","aspirer, s'efforcer, viser",,
68,,,wundern,"to surprise, to amaze","surprendre, étonner",Mostly Reflexive,Principalement Réfléchi
68,,,befragen,"to question, to ask, to interrogate, to consult","questionner, demander, interroger, consulter",,
68,,,weichen,to soften,adoucir,,
68,,,beißen,to bite,mordre,Sometimes Reflexive,Parfois Réfléchi
68,,,kühlen,"to chill, to cool, to refrigerate","refroidir, réfrigérer",,
68,,,quellen,"to soak, to swell, to well, to spring","tremper, gonfler",,
68,,,erstrecken,"to extend, to span, to bestride","étendre, enjamber",Mostly Reflexive,Principalement Réfléchi
68,,,gleiten,"to glide, to slide","glisser, glisser",,
68,,,umstellen,"to relocate, to adapt, to change","déménager, s'adapter, changer",Sometimes Reflexive,Parfois Réfléchi
68,,,hindern,to prevent somebody from doing something,empêcher quelqu'un de faire quelque chose,Sometimes Reflexive,Parfois Réfléchi
68,,,blasen,"to blow, to play, to puff, to breathe on, to emit",souffler,Sometimes Reflexive,Parfois Réfléchi
68,,,ringen,"to struggle, to wrestle, to agonise",lutter,,
68,,,gebären,to give birth to,donner naissance à,,
68,,,überschreiten,"to exceed, to overstep, to surpass","dépasser, outrepasser, surpasser",,
68,,,abrufen,"to retrieve, to access, to call away","récupérer, accéder, appeler",,
68,,,einschließen,"to include, to enclose, to lock up, to surround","inclure, enfermer, entourer",Sometimes Reflexive,Parfois Réfléchi
68,,,gewähren,"to grant, to afford, to allow, to accord","accorder, permettre",,
69,,,formen,"to form, to shape, to model, to mold, to fashion","former, modeler, façonner",Sometimes Reflexive,Parfois Réfléchi
69,,,weiterleiten,"to forward, to pass on","transmettre, faire passer",,
69,,,züchten,"to breed, to grow","se reproduire, grandir",,
69,,,strecken,"to stretch, to dilute, to extend","étirer, allonger",Sometimes Reflexive,Parfois Réfléchi
69,,,versagen,"to fail, to refuse, to deny","échouer, refuser, nier",Sometimes Reflexive,Parfois Réfléchi
69,,,zelten,"to camp, to camp out, to tent",camper,,
69,,,hervorheben,"to emphasize, to highlight, to stress","souligner, mettre en valeur, insister",Sometimes Reflexive,Parfois Réfléchi
69,,,entziehen,"to withdraw, to remove, to deprive","retirer, enlever, priver",Sometimes Reflexive,Parfois Réfléchi
69,,,auswerten,"to evaluate, to analyze, to assess","évaluer, analyser, estimer",,
69,,,bevorzugen,"to prefer, to favor","préférer, favoriser",,
69,,,vertiefen,"to deepen, to intensify","approfondir, intensifier",Sometimes Reflexive,Parfois Réfléchi
69,,,verwandeln,"to transform, to convert, to turn into, to metamorphose","transformer, convertir, se métamorphoser",Sometimes Reflexive,Parfois Réfléchi
69,,,auffordern,"to request, to invite, to ask","demander, inviter",,
69,,,ableiten,"to derive, to deduce","dériver, déduire",Sometimes Reflexive,Parfois Réfléchi
69,,,einschränken,"to limit, to restrict, to stint, to circumscribe","limiter, restreindre, circonscrire",Sometimes Reflexive,Parfois Réfléchi
69,,,interpretieren,"to interpret, to take as","interpréter, prendre comme",,
69,,,benennen,"to name, to designate, to appoint","nommer, désigner",,
69,,,sich spezialisieren,"to specialize, to specialise, to differentiate, to focus","se spécialiser, se différencier, se concentrer",Always Reflexive,Toujours Réfléchi
69,,,sich erkälten,"to catch a cold, to get cold","attraper un rhume, prendre froid",Always Reflexive,Toujours Réfléchi
69,,,irren,"to err, to wander",se tromper,Mostly Reflexive,Principalement Réfléchi
70,,,umbringen,"to kill, to murder, to be very angry at someone","tuer, assassiner, être très en colère contre quelqu'un",Sometimes Reflexive,Parfois Réfléchi
70,,,scheren,"to shear, to care, to clip, to cut","tondre, entretenir, tailler, couper",Sometimes Reflexive,Parfois Réfléchi
70,,,erläutern,"to explain, to clarify","expliquer, clarifier",,
70,,,publizieren,"to publish, to publicize, to announce","publier, faire connaître, annoncer",,
70,,,schleichen,"to sneak, to creep","se faufiler, ramper",Sometimes Reflexive,Parfois Réfléchi
70,,,plagen,"to bother, to annoy, to plague, to rack","tourmenter, affliger",Sometimes Reflexive,Parfois Réfléchi
70,,,verfahren,"to proceed, to act, to deal",procéder,Sometimes Reflexive,Parfois Réfléchi
70,,,auskommen,"to get along, to get on, to manage",s'entendre,,
70,,,spritzen,"to inject, to spray, to splash","injecter, pulvériser, gicler, éclabousser",Sometimes Reflexive,Parfois Réfléchi
70,,,bügeln,to iron,repasser (des vêtements),Sometimes Reflexive,Parfois Réfléchi
70,,,amüsieren,"to amuse, to entertain, to enjoy oneself","amuser, divertir, se faire plaisir",Mostly Reflexive,Principalement Réfléchi
70,,,erkunden,"to explore, to investigate","explorer, enquêter",,
70,,,ablenken,"to distract, to divert, to steer away","distraire, détourner, éloigner",Sometimes Reflexive,Parfois Réfléchi
70,,,aufladen,"to charge, to load, to burden, to impose","charger, accabler, imposer",Sometimes Reflexive,Parfois Réfléchi
70,,,übertreiben,"to exaggerate, to overdo","exagérer, exagérer",,
70,,,dokumentieren,"to record, to document, to demonstrate, to evidence","enregistrer, documenter, démontrer, prouver",,
70,,,ausbauen,"to expand, to develop","étendre, développer",Sometimes Reflexive,Parfois Réfléchi
70,,,scannen,"to scan, to court, to digitize","scanner, porter devant les tribunaux, numériser",,
70,,,abbiegen,"to turn, to turn off, to bend","tourner, éteindre, plier",Sometimes Reflexive,Parfois Réfléchi
70,,,aussagen,"to testify, to state","témoigner, déclarer",,
71,,,faszinieren,"to fascinate, to captivate","fasciner, captiver",,
71,,,schimpfen,"to scold, to rant","gronder, pester",,
71,,,motivieren,"to motivate, to give reasons, to inspire","motiver, donner des raisons, inspirer",,
71,,,ausleihen,"to borrow, to lend, to lend out","emprunter, prêter",,
71,,,gefährden,to endanger,mettre en danger,,
71,,,aufkommen,"to arise, to come down, to emerge, to land","se lever, descendre, émerger, atterrir",,
71,,,interviewen,to interview,interviewer,,
71,,,anfordern,"to request, to solicit, to ask for, to circularize","demander, solliciter, diffuser",,
71,,,belohnen,"to reward, to award, to compensate","récompenser, attribuer, indemniser",,
71,,,verschlafen,"to oversleep, to sleep in","dormir trop longtemps, faire la grasse matinée",,
71,,,erstatten,"to reimburse, to refund, to report","rembourser, déduire, signaler",,
71,,,zuschauen,"to watch, to look on, to observe","regarder, observer, surveiller",,
71,,,einzahlen,"to deposit, to make a deposit","déposer, verser",,
71,,,betätigen,"to operate, to activate, to engage","actionner, activer, engager",,
71,,,sich wohlfühlen,"to feel good, to be comfortable","se sentir bien, être à l'aise",,
71,,,färben,"to color, to dye","colorer, teindre",,
71,,,ablesen,"to read off, to read out, to deduce","lire à haute voix, déduire",,
71,,,losfahren,"to set off, to drive off, to leave","partir, démarrer, prendre la route",,
71,,,schälen,to peel,peler,,
71,,,recherchieren,"to investigate, to research, to do research","enquêter, faire des recherches, mener des recherches",,
72,,,verkleiden,"to to dress up, to to disguise oneself (refl.)",se déguiser,,
72,,,verschicken,"to dispatch, to despatch, to mail, to send","expédier, envoyer par la poste, envoyer",,
72,,,anmachen,"to turn on, to light, to switch on","allumer, mettre en marche, allumer",,
72,,,aktualisieren,to update,mettre à jour,Sometimes Reflexive,Parfois Réfléchi
72,,,wetten,"to bet, to wager","parier, miser",Sometimes Reflexive,Parfois Réfléchi
72,,,anhalten,"to stop (cease moving), to continue, to compel","arrêter (cesser de bouger), continuer, contraindre",Sometimes Reflexive,Parfois Réfléchi
72,,,beschleunigen,"to accelerate, to speed up",accélérer,Sometimes Reflexive,Parfois Réfléchi
72,,,fügen,"to acquiesce, to comply, to fit together","acquiescer, se conformer, s'adapter",Sometimes Reflexive,Parfois Réfléchi
72,,,umgeben,"to surround, to enclose, to encompass","entourer, enfermer, englober",Sometimes Reflexive,Parfois Réfléchi
72,,,dringen,"to insist, the seep, to penetrate","insister, s'infiltrer, pénétrer",Sometimes Reflexive,Parfois Réfléchi
72,,,wiederherstellen,"to restore, to recover, to rehabilitate","restaurer, récupérer, réhabiliter",,
72,,,schleifen,"to drag, to drill, to pull","poncer, affûter, aiguiser, tailler",Sometimes Reflexive,Parfois Réfléchi
72,,,aufsteigen,"to rise, to ascend, to advance, to climb","s'élever, monter, avancer, grimper",,
72,,,zusehen,"to watch, to see, to make sure (that something happens)","regarder, voir, s'assurer (que quelque chose se passe)",,
72,,,auftauchen,"to arise, to surface, to turn up","surgir, faire surface, apparaître",,
72,,,beklagen,"to complain, to lament, to air grievances","se plaindre, se lamenter, exprimer des griefs",Sometimes Reflexive,Parfois Réfléchi
72,,,drängen,"to urge, to push, to cajole, to shove","exhorter, pousser, cajoler, bousculer",Sometimes Reflexive,Parfois Réfléchi
72,,,rechtfertigen,"to justify, to warrant, to back up, to exculpate","justifier, garantir, appuyer, disculper",Sometimes Reflexive,Parfois Réfléchi
72,,,beinhalten,"to include, to contain, to entail, to comprise","inclure, contenir, impliquer, comprendre",,
72,,,beauftragen,"to assign, to commission, to instruct","assigner, commissionner, instruire",,
73,,,sprühen,"to spray, to atomize, to disperse","pulvériser, atomiser, disperser",,
73,,,gestatten,"to allow, to permit, to license","autoriser, permettre, concéder une licence",,
73,,,vorsehen,"to plan, to provide for","planifier, prévoir",,
73,,,anfallen,"to accrue, to accumulate, to arise, to incur","s'accumuler, survenir, encourir",,
73,,,entkommen,to escape,s'échapper,,
73,,,lauten,"to read, to sound, to go (as in “it goes like…”)","lire, sonner",,
73,,,anfassen,"to touch, to handle","toucher, manipuler",Sometimes Reflexive,Parfois Réfléchi
73,,,vorgeben,"to claim, to pretend, to set (a pace)","revendiquer, prétendre, donner (un rythme)",,
73,,,ertragen,"to bear, to stand","supporter, se tenir debout",,
73,,,aufbrechen,"to leave, to set off, to start, to break, to burst","partir, se mettre en route, démarrer, rompre, éclater",Sometimes Reflexive,Parfois Réfléchi
73,,,anregen,"to encourage, to stimulate, to excite, to inspire","encourager, stimuler, exciter, inspirer",Sometimes Reflexive,Parfois Réfléchi
73,,,abweichen,"to depart (from), to soak off","partir (de), s'imprégner",,
73,,,abbilden,"to depict, to map, to illustrate","représenter, cartographier, illustrer",Sometimes Reflexive,Parfois Réfléchi
73,,,erregen,"to arouse, to stimulate, to agitate","éveiller, stimuler, agiter",Sometimes Reflexive,Parfois Réfléchi
73,,,erweisen,"to prove (passively), to turn out to be, to show","prouver (passivement), s'avérer être, montrer",Sometimes Reflexive,Parfois Réfléchi
73,,,agieren,"to act, to operate, to perform, to act out","agir, opérer, exécuter",,
73,,,einreichen,"to submit, to present, to bring, to bring in, to deposit","soumettre, présenter, apporter, déposer",,
73,,,erforschen,"to research, to investigate, to explore, to ascertain","faire des recherches, enquêter, explorer, vérifier",,
73,,,befestigen,"to attach, to fasten, to secure",fixer,Sometimes Reflexive,Parfois Réfléchi
73,,,optimieren,"to optimize, to improve, to steamline",optimiser,Sometimes Reflexive,Parfois Réfléchi
74,,,schwinden,"to diminish, to fade, to shrink","disparaître, diminuer, s'évanouir",,
74,,,bestreiten,"to dispute, to contest","contester, disputer",,
74,,,ticken,"to tick, to tap, to act","faire tic, taper",,
74,,,zugreifen,"to access, to grab, to help oneself",accéder,,
74,,,entführen,"to abduct, to kidnap","enlever, kidnapper",,
74,,,knüpfen,"to knot, to tie, to weave",nouer,Sometimes Reflexive,Parfois Réfléchi
74,,,verweilen,"to linger, to stay, to tarry, to abide","rester, s'attarder, séjourner, demeurer",,
74,,,bewundern,to admire,admirer,,
74,,,anschaffen,"to purchase, to acquire, to procure","acheter, acquérir, se procurer",,
74,,,konsumieren,to consume,consommer,,
74,,,zugehen,"to approach, to close, to happen","s'approcher, se fermer, se produire",,
74,,,festsetzen,"to fix, to appoint, to detain, to determine, to establish","fixer, nommer, détenir, déterminer, établir",,
74,,,auszeichnen,"to honor, to distinguish","honorer, distinguer",,
74,,,festnehmen,"to arrest, to apprehend, to detain, to seize","arrêter, appréhender, détenir, saisir",,
74,,,umarmen,"to hug, to embrace, to caress, to embosom","étreindre, embrasser, caresser, enserrer",,
74,,,antreten,"to begin, to compete","commencer, concourir",,
74,,,einschlagen,"to strike, to hit, to drive in, to engrave, to heel in","frapper, toucher, enfoncer, graver",,
74,,,anstrengen,"to exert, to strain, to make an effort, to apply","exercer, se démener, faire un effort, appliquer",,
74,,,sich entschließen,to decide (to do something) (refl.),décider (de faire quelque chose) (réfl.),Always Reflexive,Toujours Réfléchi
74,,,staunen,"to be astonished, to be amazed","être étonné, être émerveillé",,
75,,,abdecken,"to cover, to remove, to uncover","couvrir, enlever, découvrir",,
75,,,absetzen,"to set down, to put down, to deduct, to dismiss","Déposer, mettre de côté, déduire, rejeter",,
75,,,benehmen,to behave (refl.),se comporter (réfl.),,
75,,,sich wehren,"to defend, to resist","défendre, résister",Always Reflexive,Toujours Réfléchi
75,,,ausgleichen,"to balance, to offset, to compensate, to equalize","équilibrer, compenser, égaliser",,
75,,,einbringen,"to bring in, to contribute, to introduce, to harvest","apporter, contribuer, introduire, récolter",,
75,,,genehmigen,"to allow, to permit, to authorize, to approve","permettre, autoriser, approuver",,
75,,,pressen,"to press, to squeeze, to push, to bear down","presser, serrer, pousser, exercer une pression",,
75,,,vorschreiben,"to dictate, to prescribe, to instruct, to stipulate","dicter, prescrire, instruire, stipuler",,
75,,,behindern,"to obstruct, to hamper","gêner, entraver",,
75,,,anhören,to listen to someone,écouter quelqu'un,,
75,,,spenden,"to donate, to contribute, to dispense, to give","faire un don, contribuer, distribuer, donner",,
75,,,schwingen,"to swing, to oscillate","se balancer, osciller",,
75,,,abschalten,"to switch off, to disconnect, to turn off","éteindre, déconnecter, couper",,
75,,,duzen,to address informally,s'adresser de manière informelle,,
75,,,hämmern,"to hammer, to pound, to bang, to beat","marteler, pilonner, cogner, battre",,
75,,,verzögern,"to delay, to postpone, to stall","retarder, reporter, bloquer",,
75,,,hageln,"to hail, to volley","saluer, faire une volée",,
75,,,verschwenden,"to squander, to waste",gaspiller,,
75,,,vertragen,"to tolerate, to get along, to bear","tolérer, s'entendre, supporter",,
76,,,einbrechen,"to break in, to collapse, to break down","s'introduire par effraction, s'effondrer, tomber en panne",,
76,,,besiegen,to defeat (in battle or contest),vaincre (au combat ou dans un concours),,
76,,,aufteilen,"to distribute, to divide, to partition","distribuer, diviser, partitionner",,
76,,,zumachen,"to close, to shut, to close down","fermer, cesser ses activités",,
76,,,hinfahren,"to drive there, to go, to travel","aller en voiture, y aller, voyager",,
76,,,austragen,"to deliver, to distribute, to carry out","livrer, distribuer, exécuter",,
76,,,überreichen,"to hand over, to present, to submit","remettre, présenter, soumettre",,
76,,,trösten,"to console, to comfort, to bring comfort to","consoler, réconforter, apporter du réconfort à",,
76,,,vortragen,"to perform, to recite, to present, to carry over","interpréter, réciter, présenter, transmettre",,
76,,,fegen,"to sweep, to move quickly, to tear","balayer, se déplacer rapidement, déchirer",,
76,,,wiedersehen,"to see again, to meet again","revoir, se revoir",,
76,,,ausweisen,"to expel, to identify, to deport","expulser, identifier, déporter",,
76,,,aufbewahren,"to preserve, to keep, to store","préserver, conserver, stocker",,
76,,,bedauern,"to regret, to deplore, to lament, to pity","regretter, déplorer, se lamenter, avoir pitié",,
76,,,loslassen,"to release, to let go, to let loose, to disengage","libérer, lâcher prise, se délier, se désengager",,
76,,,spiegeln,"to mirror, to reflect, to assign, to dazzle","refléter, renvoyer, attribuer, éblouir",,
76,,,wegnehmen,"to take away, to remove, to abstract, to cancel","enlever, supprimer, abstraire, annuler",,
76,,,bellen,to bark,aboyer,,
76,,,einatmen,"to inhale, to breath in","inspirer, respirer",,
76,,,mitfahren,"to go with, to ride along","accompagner, faire un tour avec",,
77,,,abrechnen,"to settle, to account for, to bill","régler, rendre compte, facturer",,
77,,,dekorieren,"to decorate, to adorn","décorer, orner",,
77,,,einsammeln,"to collect, to gather","collecter, rassembler",,
77,,,twittern,to tweet,tweeter,,
77,,,filmen,"to film, to shoot","filmer, tourner",,
77,,,variieren,"to vary, to alter, to change partially","varier, modifier, changer partiellement",,
77,,,verschmutzen,to pollute,"polluer, salir",,
77,,,zurückfahren,"to back, to drive back, to flinch","reculer, faire marche arrière, tressaillir",,
77,,,genesen,"to recover, to convalesce, to get well",se rétablir,,
77,,,nähern,"to approach, to get closer, to advance","s'approcher, se rapprocher, avancer",Mostly Reflexive,Principalement Réfléchi
77,,,vereinfachen,"to simplify, to demystify, to deskill, to dumb down","simplifier, démystifier, déqualifier, abêtir",Sometimes Reflexive,Parfois Réfléchi
77,,,beeinträchtigen,"to affect, to impair, to alloy, to compromise","affecter, altérer, allier, compromettre",,
77,,,synchronisieren,"to synchronize, to dub, to sync","synchroniser, doubler",Sometimes Reflexive,Parfois Réfléchi
77,,,rächen,to take revenge (refl.),se venger (réfl.),Mostly Reflexive,Principalement Réfléchi
77,,,herausfordern,"to challenge, to provoke, to banter to","défier, affronter",,
77,,,pfeifen,"to whistle, to ignore, to referee, to arbitrate","siffler, siffloter",,
77,,,toben,"to fume, to rage, to rampage, to romp","se défouler, se déchaîner, fulminer",,
77,,,grenzen,"to abut, to approach, to border, to limit",limiter,Sometimes Reflexive,Parfois Réfléchi
77,,,konfigurieren,"to configure, to set up",configurer,Sometimes Reflexive,Parfois Réfléchi
77,,,tagen,"to meet, to convene, to be in session","se réunir, tenir une réunion",,
78,,,verkehren,"to circulate, to interact, to turn, to twist",circuler,,
78,,,hauen,"to slash, to cut, to hit (coll.)","trancher, couper, frapper (coll.)",Sometimes Reflexive,Parfois Réfléchi
78,,,ehren,"to honor, to respect, to esteem",honorer,,
78,,,erwägen,"to consider, to contemplate, to ponder","envisager, considérer",,
78,,,stopfen,"to stuff, to darn, to jam","bourrer, combler",Sometimes Reflexive,Parfois Réfléchi
78,,,wachen,"to wake, to guard, to be awake","veiller, réveiller, surveiller",,
78,,,begehen,"to commit, perpetrate (a crime, an offence)","commettre, perpétrer (un crime, un délit)",,
78,,,abschneiden,"to cut off, to amputate, to block","couper, amputer, bloquer",Sometimes Reflexive,Parfois Réfléchi
78,,,verdanken,"to owe, to be indebted, to owe to","devoir (quelque chose à quelqu'un), être redevable",,
78,,,zurückhalten,"to restrain, to hold back, to withhold","restreindre, retenir",Sometimes Reflexive,Parfois Réfléchi
78,,,verdoppeln,"to double, to duplicate, to reduplicate","doubler, dupliquer, redoubler",Sometimes Reflexive,Parfois Réfléchi
78,,,herrschen,"to rule, to prevail, to control","gouverner, prévaloir, contrôler",,
78,,,verknüpfen,"to connect, to link, to associate, to tie, to annex to","connecter, relier, associer, lier, annexer à",Sometimes Reflexive,Parfois Réfléchi
78,,,aufzeigen,"to point out, to demonstrate, to indicate","souligner, démontrer, indiquer",,
78,,,aufbringen,"to capture, to raise, to antagonise",appliquer,Sometimes Reflexive,Parfois Réfléchi
78,,,exportieren,to export,exporter,,
78,,,positionieren,"to position, to assert, to clarify","positionner, placer",Sometimes Reflexive,Parfois Réfléchi
78,,,brüllen,"to bellow, to howl, to roar, to bray",hurler,,
78,,,erschöpfen,"to exhaust, to deplete, to drain",épuiser,Mostly Reflexive,Principalement Réfléchi
78,,,schweben,"to over, to float, to glide","flotter, planer",,
79,,,absehen,"to foresee, to overlook, to disregard","prévoir, négliger",,
79,,,einsperren,"to lock up, to imprison","enfermer, emprisonner",,
79,,,dämpfen,"to dampen, to steam, to attenuate, to reduce","étouffer, amortir",Sometimes Reflexive,Parfois Réfléchi
79,,,dehnen,"to extend, to stretch, to expand, to dilate","étirer, étendre allonger",Sometimes Reflexive,Parfois Réfléchi
79,,,heulen,"to howl, to wail, to bawl, to blubber","hurler, pleurer, crier",,
79,,,verführen,"to seduce, to entice, to tempt, to debauch",séduire,Sometimes Reflexive,Parfois Réfléchi
79,,,rinnen,"to flow, to trickle, to run",canaliser,,
79,,,rahmen,"to frame, to enclose, to collect, to cream",encadrer,,
79,,,forschen,"to research, to investigate","faire des recherches, enquêter",,
79,,,voraussetzen,"to presume, to require, to assume","présumer, exiger, supposer",,
79,,,experimentieren,to experiment,expérimenter,,
79,,,zurücktreten,"to resign, to step back, to step down, to withdraw","démissionner, se retirer, quitter ses fonctions",,
79,,,hervorgehen,"to result, to arise, to arise from, to emerge","résulter, survenir, provenir de, émerger",,
79,,,verbleiben,to remain,rester,,
79,,,herkommen,"to come over, come here (towards the speaker), to come from","venir, venir ici (vers l'orateur), venir de",,
79,,,beibringen,"to teach, to break (news, information) carefully to, to inflict","enseigner, annoncer (des nouvelles, des informations) avec précaution, infliger",,
79,,,befördern,to transport,transporter,,
79,,,stricken,to knit,tricoter,,
79,,,anbringen,"to affix, to attach, to fasten, to add, to apply","fixer, attacher, ajouter, appliquer",,
79,,,bedürfen,"to need, to require, to depend, to demand","avoir besoin, exiger, dépendre, demander",,
80,,,begreifen,"to understand, to comprehend, to grasp, to realise","comprendre, saisir, appréhender, réaliser",,
80,,,beitreten,"to join, to support, to accede to, to affiliate","adhérer, soutenir, adhérer à, s'affilier",,
80,,,blättern,"to browse in, to leaf, to leaf through, to page through","parcourir, feuilleter, feuilleter, parcourir les pages",,
80,,,einräumen,"to admit, to acknowledge, to concede, to put away","admettre, reconnaître, concéder, mettre de côté",,
80,,,entfallen,"to be omitted, to be dropped, to be canceled, to be inapplicable","à omettre, à supprimer, à annuler, à ne pas appliquer",,
80,,,erbringen,"to yield, to provide, to raise, to deliver","céder, fournir, lever, livrer",,
80,,,ignorieren,"to ignore, to blank, to disregard","ignorer, faire l'impasse sur, négliger",,
80,,,kreisen,"to circle, to circulate, to circumgyrate","tourner en rond, circuler, circumgyrer",,
80,,,manipulieren,"to manipulate, to influence, to rig, to adjust","manipuler, influencer, truquer, ajuster",,
80,,,verdeutlichen,"to clarify, to elucidate, to explain, to illustrate","clarifier, élucider, expliquer, illustrer",,
80,,,vereinen,"to unite, to combine, to join","unir, combiner, joindre",,
80,,,vermögen,"to be able, to be capable, to can","être capable, pouvoir",,
80,,,verschaffen,"to procure, to obtain, to acquire, to earn","se procurer, obtenir, acquérir, gagner",,
80,,,versenden,"to dispatch, to send, to forward, to ship","expédier, envoyer, faire parvenir, transporter",,
80,,,zukommen,"to approach, to be assigned to, to be due (to)","approcher, être assigné à, être dû (à)",,
80,,,zusammenhängen,"to be related, to hang together, to associate","être apparenté, être ensemble, s'associer",,
80,,,zusammensetzen,"to assemble, to put together, to be composed of","assembler, réunir, être composé de",,
80,,,verbergen,"to conceal sth, to hide something",cacher quelque chose,,
80,,,versetzen,"to put, to move, to deal, to give (a blow, hit), to transfer (when to do with work)","mettre, déplacer, distribuer, donner (un coup), transférer (quand il s'agit de travailler)",,
80,,,beseitigen,"to remove, to eliminate, to dispose","enlever, éliminer, se débarrasser",,
81,,,glänzen,"to shine, to gleam, to sparkle, to glisten","briller, scintiller, étinceler",,
81,,,hüpfen,"to hop, to skip, to bounce","sauter, bondir, rebondir",,
81,,,widerrufen,"to cancel, to revoke, to withdraw","annuler, révoquer, retirer",,
81,,,irritieren,"to confuse, to disturb, to irritate, to annoy","perturber, embêter, irriter, agacer",,
81,,,quälen,"to torture, to afflict, to agonise","torturer, affliger, faire souffrir",,
81,,,kratzen,"to scratch, to scrape","gratter, racler",,
81,,,assoziieren,"to associate, to associate with, to link","s'associer, s'associer à, lier",,
81,,,vergnügen,"to please, to amuse, to amuse oneself","plaire, amuser, se divertir",,
81,,,zweifeln,"to doubt, to question","douter, remettre en question",,
81,,,berufen,"to appoint, to invoke, to cite","nommer, invoquer, citer",,
81,,,schlachten,"to slaughter, to butcher, to battle","abattre, massacrer, combattre",,
81,,,verdrängen,"to displace, to oust, to repress","déplacer, évincer, réprimer",,
81,,,regulieren,"to regulate, to control, to arrange","réglementer, contrôler, organiser",,
81,,,einschreiben,"to sign up, to enroll",s'inscrire,,
81,,,quietschen,"to squeak, to squeal",couiner,,
81,,,eilen,"to hurry, to rush, to be urgent, to haste","se dépêcher, se hâter, être urgent",,
81,,,entgegenkommen,"to accommodate, to approach, to come towards","s'adapter, s'approcher, venir vers",,
81,,,erziehen,"to educate, to raise, to nurture, to teach, to train","éduquer, élever, nourrir, enseigner, former",,
81,,,überholen,"to overtake, to outstrip, to repair, to outpace","dépasser, distancer, réparer, surpasser",,
81,,,bemalen,"to paint, to apply makeup, to color","peindre, maquiller, colorier, colorer",,
82,,,inszenieren,"to direct, to orchestrate, to produce","diriger, orchestrer, produire",,
82,,,schmücken,"to adorn, to decorate, to embellish","orner, décorer, embellir",,
82,,,sich orientieren,to orient,orienter,Always Reflexive,Toujours Réfléchi
82,,,sich ereignen,"to happen, to occur, to bechance","se produire, avoir lieu, être fortuit",Always Reflexive,Toujours Réfléchi
82,,,kämmen,to comb,peigner,,
82,,,weglaufen,to run away,s'enfuir,,
82,,,vorhersagen,"to foretell, to forecast, to predict","prédire, prévoir, annoncer",,
82,,,schonen,"to spare, to preserve, to conserve","épargner, préserver, conserver",,
82,,,erwachsen,"to grow up, to arise, to spring up, to accrue","grandir, surgir, jaillir, s'accumuler",,
82,,,abschreiben,"to write off, to copy, to transcribe","radier, copier, transcrire",,
82,,,erschließen,"to develop, to access, to deduce, to unlock","développer, accéder, déduire, déverrouiller",,
82,,,herausnehmen,"to take out, to remove, to arrogate","enlever, retirer, s'arroger",,
82,,,nerven,"to annoy someone, to get on someone's nerves","ennuyer quelqu'un, taper sur les nerfs de quelqu'un",,
82,,,bereuen,"to regret something, to rue something","regretter quelque chose, se lamenter sur quelque chose",,
82,,,weiterhelfen,"to assist, to help","pour aider, pour soutenir",,
82,,,aufhängen,"to hang up, to hang, to anchor","accrocher, suspendre, ancrer",,
82,,,hinlegen,"to lie down, to put down, to lay down","s'allonger, poser, se coucher",,
82,,,beleuchten,"to illuminate, to examine","éclairer, examiner",,
82,,,ernten,"to harvest, to reap, to crop, to gather","récolter, moissonner, cueillir",,
82,,,zutreffen,"to apply, to hold true, to be applicable","s'appliquer, être vrai, être applicable",,
83,,,zuwenden,"to turn to, to turn towards, to allocate, to dedicate","se tourner vers, allouer, dédier",,
83,,,überreden,"to convince, to persuade, to argue into","convaincre, persuader, amener à argumenter",,
83,,,repräsentieren,"to represent, to stand for, to act for","représenter, défendre, agir pour",,
83,,,erschießen,to shoot dead,tuer par balle,,
83,,,beibehalten,"to maintain, to keep, to retain",maintenir,,
83,,,widerstehen,"to resist, to withstand, to oppose","résister, supporter, s'opposer",,
83,,,streifen,"to wander, to drift","errer, dériver",,
83,,,kaputtgehen,"to break down, to break","se briser, se dégrader",,
83,,,zusammenleben,"to live together, to cohabitate","vivre ensemble, cohabiter",,
83,,,rösten,"to roast, to calcine, to toast","rôtir, calciner, griller",,
83,,,ausschlafen,"to sleep in, to catch up on sleep","faire la grasse matinée, rattraper son sommeil",,
83,,,abfliegen,"to patrol, to depart, to fly along","patrouiller, partir, voler le long",,
83,,,norden,to align to the north,s'aligner vers le nord,,
83,,,zuweisen,"to assign, to allocate, to allot","attribuer, assigner, affecter",Sometimes Reflexive,Parfois Réfléchi
83,,,kontaktieren,to contact,contacter,,
83,,,berechtigen,"to authorize, to entitle to, to empower","autoriser, donner droit à, habiliter",Sometimes Reflexive,Parfois Réfléchi
83,,,schwellen,"to swell, to expand, to rise","gonfler, enfler",,
83,,,schütteln,"to agitate, to shake, to jolt","agiter, secouer",Sometimes Reflexive,Parfois Réfléchi
83,,,verkünden,"to announce, to proclaim, to declare","annoncer, proclamer, déclarer",,
83,,,erleiden,"to endure, to suffer, to experience, to experience pain","endurer, souffrir, éprouver, ressentir de la douleur",,
84,,,beschützen,"to protect, to defend (security)","protéger, défendre (sécurité)",Sometimes Reflexive,Parfois Réfléchi
84,,,schulden,"to owe, to be due to","devoir, être dû à",,
84,,,lauschen,"to listen, to eavesdrop","écouter, espionner",,
84,,,begrenzen,"to limit, to restrict, to bound","limiter, resteindre, confiner",Sometimes Reflexive,Parfois Réfléchi
84,,,platzieren,"to place, to position, to be placed",placer,Sometimes Reflexive,Parfois Réfléchi
84,,,anfragen,"to ask, to inquire, to enquire, to request",demander,,
84,,,deaktivieren,"to deactivate, to disable",désactiver,,
84,,,gebieten,"to command, to demand, to bid, to dominate","dominer, ordonner",,
84,,,geleiten,"to accompany, to escort, to conduct",accompagner,,
84,,,listen,"to list, to allow in, to lead as a series","énumérer, citer",,
84,,,übermitteln,"to communicate, to deliver, to transmit","transmettre, communiquer",,
84,,,werten,"to assess, to consider, to value",évaluer,Sometimes Reflexive,Parfois Réfléchi
84,,,beleben,"to invigorate, to animate, to revive","animer, revivre, relancer",Sometimes Reflexive,Parfois Réfléchi
84,,,erlöschen,"to go out, to die out, to expire",s'éteindre,,
84,,,gedeihen,"to flourish, to prosper, to thrive","prospérer, s'épanouir, croître, fleurir",,
84,,,ersticken,"to suffocate, to choke, to asphyxiate","étouffer, suffoquer",Sometimes Reflexive,Parfois Réfléchi
84,,,konstruieren,"to construct, to design, to build, to fabricate","construire, concevoir, bâtir, fabriquer",,
84,,,ansteigen,"to rise, to increase, to ascend, to advance","s'élever, croître, monter, progresser",,
84,,,anstreben,"to pursue, to seek, to strive for, to aim","poursuivre, chercher, s'efforcer d'obtenir, viser",,
84,,,ausstrahlen,"to emit, to broadcast, to radiate, to air","émettre, diffuser, rayonner",,
85,,,eintreffen,"to arrive, to come true, to happen","arriver, se réaliser, se produire",,
85,,,erlangen,"to attain, to achieve, to acquire, to obtain","atteindre, réaliser, acquérir, obtenir",,
85,,,erlernen,"to learn, to acquire, to master","apprendre, acquérir, maîtriser",,
85,,,erörtern,"to debate, to discuss, to argue, to dispute","débattre, discuter, argumenter, se disputer",,
85,,,kompensieren,"to compensate, to offset, to adjust, to align","compenser, décaler, ajuster, aligner",,
85,,,verschließen,"to close, to seal, to lock, to block","fermer, sceller, verrouiller, bloquer",,
85,,,ausarbeiten,"to develop, to draw up, to elaborate","développer, élaborer, mettre au point",,
85,,,währen,"to last, to persist","durer, persister",,
85,,,verbrechen,to commit (a crime),commettre (un crime),,
85,,,knoten,"to knot, to knit","nouer, tricoter",,
85,,,navigieren,"to navigate, to steer","naviguer, diriger",,
85,,,zusammenstoßen,"to collide, to brush, to bump","entrer en collision, se frôler, se heurter",,
85,,,mahlen,"to grind, to mill, to crush","moudre, broyer, concasser",,
85,,,verstoßen,"to breach, to transgress, to violate","enfreindre, transgresser, violer",,
85,,,vermischen,"to mix, to blend, to combine","mélanger, combiner",,
85,,,begleichen,"to acquit, to pay, to settle","acquitter, payer, régler",,
85,,,mindern,"to diminish, to lessen, to reduce","diminuer, réduire",,
85,,,ausstatten,"to equip, to outfit",équiper,,
85,,,ansiedeln,"to settle, to establish, to allocate, to assign","régler, établir, allouer, attribuer",,
85,,,konzipieren,"to design, to conceive, to conceptualize, to become pregnant","concevoir, imaginer, conceptualiser, tomber enceinte",,
86,,,vorbeugen,"to bend forward, to forestall, to lean forward","se pencher en avant, prévenir",,
86,,,zulegen,"to add, to gain, to increase, to put on weight, to draw","ajouter, gagner, augmenter, prendre du poids, tirer",,
86,,,vorweisen,to demonstrate,démontrer,,
86,,,lindern,"to alleviate, to relieve",soulager,,
86,,,gönnen,"to treat, to allow, to grant","traiter, permettre, accorder",,
86,,,siezen,to address formally,s'adresser formellement,,
86,,,auflisten,"to list, to catalogue","lister, cataloguer",,
86,,,bedecken,"to cover, to conceal, to overlay","couvrir, dissimuler, recouvrir",,
86,,,etablieren,"to establish, to settle, to found, to arrange","établir, fonder, organiser, installer",,
86,,,haften,"to adhere, to be liable","adhérer, être responsable",,
86,,,herausstellen,"to emphasize, to highlight, to put out","mettre en valeur, souligner, diffuser",,
86,,,nachgehen,"to pursue, to follow up","poursuivre, donner suite",,
86,,,neigen,"to lean, to tilt, to tend","s'incliner, pencher, tendre",,
86,,,veranschaulichen,"to illustrate, to clarify, to exemplify","illustrer, clarifier, donner un exemple",,
86,,,ähneln,"to resemble, to be alike","ressembler, être semblable",,
86,,,ausnutzen,"to exploit, to take advantage of, to use","exploiter, tirer profit de, utiliser",,
86,,,beschaffen,"to acquire, to obtain, to procure","acquérir, obtenir, se procurer",,
86,,,einholen,"to catch up, to reel in, to obtain","rattraper, obtenir",,
86,,,einsehen,"to realize, to understand, to recognize","réaliser, comprendre, reconnaître",,
86,,,hervorrufen,"to cause, to elicit, to bring about","provoquer, susciter, entraîner",,
87,,,hinnehmen,"to accept, to take, to abide","accepter, prendre, supporter",,
87,,,sich schämen,"to be ashamed of, to feel ashamed","avoir honte, ressentir de la honte",,
87,,,verschärfen,"to intensify, to sharpen, to tighten","intensifier, aiguiser, resserrer",,
87,,,übersehen,"to overlook, to miss, to ignore","négliger, manquer, ignorer",,
87,,,wegziehen,"to move away, to leave","s'éloigner, partir",,
87,,,anschalten,"to switch on, to turn on, to activate","allumer, mettre en marche, activer",,
87,,,zurückrufen,"to call back, to recall","rappeler, se souvenir",,
87,,,vorbeigehen,"to go by, to pass, to pass by","passer, passer devant",,
87,,,turnen,"to do gymnastics, to exercise","faire de la gymnastique, faire de l'exercice",,
87,,,weihnachten,to be approaching Christmas time,être l'approche de Noël,,
87,,,zurückschicken,"to send back, to return, to remit","renvoyer, retourner, remettre",,
87,,,umschreiben,"to circumscribe, to paraphrase","circonscrire, paraphraser",,
87,,,flüchten,"to escape, to flee, to abscond","s'échapper, fuir, s'enfuir",,
87,,,erwidern,"to reply, to respond, to reciprocate","répondre, rendre la pareille",,
87,,,komponieren,"to compose, to arrange","composer, arranger",,
87,,,verschönern,"to beautify, to embellish, to decorate","embellir, orner, décorer",,
87,,,mitarbeiten,"to collaborate, to contribute, to cooperate","collaborer, contribuer, coopérer",,
87,,,nachholen,"to catch up, to make up","rattraper, compenser",,
87,,,einschätzen,"to judge, to assess, to evaluate","juger, évaluer, apprécier",,
87,,,täuschen,"to deceive, to delude, to mislead","tromper, duper, induire en erreur",,
88,,,alarmieren,"to alert, to alarm","alerter, alarmer",,
88,,,durchfallen,"to flunk, to fail, to fall through","échouer, se planter",,
88,,,unterschätzen,"to underestimate, to underrate, to undervalue","sous-estimer, sous-évaluer, dévaloriser",,
88,,,ausblenden,"to fade out, to dismiss, to tune out","s'estomper, se désintéresser, se déconnecter",,
88,,,untergehen,"to sink, to be destroyed, to disappear","couler, être détruit, disparaître",,
88,,,befürworten,"to support, to advocate, to back","soutenir, défendre, appuyer",,
88,,,erben,"to inherit, to come into, to receive","hériter, entrer dans, recevoir",,
88,,,respektieren,"to respect, to honor, to regard","respecter, honorer, considérer",,
88,,,schrecken,"to frighten, to scare, to startle","effrayer, faire peur, surprendre",,
88,,,strömen,"to flow, to stream, to course","couler, ruisseler, suivre le cours",,
88,,,verwöhnen,"to pamper, to spoil, to coddle","choyer, gâter, dorloter",,
88,,,eskalieren,"to escalate, to intensify","s'intensifier, s'aggraver",,
88,,,aufschlagen,"to hit, to strike, to open","frapper, ouvrir",,
88,,,aufziehen,"to approach, to gather, to march","s'approcher, se rassembler, marcher",,
88,,,anspannen,"to strain, to harness, to brace","tendre, harnacher, consolider",,
88,,,schnappen,"to snap (with one's mouth), to catch, to nab (a criminal) (coll.)","claquer (avec sa bouche), attraper, choper (un criminel) (coll.)",,
88,,,beheben,"to rectify, to remedy, to correct","rectifier, remédier, corriger",,
88,,,schulen,"to train, to instruct, to teach","former, instruire, enseigner",,
88,,,abwaschen,"to clean, to wash off","nettoyer, laver",,
88,,,herunterfahren,"to descend, to drive down","descendre, rouler vers le bas",,
89,,fortsetzen,fortsetzen,"to continue, to carry on, to extend, to proceed","continuer, poursuivre, étendre, procéder",Sometimes Reflexive,Parfois Réfléchi
89,,fällen,fällen,"to fell, to cut down, to precipitate","abattre, couper, fendre",,
89,,aussuchen,aussuchen,"to select, to choose, to pick","sélectionner, choisir, cueillir",Sometimes Reflexive,Parfois Réfléchi
89,,vorgehen,vorgehen,"to proceed, to advance, to go ahead","procéder, avancer, aller de l'avant",,
89,,ausmachen,ausmachen,"to arrange, to constitute, to represent, to settle","organiser, constituer, représenter, régler",Sometimes Reflexive,Parfois Réfléchi
89,,ausführen,ausführen,"to carry out, to execute, to perform","réaliser, exécuter, accomplir",,
89,,betreiben,betreiben,"to operate, to run, to conduct","opérer, diriger, conduire",,
89,,ergeben,ergeben,"to result in, to yield, to surrender","aboutir à, céder, se rendre",Sometimes Reflexive,Parfois Réfléchi
89,,erzeugen,erzeugen,"to generate, to produce, to create","générer, produire, créer",,
89,,umsetzen,umsetzen,"to implement, to apply, to put into practice","mettre en œuvre, appliquer, mettre en pratique",Sometimes Reflexive,Parfois Réfléchi
89,,vornehmen,vornehmen,"to undertake, to carry out","entreprendre, réaliser",Sometimes Reflexive,Parfois Réfléchi
89,,vermitteln,vermitteln,"to convey, to mediate, to arrange","transmettre, servir de médiateur, arranger",,
89,,beantragen,beantragen,"to apply for, to request","demander, requérir",,
89,,begegnen,begegnen,"to encounter (with dative), to meet","rencontrer, se rencontrer",,
89,,ermitteln,ermitteln,"to investigate, to determine, to ascertain","investiguer, déterminer, s'assurer",,
89,,gewährleisten,gewährleisten,"to ensure, to guarantee","assurer, garantir",,
89,,zuordnen,zuordnen,"to assign, to allocate","attribuer, allouer",Sometimes Reflexive,Parfois Réfléchi
89,,verurteilen,verurteilen,"to condemn, to sentence","condamner, prononcer une sentence",Sometimes Reflexive,Parfois Réfléchi
89,,einführen,einführen,"to introduce, to implement, to import","introduire, mettre en œuvre, importer",Sometimes Reflexive,Parfois Réfléchi
89,,anerkennen,anerkennen,"to recognize, to acknowledge, to approve","reconnaître, admettre, approuver",,
90,,ausstellen,ausstellen,"to exhibit, to display","exposer, montrer",Sometimes Reflexive,Parfois Réfléchi
90,,ausdrucken,ausdrucken,"to print, to print out, to print off",imprimer,,
90,,versehen,versehen,"to provide, to equip, to supply","fournir, équiper, approvisionner",Sometimes Reflexive,Parfois Réfléchi
90,,anlegen,anlegen,"to create, to invest","créer, investir",Sometimes Reflexive,Parfois Réfléchi
90,,betragen,betragen,"to amount to, to come to","s'élever à, arriver à",,
90,,tauschen,tauschen,"to swap, to trade, to exchange","échanger, troquer, échanger",Sometimes Reflexive,Parfois Réfléchi
90,,umfassen,umfassen,"to include, to comprise","inclure, comprendre",,
90,,beziehen,beziehen,"to refer, to relate, to obtain, to cover, to move into","se référer, obtenir",Sometimes Reflexive,Parfois Réfléchi
90,,sperren,sperren,"to block, to lock, to close off","bloquer, verrouiller, fermer",Sometimes Reflexive,Parfois Réfléchi
90,,versorgen,versorgen,"to supply, to provide for, to take care of","fournir, pourvoir à, prendre soin de",Sometimes Reflexive,Parfois Réfléchi
90,,schreiten,schreiten,"to stride, to proceed, to step (formal)","marcher à grands pas, avancer, faire un pas (formel)",,
90,,ergreifen,ergreifen,"to seize, to grasp, to take hold of","saisir, s'emparer de",,
90,,einnehmen,einnehmen,"to capture, to earn, to ingest","capturer, gagner, ingérer",Sometimes Reflexive,Parfois Réfléchi
90,,betrachten,betrachten,"to view, to observe","voir, observer",,
90,,verarbeiten,verarbeiten,"to process, to handle, to work through","traiter, manipuler, travailler",Sometimes Reflexive,Parfois Réfléchi
90,,aufbauen,aufbauen,"to build, to establish, to develop","construire, établir, développer",Sometimes Reflexive,Parfois Réfléchi
90,,identifizieren,identifizieren,to identify,identifier,Sometimes Reflexive,Parfois Réfléchi
90,,erfordern,erfordern,"to require, to demand, to necessitate","exiger, nécessiter",,
90,,biegen,biegen,"to turn, to bend","tourner, se pencher",Sometimes Reflexive,Parfois Réfléchi
90,,verpflichten,verpflichten,"to oblige, to commit, to bind","obliger, engager, lier",Sometimes Reflexive,Parfois Réfléchi
91,,beleidigen,beleidigen,"to offend someone, to insult someone","offenser quelqu'un, insulter quelqu'un",,
91,,einhalten,einhalten,"to observe, to adhere, to comply","observer, adhérer, se conformer",,
91,,ausprobieren,ausprobieren,"to test, to try, to check out","tester, essayer, vérifier",,
91,,weitergeben,weitergeben,"to pass on, to impart, to relay","transmettre, relayer",,
91,,posten,posten,"to post, to shop","poster, acheter",,
91,,deuten,deuten,"to indicate, to interpret, to point","interpréter, indiquer",,
91,,einbauen,einbauen,"to install, to build in, to build into","installer, monter, intégrer, insérer",,
91,,aufrufen,aufrufen,"to call up, to call, to call for, to invite","appeler, solliciter, inviter",,
91,,grüßen,grüßen,"to greet, to salute","saluer, faire un salut",,
91,,aufheben,aufheben,"to abolish, to lift, to pick up, to keep","abolir, lever, ramasser, garder",,
91,,bewahren,bewahren,"to keep, to preserve (to maintain the condition of)","garder, préserver (maintenir l'état de)",,
91,,formulieren,formulieren,"to formulate, to phrase","formuler, exprimer",,
91,,hinterlassen,hinterlassen,"to leave behind, to bequeath","laisser derrière soi, léguer",,
91,,aufstellen,aufstellen,"to set up, to establish","mettre en place, établir",,
91,,sieben,sieben,"to sieve, to filter","tamiser, filtrer",,
91,,anhaben,anhaben,"to have on, to wear, to harm, to damage","porter, arborer, avoir, posséder",,
91,,tropfen,tropfen,"to drip, to drop, to be gouting","goutter, tomber",,
91,,sich beeilen,sich beeilen,"to hurry, to hasten, to rush (refl.)","se dépêcher, se hâter, se précipiter (réfl.)",,
91,,abbrechen,abbrechen,"to cancel, to break off, to interrupt","annuler, interrompre, rompre",,
91,,zerschlagen,zerschlagen,"to break, to crush, to defeat, to shatter","briser, écraser, vaincre, anéantir",,
92,,kürzen,kürzen,"to shorten, to reduce, to abbreviate","réduire, raccourcir, abréger",,
92,,nützen,nützen,"to be of use, to be useful, to benefit",utiliser,,
92,,meiden,meiden,"to avoid, to shun","éviter, fuir",,
92,,bewirken,bewirken,"to bring about, to cause, to effect","provoquer, causer, effectuer",,
92,,rühren,rühren,"to stir, to move, to mix",remuer,,
92,,unterliegen,unterliegen,"to be subject to, to undergo","être soumis à, subir",,
92,,überwinden,überwinden,"to overcome, to conquer, to surmount",surmonter,,
92,,blühen,blühen,"to bloom, to flourish","fleurir, s'épanouir",,
92,,gebrauchen,gebrauchen,"to use, to make use of","utiliser, faire usage de",,
92,,vernichten,vernichten,"to destroy, to ruin, to annihilate, to eradicate","détruire, ruiner, anéantir, éradiquer",,
92,,aussprechen,aussprechen,"to pronounce, to express, to speak out","prononcer, exprimer, s'exprimer",,
92,,entwerfen,entwerfen,"to design, to draft, to sketch","concevoir, ébaucher, esquisser",,
92,,eintragen,eintragen,"to register, to enter, to record, to enrol","inscrire, entrer, enregistrer, inscrire",,
92,,qualifizieren,qualifizieren,"to qualify, to qualify for","se qualifier, se qualifier pour",,
92,,zurückkehren,zurückkehren,to return,revenir,,
92,,verwechseln,verwechseln,"to mix up, to confuse, to mistake for",confondre,,
92,,kombinieren,kombinieren,to combine,combiner,,
92,,verpacken,verpacken,"to pack, to wrap, to package","emballer, envelopper, conditionner",,
92,,versichern,versichern,"to assure, to insure, to cover","assurer, couvrir",,
92,,meistern,meistern,"to master, to overcome, to cope with","maîtriser, surmonter, faire face à",,
93,,bereitstellen,bereitstellen,"to make available, to provide, to supply","mettre à disposition, fournir, approvisionner",,
93,,umdrehen,umdrehen,to turn around,faire demi-tour,,
93,,einfallen,einfallen,"to invade, to collapse, to come to mind","envahir, s'effondrer, venir à l'esprit",,
93,,falten,falten,"to fold, to bend, to crease","plier, froisser, se plisser",,
93,,bremsen,bremsen,"to slow down, to brake, to decelerate, to retard","ralentir, freiner, décélérer, retarder",,
93,,abstellen,abstellen,"to put down, to assign, to set down, to shut down","poser, assigner, mettre en place, fermer",,
93,,tippen,tippen,"to type, to bet, to tap","taper, parier, appuyer",,
93,,rollen,rollen,to roll,rouler,,
93,,tanken,tanken,"to refuel, to fill up","faire le plein, faire le plein",,
93,,trauen,trauen,"to trust, to marry, to dare (refl.)","faire confiance, se marier, oser (réfl.)",,
93,,vermieten,vermieten,"to lease, to let, to rent to","louer, donner en location à",,
93,,befreien,befreien,to free (make free),libérer (rendre libre),,
93,,vorliegen,vorliegen,"to exist, to be available","exister, être disponible",,
93,,prägen,prägen,"to shape, to influence, to mint","façonner, influencer, frapper",,
93,,erwerben,erwerben,"to acquire, to purchase, to gain","acquérir, acheter, gagner",,
93,,verbreiten,verbreiten,"to spread, to disseminate, to distribute","diffuser, propager, distribuer",,
93,,bereiten,bereiten,"to prepare, to cause","préparer, provoquer",,
93,,spinnen,spinnen,"to spin, to act strangely, to act up","tisser, filer",,
93,,verreisen,verreisen,"to go away, to travel, to go on a trip","partir, voyager, faire un voyage",,
93,,buchstabieren,buchstabieren,to spell,épeler,,
94,,jobben,jobben,"to do casual jobs, to work part-time",travailler à temps partiel,,
94,,nicken,nicken,to nod,hocher la tête,,
94,,zitieren,zitieren,"to cite, to quote",citer,,
94,,vorlegen,vorlegen,"to present, to submit, to bring forward","présenter, soumettre, avancer",,
94,,bergen,bergen,"to recover, to rescue, to save, to salvage","récupérer, secourir, sauver, sauver",,
94,,definieren,definieren,to define,définir,,
94,,basieren,basieren,to base,à la base,,
94,,einleiten,einleiten,"to introduce, to initiate, to commence","introduire, initier, commencer",,
94,,durchsetzen,durchsetzen,"to enforce, to assert","faire respecter, affirmer",,
94,,nachweisen,nachweisen,"to prove, to account for, to demonstrate","prouver, rendre compte de, démontrer",,
94,,aufweisen,aufweisen,"to exhibit, to feature, to show, to boast","exposer, mettre en valeur, montrer, se vanter",,
94,,schwören,schwören,"to swear, to take an oath","jurer, prêter serment",,
94,,befehlen,befehlen,"to command, to order, to bid","ordonner, commander, enjoindre",,
94,,leuchten,leuchten,"to shine, to glow, to be illuminated","briller, allumer, éclairer",,
94,,zielen,zielen,"to aim, to target, to focus on","viser, cibler, se concentrer sur",,
94,,sondern,sondern,"to separate, to split","séparer, diviser",,
94,,verderben,verderben,"to decay, to spoil, to addle, to degenerate","gâcher, gâter, perdre, périr",,
94,,verweigern,verweigern,"to refuse, to deny, to decline, to reject",refuser,,
94,,bewältigen,bewältigen,"to manage, to cope with, to overcome, to get over","gérer, faire face à, surmonter",,
94,,verbrennen,verbrennen,"to burn, to consume by fire, to incinerate","brûler, consumer par le feu, incinérer",,
95,,aufhalten,aufhalten,"to stop, to stay, to delay","arrêter, rester, retarder",,
95,,erarbeiten,erarbeiten,"to develop, to elaborate, to work out, to acquire","développer, élaborer, acquérir",,
95,,bedrohen,bedrohen,"to threaten, to menace",menacer,,
95,,ausüben,ausüben,"to exercise, to perform, to practice","exercer, exécuter, pratiquer",,
95,,verstärken,verstärken,"to amplify, to intensify, to strengthen","amplifier, intensifier, renforcer",,
95,,bedenken,bedenken,"to consider, to reflect, to give, to allow for","considérer, réfléchir, donner, permettre",,
95,,impfen,impfen,"to vaccinate, to immunize, to inject","vacciner, immuniser, injecter",,
95,,betrügen,betrügen,"to cheat, to swindle, to defraud","tricher, escroquer, frauder",,
95,,verklagen,verklagen,"to sue, to bring a suit against, to bring an action against","poursuivre en justice, intenter un procès",,
95,,isolieren,isolieren,"to isolate, to insulate",isoler,,
95,,beherrschen,beherrschen,"to dominate, to master, to control, to rule","dominer, maîtriser, contrôler, régner",,
95,,blitzen,blitzen,to flash,"clignoter, étinceler, flasher, scintiller",,
95,,reizen,reizen,"to stimulate, to irritate, to tease","irriter, émouvoir, exciter",,
95,,auseinandersetzen,auseinandersetzen,"to discuss, to engage, to altercate, to argue with","discuter, s'engager, se disputer, argumenter avec",,
95,,aushalten,aushalten,"to bear, to endure, to withstand, to tolerate","supporter, endurer, résister, tolérer",,
95,,proben,proben,"to rehearse, to practice",répéter,,
95,,vorbeikommen,vorbeikommen,"to come by, to come over, to drop by","passer, venir voir, faire un saut",,
95,,weitergehen,weitergehen,"to continue, to proceed, to keep moving","continuer, avancer, continuer à avancer",,
95,,betreten,betreten,"to enter, to access, to apprehend, to catch","entrer, accéder, appréhender, attraper",,
95,,entsorgen,entsorgen,"to clean up, to depollute, to dispose, to dispose of","nettoyer, dépolluer, éliminer, se débarrasser de",,
96,,erwischen,erwischen,"to catch, to seize, to nab, to surprise, to capture","attraper, saisir, capturer, surprendre, prendre",,
96,,sortieren,sortieren,"to sort, to arrange, to merge, to assort","trier, arranger, fusionner, associer",,
96,,verlegen,verlegen,"to install, to lay, to misplace, to publish","installer, poser, égarer, publier",,
96,,aufschreiben,aufschreiben,"to write down, to note down, to record","écrire, noter, enregistrer",,
96,,segeln,segeln,"to sail, to glide","naviguer, glisser",,
96,,einlegen,einlegen,"to insert, to pickle, to assert","insérer, mettre en conserve, affirmer",,
96,,wahrnehmen,wahrnehmen,"to perceive, to notice, to observe, to sense","percevoir, remarquer, observer, pressentir",,
96,,sicherstellen,sicherstellen,"to seize, to assure, to confiscate, to guarantee","saisir, assurer, confisquer, garantir",,
96,,besetzen,besetzen,"to occupy, to border, to cast","occuper, border, jeter",,
96,,aufführen,aufführen,"to perform, to present","exécuter, présenter",,
96,,verhaften,verhaften,"to detain, to take into custody","détenir, mettre en détention",,
96,,kommentieren,kommentieren,to comment,commenter,,
96,,überlassen,überlassen,"to leave to, to entrust, to surrender","laisser à, confier, abandonner",,
96,,befürchten,befürchten,"to fear, to apprehend, to be afraid","craindre, appréhender, avoir peur",,
96,,verfassen,verfassen,"to write, to compose, to draft","écrire, composer, rédiger",,
96,,kehren,kehren,"to sweep, to return","retourner, balayer",,
96,,einigen,einigen,"to unite, to reconcile, to agree","s'unir, se réconcilier, s'accorder",,
96,,reißen,reißen,"to rip, to tear, to break","déchirer, arracher, se casser, rompre",,
96,,saufen,saufen,"to drink (animals), to booze","boire (des animaux), s'enivrer",,
96,,abonnieren,abonnieren,to subscribe,s'abonner,,
97,,ablaufen,ablaufen,"to expire, to run out, to discharge","expirer, s'épuiser, se décharger",,
97,,anführen,anführen,"to cite, to lead, to quote, to instruct","citer, diriger, instruire",,
97,,vertreiben,vertreiben,"to expel, to dislodge, to displace, to put on the market, to sell","expulser, déloger, déplacer",,
97,,erteilen,erteilen,"to grant, to issue, to give","accorder, délivrer, donner",,
97,,erfassen,erfassen,"to record, to capture, to collect","enregistrer, capturer, collecter",,
97,,übergeben,übergeben,"to hand over, to vomit (refl.)","remettre, vomir (réfl.)",,
97,,stützen,stützen,"to support, to back, to hold something up, to bolster","soutenir, appuyer, soutenir quelque chose, étayer",,
97,,befassen,befassen,"to address, to deal with, to attend to","s'adresser à, traiter, s'occuper de",,
97,,beruhen,beruhen,"to base on, to depend on, to consist","se baser sur, dépendre de, se composer de",,
97,,vorwerfen,vorwerfen,"to reproach, to accuse of, to allege","reprocher, accuser de, alléguer",,
97,,verwirklichen,verwirklichen,"to realize, to actualize, to fulfill, to implement","réaliser, concrétiser, accomplir, mettre en œuvre",,
97,,siegen,siegen,"to win, to prevail, to triumph","gagner, triompher, prévaloir",,
97,,vereinigen,vereinigen,"to coalesce, to unify, to merge","unir, réunir, unifier, combiner",,
97,,zittern,zittern,"to shiver, to tremble, to fear","trembler, frissonner, grelotter",,
97,,locken,locken,"to entice, to lure, to rock, to tempt","attirer, allécher",,
97,,strahlen,strahlen,"to radiate, to beam","rayonner, briller, illuminer",,
97,,sich auswirken,sich auswirken,"to affect, to have an impact","affecter, avoir un impact",,
97,,abbauen,abbauen,"to dismantle, to reduce, to break down","démanteler, réduire, décomposer",,
97,,besorgen,besorgen,"to get, to obtain, to take care of","obtenir, prendre soin de",,
97,,anwenden,anwenden,"to apply, to make use of","appliquer, faire usage de",,
98,,zusammenstellen,zusammenstellen,"to compile, to assemble","compiler, assembler",,
98,,verbrauchen,verbrauchen,"to consume, to use","consommer, utiliser",,
98,,berühren,berühren,to touch,toucher,,
98,,anstellen,anstellen,"to queue (refl.), to employ someone, to hire, to get into mischief","faire la queue (réfl.), employer quelqu'un, faire des bêtises",,
98,,festhalten,festhalten,"to hold, to retain something, to record something, to detain","détenir, conserver quelque chose, enregistrer quelque chose, détenir",,
98,,auflösen,auflösen,"to dissolve, to resolve, to annul, to liquidate","dissoudre, résoudre, annuler, liquider",,
98,,auslösen,auslösen,"to ransom, to trigger, to initiate, to set up","rançonner, déclencher, initier, mettre en place",,
98,,eintreten,eintreten,"to enter, to join, to occur, to step in","entrer, se joindre, se produire",,
98,,belasten,belasten,"to burden, to charge, to strain","charger, accabler, mettre à rude épreuve",,
98,,transportieren,transportieren,"to transport, to transfer","transporter, transférer",,
98,,verweisen,verweisen,"to refer, to direct","se référer, diriger",,
98,,regieren,regieren,"to govern, to reign, to rule, to command","gouverner, régner, diriger, commander",,
98,,opfern,opfern,to sacrifice,sacrifier,,
98,,überqueren,überqueren,to cross,traverser,,
98,,abziehen,abziehen,"to remove, to deduct, to withdraw","supprimer, déduire, retirer",,
98,,lenken,lenken,"to steer, to direct, to guide","diriger, orienter, guider",,
98,,reifen,reifen,"to ripen, to mature",mûrir,,
98,,ausschalten,ausschalten,"to disable, to turn off","désactiver, éteindre",,
98,,tauchen,tauchen,"to dive, to dip","plonger, tremper",,
98,,registrieren,registrieren,"to register, to enroll","s'inscrire, s'inscrire",,
99,,langweilen,langweilen,"to bore, to be bored, to be boring","s'ennuyer, être ennuyé, être ennuyeux",,
99,,übereinstimmen,übereinstimmen,"to agree, to concur, to correspond","concorder, correspondre, coïncider",,
99,,kennzeichnen,kennzeichnen,"to mark, to label, to characterize, to flag","marquer, étiqueter, caractériser, signaler",,
99,,füttern,füttern,to feed (an animal),nourrir (un animal),,
99,,nähen,nähen,"to sew, to stitch, to seam","coudre, piquer, assembler",,
99,,aktivieren,aktivieren,"to activate, to enable","activer, permettre",,
99,,demonstrieren,demonstrieren,"to demonstrate, to show","démontrer, montrer",,
99,,schmerzen,schmerzen,"to hurt, to ache","faire mal, souffrir",,
99,,saugen,saugen,"to suck, to vacuum, to suckle","sucer, aspirer, téter",,
99,,zurückziehen,zurückziehen,"to withdraw, to pull back, to retreat","se retirer, se replier",,
99,,bekämpfen,bekämpfen,to fight against something,lutter contre quelque chose,,
99,,erlassen,erlassen,"to enact, to issue, to forgive, to let off, to release from","promulguer, pardonner, renoncer à, libérer de",,
99,,hetzen,hetzen,"to rush, to hurry","se précipiter, se dépêcher",,
99,,managen,managen,"to manage, to oversee, to organize, to supervise","gérer, contrôler",,
99,,genügen,genügen,"to suffice, to satisfy","suffire, satisfaire",,
99,,verringern,verringern,"to decrease, to diminish, to ease, to lower","diminuer, soulager, abaisser",,
99,,ruhen,ruhen,"to rest, to be at rest, to repose",reposer,,
99,,angehen,angehen,"to concern, to tackle (a problem), to turn on (a machine)","s'inquiéter, s'attaquer (à un problème), mettre en marche (une machine)",,
99,,wegwerfen,wegwerfen,"to throw away, to discard","jeter, se débarrasser de",,
99,,sich erkundigen,sich erkundigen,"to ask, to enquire, to enquire after, to inquire","demander, s'enquérir, se renseigner sur, interroger",,
100,,ablegen,ablegen,"to lay down, to put down, to remove","déposer, poser, enlever",,
100,,vergehen,vergehen,"to die, to pass, to elapse, to perish","mourir, passer, s'écouler, périr",,
100,,streben,streben,"to strive, to tend to, to aspire","aspirer, s'efforcer, viser",,
100,,wundern,wundern,"to surprise, to amaze","surprendre, étonner",,
100,,befragen,befragen,"to question, to ask, to interrogate, to consult","questionner, demander, interroger, consulter",,
100,,weichen,weichen,to soften,adoucir,,
100,,beißen,beißen,to bite,mordre,,
100,,kühlen,kühlen,"to chill, to cool, to refrigerate","refroidir, réfrigérer",,
100,,quellen,quellen,"to soak, to swell, to well, to spring","tremper, gonfler",,
100,,erstrecken,erstrecken,"to extend, to span, to bestride","étendre, enjamber",,
100,,gleiten,gleiten,"to glide, to slide","glisser, glisser",,
100,,umstellen,umstellen,"to relocate, to adapt, to change","déménager, s'adapter, changer",,
100,,hindern,hindern,to prevent somebody from doing something,empêcher quelqu'un de faire quelque chose,,
100,,blasen,blasen,"to blow, to play, to puff, to breathe on, to emit",souffler,,
100,,ringen,ringen,"to struggle, to wrestle, to agonise",lutter,,
100,,gebären,gebären,to give birth to,donner naissance à,,
100,,überschreiten,überschreiten,"to exceed, to overstep, to surpass","dépasser, outrepasser, surpasser",,
100,,abrufen,abrufen,"to retrieve, to access, to call away","récupérer, accéder, appeler",,
100,,einschließen,einschließen,"to include, to enclose, to lock up, to surround","inclure, enfermer, entourer",,
100,,gewähren,gewähren,"to grant, to afford, to allow, to accord","accorder, permettre",,
101,,formen,formen,"to form, to shape, to model, to mold, to fashion","former, modeler, façonner",,
101,,weiterleiten,weiterleiten,"to forward, to pass on","transmettre, faire passer",,
101,,züchten,züchten,"to breed, to grow","se reproduire, grandir",,
101,,strecken,strecken,"to stretch, to dilute, to extend","étirer, allonger",,
101,,versagen,versagen,"to fail, to refuse, to deny","échouer, refuser, nier",,
101,,zelten,zelten,"to camp, to camp out, to tent",camper,,
101,,hervorheben,hervorheben,"to emphasize, to highlight, to stress","souligner, mettre en valeur, insister",,
101,,entziehen,entziehen,"to withdraw, to remove, to deprive","retirer, enlever, priver",,
101,,auswerten,auswerten,"to evaluate, to analyze, to assess","évaluer, analyser, estimer",,
101,,bevorzugen,bevorzugen,"to prefer, to favor","préférer, favoriser",,
101,,vertiefen,vertiefen,"to deepen, to intensify","approfondir, intensifier",,
101,,verwandeln,verwandeln,"to transform, to convert, to turn into, to metamorphose","transformer, convertir, se métamorphoser",,
101,,auffordern,auffordern,"to request, to invite, to ask","demander, inviter",,
101,,ableiten,ableiten,"to derive, to deduce","dériver, déduire",,
101,,einschränken,einschränken,"to limit, to restrict, to stint, to circumscribe","limiter, restreindre, circonscrire",,
101,,interpretieren,interpretieren,"to interpret, to take as","interpréter, prendre comme",,
101,,benennen,benennen,"to name, to designate, to appoint","nommer, désigner",,
101,,sich spezialisieren,sich spezialisieren,"to specialize, to specialise, to differentiate, to focus","se spécialiser, se différencier, se concentrer",,
101,,sich erkälten,sich erkälten,"to catch a cold, to get cold","attraper un rhume, prendre froid",,
101,,irren,irren,"to err, to wander",se tromper,,
102,,umbringen,umbringen,"to kill, to murder, to be very angry at someone","tuer, assassiner, être très en colère contre quelqu'un",,
102,,scheren,scheren,"to shear, to care, to clip, to cut","tondre, entretenir, tailler, couper",,
102,,erläutern,erläutern,"to explain, to clarify","expliquer, clarifier",,
102,,publizieren,publizieren,"to publish, to publicize, to announce","publier, faire connaître, annoncer",,
102,,schleichen,schleichen,"to sneak, to creep","se faufiler, ramper",,
102,,plagen,plagen,"to bother, to annoy, to plague, to rack","tourmenter, affliger",,
102,,verfahren,verfahren,"to proceed, to act, to deal",procéder,,
102,,auskommen,auskommen,"to get along, to get on, to manage",s'entendre,,
102,,spritzen,spritzen,"to inject, to spray, to splash","injecter, pulvériser, gicler, éclabousser",,
102,,bügeln,bügeln,to iron,repasser (des vêtements),,
102,,amüsieren,amüsieren,"to amuse, to entertain, to enjoy oneself","amuser, divertir, se faire plaisir",,
102,,erkunden,erkunden,"to explore, to investigate","explorer, enquêter",,
102,,ablenken,ablenken,"to distract, to divert, to steer away","distraire, détourner, éloigner",,
102,,aufladen,aufladen,"to charge, to load, to burden, to impose","charger, accabler, imposer",,
102,,übertreiben,übertreiben,"to exaggerate, to overdo","exagérer, exagérer",,
102,,dokumentieren,dokumentieren,"to record, to document, to demonstrate, to evidence","enregistrer, documenter, démontrer, prouver",,
102,,ausbauen,ausbauen,"to expand, to develop","étendre, développer",,
102,,scannen,scannen,"to scan, to court, to digitize","scanner, porter devant les tribunaux, numériser",,
102,,abbiegen,abbiegen,"to turn, to turn off, to bend","tourner, éteindre, plier",,
102,,aussagen,aussagen,"to testify, to state","témoigner, déclarer",,
103,,faszinieren,faszinieren,"to fascinate, to captivate","fasciner, captiver",,
103,,schimpfen,schimpfen,"to scold, to rant","gronder, pester",,
103,,motivieren,motivieren,"to motivate, to give reasons, to inspire","motiver, donner des raisons, inspirer",,
103,,ausleihen,ausleihen,"to borrow, to lend, to lend out","emprunter, prêter",,
103,,gefährden,gefährden,to endanger,mettre en danger,,
103,,aufkommen,aufkommen,"to arise, to come down, to emerge, to land","se lever, descendre, émerger, atterrir",,
103,,interviewen,interviewen,to interview,interviewer,,
103,,anfordern,anfordern,"to request, to solicit, to ask for, to circularize","demander, solliciter, diffuser",,
103,,belohnen,belohnen,"to reward, to award, to compensate","récompenser, attribuer, indemniser",,
103,,verschlafen,verschlafen,"to oversleep, to sleep in","dormir trop longtemps, faire la grasse matinée",,
103,,erstatten,erstatten,"to reimburse, to refund, to report","rembourser, déduire, signaler",,
103,,zuschauen,zuschauen,"to watch, to look on, to observe","regarder, observer, surveiller",,
103,,einzahlen,einzahlen,"to deposit, to make a deposit","déposer, verser",,
103,,betätigen,betätigen,"to operate, to activate, to engage","actionner, activer, engager",,
103,,sich wohlfühlen,sich wohlfühlen,"to feel good, to be comfortable","se sentir bien, être à l'aise",,
103,,färben,färben,"to color, to dye","colorer, teindre",,
103,,ablesen,ablesen,"to read off, to read out, to deduce","lire à haute voix, déduire",,
103,,losfahren,losfahren,"to set off, to drive off, to leave","partir, démarrer, prendre la route",,
103,,schälen,schälen,to peel,peler,,
103,,recherchieren,recherchieren,"to investigate, to research, to do research","enquêter, faire des recherches, mener des recherches",,
104,,verkleiden,verkleiden,"to to dress up, to to disguise oneself (refl.)",se déguiser,,
104,,verschicken,verschicken,"to dispatch, to despatch, to mail, to send","expédier, envoyer par la poste, envoyer",,
104,,anmachen,anmachen,"to turn on, to light, to switch on","allumer, mettre en marche, allumer",,
104,,aktualisieren,aktualisieren,to update,mettre à jour,,
104,,wetten,wetten,"to bet, to wager","parier, miser",,
104,,anhalten,anhalten,"to stop (cease moving), to continue, to compel","arrêter (cesser de bouger), continuer, contraindre",,
104,,beschleunigen,beschleunigen,"to accelerate, to speed up",accélérer,,
104,,fügen,fügen,"to acquiesce, to comply, to fit together","acquiescer, se conformer, s'adapter",,
104,,umgeben,umgeben,"to surround, to enclose, to encompass","entourer, enfermer, englober",,
104,,dringen,dringen,"to insist, the seep, to penetrate","insister, s'infiltrer, pénétrer",,
104,,wiederherstellen,wiederherstellen,"to restore, to recover, to rehabilitate","restaurer, récupérer, réhabiliter",,
104,,schleifen,schleifen,"to drag, to drill, to pull","poncer, affûter, aiguiser, tailler",,
104,,aufsteigen,aufsteigen,"to rise, to ascend, to advance, to climb","s'élever, monter, avancer, grimper",,
104,,zusehen,zusehen,"to watch, to see, to make sure (that something happens)","regarder, voir, s'assurer (que quelque chose se passe)",,
104,,auftauchen,auftauchen,"to arise, to surface, to turn up","surgir, faire surface, apparaître",,
104,,beklagen,beklagen,"to complain, to lament, to air grievances","se plaindre, se lamenter, exprimer des griefs",,
104,,drängen,drängen,"to urge, to push, to cajole, to shove","exhorter, pousser, cajoler, bousculer",,
104,,rechtfertigen,rechtfertigen,"to justify, to warrant, to back up, to exculpate","justifier, garantir, appuyer, disculper",,
104,,beinhalten,beinhalten,"to include, to contain, to entail, to comprise","inclure, contenir, impliquer, comprendre",,
104,,beauftragen,beauftragen,"to assign, to commission, to instruct","assigner, commissionner, instruire",,
105,,sprühen,sprühen,"to spray, to atomize, to disperse","pulvériser, atomiser, disperser",,
105,,gestatten,gestatten,"to allow, to permit, to license","autoriser, permettre, concéder une licence",,
105,,vorsehen,vorsehen,"to plan, to provide for","planifier, prévoir",,
105,,anfallen,anfallen,"to accrue, to accumulate, to arise, to incur","s'accumuler, survenir, encourir",,
105,,entkommen,entkommen,to escape,s'échapper,,
105,,lauten,lauten,"to read, to sound, to go (as in “it goes like…”)","lire, sonner",,
105,,anfassen,anfassen,"to touch, to handle","toucher, manipuler",,
105,,vorgeben,vorgeben,"to claim, to pretend, to set (a pace)","revendiquer, prétendre, donner (un rythme)",,
105,,ertragen,ertragen,"to bear, to stand","supporter, se tenir debout",,
105,,aufbrechen,aufbrechen,"to leave, to set off, to start, to break, to burst","partir, se mettre en route, démarrer, rompre, éclater",,
105,,anregen,anregen,"to encourage, to stimulate, to excite, to inspire","encourager, stimuler, exciter, inspirer",,
105,,abweichen,abweichen,"to depart (from), to soak off","partir (de), s'imprégner",,
105,,abbilden,abbilden,"to depict, to map, to illustrate","représenter, cartographier, illustrer",,
105,,erregen,erregen,"to arouse, to stimulate, to agitate","éveiller, stimuler, agiter",,
105,,erweisen,erweisen,"to prove (passively), to turn out to be, to show","prouver (passivement), s'avérer être, montrer",,
105,,agieren,agieren,"to act, to operate, to perform, to act out","agir, opérer, exécuter",,
105,,einreichen,einreichen,"to submit, to present, to bring, to bring in, to deposit","soumettre, présenter, apporter, déposer",,
105,,erforschen,erforschen,"to research, to investigate, to explore, to ascertain","faire des recherches, enquêter, explorer, vérifier",,
105,,befestigen,befestigen,"to attach, to fasten, to secure",fixer,,
105,,optimieren,optimieren,"to optimize, to improve, to steamline",optimiser,,
106,,schwinden,schwinden,"to diminish, to fade, to shrink","disparaître, diminuer, s'évanouir",,
106,,bestreiten,bestreiten,"to dispute, to contest","contester, disputer",,
106,,ticken,ticken,"to tick, to tap, to act","faire tic, taper",,
106,,zugreifen,zugreifen,"to access, to grab, to help oneself",accéder,,
106,,entführen,entführen,"to abduct, to kidnap","enlever, kidnapper",,
106,,knüpfen,knüpfen,"to knot, to tie, to weave",nouer,,
106,,verweilen,verweilen,"to linger, to stay, to tarry, to abide","rester, s'attarder, séjourner, demeurer",,
106,,bewundern,bewundern,to admire,admirer,,
106,,anschaffen,anschaffen,"to purchase, to acquire, to procure","acheter, acquérir, se procurer",,
106,,konsumieren,konsumieren,to consume,consommer,,
106,,zugehen,zugehen,"to approach, to close, to happen","s'approcher, se fermer, se produire",,
106,,festsetzen,festsetzen,"to fix, to appoint, to detain, to determine, to establish","fixer, nommer, détenir, déterminer, établir",,
106,,auszeichnen,auszeichnen,"to honor, to distinguish","honorer, distinguer",,
106,,festnehmen,festnehmen,"to arrest, to apprehend, to detain, to seize","arrêter, appréhender, détenir, saisir",,
106,,umarmen,umarmen,"to hug, to embrace, to caress, to embosom","étreindre, embrasser, caresser, enserrer",,
106,,antreten,antreten,"to begin, to compete","commencer, concourir",,
106,,einschlagen,einschlagen,"to strike, to hit, to drive in, to engrave, to heel in","frapper, toucher, enfoncer, graver",,
106,,anstrengen,anstrengen,"to exert, to strain, to make an effort, to apply","exercer, se démener, faire un effort, appliquer",,
106,,sich entschließen,sich entschließen,to decide (to do something) (refl.),décider (de faire quelque chose) (réfl.),,
106,,staunen,staunen,"to be astonished, to be amazed","être étonné, être émerveillé",,
107,,abdecken,abdecken,"to cover, to remove, to uncover","couvrir, enlever, découvrir",,
107,,absetzen,absetzen,"to set down, to put down, to deduct, to dismiss","Déposer, mettre de côté, déduire, rejeter",,
107,,benehmen,benehmen,to behave (refl.),se comporter (réfl.),,
107,,sich wehren,sich wehren,"to defend, to resist","défendre, résister",,
107,,ausgleichen,ausgleichen,"to balance, to offset, to compensate, to equalize","équilibrer, compenser, égaliser",,
107,,einbringen,einbringen,"to bring in, to contribute, to introduce, to harvest","apporter, contribuer, introduire, récolter",,
107,,genehmigen,genehmigen,"to allow, to permit, to authorize, to approve","permettre, autoriser, approuver",,
107,,pressen,pressen,"to press, to squeeze, to push, to bear down","presser, serrer, pousser, exercer une pression",,
107,,vorschreiben,vorschreiben,"to dictate, to prescribe, to instruct, to stipulate","dicter, prescrire, instruire, stipuler",,
107,,behindern,behindern,"to obstruct, to hamper","gêner, entraver",,
107,,anhören,anhören,to listen to someone,écouter quelqu'un,,
107,,spenden,spenden,"to donate, to contribute, to dispense, to give","faire un don, contribuer, distribuer, donner",,
107,,schwingen,schwingen,"to swing, to oscillate","se balancer, osciller",,
107,,abschalten,abschalten,"to switch off, to disconnect, to turn off","éteindre, déconnecter, couper",,
107,,duzen,duzen,to address informally,s'adresser de manière informelle,,
107,,hämmern,hämmern,"to hammer, to pound, to bang, to beat","marteler, pilonner, cogner, battre",,
107,,verzögern,verzögern,"to delay, to postpone, to stall","retarder, reporter, bloquer",,
107,,hageln,hageln,"to hail, to volley","saluer, faire une volée",,
107,,verschwenden,verschwenden,"to squander, to waste",gaspiller,,
107,,vertragen,vertragen,"to tolerate, to get along, to bear","tolérer, s'entendre, supporter",,
108,,einbrechen,einbrechen,"to break in, to collapse, to break down","s'introduire par effraction, s'effondrer, tomber en panne",,
108,,besiegen,besiegen,to defeat (in battle or contest),vaincre (au combat ou dans un concours),,
108,,aufteilen,aufteilen,"to distribute, to divide, to partition","distribuer, diviser, partitionner",,
108,,zumachen,zumachen,"to close, to shut, to close down","fermer, cesser ses activités",,
108,,hinfahren,hinfahren,"to drive there, to go, to travel","aller en voiture, y aller, voyager",,
108,,austragen,austragen,"to deliver, to distribute, to carry out","livrer, distribuer, exécuter",,
108,,überreichen,überreichen,"to hand over, to present, to submit","remettre, présenter, soumettre",,
108,,trösten,trösten,"to console, to comfort, to bring comfort to","consoler, réconforter, apporter du réconfort à",,
108,,vortragen,vortragen,"to perform, to recite, to present, to carry over","interpréter, réciter, présenter, transmettre",,
108,,fegen,fegen,"to sweep, to move quickly, to tear","balayer, se déplacer rapidement, déchirer",,
108,,wiedersehen,wiedersehen,"to see again, to meet again","revoir, se revoir",,
108,,ausweisen,ausweisen,"to expel, to identify, to deport","expulser, identifier, déporter",,
108,,aufbewahren,aufbewahren,"to preserve, to keep, to store","préserver, conserver, stocker",,
108,,bedauern,bedauern,"to regret, to deplore, to lament, to pity","regretter, déplorer, se lamenter, avoir pitié",,
108,,loslassen,loslassen,"to release, to let go, to let loose, to disengage","libérer, lâcher prise, se délier, se désengager",,
108,,spiegeln,spiegeln,"to mirror, to reflect, to assign, to dazzle","refléter, renvoyer, attribuer, éblouir",,
108,,wegnehmen,wegnehmen,"to take away, to remove, to abstract, to cancel","enlever, supprimer, abstraire, annuler",,
108,,bellen,bellen,to bark,aboyer,,
108,,einatmen,einatmen,"to inhale, to breath in","inspirer, respirer",,
108,,mitfahren,mitfahren,"to go with, to ride along","accompagner, faire un tour avec",,
109,,abrechnen,abrechnen,"to settle, to account for, to bill","régler, rendre compte, facturer",,
109,,dekorieren,dekorieren,"to decorate, to adorn","décorer, orner",,
109,,einsammeln,einsammeln,"to collect, to gather","collecter, rassembler",,
109,,twittern,twittern,to tweet,tweeter,,
109,,filmen,filmen,"to film, to shoot","filmer, tourner",,
109,,variieren,variieren,"to vary, to alter, to change partially","varier, modifier, changer partiellement",,
109,,verschmutzen,verschmutzen,to pollute,"polluer, salir",,
109,,zurückfahren,zurückfahren,"to back, to drive back, to flinch","reculer, faire marche arrière, tressaillir",,
109,,genesen,genesen,"to recover, to convalesce, to get well",se rétablir,,
109,,nähern,nähern,"to approach, to get closer, to advance","s'approcher, se rapprocher, avancer",,
109,,vereinfachen,vereinfachen,"to simplify, to demystify, to deskill, to dumb down","simplifier, démystifier, déqualifier, abêtir",,
109,,beeinträchtigen,beeinträchtigen,"to affect, to impair, to alloy, to compromise","affecter, altérer, allier, compromettre",,
109,,synchronisieren,synchronisieren,"to synchronize, to dub, to sync","synchroniser, doubler",,
109,,rächen,rächen,to take revenge (refl.),se venger (réfl.),,
109,,herausfordern,herausfordern,"to challenge, to provoke, to banter to","défier, affronter",,
109,,pfeifen,pfeifen,"to whistle, to ignore, to referee, to arbitrate","siffler, siffloter",,
109,,toben,toben,"to fume, to rage, to rampage, to romp","se défouler, se déchaîner, fulminer",,
109,,grenzen,grenzen,"to abut, to approach, to border, to limit",limiter,,
109,,konfigurieren,konfigurieren,"to configure, to set up",configurer,,
109,,tagen,tagen,"to meet, to convene, to be in session","se réunir, tenir une réunion",,
110,,verkehren,verkehren,"to circulate, to interact, to turn, to twist",circuler,,
110,,hauen,hauen,"to slash, to cut, to hit (coll.)","trancher, couper, frapper (coll.)",,
110,,ehren,ehren,"to honor, to respect, to esteem",honorer,,
110,,erwägen,erwägen,"to consider, to contemplate, to ponder","envisager, considérer",,
110,,stopfen,stopfen,"to stuff, to darn, to jam","bourrer, combler",,
110,,wachen,wachen,"to wake, to guard, to be awake","veiller, réveiller, surveiller",,
110,,begehen,begehen,"to commit, perpetrate (a crime, an offence)","commettre, perpétrer (un crime, un délit)",,
110,,abschneiden,abschneiden,"to cut off, to amputate, to block","couper, amputer, bloquer",,
110,,verdanken,verdanken,"to owe, to be indebted, to owe to","devoir (quelque chose à quelqu'un), être redevable",,
110,,zurückhalten,zurückhalten,"to restrain, to hold back, to withhold","restreindre, retenir",,
110,,verdoppeln,verdoppeln,"to double, to duplicate, to reduplicate","doubler, dupliquer, redoubler",,
110,,herrschen,herrschen,"to rule, to prevail, to control","gouverner, prévaloir, contrôler",,
110,,verknüpfen,verknüpfen,"to connect, to link, to associate, to tie, to annex to","connecter, relier, associer, lier, annexer à",,
110,,aufzeigen,aufzeigen,"to point out, to demonstrate, to indicate","souligner, démontrer, indiquer",,
110,,aufbringen,aufbringen,"to capture, to raise, to antagonise",appliquer,,
110,,exportieren,exportieren,to export,exporter,,
110,,positionieren,positionieren,"to position, to assert, to clarify","positionner, placer",,
110,,brüllen,brüllen,"to bellow, to howl, to roar, to bray",hurler,,
110,,erschöpfen,erschöpfen,"to exhaust, to deplete, to drain",épuiser,,
110,,schweben,schweben,"to over, to float, to glide","flotter, planer",,
111,,absehen,absehen,"to foresee, to overlook, to disregard","prévoir, négliger",,
111,,einsperren,einsperren,"to lock up, to imprison","enfermer, emprisonner",,
111,,dämpfen,dämpfen,"to dampen, to steam, to attenuate, to reduce","étouffer, amortir",,
111,,dehnen,dehnen,"to extend, to stretch, to expand, to dilate","étirer, étendre allonger",,
111,,heulen,heulen,"to howl, to wail, to bawl, to blubber","hurler, pleurer, crier",,
111,,verführen,verführen,"to seduce, to entice, to tempt, to debauch",séduire,,
111,,rinnen,rinnen,"to flow, to trickle, to run",canaliser,,
111,,rahmen,rahmen,"to frame, to enclose, to collect, to cream",encadrer,,
111,,forschen,forschen,"to research, to investigate","faire des recherches, enquêter",,
111,,voraussetzen,voraussetzen,"to presume, to require, to assume","présumer, exiger, supposer",,
111,,experimentieren,experimentieren,to experiment,expérimenter,,
111,,zurücktreten,zurücktreten,"to resign, to step back, to step down, to withdraw","démissionner, se retirer, quitter ses fonctions",,
111,,hervorgehen,hervorgehen,"to result, to arise, to arise from, to emerge","résulter, survenir, provenir de, émerger",,
111,,verbleiben,verbleiben,to remain,rester,,
111,,herkommen,herkommen,"to come over, come here (towards the speaker), to come from","venir, venir ici (vers l'orateur), venir de",,
111,,beibringen,beibringen,"to teach, to break (news, information) carefully to, to inflict","enseigner, annoncer (des nouvelles, des informations) avec précaution, infliger",,
111,,befördern,befördern,to transport,transporter,,
111,,stricken,stricken,to knit,tricoter,,
111,,anbringen,anbringen,"to affix, to attach, to fasten, to add, to apply","fixer, attacher, ajouter, appliquer",,
111,,bedürfen,bedürfen,"to need, to require, to depend, to demand","avoir besoin, exiger, dépendre, demander",,
112,,begreifen,begreifen,"to understand, to comprehend, to grasp, to realise","comprendre, saisir, appréhender, réaliser",,
112,,beitreten,beitreten,"to join, to support, to accede to, to affiliate","adhérer, soutenir, adhérer à, s'affilier",,
112,,blättern,blättern,"to browse in, to leaf, to leaf through, to page through","parcourir, feuilleter, feuilleter, parcourir les pages",,
112,,einräumen,einräumen,"to admit, to acknowledge, to concede, to put away","admettre, reconnaître, concéder, mettre de côté",,
112,,entfallen,entfallen,"to be omitted, to be dropped, to be canceled, to be inapplicable","à omettre, à supprimer, à annuler, à ne pas appliquer",,
112,,erbringen,erbringen,"to yield, to provide, to raise, to deliver","céder, fournir, lever, livrer",,
112,,ignorieren,ignorieren,"to ignore, to blank, to disregard","ignorer, faire l'impasse sur, négliger",,
112,,kreisen,kreisen,"to circle, to circulate, to circumgyrate","tourner en rond, circuler, circumgyrer",,
112,,manipulieren,manipulieren,"to manipulate, to influence, to rig, to adjust","manipuler, influencer, truquer, ajuster",,
112,,verdeutlichen,verdeutlichen,"to clarify, to elucidate, to explain, to illustrate","clarifier, élucider, expliquer, illustrer",,
112,,vereinen,vereinen,"to unite, to combine, to join","unir, combiner, joindre",,
112,,vermögen,vermögen,"to be able, to be capable, to can","être capable, pouvoir",,
112,,verschaffen,verschaffen,"to procure, to obtain, to acquire, to earn","se procurer, obtenir, acquérir, gagner",,
112,,versenden,versenden,"to dispatch, to send, to forward, to ship","expédier, envoyer, faire parvenir, transporter",,
112,,zukommen,zukommen,"to approach, to be assigned to, to be due (to)","approcher, être assigné à, être dû (à)",,
112,,zusammenhängen,zusammenhängen,"to be related, to hang together, to associate","être apparenté, être ensemble, s'associer",,
112,,zusammensetzen,zusammensetzen,"to assemble, to put together, to be composed of","assembler, réunir, être composé de",,
112,,verbergen,verbergen,"to conceal sth, to hide something",cacher quelque chose,,
112,,versetzen,versetzen,"to put, to move, to deal, to give (a blow, hit), to transfer (when to do with work)","mettre, déplacer, distribuer, donner (un coup), transférer (quand il s'agit de travailler)",,
112,,beseitigen,beseitigen,"to remove, to eliminate, to dispose","enlever, éliminer, se débarrasser",,
113,,glänzen,glänzen,"to shine, to gleam, to sparkle, to glisten","briller, scintiller, étinceler",,
113,,hüpfen,hüpfen,"to hop, to skip, to bounce","sauter, bondir, rebondir",,
113,,widerrufen,widerrufen,"to cancel, to revoke, to withdraw","annuler, révoquer, retirer",,
113,,irritieren,irritieren,"to confuse, to disturb, to irritate, to annoy","perturber, embêter, irriter, agacer",,
113,,quälen,quälen,"to torture, to afflict, to agonise","torturer, affliger, faire souffrir",,
113,,kratzen,kratzen,"to scratch, to scrape","gratter, racler",,
113,,assoziieren,assoziieren,"to associate, to associate with, to link","s'associer, s'associer à, lier",,
113,,vergnügen,vergnügen,"to please, to amuse, to amuse oneself","plaire, amuser, se divertir",,
113,,zweifeln,zweifeln,"to doubt, to question","douter, remettre en question",,
113,,berufen,berufen,"to appoint, to invoke, to cite","nommer, invoquer, citer",,
113,,schlachten,schlachten,"to slaughter, to butcher, to battle","abattre, massacrer, combattre",,
113,,verdrängen,verdrängen,"to displace, to oust, to repress","déplacer, évincer, réprimer",,
113,,regulieren,regulieren,"to regulate, to control, to arrange","réglementer, contrôler, organiser",,
113,,einschreiben,einschreiben,"to sign up, to enroll",s'inscrire,,
113,,quietschen,quietschen,"to squeak, to squeal",couiner,,
113,,eilen,eilen,"to hurry, to rush, to be urgent, to haste","se dépêcher, se hâter, être urgent",,
113,,entgegenkommen,entgegenkommen,"to accommodate, to approach, to come towards","s'adapter, s'approcher, venir vers",,
113,,erziehen,erziehen,"to educate, to raise, to nurture, to teach, to train","éduquer, élever, nourrir, enseigner, former",,
113,,überholen,überholen,"to overtake, to outstrip, to repair, to outpace","dépasser, distancer, réparer, surpasser",,
113,,bemalen,bemalen,"to paint, to apply makeup, to color","peindre, maquiller, colorier, colorer",,
114,,inszenieren,inszenieren,"to direct, to orchestrate, to produce","diriger, orchestrer, produire",,
114,,schmücken,schmücken,"to adorn, to decorate, to embellish","orner, décorer, embellir",,
114,,sich orientieren,sich orientieren,to orient,orienter,,
114,,sich ereignen,sich ereignen,"to happen, to occur, to bechance","se produire, avoir lieu, être fortuit",,
114,,kämmen,kämmen,to comb,peigner,,
114,,weglaufen,weglaufen,to run away,s'enfuir,,
114,,vorhersagen,vorhersagen,"to foretell, to forecast, to predict","prédire, prévoir, annoncer",,
114,,schonen,schonen,"to spare, to preserve, to conserve","épargner, préserver, conserver",,
114,,erwachsen,erwachsen,"to grow up, to arise, to spring up, to accrue","grandir, surgir, jaillir, s'accumuler",,
114,,abschreiben,abschreiben,"to write off, to copy, to transcribe","radier, copier, transcrire",,
114,,erschließen,erschließen,"to develop, to access, to deduce, to unlock","développer, accéder, déduire, déverrouiller",,
114,,herausnehmen,herausnehmen,"to take out, to remove, to arrogate","enlever, retirer, s'arroger",,
114,,nerven,nerven,"to annoy someone, to get on someone's nerves","ennuyer quelqu'un, taper sur les nerfs de quelqu'un",,
114,,bereuen,bereuen,"to regret something, to rue something","regretter quelque chose, se lamenter sur quelque chose",,
114,,weiterhelfen,weiterhelfen,"to assist, to help","pour aider, pour soutenir",,
114,,aufhängen,aufhängen,"to hang up, to hang, to anchor","accrocher, suspendre, ancrer",,
114,,hinlegen,hinlegen,"to lie down, to put down, to lay down","s'allonger, poser, se coucher",,
114,,beleuchten,beleuchten,"to illuminate, to examine","éclairer, examiner",,
114,,ernten,ernten,"to harvest, to reap, to crop, to gather","récolter, moissonner, cueillir",,
114,,zutreffen,zutreffen,"to apply, to hold true, to be applicable","s'appliquer, être vrai, être applicable",,
115,,zuwenden,zuwenden,"to turn to, to turn towards, to allocate, to dedicate","se tourner vers, allouer, dédier",,
115,,überreden,überreden,"to convince, to persuade, to argue into","convaincre, persuader, amener à argumenter",,
115,,repräsentieren,repräsentieren,"to represent, to stand for, to act for","représenter, défendre, agir pour",,
115,,erschießen,erschießen,to shoot dead,tuer par balle,,
115,,beibehalten,beibehalten,"to maintain, to keep, to retain",maintenir,,
115,,widerstehen,widerstehen,"to resist, to withstand, to oppose","résister, supporter, s'opposer",,
115,,streifen,streifen,"to wander, to drift","errer, dériver",,
115,,kaputtgehen,kaputtgehen,"to break down, to break","se briser, se dégrader",,
115,,zusammenleben,zusammenleben,"to live together, to cohabitate","vivre ensemble, cohabiter",,
115,,rösten,rösten,"to roast, to calcine, to toast","rôtir, calciner, griller",,
115,,ausschlafen,ausschlafen,"to sleep in, to catch up on sleep","faire la grasse matinée, rattraper son sommeil",,
115,,abfliegen,abfliegen,"to patrol, to depart, to fly along","patrouiller, partir, voler le long",,
115,,norden,norden,to align to the north,s'aligner vers le nord,,
115,,zuweisen,zuweisen,"to assign, to allocate, to allot","attribuer, assigner, affecter",,
115,,kontaktieren,kontaktieren,to contact,contacter,,
115,,berechtigen,berechtigen,"to authorize, to entitle to, to empower","autoriser, donner droit à, habiliter",,
115,,schwellen,schwellen,"to swell, to expand, to rise","gonfler, enfler",,
115,,schütteln,schütteln,"to agitate, to shake, to jolt","agiter, secouer",,
115,,verkünden,verkünden,"to announce, to proclaim, to declare","annoncer, proclamer, déclarer",,
115,,erleiden,erleiden,"to endure, to suffer, to experience, to experience pain","endurer, souffrir, éprouver, ressentir de la douleur",,
116,,beschützen,beschützen,"to protect, to defend (security)","protéger, défendre (sécurité)",,
116,,schulden,schulden,"to owe, to be due to","devoir, être dû à",,
116,,lauschen,lauschen,"to listen, to eavesdrop","écouter, espionner",,
116,,begrenzen,begrenzen,"to limit, to restrict, to bound","limiter, resteindre, confiner",,
116,,platzieren,platzieren,"to place, to position, to be placed",placer,,
116,,anfragen,anfragen,"to ask, to inquire, to enquire, to request",demander,,
116,,deaktivieren,deaktivieren,"to deactivate, to disable",désactiver,,
116,,gebieten,gebieten,"to command, to demand, to bid, to dominate","dominer, ordonner",,
116,,geleiten,geleiten,"to accompany, to escort, to conduct",accompagner,,
116,,listen,listen,"to list, to allow in, to lead as a series","énumérer, citer",,
116,,übermitteln,übermitteln,"to communicate, to deliver, to transmit","transmettre, communiquer",,
116,,werten,werten,"to assess, to consider, to value",évaluer,,
116,,beleben,beleben,"to invigorate, to animate, to revive","animer, revivre, relancer",,
116,,erlöschen,erlöschen,"to go out, to die out, to expire",s'éteindre,,
116,,gedeihen,gedeihen,"to flourish, to prosper, to thrive","prospérer, s'épanouir, croître, fleurir",,
116,,ersticken,ersticken,"to suffocate, to choke, to asphyxiate","étouffer, suffoquer",,
116,,konstruieren,konstruieren,"to construct, to design, to build, to fabricate","construire, concevoir, bâtir, fabriquer",,
116,,ansteigen,ansteigen,"to rise, to increase, to ascend, to advance","s'élever, croître, monter, progresser",,
116,,anstreben,anstreben,"to pursue, to seek, to strive for, to aim","poursuivre, chercher, s'efforcer d'obtenir, viser",,
116,,ausstrahlen,ausstrahlen,"to emit, to broadcast, to radiate, to air","émettre, diffuser, rayonner",,
117,,eintreffen,eintreffen,"to arrive, to come true, to happen","arriver, se réaliser, se produire",,
117,,erlangen,erlangen,"to attain, to achieve, to acquire, to obtain","atteindre, réaliser, acquérir, obtenir",,
117,,erlernen,erlernen,"to learn, to acquire, to master","apprendre, acquérir, maîtriser",,
117,,erörtern,erörtern,"to debate, to discuss, to argue, to dispute","débattre, discuter, argumenter, se disputer",,
117,,kompensieren,kompensieren,"to compensate, to offset, to adjust, to align","compenser, décaler, ajuster, aligner",,
117,,verschließen,verschließen,"to close, to seal, to lock, to block","fermer, sceller, verrouiller, bloquer",,
117,,ausarbeiten,ausarbeiten,"to develop, to draw up, to elaborate","développer, élaborer, mettre au point",,
117,,währen,währen,"to last, to persist","durer, persister",,
117,,verbrechen,verbrechen,to commit (a crime),commettre (un crime),,
117,,knoten,knoten,"to knot, to knit","nouer, tricoter",,
117,,navigieren,navigieren,"to navigate, to steer","naviguer, diriger",,
117,,zusammenstoßen,zusammenstoßen,"to collide, to brush, to bump","entrer en collision, se frôler, se heurter",,
117,,mahlen,mahlen,"to grind, to mill, to crush","moudre, broyer, concasser",,
117,,verstoßen,verstoßen,"to breach, to transgress, to violate","enfreindre, transgresser, violer",,
117,,vermischen,vermischen,"to mix, to blend, to combine","mélanger, combiner",,
117,,begleichen,begleichen,"to acquit, to pay, to settle","acquitter, payer, régler",,
117,,mindern,mindern,"to diminish, to lessen, to reduce","diminuer, réduire",,
117,,ausstatten,ausstatten,"to equip, to outfit",équiper,,
117,,ansiedeln,ansiedeln,"to settle, to establish, to allocate, to assign","régler, établir, allouer, attribuer",,
117,,konzipieren,konzipieren,"to design, to conceive, to conceptualize, to become pregnant","concevoir, imaginer, conceptualiser, tomber enceinte",,
118,,vorbeugen,vorbeugen,"to bend forward, to forestall, to lean forward","se pencher en avant, prévenir",,
118,,zulegen,zulegen,"to add, to gain, to increase, to put on weight, to draw","ajouter, gagner, augmenter, prendre du poids, tirer",,
118,,vorweisen,vorweisen,to demonstrate,démontrer,,
118,,lindern,lindern,"to alleviate, to relieve",soulager,,
118,,gönnen,gönnen,"to treat, to allow, to grant","traiter, permettre, accorder",,
118,,siezen,siezen,to address formally,s'adresser formellement,,
118,,auflisten,auflisten,"to list, to catalogue","lister, cataloguer",,
118,,bedecken,bedecken,"to cover, to conceal, to overlay","couvrir, dissimuler, recouvrir",,
118,,etablieren,etablieren,"to establish, to settle, to found, to arrange","établir, fonder, organiser, installer",,
118,,haften,haften,"to adhere, to be liable","adhérer, être responsable",,
118,,herausstellen,herausstellen,"to emphasize, to highlight, to put out","mettre en valeur, souligner, diffuser",,
118,,nachgehen,nachgehen,"to pursue, to follow up","poursuivre, donner suite",,
118,,neigen,neigen,"to lean, to tilt, to tend","s'incliner, pencher, tendre",,
118,,veranschaulichen,veranschaulichen,"to illustrate, to clarify, to exemplify","illustrer, clarifier, donner un exemple",,
118,,ähneln,ähneln,"to resemble, to be alike","ressembler, être semblable",,
118,,ausnutzen,ausnutzen,"to exploit, to take advantage of, to use","exploiter, tirer profit de, utiliser",,
118,,beschaffen,beschaffen,"to acquire, to obtain, to procure","acquérir, obtenir, se procurer",,
118,,einholen,einholen,"to catch up, to reel in, to obtain","rattraper, obtenir",,
118,,einsehen,einsehen,"to realize, to understand, to recognize","réaliser, comprendre, reconnaître",,
118,,hervorrufen,hervorrufen,"to cause, to elicit, to bring about","provoquer, susciter, entraîner",,
119,,hinnehmen,hinnehmen,"to accept, to take, to abide","accepter, prendre, supporter",,
119,,sich schämen,sich schämen,"to be ashamed of, to feel ashamed","avoir honte, ressentir de la honte",,
119,,verschärfen,verschärfen,"to intensify, to sharpen, to tighten","intensifier, aiguiser, resserrer",,
119,,übersehen,übersehen,"to overlook, to miss, to ignore","négliger, manquer, ignorer",,
119,,wegziehen,wegziehen,"to move away, to leave","s'éloigner, partir",,
119,,anschalten,anschalten,"to switch on, to turn on, to activate","allumer, mettre en marche, activer",,
119,,zurückrufen,zurückrufen,"to call back, to recall","rappeler, se souvenir",,
119,,vorbeigehen,vorbeigehen,"to go by, to pass, to pass by","passer, passer devant",,
119,,turnen,turnen,"to do gymnastics, to exercise","faire de la gymnastique, faire de l'exercice",,
119,,weihnachten,weihnachten,to be approaching Christmas time,être l'approche de Noël,,
119,,zurückschicken,zurückschicken,"to send back, to return, to remit","renvoyer, retourner, remettre",,
119,,umschreiben,umschreiben,"to circumscribe, to paraphrase","circonscrire, paraphraser",,
119,,flüchten,flüchten,"to escape, to flee, to abscond","s'échapper, fuir, s'enfuir",,
119,,erwidern,erwidern,"to reply, to respond, to reciprocate","répondre, rendre la pareille",,
119,,komponieren,komponieren,"to compose, to arrange","composer, arranger",,
119,,verschönern,verschönern,"to beautify, to embellish, to decorate","embellir, orner, décorer",,
119,,mitarbeiten,mitarbeiten,"to collaborate, to contribute, to cooperate","collaborer, contribuer, coopérer",,
119,,nachholen,nachholen,"to catch up, to make up","rattraper, compenser",,
119,,einschätzen,einschätzen,"to judge, to assess, to evaluate","juger, évaluer, apprécier",,
119,,täuschen,täuschen,"to deceive, to delude, to mislead","tromper, duper, induire en erreur",,
120,,alarmieren,alarmieren,"to alert, to alarm","alerter, alarmer",,
120,,durchfallen,durchfallen,"to flunk, to fail, to fall through","échouer, se planter",,
120,,unterschätzen,unterschätzen,"to underestimate, to underrate, to undervalue","sous-estimer, sous-évaluer, dévaloriser",,
120,,ausblenden,ausblenden,"to fade out, to dismiss, to tune out","s'estomper, se désintéresser, se déconnecter",,
120,,untergehen,untergehen,"to sink, to be destroyed, to disappear","couler, être détruit, disparaître",,
120,,befürworten,befürworten,"to support, to advocate, to back","soutenir, défendre, appuyer",,
120,,erben,erben,"to inherit, to come into, to receive","hériter, entrer dans, recevoir",,
120,,respektieren,respektieren,"to respect, to honor, to regard","respecter, honorer, considérer",,
120,,schrecken,schrecken,"to frighten, to scare, to startle","effrayer, faire peur, surprendre",,
120,,strömen,strömen,"to flow, to stream, to course","couler, ruisseler, suivre le cours",,
120,,verwöhnen,verwöhnen,"to pamper, to spoil, to coddle","choyer, gâter, dorloter",,
120,,eskalieren,eskalieren,"to escalate, to intensify","s'intensifier, s'aggraver",,
120,,aufschlagen,aufschlagen,"to hit, to strike, to open","frapper, ouvrir",,
120,,aufziehen,aufziehen,"to approach, to gather, to march","s'approcher, se rassembler, marcher",,
120,,anspannen,anspannen,"to strain, to harness, to brace","tendre, harnacher, consolider",,
120,,schnappen,schnappen,"to snap (with one's mouth), to catch, to nab (a criminal) (coll.)","claquer (avec sa bouche), attraper, choper (un criminel) (coll.)",,
120,,beheben,beheben,"to rectify, to remedy, to correct","rectifier, remédier, corriger",,
120,,schulen,schulen,"to train, to instruct, to teach","former, instruire, enseigner",,
120,,abwaschen,abwaschen,"to clean, to wash off","nettoyer, laver",,
120,,herunterfahren,herunterfahren,"to descend, to drive down","descendre, rouler vers le bas",,